SKU,price_today,date-1yr,price_1yr,price_change_1yr (%),date-2yr,price_2yr_ago,price_change_2yr (%),date-3yr,price_3yr_ago,price_change_3yr (%)
00-22248,2.99,2025-01-24,2.99,0.0,2024-02-01,1.99,50.25,2022-12-15,2.59,15.44
00-511147,2.99,2025-01-30,2.99,0.0,2024-02-01,2.79,7.17,,,
00-490270,11.99,2025-01-01,11.99,0.0,2023-12-31,11.99,0.0,2023-01-25,9.99,20.02
00-468651,2.24,2023-08-31,3.29,-31.91,2023-08-31,3.29,-31.91,2022-06-30,3.29,-31.91
00-729409,2.79,2024-01-11,2.99,-6.69,2024-01-11,2.99,-6.69,,,
00-224126,2.69,2025-01-24,2.69,0.0,2024-01-19,2.69,0.0,2023-02-02,2.49,8.03
00-758475,1.27,2025-02-04,1.69,-24.85,,,,,,
00-772968,3.79,2025-01-24,3.79,0.0,2024-01-19,3.69,2.71,,,
00-933792,2.79,2025-01-25,2.59,7.72,2023-08-31,2.69,3.72,2022-10-26,2.49,12.05
00-356386,4.49,2023-12-07,3.99,12.53,2023-12-07,3.99,12.53,2022-11-10,3.49,28.65
00-30388,4.19,2025-01-30,2.79,50.18,2024-02-01,4.19,0.0,2023-02-02,2.66,57.52
00-589351,32.9,2025-01-01,32.9,0.0,2023-12-31,32.9,0.0,2023-02-04,22.43,46.68
00-90032,2.69,2025-01-01,2.69,0.0,2023-12-31,2.69,0.0,2023-02-02,2.79,-3.58
00-819377,6.99,2025-01-01,6.99,0.0,2024-01-01,6.99,0.0,2023-02-02,6.99,0.0
00-303091,4.49,2024-12-01,3.99,12.53,2023-12-07,3.69,21.68,,,
00-423002,3.79,2025-01-30,2.49,52.21,2024-01-21,3.39,11.8,2022-12-27,1.99,90.45
00-735153,7.49,2025-01-24,7.49,0.0,2024-01-19,7.49,0.0,,,
00-724612,1.69,2024-12-13,1.69,0.0,2024-01-12,1.59,6.29,,,
00-755431,5.59,2022-11-13,5.39,3.71,2022-11-13,5.39,3.71,2022-11-13,5.39,3.71
00-297642,64.99,2025-01-24,59.99,8.33,,,,,,
00-905436,1.87,2024-01-12,2.49,-24.9,2024-01-12,2.49,-24.9,,,
00-728882,1.89,2025-01-24,1.89,0.0,,,,,,
00-813562,3.79,2025-01-24,3.69,2.71,2023-12-20,3.69,2.71,2022-11-27,3.25,16.62
00-911350,1.89,2025-01-30,1.69,11.83,2024-02-01,1.59,18.87,2023-02-02,1.59,18.87
00-416354,2.79,2025-01-24,2.79,0.0,2024-01-19,2.79,0.0,2023-01-17,2.79,0.0
00-768163,1.5,2025-01-24,2.99,-49.83,,,,,,
00-489702,8.99,2025-01-01,8.99,0.0,,,,,,
00-7802,2.69,2025-01-19,2.59,3.86,2024-01-21,2.49,8.03,2022-12-11,1.99,35.18
00-758021,2.29,2025-01-24,2.99,-23.41,,,,,,
00-838772,59.9,2025-01-01,56.9,5.27,2023-12-31,54.9,9.11,2022-03-10,49.9,20.04
00-809870,3.39,2025-01-19,3.39,0.0,2024-01-21,3.39,0.0,2023-02-07,2.89,17.3
00-412406,4.49,2025-01-30,2.79,60.93,2024-02-01,1.89,137.57,2023-02-02,1.79,150.84
00-756629,2.79,2025-01-30,3.59,-22.28,,,,,,
00-280617,5.49,2025-01-24,5.49,0.0,2023-11-09,5.49,0.0,2023-01-29,5.29,3.78
00-428558,4.29,2023-06-20,4.29,0.0,2023-06-20,4.29,0.0,2018-01-01,2.49,72.29
00-720240,1.2,2025-01-30,1.19,0.84,,,,,,
00-906080,4.29,2025-01-02,4.29,0.0,2024-01-15,3.89,10.28,2022-12-16,3.29,30.4
00-776907,1.99,2023-05-23,1.99,0.0,2023-05-23,1.99,0.0,2023-01-21,1.95,2.05
00-733273,29.99,2025-01-19,27.99,7.15,2024-01-21,22.99,30.45,2022-12-15,20.99,42.88
00-395664,18.99,2025-01-01,18.99,0.0,2023-12-31,17.99,5.56,2023-02-04,17.99,5.56
00-724609,1.79,2024-12-13,1.79,0.0,2024-01-12,1.79,0.0,,,
00-723754,3.69,2025-01-24,3.69,0.0,2024-01-19,3.39,8.85,,,
00-254046,3.99,2025-01-30,4.99,-20.04,2023-10-01,4.99,-20.04,2022-10-02,3.79,5.28
00-483613,4.49,2024-12-01,3.59,25.07,2023-12-01,2.47,81.78,,,
00-706576,2.69,2025-01-30,1.89,42.33,,,,,,
00-478251,10.99,2025-01-01,10.99,0.0,2023-12-31,10.99,0.0,2022-10-30,9.99,10.01
00-407313,4.19,2024-12-01,3.89,7.71,2024-01-08,3.69,13.55,2022-11-27,3.49,20.06
00-654384,4.99,2025-01-30,3.13,59.42,2024-02-01,2.86,74.48,2023-02-02,2.66,87.59
00-728156,1.89,2025-01-24,1.89,0.0,,,,,,
00-423530,11.99,2025-01-01,11.99,0.0,2023-12-31,11.99,0.0,2023-01-22,10.99,9.1
00-496168,3.79,2023-10-26,3.49,8.6,2023-10-26,3.49,8.6,2022-11-29,2.99,26.76
00-654316,4.99,2025-01-30,3.13,59.42,2024-02-01,2.86,74.48,2023-02-02,2.66,87.59
00-772974,3.79,2025-01-24,3.79,0.0,2024-01-19,3.69,2.71,,,
00-632428,4.49,2025-01-30,2.99,50.17,2024-02-01,3.29,36.47,2023-02-02,2.99,50.17
00-710516,7.99,2024-12-01,6.99,14.31,2023-12-07,6.39,25.04,2022-12-19,5.99,33.39
00-597968,1.49,2025-01-24,1.49,0.0,2024-01-19,1.49,0.0,,,
00-869715,6.99,2023-11-12,6.99,0.0,2023-11-12,6.99,0.0,2022-11-13,5.99,16.69
00-395545,2.99,2025-01-30,2.99,0.0,2023-12-19,2.99,0.0,,,
00-406792,1.49,2025-01-30,1.99,-25.13,2024-02-01,1.99,-25.13,2023-02-02,2.49,-40.16
00-3437,1.99,2024-12-01,1.89,5.29,2023-12-07,1.89,5.29,2022-12-18,1.59,25.16
00-749481,2.19,2025-01-16,1.99,10.05,,,,,,
00-526107,5.49,2025-01-07,5.49,0.0,,,,,,
00-680785,3.49,2025-02-06,3.49,0.0,2024-01-19,4.69,-25.59,2023-01-29,4.49,-22.27
00-438413,1.04,2025-01-24,1.04,0.0,2023-12-07,0.97,7.22,2022-09-04,1.09,-4.59
00-860030,2.24,2025-01-30,2.99,-25.08,2024-02-01,1.29,73.64,2022-04-12,1.29,73.64
00-801068,1.49,2025-01-24,1.49,0.0,2024-01-19,1.49,0.0,2023-01-26,1.49,0.0
00-416079,2.99,2024-12-25,1.99,50.25,2023-12-25,1.59,88.05,2022-11-27,1.39,115.11
00-794200,3.99,2023-10-24,3.99,0.0,2023-10-24,3.99,0.0,2022-07-07,3.49,14.33
00-242679,2.66,2023-06-14,3.99,-33.33,2023-06-14,3.99,-33.33,2022-12-15,5.29,-49.72
00-739257,1.09,2025-01-05,1.09,0.0,,,,,,
00-718192,3.99,2025-01-30,3.99,0.0,2024-02-01,3.99,0.0,,,
00-421626,3.39,2025-02-02,2.39,41.84,2024-02-01,1.99,70.35,2023-02-02,1.99,70.35
00-906081,4.29,2025-01-02,4.29,0.0,2024-01-15,3.89,10.28,2022-12-16,3.29,30.4
00-677528,1.99,2024-12-01,1.99,0.0,2024-02-01,2.19,-9.13,2023-01-19,1.99,0.0
00-292584,5.49,2025-01-19,5.19,5.78,2024-01-21,3.99,37.59,2022-12-25,3.69,48.78
00-718519,1.49,2025-01-01,1.49,0.0,2023-12-31,1.49,0.0,,,
00-722218,4.74,2025-01-30,7.14,-33.61,,,,,,
00-609811,3.49,2024-04-25,3.19,9.4,2023-10-01,3.19,9.4,2022-05-24,2.69,29.74
00-713648,3.49,2024-02-25,3.49,0.0,2023-11-12,3.49,0.0,,,
00-623227,1.87,2025-01-24,2.39,-21.76,2024-01-19,2.59,-27.8,2023-02-07,2.59,-27.8
00-479795,3.59,2025-01-24,3.59,0.0,2024-01-19,3.59,0.0,2023-02-07,3.59,0.0
00-703962,2.99,2025-01-23,1.99,50.25,2024-01-25,1.99,50.25,,,
00-342717,16.49,2024-10-26,15.99,3.13,2024-02-01,15.99,3.13,2022-09-25,14.99,10.01
00-727587,3.99,2025-01-24,3.99,0.0,2024-01-19,3.99,0.0,,,
00-811412,2.39,2025-01-30,2.19,9.13,2024-01-19,2.19,9.13,2023-01-17,1.79,33.52
00-473683,2.99,2025-02-02,2.99,0.0,2023-11-23,2.89,3.46,2023-01-12,2.99,0.0
00-746178,18.99,2025-01-01,18.99,0.0,,,,,,
00-421346,1.49,2025-01-30,0.99,50.51,2024-02-01,0.99,50.51,2023-02-02,0.89,67.42
00-428694,0.89,2025-01-30,1.99,-55.28,2023-12-24,1.99,-55.28,2022-11-26,1.99,-55.28
00-823368,3.19,2023-12-01,3.19,0.0,2023-12-01,3.19,0.0,,,
00-735130,1.09,2025-01-24,1.08,0.93,2024-01-19,1.08,0.93,,,
00-20480,0.99,2025-01-24,0.99,0.0,2024-01-19,0.99,0.0,2023-01-17,0.95,4.21
00-706469,2.99,2025-01-16,2.99,0.0,2024-01-18,2.79,7.17,,,
00-796338,16.99,2025-01-01,15.99,6.25,2023-12-31,15.99,6.25,2023-01-01,14.99,13.34
00-312864,2.79,2023-08-15,2.79,0.0,2023-08-15,2.79,0.0,2023-01-17,2.79,0.0
00-910386,1.89,2025-01-30,1.69,11.83,2024-02-01,1.59,18.87,2023-02-02,1.59,18.87
00-317418,2.69,2025-01-24,2.69,0.0,2024-01-19,2.69,0.0,2023-02-07,2.59,3.86
00-291112,2.29,2024-08-14,1.99,15.08,2023-06-21,2.19,4.57,2022-12-08,1.99,15.08
00-902594,2.99,2025-01-30,2.79,7.17,2024-02-01,2.49,20.08,2023-02-02,2.39,25.1
00-672146,2.39,2024-11-21,2.39,0.0,2023-10-21,2.39,0.0,2022-09-27,1.99,20.1
00-464411,12.49,2025-01-01,12.49,0.0,2024-01-12,12.49,0.0,,,
00-728586,0.99,2025-01-24,0.99,0.0,2024-01-19,0.99,0.0,,,
00-905515,0.89,2024-11-07,0.89,0.0,2023-11-09,0.89,0.0,2022-12-07,0.79,12.66
00-295679,2.69,2023-12-11,2.02,33.17,2023-12-11,2.02,33.17,2023-02-04,1.64,64.02
00-472463,1.16,2025-01-16,1.59,-27.04,,,,,,
00-886677,0.99,2025-01-03,0.99,0.0,2022-11-17,1.25,-20.8,2022-11-17,1.25,-20.8
00-967938,1.87,2025-01-30,2.49,-24.9,2023-10-21,2.39,-21.76,2022-12-19,2.29,-18.34
00-857104,2.99,2025-01-16,2.99,0.0,2024-01-18,2.99,0.0,2023-02-02,2.99,0.0
00-929507,15.49,2025-01-19,13.59,13.98,,,,,,
00-294407,2.99,2025-01-24,2.99,0.0,2024-01-19,2.79,7.17,,,
00-22694,2.59,2025-01-24,2.59,0.0,2024-01-19,2.59,0.0,2023-01-17,2.59,0.0
00-500718,5.99,2024-12-19,4.99,20.04,2023-12-28,3.79,58.05,2021-12-02,2.99,100.33
00-404091,2.19,2025-01-23,1.99,10.05,2024-01-04,1.99,10.05,2023-01-02,1.85,18.38
00-729758,16.99,2024-11-24,8.99,88.99,2023-12-24,11.99,41.7,,,
00-726072,5.99,2024-12-01,5.99,0.0,2023-12-28,3.79,58.05,2022-12-19,3.39,76.7
00-890513,4.49,2025-01-24,4.29,4.66,2024-01-19,4.29,4.66,2023-01-09,3.99,12.53
00-463739,2.29,2025-01-19,2.29,0.0,2024-01-21,2.29,0.0,,,
00-880029,2.99,2024-12-24,2.99,0.0,2023-12-07,2.29,30.57,2022-12-19,2.19,36.53
00-2598,1.99,2024-01-15,2.79,-28.67,2024-01-15,2.79,-28.67,2023-01-02,2.49,-20.08
00-723791,4.99,2025-01-30,4.89,2.04,2024-01-21,4.49,11.14,,,
00-450032,1.79,2025-01-24,1.79,0.0,2024-01-19,1.99,-10.05,,,
00-901360,47.9,2025-01-01,47.9,0.0,2023-12-31,47.9,0.0,2023-01-01,43.9,9.11
00-787843,1.49,2025-01-24,1.49,0.0,2024-01-12,1.49,0.0,,,
00-746281,21.99,2025-01-01,21.99,0.0,,,,,,
00-744095,5.99,2021-12-29,5.99,0.0,2021-12-29,5.99,0.0,2021-12-29,5.99,0.0
00-924183,4.59,2023-11-09,3.99,15.04,2023-11-09,3.99,15.04,2022-12-30,3.79,21.11
00-338995,2.99,2024-10-13,2.99,0.0,2023-10-21,3.19,-6.27,2023-01-26,2.99,0.0
00-389050,2.99,2024-01-19,4.19,-28.64,2024-01-19,4.19,-28.64,2023-02-07,4.09,-26.89
00-656685,4.49,2024-06-06,5.99,-25.04,2023-05-13,5.99,-25.04,2022-11-17,5.79,-22.45
00-939579,3.99,2025-01-24,3.99,0.0,2024-01-11,3.99,0.0,2021-03-16,1.0,299.0
00-180448,2.49,2024-11-07,3.49,-28.65,2023-09-14,3.49,-28.65,2022-12-19,3.49,-28.65
00-729729,4.99,2025-01-24,4.99,0.0,2024-01-19,4.99,0.0,,,
00-760681,2.99,2025-01-24,1.99,50.25,,,,,,
00-960598,2.79,2023-10-01,2.49,12.05,2023-10-01,2.49,12.05,2022-08-10,2.19,27.4
00-482990,21.99,2025-01-01,21.99,0.0,2023-12-31,18.99,15.8,,,
00-503440,6.49,2025-01-19,6.49,0.0,2024-01-21,4.99,30.06,2022-12-11,4.99,30.06
00-513368,0.74,2025-01-05,0.99,-25.25,2024-01-06,0.99,-25.25,2023-02-07,0.99,-25.25
00-57554,1.99,2025-01-26,1.99,0.0,2024-01-28,1.99,0.0,2022-05-23,1.79,11.17
00-169532,2.19,2023-10-01,2.19,0.0,2023-10-01,2.19,0.0,2022-12-07,1.89,15.87
00-491756,0.79,2025-01-24,0.79,0.0,2024-01-06,0.79,0.0,2023-02-07,0.69,14.49
00-395233,11.89,2023-07-10,11.89,0.0,2023-07-10,11.89,0.0,2022-05-25,10.99,8.19
00-507747,2.59,2024-12-25,2.29,13.1,2024-02-01,2.39,8.37,2023-02-02,1.99,30.15
00-739237,7.99,2025-01-01,9.99,-20.02,2024-02-06,7.99,0.0,,,
00-417828,2.39,2024-12-01,2.29,4.37,2024-01-29,2.29,4.37,2022-12-23,2.19,9.13
00-444005,1.99,2023-09-12,1.99,0.0,2023-09-12,1.99,0.0,,,
00-819360,10.49,2025-01-01,10.49,0.0,2024-01-02,10.49,0.0,2023-01-01,8.99,16.69
00-342395,2.29,2025-02-02,2.29,0.0,2024-02-01,2.29,0.0,2023-02-07,2.19,4.57
00-728888,1.69,2025-01-24,1.69,0.0,,,,,,
00-416113,4.29,2025-01-24,3.99,7.52,2024-02-01,3.49,22.92,2023-02-02,2.89,48.44
00-304276,1.59,2025-01-24,1.49,6.71,2024-01-19,1.39,14.39,2023-01-17,1.19,33.61
00-402773,1.49,2024-12-13,1.49,0.0,2024-01-12,1.49,0.0,,,
00-463733,2.29,2025-01-19,2.29,0.0,2024-01-21,2.29,0.0,2023-02-04,1.57,45.86
00-11444,1.99,2025-01-01,1.89,5.29,2024-01-02,1.89,5.29,2023-01-01,1.69,17.75
00-707894,2.19,2025-01-24,2.19,0.0,2024-01-19,2.19,0.0,2023-01-25,2.19,0.0
00-410261,2.99,2025-01-26,2.99,0.0,2024-01-28,2.89,3.46,2023-01-26,2.49,20.08
00-911662,4.99,2025-01-30,4.99,0.0,2023-07-17,4.99,0.0,2022-06-23,4.79,4.18
00-429582,1.49,2025-02-06,0.92,61.96,2024-02-01,0.9,65.56,,,
00-881440,1.99,2025-01-24,1.99,0.0,2024-01-19,1.99,0.0,2023-01-19,1.89,5.29
00-614949,1.29,2025-01-24,1.29,0.0,2024-01-12,1.29,0.0,2023-02-07,1.39,-7.19
00-944262,5.29,2025-01-24,5.29,0.0,2024-01-19,4.99,6.01,2023-02-07,4.99,6.01
00-587225,2.02,2025-01-30,3.69,-45.26,2024-01-18,3.69,-45.26,,,
00-900361,2.24,2025-01-30,2.99,-25.08,2024-02-01,2.99,-25.08,2023-02-03,3.69,-39.3
00-429551,2.99,2024-04-25,2.99,0.0,2023-12-27,2.99,0.0,2022-05-24,2.19,36.53
00-882140,2.99,2025-01-24,2.99,0.0,2023-12-24,2.99,0.0,2023-01-01,2.49,20.08
00-721830,2.69,2025-01-30,2.69,0.0,2024-02-01,2.49,8.03,,,
00-701152,10.99,2025-01-24,10.99,0.0,2024-01-19,10.99,0.0,2023-01-19,9.99,10.01
00-463742,2.29,2025-01-19,2.29,0.0,2024-01-21,2.29,0.0,,,
00-454491,1.49,2025-01-24,1.99,-25.13,2024-01-25,2.19,-31.96,2023-01-19,1.89,-21.16
00-961490,2.49,2025-01-16,2.49,0.0,2023-10-21,2.49,0.0,,,
00-378754,2.99,2023-10-13,3.79,-21.11,2023-10-13,3.79,-21.11,2023-01-19,3.69,-18.97
00-254784,2.69,2024-02-25,2.69,0.0,2023-12-27,2.69,0.0,2022-05-28,2.49,8.03
00-513213,1.24,2022-11-16,1.39,-10.79,2022-11-16,1.39,-10.79,2022-11-16,1.39,-10.79
00-500720,5.99,2024-12-19,4.99,20.04,2023-12-28,3.79,58.05,2022-12-19,3.29,82.07
00-518368,1.49,2025-01-30,1.99,-25.13,2024-02-01,1.99,-25.13,2023-02-02,2.49,-40.16
00-401722,1.69,2025-01-24,1.69,0.0,2024-01-19,1.69,0.0,2023-01-17,1.79,-5.59
00-723661,4.29,2024-05-13,4.29,0.0,2023-12-27,4.29,0.0,,,
00-317620,1.99,2025-01-24,1.99,0.0,2024-01-19,1.79,11.17,2023-02-04,1.27,56.69
00-912821,3.99,2025-01-30,3.99,0.0,2024-01-18,3.69,8.13,2023-02-02,3.69,8.13
00-713496,3.49,2025-01-30,3.29,6.08,2024-02-01,3.29,6.08,,,
00-701778,2.39,2024-12-05,2.39,0.0,2023-11-30,2.39,0.0,,,
00-705237,4.79,2024-12-13,4.79,0.0,2023-12-15,4.29,11.66,2023-02-07,4.1,16.83
00-930850,4.99,2024-06-20,4.99,0.0,2024-01-11,4.69,6.4,2022-12-09,4.29,16.32
00-469599,10.99,2025-01-01,10.49,4.77,2023-12-31,10.49,4.77,,,
00-317554,1.49,2025-01-24,1.49,0.0,2024-01-19,1.49,0.0,2023-02-07,1.49,0.0
00-504043,27.99,2025-02-06,27.99,0.0,2024-02-01,20.99,33.35,2022-12-11,18.99,47.39
00-773589,42.9,2025-01-01,41.9,2.39,2023-12-31,39.9,7.52,2023-02-02,39.99,7.28
00-71167,6.99,2025-01-01,6.99,0.0,2024-01-01,6.99,0.0,2023-02-02,6.99,0.0
00-57511,1.66,2025-01-30,2.49,-33.33,2024-02-01,2.49,-33.33,2023-02-02,1.79,-7.26
00-933578,2.66,2024-09-26,3.99,-33.33,2023-06-14,3.99,-33.33,2022-12-15,5.29,-49.72
00-89402,3.99,2023-11-14,3.99,0.0,2023-11-14,3.99,0.0,,,
00-842758,1.49,2025-01-24,1.99,-25.13,2023-12-07,1.99,-25.13,2023-02-02,2.19,-31.96
00-723329,6.99,2025-01-01,6.99,0.0,2024-02-01,4.99,40.08,,,
00-870291,2.69,2025-01-24,2.69,0.0,2024-01-19,2.69,0.0,2023-01-17,2.59,3.86
00-447986,7.49,2025-01-05,7.49,0.0,2024-01-06,7.49,0.0,2023-02-07,7.49,0.0
00-869024,4.99,2025-01-23,4.99,0.0,2023-12-07,2.49,100.4,,,
00-814074,5.49,2023-07-10,5.49,0.0,2023-07-10,5.49,0.0,2022-05-31,5.39,1.86
00-744169,4.49,2025-01-24,4.49,0.0,,,,,,
00-730198,4.19,2025-01-24,4.19,0.0,2023-11-09,3.99,5.01,,,
00-678226,1.49,2025-02-06,0.92,61.96,2024-02-01,0.9,65.56,2023-01-19,1.35,10.37
00-954624,6.49,2024-02-25,6.49,0.0,2023-12-07,6.49,0.0,2022-12-07,6.29,3.18
00-680510,1.94,2024-01-19,2.59,-25.1,2024-01-19,2.59,-25.1,2023-01-19,2.49,-22.09
00-764502,3.49,2024-02-25,2.59,34.75,2023-11-12,2.59,34.75,2023-02-07,2.49,40.16
00-504061,5.49,2024-10-13,5.49,0.0,2023-10-21,5.49,0.0,2022-11-20,5.49,0.0
00-871423,3.19,2025-01-19,3.19,0.0,2024-01-21,3.19,0.0,2022-11-06,2.99,6.69
00-581843,3.39,2025-01-24,3.39,0.0,2024-02-01,3.39,0.0,2023-01-19,3.29,3.04
00-890756,5.99,2025-01-24,5.99,0.0,2023-11-05,5.99,0.0,2023-01-29,5.99,0.0
00-793656,4.99,2024-12-01,3.79,31.66,2023-12-07,3.19,56.43,,,
00-294258,1.69,2025-01-24,1.69,0.0,2023-12-15,1.69,0.0,2023-02-04,1.19,42.02
00-615908,4.19,2025-01-30,2.79,50.18,2024-02-01,4.19,0.0,2023-02-02,2.66,57.52
00-411503,4.49,2024-02-12,4.39,2.28,2024-01-12,4.29,4.66,2022-12-19,3.99,12.53
00-641732,2.89,2025-01-02,2.89,0.0,2024-01-12,2.59,11.58,2022-11-27,2.19,31.96
00-320333,1.99,2024-12-13,2.19,-9.13,2023-10-01,2.19,-9.13,,,
00-744691,2.99,2025-01-24,2.99,0.0,,,,,,
00-317766,2.49,2025-01-24,2.39,4.18,2024-01-19,2.39,4.18,2023-02-07,2.19,13.7
00-793393,1.49,2025-01-30,0.99,50.51,2024-02-01,0.99,50.51,2023-02-02,0.89,67.42
00-864946,6.49,2024-02-25,5.99,8.35,2023-11-12,5.99,8.35,2023-02-02,5.99,8.35
00-419222,3.99,2025-01-30,6.19,-35.54,2024-02-01,5.99,-33.39,2023-02-02,5.99,-33.39
00-737298,7.49,2025-01-24,7.49,0.0,2024-01-19,7.49,0.0,,,
00-864266,2.99,2025-01-30,2.79,7.17,2024-02-01,2.49,20.08,2023-02-02,2.39,25.1
00-240406,2.29,2024-12-25,2.39,-4.18,2024-01-12,2.29,0.0,2022-12-23,2.39,-4.18
00-736405,2.19,2025-01-24,2.19,0.0,2024-02-06,2.19,0.0,,,
00-503670,4.19,2025-01-30,2.79,50.18,2024-02-01,4.19,0.0,2023-02-02,2.66,57.52
00-729455,6.49,2025-01-01,5.99,8.35,,,,,,
00-731560,2.29,2024-10-26,2.29,0.0,2023-12-07,2.29,0.0,,,
00-624794,38.9,2025-01-01,38.9,0.0,2023-12-31,38.9,0.0,2023-02-02,35.9,8.36
00-414055,2.47,2025-01-30,3.29,-24.92,2024-01-18,3.29,-24.92,2023-01-19,3.19,-22.57
00-587784,3.39,2025-01-17,3.29,3.04,2024-02-01,2.95,14.92,2023-01-26,2.69,26.02
00-716140,1.49,2025-01-24,1.49,0.0,2024-01-19,1.49,0.0,2023-02-07,1.59,-6.29
00-894894,1.69,2025-01-24,1.69,0.0,2024-01-19,1.49,13.42,2023-01-17,1.49,13.42
00-17804,0.99,2025-01-24,1.49,-33.56,2024-02-01,1.39,-28.78,2023-01-19,1.45,-31.72
00-723430,1.59,2024-12-13,1.59,0.0,2024-01-02,1.59,0.0,,,
00-463750,4.39,2025-01-19,4.39,0.0,2024-01-21,4.39,0.0,2023-02-07,4.39,0.0
00-746118,3.49,2025-02-06,3.49,0.0,,,,,,
00-400607,2.39,2025-01-30,2.39,0.0,2024-02-01,2.29,4.37,2023-02-02,2.29,4.37
00-515040,2.19,2024-12-25,2.19,0.0,2023-12-25,2.19,0.0,2023-01-19,1.99,10.05
00-719216,1.79,2025-01-30,1.19,50.42,2024-02-01,1.19,50.42,,,
00-4577,2.29,2024-10-26,1.99,15.08,2023-10-01,1.69,35.5,,,
00-741904,2.69,2025-01-24,2.69,0.0,2024-01-30,2.69,0.0,,,
00-346263,4.99,2024-12-05,4.79,4.18,2024-01-25,4.79,4.18,,,
00-437696,9.29,2024-10-13,8.99,3.34,2024-01-12,9.49,-2.11,2023-01-26,9.49,-2.11
00-350967,3.69,2024-01-19,3.69,0.0,2024-01-19,3.69,0.0,2018-05-16,3.49,5.73
00-759861,4.49,2025-01-24,4.49,0.0,,,,,,
00-789873,1.49,2024-02-15,1.19,25.21,2024-01-19,1.49,0.0,2023-01-26,1.49,0.0
00-317495,5.49,2025-01-24,5.49,0.0,2024-01-19,2.49,120.48,2023-02-07,2.49,120.48
00-466443,2.99,2025-01-30,3.49,-14.33,2023-12-27,3.99,-25.06,2023-02-02,2.69,11.15
00-400465,4.99,2025-01-26,4.79,4.18,2024-02-01,4.79,4.18,2023-01-29,3.99,25.06
00-417276,4.49,2025-01-30,4.49,0.0,2024-02-01,4.29,4.66,2023-01-31,4.79,-6.26
00-938037,2.29,2024-10-26,2.29,0.0,2024-01-12,2.29,0.0,2023-02-02,2.19,4.57
00-47,3.99,2024-10-24,3.99,0.0,2024-01-12,4.59,-13.07,2023-02-02,2.99,33.44
00-428437,11.49,2025-01-30,8.99,27.81,2024-01-18,5.99,91.82,2023-02-02,7.99,43.8
00-846617,22.99,2025-01-24,22.99,0.0,2024-01-11,19.99,15.01,2023-01-19,19.19,19.8
00-305671,1.79,2024-10-26,1.79,0.0,2023-12-07,1.79,0.0,2022-11-29,1.69,5.92
00-490773,14.99,2025-01-19,13.49,11.12,2024-01-21,11.39,31.61,2023-01-26,11.19,33.96
00-479877,1.79,2025-02-06,1.69,5.92,2023-06-01,1.69,5.92,2022-10-13,1.49,20.13
00-460869,13.99,2025-01-01,13.99,0.0,2023-12-31,13.99,0.0,2023-02-07,12.99,7.7
00-266236,2.19,2025-01-30,1.59,37.74,2024-02-01,1.19,84.03,2023-02-02,1.39,57.55
00-700647,1.99,2025-01-24,1.99,0.0,2023-10-21,2.19,-9.13,2022-12-20,1.99,0.0
00-456362,1.99,2025-01-30,1.99,0.0,2024-01-06,1.99,0.0,2023-02-07,1.99,0.0
00-700538,3.99,2024-12-25,3.99,0.0,,,,,,
00-500406,3.99,2024-12-01,3.49,14.33,2023-12-12,2.99,33.44,,,
00-843801,4.49,2023-05-13,5.99,-25.04,2023-05-13,5.99,-25.04,2022-11-17,5.79,-22.45
00-414881,1.79,2024-12-25,1.19,50.42,2023-12-25,1.19,50.42,2022-10-06,1.29,38.76
00-202085,22.99,2025-01-01,22.99,0.0,2024-01-02,22.99,0.0,2023-02-02,21.99,4.55
00-756022,3.49,2025-02-06,3.49,0.0,2024-01-19,5.29,-34.03,2023-01-29,4.99,-30.06
00-336804,4.39,2025-01-24,4.39,0.0,2023-12-27,4.39,0.0,2022-12-01,4.29,2.33
00-957446,5.99,2025-01-01,5.99,0.0,,,,,,
00-22557,4.99,2024-12-19,4.99,0.0,2023-12-14,4.99,0.0,2023-02-02,3.49,42.98
00-518345,3.99,2025-01-24,4.79,-16.7,2024-01-19,4.79,-16.7,,,
00-81381,14.99,2025-01-01,14.99,0.0,2023-12-31,14.99,0.0,2023-02-02,13.99,7.15
00-502950,1.49,2025-01-30,1.69,-11.83,2023-07-06,1.29,15.5,2022-09-20,0.99,50.51
00-425109,3.79,2025-01-24,3.99,-5.01,2024-01-19,3.99,-5.01,2023-01-23,3.65,3.84
00-719251,1.29,2025-01-24,1.29,0.0,2024-01-19,1.29,0.0,,,
00-735516,2.09,2024-02-20,2.09,0.0,,,,,,
00-424617,3.99,2024-10-13,3.99,0.0,2023-11-30,3.99,0.0,2023-01-19,3.49,14.33
00-531477,1.49,2024-03-13,1.29,15.5,2024-01-13,1.29,15.5,2023-01-19,1.29,15.5
00-722217,4.74,2025-01-30,7.14,-33.61,,,,,,
00-20291,3.79,2025-01-30,2.49,52.21,2024-01-21,3.39,11.8,2023-01-19,2.99,26.76
00-739215,2.89,2025-02-01,2.89,0.0,2024-01-06,2.89,0.0,,,
00-727667,2.49,2025-01-05,2.29,8.73,2024-01-06,1.89,31.75,,,
00-733037,2.99,2025-01-24,4.29,-30.3,2024-01-19,3.99,-25.06,,,
00-733632,2.15,2025-01-24,1.99,8.04,2024-01-19,2.29,-6.11,,,
00-339337,2.79,2025-01-24,2.79,0.0,2024-01-19,2.49,12.05,2023-01-17,1.99,40.2
00-482264,13.99,2025-01-30,12.99,7.7,2024-01-01,13.99,0.0,2023-02-04,13.99,0.0
00-578313,3.49,2025-01-30,3.49,0.0,2024-02-01,3.49,0.0,2023-02-02,2.99,16.72
00-463751,14.99,2025-01-19,14.99,0.0,2024-01-21,14.99,0.0,2023-02-07,14.49,3.45
00-482068,1.99,2024-12-13,1.99,0.0,2023-12-15,1.99,0.0,2023-02-07,1.99,0.0
00-6656,3.79,2024-12-18,4.29,-11.66,2024-01-04,2.59,46.33,2023-02-02,1.46,159.59
00-738332,2.99,2025-01-24,2.99,0.0,2024-01-19,2.99,0.0,,,
00-937655,3.49,2025-01-24,3.49,0.0,2024-01-19,3.49,0.0,2023-01-17,2.79,25.09
00-634169,1.86,2025-01-30,1.72,8.14,2024-02-01,1.52,22.37,2023-02-02,1.49,24.83
00-843650,4.99,2025-01-23,3.89,28.28,2024-01-21,3.49,42.98,2022-12-11,2.89,72.66
00-648182,15.49,2025-01-30,15.99,-3.13,2024-02-01,8.99,72.3,2023-01-19,13.99,10.72
00-779080,1.32,2024-12-19,1.59,-16.98,2023-12-28,1.59,-16.98,2022-11-27,1.39,-5.04
00-20048,1.49,2025-01-24,1.49,0.0,2024-01-19,1.49,0.0,2023-01-26,1.49,0.0
00-18500,4.99,2024-11-24,2.99,66.89,2023-11-08,3.49,42.98,,,
00-356751,3.29,2025-02-01,3.29,0.0,2024-02-01,3.19,3.13,2023-01-20,3.19,3.13
00-346047,3.99,2024-12-05,3.99,0.0,2024-02-01,3.69,8.13,2022-10-20,3.99,0.0
00-788311,2.66,2025-01-01,3.99,-33.33,2024-02-01,2.99,-11.04,2023-01-29,3.59,-25.91
00-295782,4.19,2024-12-19,3.99,5.01,2023-12-24,3.99,5.01,2023-02-02,2.66,57.52
00-639020,11.99,2024-12-01,11.99,0.0,,,,,,
00-759862,3.99,2025-01-24,3.99,0.0,,,,,,
00-390299,3.89,2024-02-25,3.89,0.0,2023-12-07,3.89,0.0,2022-11-13,3.29,18.24
00-701563,5.99,2025-01-19,7.29,-17.83,2024-01-21,4.99,20.04,2023-01-19,4.99,20.04
00-482549,9.99,2024-12-12,9.99,0.0,2023-12-07,9.99,0.0,,,
00-442966,1.34,2025-01-31,1.79,-25.14,2024-01-06,1.69,-20.71,2023-02-03,1.27,5.51
00-525771,2.99,2025-02-02,2.99,0.0,2023-11-23,2.89,3.46,2023-01-12,2.99,0.0
00-921748,3.99,2025-01-24,3.99,0.0,2023-02-20,3.99,0.0,2022-05-26,3.49,14.33
00-278692,2.89,2024-01-19,1.99,45.23,2024-01-19,1.99,45.23,2023-01-17,2.59,11.58
00-254263,4.49,2025-01-24,4.49,0.0,2024-02-05,4.49,0.0,,,
00-871424,3.19,2025-01-19,3.19,0.0,2024-01-21,3.19,0.0,2022-12-07,2.24,42.41
00-498245,39.9,2025-01-01,39.9,0.0,2023-12-31,38.99,2.33,,,
00-715846,2.49,2025-01-05,3.49,-28.65,2024-01-06,3.49,-28.65,,,
00-760607,1.99,2025-01-12,2.29,-13.1,,,,,,
00-322520,5.59,2025-01-24,5.59,0.0,2023-06-12,5.59,0.0,2022-11-29,4.69,19.19
00-727520,3.59,2024-12-01,3.59,0.0,2024-01-16,3.59,0.0,,,
00-54227,1.34,2024-12-19,1.69,-20.71,2023-06-12,1.59,-15.72,2022-12-17,1.49,-10.07
00-409637,5.49,2024-12-01,4.69,17.06,2023-12-07,4.69,17.06,,,
00-294601,2.99,2025-01-24,2.79,7.17,2023-12-07,2.69,11.15,2023-02-02,1.79,67.04
00-278754,2.49,2024-10-26,2.49,0.0,2023-12-07,2.49,0.0,2022-11-27,2.49,0.0
00-715255,2.99,2025-01-24,3.99,-25.06,2023-02-08,3.99,-25.06,,,
00-821666,4.99,2025-01-24,4.99,0.0,2024-01-11,5.19,-3.85,,,
00-932988,2.69,2024-12-01,2.99,-10.03,2023-12-07,2.59,3.86,2023-01-19,2.19,22.83
00-716799,3.99,2024-12-13,3.99,0.0,2024-01-12,3.99,0.0,2023-02-07,3.99,0.0
00-681729,1.99,2025-01-24,1.99,0.0,2024-01-19,1.99,0.0,2023-01-19,1.49,33.56
00-709832,3.59,2023-02-07,3.59,0.0,2023-02-07,3.59,0.0,2023-02-07,3.59,0.0
00-105933,9.99,2025-01-30,9.99,0.0,2023-11-09,9.99,0.0,2023-02-03,8.99,11.12
00-492180,8.99,2025-01-01,8.49,5.89,2023-12-31,8.49,5.89,2023-02-07,8.49,5.89
00-855349,6.99,2025-01-22,4.99,40.08,2023-05-25,3.99,75.19,2017-04-05,4.99,40.08
00-414752,16.99,2025-01-01,16.99,0.0,2023-12-31,16.99,0.0,2023-02-02,15.99,6.25
00-728146,1.89,2025-01-24,1.89,0.0,,,,,,
00-98202,3.99,2024-12-12,3.99,0.0,2024-01-12,3.99,0.0,2023-02-02,2.79,43.01
00-926935,1.32,2025-01-30,1.99,-33.67,2024-02-01,1.39,-5.04,2023-02-02,0.99,33.33
00-910152,16.99,2025-01-01,16.99,0.0,2024-01-01,16.99,0.0,2023-02-02,12.99,30.79
00-424563,1.19,2024-12-01,1.19,0.0,,,,,,
00-368907,1.94,2025-01-24,2.49,-22.09,2024-01-19,2.59,-25.1,2023-02-04,1.94,0.0
00-618613,11.49,2025-01-23,10.99,4.55,2023-12-07,10.69,7.48,2023-02-02,7.69,49.41
00-180257,2.49,2024-11-07,3.49,-28.65,2023-09-14,3.49,-28.65,2022-12-19,3.49,-28.65
00-723117,4.99,2024-12-25,5.99,-16.69,2023-12-25,5.99,-16.69,,,
00-325046,2.99,2024-12-19,2.99,0.0,2024-01-12,2.79,7.17,2023-02-04,2.02,48.02
00-757422,2.49,2025-02-06,2.99,-16.72,,,,,,
00-405550,5.99,2025-01-02,5.79,3.45,2024-02-01,4.99,20.04,2023-02-02,4.49,33.41
00-757651,3.49,2025-02-06,3.49,0.0,2023-11-05,4.69,-25.59,2023-01-29,4.49,-22.27
00-705772,3.19,2025-01-24,2.99,6.69,2023-10-21,2.99,6.69,,,
00-303887,6.99,2023-11-12,6.99,0.0,2023-11-12,6.99,0.0,2022-11-13,5.99,16.69
00-463753,3.69,2025-01-19,3.69,0.0,2024-01-21,3.69,0.0,2023-02-07,3.69,0.0
00-249681,3.59,2025-01-24,3.59,0.0,2024-01-19,3.59,0.0,2023-02-07,3.99,-10.03
00-866569,2.99,2025-01-16,3.69,-18.97,2024-01-18,3.69,-18.97,2023-01-12,3.39,-11.8
00-282362,2.19,2025-02-06,1.69,29.59,2024-01-04,1.99,10.05,2022-12-07,1.89,15.87
00-593901,2.25,2025-01-24,2.19,2.74,2023-05-24,2.15,4.65,2022-11-24,1.99,13.07
00-471076,8.99,2025-01-01,8.99,0.0,2023-12-31,8.99,0.0,2023-01-22,7.99,12.52
00-954705,6.49,2023-11-12,6.39,1.56,2023-11-12,6.39,1.56,2022-11-29,6.29,3.18
00-777707,3.29,2023-12-27,2.89,13.84,2023-12-27,2.89,13.84,,,
00-787,1.29,2024-07-11,1.19,8.4,2023-07-20,1.19,8.4,2022-10-06,1.19,8.4
00-2791,2.99,2025-01-02,2.99,0.0,2024-01-15,2.79,7.17,2022-12-15,2.49,20.08
00-317828,2.62,2024-01-19,3.49,-24.93,2024-01-19,3.49,-24.93,2023-02-07,3.19,-17.87
00-705998,0.89,2025-01-30,1.99,-55.28,2023-12-24,1.99,-55.28,2022-11-29,1.99,-55.28
00-323146,3.99,2025-02-04,3.49,14.33,2024-01-19,4.59,-13.07,2023-01-19,4.59,-13.07
00-461507,3.99,2024-12-01,4.19,-4.77,2024-01-11,4.29,-6.99,,,
00-936321,1.16,2025-01-16,1.59,-27.04,2024-01-26,1.75,-33.71,2022-12-08,1.25,-7.2
00-718603,2.79,2025-02-01,2.79,0.0,2024-02-01,2.79,0.0,,,
00-248021,4.49,2025-01-30,2.79,60.93,2024-02-01,1.89,137.57,2018-09-11,0.99,353.54
00-17498,6.49,2025-01-30,5.29,22.68,2023-12-31,6.49,0.0,2023-01-22,6.49,0.0
00-715084,14.9,2025-01-16,19.9,-25.13,,,,,,
00-653392,4.29,2023-06-21,4.29,0.0,2023-06-21,4.29,0.0,2022-11-30,4.19,2.39
00-610321,5.69,2024-02-25,5.39,5.57,2023-11-12,5.39,5.57,2023-01-03,5.49,3.64
00-567677,1.49,2024-11-12,1.49,0.0,2023-10-05,1.39,7.19,2022-11-16,1.49,0.0
00-664176,2.59,2024-12-01,1.99,30.15,2024-01-18,1.99,30.15,2023-01-26,1.89,37.04
00-880948,99.9,2025-01-01,99.9,0.0,2023-12-31,89.9,11.12,,,
00-937525,2.49,2025-01-24,2.49,0.0,2024-01-19,2.49,0.0,2023-01-17,1.69,47.34
00-282368,4.49,2024-12-01,4.19,7.16,2023-12-07,3.69,21.68,2022-11-27,3.59,25.07
00-574248,1.99,2024-12-16,1.99,0.0,2023-10-25,1.89,5.29,2022-12-08,1.89,5.29
00-918898,4.99,2025-01-19,4.59,8.71,2024-01-21,3.99,25.06,2022-12-11,3.69,35.23
00-799379,1.27,2025-01-30,1.69,-24.85,2022-11-21,1.69,-24.85,2022-11-21,1.69,-24.85
00-773492,1.49,2025-01-30,1.19,25.21,2024-02-01,1.19,25.21,2022-11-29,1.29,15.5
00-317553,3.49,2024-12-13,3.49,0.0,2023-12-15,3.49,0.0,2023-02-07,3.19,9.4
00-500845,6.49,2025-01-24,5.99,8.35,2023-12-28,5.69,14.06,,,
00-422774,1.87,2025-01-24,2.39,-21.76,2023-11-23,2.39,-21.76,2022-12-25,2.39,-21.76
00-747467,3.99,2024-12-05,4.69,-14.93,,,,,,
00-418972,2.02,2025-01-30,3.69,-45.26,2024-01-18,3.69,-45.26,2023-01-21,3.69,-45.26
00-756469,2.99,2025-01-24,2.99,0.0,,,,,,
00-321967,7.49,2025-01-26,9.99,-25.03,2024-01-28,9.99,-25.03,2022-02-03,4.99,50.1
00-701608,4.99,2025-01-30,4.89,2.04,2024-01-21,4.49,11.14,,,
00-401747,1.49,2025-01-01,1.49,0.0,2023-12-31,1.49,0.0,2023-01-26,1.49,0.0
00-932287,28.99,2025-01-01,28.99,0.0,2023-12-31,30.99,-6.45,2023-02-07,30.99,-6.45
00-574893,2.99,2025-01-30,2.99,0.0,2024-02-01,2.79,7.17,,,
00-730565,13.99,2024-03-08,13.99,0.0,2023-12-07,13.99,0.0,2022-11-27,12.99,7.7
00-430910,1.99,2025-01-16,1.99,0.0,2024-02-01,1.99,0.0,2023-01-19,1.79,11.17
00-407817,2.59,2024-12-19,2.59,0.0,2023-11-23,2.39,8.37,,,
00-883617,44.9,2025-01-01,44.9,0.0,2024-01-11,47.9,-6.26,2023-01-18,44.9,0.0
00-317504,1.29,2024-12-13,1.29,0.0,2023-12-15,1.29,0.0,2023-02-07,1.29,0.0
00-749021,3.89,2025-01-26,3.89,0.0,,,,,,
00-666395,2.62,2025-01-30,2.99,-12.37,2024-02-01,3.19,-17.87,2023-01-28,3.79,-30.87
00-600683,3.69,2023-12-27,3.69,0.0,2023-12-27,3.69,0.0,2022-12-15,3.59,2.79
00-282384,3.99,2025-01-24,7.29,-45.27,2024-01-29,7.19,-44.51,2023-01-29,6.99,-42.92
00-641665,4.99,2025-01-26,4.99,0.0,2024-02-01,4.79,4.18,2023-01-29,4.49,11.14
00-289587,3.89,2025-01-24,4.19,-7.16,2023-12-24,3.89,0.0,2022-12-25,3.79,2.64
00-749209,1.99,2025-01-24,1.49,33.56,,,,,,
00-347718,3.99,2025-01-24,5.99,-33.39,2024-02-01,3.99,0.0,2023-02-02,5.99,-33.39
00-440386,7.49,2025-01-19,7.99,-6.26,2024-01-21,6.69,11.96,2023-01-19,6.29,19.08
00-701767,2.39,2025-01-24,2.39,0.0,2024-01-19,2.39,0.0,,,
00-680782,3.49,2025-02-06,3.49,0.0,2023-11-05,4.69,-25.59,2023-01-29,4.49,-22.27
00-22383,2.99,2025-01-30,2.79,7.17,2024-01-04,2.59,15.44,2023-01-30,2.49,20.08
00-289319,2.99,2025-01-30,2.99,0.0,2024-02-01,2.79,7.17,2023-01-01,2.79,7.17
00-662615,2.29,2025-01-24,2.29,0.0,2023-10-21,2.59,-11.58,2022-11-30,2.49,-8.03
00-747930,3.99,2025-01-19,3.99,0.0,,,,,,
00-716136,2.69,2025-01-24,2.69,0.0,2024-01-19,2.49,8.03,2023-02-07,2.69,0.0
00-642938,10.99,2025-01-01,10.99,0.0,,,,,,
00-345625,1.99,2024-07-17,2.15,-7.44,,,,,,
00-793661,2.49,2025-01-30,2.19,13.7,,,,,,
00-400972,2.49,2025-01-24,3.99,-37.59,2024-01-19,3.99,-37.59,2023-01-29,3.29,-24.32
00-253138,3.99,2024-12-05,3.99,0.0,2024-02-01,3.69,8.13,2022-10-20,3.99,0.0
00-491836,21.49,2025-01-01,21.49,0.0,2023-12-31,21.49,0.0,2023-01-01,19.99,7.5
00-423172,1.49,2025-01-01,1.49,0.0,2023-12-31,1.49,0.0,2023-01-26,1.49,0.0
00-307531,5.99,2024-12-25,5.79,3.45,2023-12-25,5.79,3.45,2022-12-23,5.59,7.16
00-405949,1.19,2023-06-12,1.19,0.0,2023-06-12,1.19,0.0,2022-12-15,1.29,-7.75
00-728636,0.99,2025-01-24,0.99,0.0,2024-01-19,0.99,0.0,,,
00-429589,3.29,2025-01-30,3.29,0.0,2024-01-18,2.99,10.03,2023-01-19,2.39,37.66
00-496580,1.16,2025-01-16,1.59,-27.04,2024-01-26,1.75,-33.71,,,
00-619671,4.59,2023-11-12,4.49,2.23,2023-11-12,4.49,2.23,2022-11-13,3.99,15.04
00-723789,4.99,2025-01-30,4.89,2.04,2024-01-21,4.49,11.14,,,
00-582303,18.99,2024-12-19,18.99,0.0,2023-11-30,18.99,0.0,2023-01-29,17.99,5.56
00-168013,1.99,2024-10-10,1.89,5.29,2023-10-25,1.79,11.17,2022-11-24,1.49,33.56
00-611630,1.69,2024-12-13,1.69,0.0,2024-01-12,1.59,6.29,2023-02-07,1.59,6.29
00-464936,9.99,2025-01-01,9.99,0.0,2023-12-31,9.99,0.0,2023-01-22,9.99,0.0
00-426450,1.49,2024-12-01,1.39,7.19,2023-12-07,1.89,-21.16,2022-11-27,1.59,-6.29
00-371118,3.49,2025-01-24,3.49,0.0,2024-01-19,3.49,0.0,,,
00-464459,2.19,2023-03-29,1.99,10.05,2023-03-29,1.99,10.05,,,
00-739027,3.29,2025-01-24,2.99,10.03,2024-01-23,2.99,10.03,,,
00-903054,3.79,2024-02-25,3.79,0.0,2023-11-12,3.79,0.0,2023-01-05,3.59,5.57
00-703416,7.99,2025-01-24,7.99,0.0,2024-01-10,7.79,2.57,2023-01-22,7.19,11.13
00-44757,3.49,2025-01-30,2.32,50.43,2024-02-01,3.19,9.4,2022-11-21,2.99,16.72
00-626064,2.49,2025-02-02,2.49,0.0,2023-12-24,2.49,0.0,2022-12-01,1.99,25.13
00-745527,4.99,2024-08-19,4.99,0.0,,,,,,
00-293904,6.99,2024-11-17,6.99,0.0,2023-12-27,7.29,-4.12,2023-01-29,6.99,0.0
00-871104,5.99,2024-06-06,8.99,-33.37,2023-11-12,8.99,-33.37,2022-11-24,8.99,-33.37
00-902268,3.19,2023-02-24,3.19,0.0,2023-02-24,3.19,0.0,2018-06-07,2.99,6.69
00-19809,2.79,2025-01-30,2.19,27.4,2024-02-01,2.19,27.4,2023-01-17,1.99,40.2
00-249079,1.99,2025-01-24,1.99,0.0,2024-01-19,1.99,0.0,2023-01-17,1.99,0.0
00-875234,13.49,2025-01-19,12.99,3.85,2024-01-21,10.99,22.75,2022-12-11,10.99,22.75
00-629398,3.69,2024-11-21,3.69,0.0,2024-01-18,3.49,5.73,2023-02-02,3.49,5.73
00-580057,2.19,2025-01-24,1.79,22.35,2024-01-19,1.79,22.35,,,
00-404254,2.19,2023-03-29,1.99,10.05,2023-03-29,1.99,10.05,,,
00-44721,1.99,2024-10-10,1.89,5.29,2023-10-25,1.79,11.17,2022-11-24,1.49,33.56
00-278747,1.99,2025-02-04,1.99,0.0,2023-05-17,1.86,6.99,2021-07-15,1.89,5.29
00-891643,1.59,2025-02-01,1.59,0.0,2024-02-01,1.79,-11.17,2023-02-07,1.89,-15.87
00-718352,2.49,2024-09-26,2.49,0.0,2023-10-30,1.99,25.13,,,
00-407536,1.49,2025-01-24,1.49,0.0,2024-01-19,1.49,0.0,2023-01-26,1.49,0.0
00-514746,7.49,2025-01-26,9.99,-25.03,2024-01-28,7.99,-6.26,,,
00-409005,3.29,2025-01-30,3.29,0.0,2024-02-01,3.29,0.0,2023-02-02,3.29,0.0
00-743749,2.49,2024-06-04,2.49,0.0,,,,,,
00-778364,1.99,2025-01-01,1.99,0.0,2023-12-31,2.19,-9.13,2023-02-01,1.99,0.0
00-593077,4.39,2024-10-13,4.39,0.0,2024-01-09,3.99,10.03,,,
00-288860,3.19,2025-01-23,2.99,6.69,2024-01-12,3.19,0.0,2022-11-30,2.59,23.17
00-468330,1.39,2023-12-26,1.39,0.0,2023-12-26,1.39,0.0,,,
00-473948,9.99,2025-01-01,9.99,0.0,2023-12-31,9.99,0.0,2023-01-22,8.99,11.12
00-764278,2.99,2025-01-24,3.19,-6.27,,,,,,
00-700859,2.79,2025-02-01,2.79,0.0,2024-02-01,2.79,0.0,2023-01-24,2.69,3.72
00-768881,5.99,2025-02-04,5.99,0.0,,,,,,
00-425842,3.79,2025-01-30,2.49,52.21,2024-01-21,3.39,11.8,2023-01-19,2.99,26.76
00-435681,4.49,2024-12-25,3.99,12.53,2023-12-25,3.99,12.53,2022-07-28,3.99,12.53
00-730484,3.49,2025-01-24,3.49,0.0,,,,,,
00-959352,4.29,2025-01-24,3.99,7.52,2024-01-19,3.99,7.52,2023-02-04,2.77,54.87
00-728826,6.99,2024-09-26,6.99,0.0,2024-01-12,6.99,0.0,,,
00-441800,2.99,2024-08-01,2.99,0.0,,,,,,
00-273749,2.19,2024-12-24,2.19,0.0,2023-12-07,1.89,15.87,2022-11-30,1.79,22.35
00-664173,2.59,2024-12-01,1.99,30.15,2024-01-18,1.99,30.15,2023-01-26,1.89,37.04
00-707351,1.99,2024-12-25,1.99,0.0,2023-12-25,1.99,0.0,,,
00-369339,4.49,2025-01-26,4.49,0.0,2024-01-19,4.39,2.28,,,
00-614802,3.99,2025-01-01,4.99,-20.04,2024-01-01,4.99,-20.04,2023-01-22,4.99,-20.04
00-458814,5.49,2025-01-24,5.49,0.0,2024-01-19,5.49,0.0,2023-02-07,6.99,-21.46
00-12287,3.99,2025-01-16,3.99,0.0,2024-01-25,2.99,33.44,2022-11-27,2.49,60.24
00-730548,12.99,2024-10-24,25.99,-50.02,2023-10-01,25.99,-50.02,,,
00-527347,5.29,2025-01-02,5.29,0.0,2023-12-31,4.99,6.01,2023-02-02,3.79,39.58
00-353491,1.15,2025-01-31,1.25,-8.0,2024-01-18,1.19,-3.36,2022-01-27,0.89,29.21
00-477480,8.99,2025-01-01,8.99,0.0,2023-12-31,8.99,0.0,,,
00-470581,3.49,2025-01-24,3.49,0.0,2024-01-19,3.49,0.0,2023-01-19,2.49,40.16
00-464896,3.99,2024-11-28,7.29,-45.27,2024-01-29,7.19,-44.51,2023-01-29,6.99,-42.92
00-567411,2.99,2025-01-24,2.79,7.17,2023-12-07,2.69,11.15,2023-02-02,1.79,67.04
00-801930,3.19,2022-12-01,2.99,6.69,2022-12-01,2.99,6.69,2022-12-01,2.99,6.69
00-719257,5.49,2024-10-10,5.49,0.0,2023-10-12,5.49,0.0,,,
00-496519,1.99,2025-01-24,1.99,0.0,2023-12-25,1.99,0.0,2022-11-30,1.95,2.05
00-447756,32.9,2024-11-14,32.9,0.0,2023-12-08,32.9,0.0,2022-10-31,29.9,10.03
00-863390,2.29,2025-01-24,2.29,0.0,2024-01-19,2.29,0.0,2023-01-17,2.19,4.57
00-716106,5.99,2025-01-24,5.99,0.0,2024-01-19,5.49,9.11,2023-02-04,4.12,45.39
00-828919,3.99,2025-01-16,3.99,0.0,2023-08-17,4.39,-9.11,2023-02-02,2.99,33.44
00-23561,4.29,2025-01-24,3.99,7.52,2024-01-19,3.99,7.52,2023-01-17,2.99,43.48
00-614859,1.29,2024-12-13,1.29,0.0,2024-01-12,1.29,0.0,2023-02-07,1.39,-7.19
00-838784,18.99,2025-01-01,17.99,5.56,2023-12-31,16.99,11.77,2023-01-19,14.99,26.68
00-733144,0.74,2024-09-01,0.99,-25.25,,,,,,
00-498829,2.19,2025-01-05,2.19,0.0,2024-01-06,2.19,0.0,2023-02-04,1.64,33.54
00-374269,2.99,2025-01-05,2.99,0.0,2024-01-06,2.99,0.0,2022-09-08,2.99,0.0
00-491620,3.29,2024-01-19,3.29,0.0,2024-01-19,3.29,0.0,2023-01-17,3.19,3.13
00-472012,6.99,2025-01-01,6.99,0.0,2023-12-31,6.99,0.0,2023-01-22,6.99,0.0
00-734525,1.39,2024-12-13,1.39,0.0,2023-12-05,1.39,0.0,,,
00-295176,2.69,2025-01-24,2.69,0.0,2024-01-19,2.49,8.03,,,
00-403558,0.79,2025-01-24,0.79,0.0,2024-01-25,0.89,-11.24,2023-01-17,1.19,-33.61
00-827654,1.39,2024-12-01,1.19,16.81,2023-12-07,0.99,40.4,2023-02-02,0.99,40.4
00-4136,2.19,2025-01-24,2.19,0.0,2024-01-19,2.19,0.0,,,
00-341761,1.94,2025-01-24,2.59,-25.1,2024-01-19,2.59,-25.1,2022-12-01,2.59,-25.1
00-247626,7.89,2024-12-01,6.99,12.88,2023-12-07,5.99,31.72,2022-11-27,5.99,31.72
00-483265,11.99,2025-01-01,11.99,0.0,2023-12-31,11.99,0.0,,,
00-739101,0.77,2025-01-16,0.83,-7.23,,,,,,
00-407728,3.49,2025-01-26,3.49,0.0,2024-01-28,3.49,0.0,2023-01-17,3.49,0.0
00-928626,2.19,2024-01-28,2.19,0.0,2024-01-28,2.19,0.0,2022-12-15,1.69,29.59
00-600082,4.99,2025-01-30,4.99,0.0,2024-02-01,5.29,-5.67,2022-12-08,5.49,-9.11
00-719414,3.99,2024-10-13,3.69,8.13,2024-01-12,3.69,8.13,,,
00-510634,8.99,2025-01-01,8.99,0.0,2023-12-31,8.99,0.0,,,
00-56251,0.79,2025-01-30,1.19,-33.61,2024-02-01,1.19,-33.61,2023-02-02,1.19,-33.61
00-736438,7.49,2025-01-30,5.99,25.04,2024-02-01,5.49,36.43,2023-02-02,6.99,7.15
00-924290,17.99,2025-01-30,12.99,38.49,2024-02-01,12.99,38.49,2023-02-02,15.99,12.51
00-729541,3.39,2025-01-24,3.29,3.04,2024-01-19,3.29,3.04,,,
00-713180,0.89,2025-01-24,0.89,0.0,2024-01-06,0.89,0.0,,,
00-719472,1.89,2025-01-24,1.89,0.0,2024-01-19,1.89,0.0,,,
00-910851,7.49,2025-01-30,5.99,25.04,2024-02-01,5.49,36.43,2023-02-02,6.99,7.15
00-568087,2.85,2025-01-05,2.79,2.15,2024-01-06,2.69,5.95,2023-02-07,2.29,24.45
00-412527,3.99,2024-11-24,2.99,33.44,2023-12-01,2.99,33.44,,,
00-742176,2.39,2025-01-30,2.39,0.0,,,,,,
00-604059,1.49,2025-01-30,1.99,-25.13,2024-02-01,1.99,-25.13,2023-02-02,2.49,-40.16
00-885261,3.49,2025-01-23,2.99,16.72,2023-11-12,1.49,134.23,,,
00-431939,1.69,2025-01-30,1.39,21.58,2024-02-01,1.39,21.58,2023-02-02,1.29,31.01
00-852801,2.99,2023-11-09,2.99,0.0,2023-11-09,2.99,0.0,2023-02-02,1.99,50.25
00-737180,3.29,2025-01-30,3.29,0.0,2024-02-01,3.29,0.0,2023-02-02,3.29,0.0
00-318881,2.49,2024-10-26,2.49,0.0,2024-02-01,2.49,0.0,2023-02-02,2.29,8.73
00-755471,6.99,2023-11-12,6.99,0.0,2023-11-12,6.99,0.0,2022-11-13,5.99,16.69
00-473587,12.99,2025-01-01,12.49,4.0,2023-12-31,11.99,8.34,2023-02-01,11.99,8.34
00-884575,1.16,2025-01-16,1.59,-27.04,2024-01-26,1.75,-33.71,2023-02-02,1.45,-20.0
00-719428,5.79,2025-01-30,5.79,0.0,2024-02-01,5.79,0.0,,,
00-743339,11.99,2024-12-25,10.99,9.1,,,,,,
00-7795,2.69,2025-01-19,2.59,3.86,2024-01-21,2.49,8.03,2022-06-30,2.29,17.47
00-5102,0.29,2025-01-24,0.29,0.0,2024-01-19,0.26,11.54,2023-02-06,0.26,11.54
00-749838,2.19,2025-02-01,2.19,0.0,,,,,,
00-469621,9.99,2025-01-01,9.99,0.0,2023-12-31,9.99,0.0,2023-02-07,9.69,3.1
00-717082,1.89,2025-01-24,1.89,0.0,,,,,,
00-432367,16.49,2025-01-19,13.19,25.02,,,,,,
00-868003,4.99,2025-01-16,4.99,0.0,2024-01-18,4.99,0.0,2023-02-02,4.99,0.0
00-479675,0.89,2024-11-07,0.89,0.0,2023-11-09,0.89,0.0,2022-12-07,0.79,12.66
00-440879,1.39,2025-01-30,1.39,0.0,2024-01-18,1.39,0.0,2023-02-02,1.15,20.87
00-418943,1.87,2024-02-12,2.49,-24.9,2023-11-30,2.29,-18.34,,,
00-198838,5.49,2025-01-16,5.49,0.0,2023-12-31,4.12,33.25,2023-01-22,4.1175,33.33
00-342998,3.29,2025-01-01,3.19,3.13,2023-12-31,3.19,3.13,,,
00-731791,1.29,2024-02-25,1.29,0.0,2023-11-12,1.29,0.0,,,
00-379764,2.24,2025-02-06,2.99,-25.08,2024-01-19,3.49,-35.82,2023-01-19,2.99,-25.08
00-502611,1.19,2023-06-12,1.59,-25.16,2023-06-12,1.59,-25.16,2022-12-07,1.39,-14.39
00-463735,2.29,2025-01-19,2.29,0.0,2024-01-21,2.29,0.0,2023-02-07,2.09,9.57
00-654575,22.9,2025-01-30,22.9,0.0,2024-01-12,21.9,4.57,2023-02-02,17.9,27.93
00-23596,1.79,2024-12-01,1.59,12.58,2023-12-07,1.49,20.13,,,
00-537398,1.29,2024-08-14,1.29,0.0,2022-12-15,1.39,-7.19,2022-12-15,1.39,-7.19
00-716591,2.49,2025-01-24,2.49,0.0,2024-01-19,2.49,0.0,,,
00-454978,3.59,2024-02-12,3.79,-5.28,2023-11-23,3.69,-2.71,2022-04-11,3.49,2.87
00-610262,16.99,2025-01-01,16.99,0.0,,,,,,
00-962403,4.19,2024-12-01,3.99,5.01,2023-12-07,3.79,10.55,2023-02-02,3.79,10.55
00-728741,3.59,2024-10-26,2.69,33.46,,,,,,
00-564780,2.59,2024-12-13,2.49,4.02,2024-01-12,1.79,44.69,2023-02-07,1.69,53.25
00-756819,2.99,2025-01-16,2.99,0.0,,,,,,
00-907472,2.79,2025-01-30,2.79,0.0,2024-02-01,2.79,0.0,2023-01-26,2.69,3.72
00-719212,1.79,2025-01-30,1.19,50.42,2024-02-01,1.19,50.42,,,
00-41205,2.99,2025-01-02,2.79,7.17,2023-11-23,2.59,15.44,2022-12-25,1.99,50.25
00-17656,1.49,2023-05-13,1.49,0.0,2023-05-13,1.49,0.0,2022-11-29,1.39,7.19
00-828920,3.99,2025-01-16,3.99,0.0,2023-08-17,4.39,-9.11,2023-02-02,2.99,33.44
00-752887,37.9,2025-01-01,37.9,0.0,2023-12-31,37.9,0.0,2023-01-26,34.99,8.32
00-8549,2.19,2025-01-24,2.19,0.0,2024-01-12,2.09,4.78,2022-12-25,1.99,10.05
00-732849,6.99,2024-10-06,6.99,0.0,2023-10-24,6.99,0.0,,,
00-439169,3.79,2025-01-30,2.49,52.21,2024-01-21,3.39,11.8,2023-01-19,2.99,26.76
00-834844,3.99,2023-08-17,4.39,-9.11,2023-08-17,4.39,-9.11,2023-02-02,2.99,33.44
00-905386,2.49,2025-01-24,2.49,0.0,2024-01-19,2.49,0.0,2023-02-04,1.79,39.11
00-627922,2.59,2025-01-02,2.79,-7.17,2024-01-12,2.69,-3.72,2022-11-27,2.29,13.1
00-400285,2.24,2025-01-30,2.99,-25.08,2024-02-01,2.99,-25.08,2023-02-03,3.69,-39.3
00-487541,1.49,2025-01-16,1.49,0.0,2024-02-01,1.39,7.19,2022-12-19,1.29,15.5
00-522246,4.99,2025-01-30,4.89,2.04,2024-01-21,4.49,11.14,,,
00-422687,4.19,2025-01-30,3.99,5.01,2024-02-01,3.49,20.06,2023-02-02,2.99,40.13
00-113846,12.99,2025-01-01,12.99,0.0,2023-12-29,12.49,4.0,2023-01-01,12.19,6.56
00-4892,1.69,2024-01-01,1.69,0.0,2024-01-01,1.69,0.0,2022-12-25,1.59,6.29
00-259504,1.32,2025-01-30,1.99,-33.67,2024-02-01,1.39,-5.04,2023-02-02,0.99,33.33
00-583699,4.19,2025-01-30,2.79,50.18,2024-02-01,4.19,0.0,2023-02-02,2.66,57.52
00-547695,1.69,2024-12-13,1.69,0.0,2023-12-15,1.69,0.0,2023-02-04,1.19,42.02
00-700255,3.19,2025-01-24,2.99,6.69,2024-01-19,3.19,0.0,2023-01-19,2.99,6.69
00-786369,1.49,2024-02-15,2.49,-40.16,2024-02-01,1.99,-25.13,2023-02-02,2.49,-40.16
00-506626,10.49,2025-01-07,9.99,5.01,,,,,,
00-266878,4.29,2024-01-10,4.29,0.0,2024-01-10,4.29,0.0,,,
00-511828,1.29,2025-01-05,1.29,0.0,2024-01-06,2.65,-51.32,2023-02-04,1.94,-33.51
00-728165,1.89,2025-01-24,1.89,0.0,,,,,,
00-485737,3.79,2025-01-01,3.79,0.0,2024-01-25,3.49,8.6,2022-09-04,3.29,15.2
00-606459,5.49,2025-01-01,5.49,0.0,2023-12-31,5.49,0.0,2023-01-22,5.49,0.0
00-722290,2.39,2024-10-26,2.39,0.0,2024-01-18,2.49,-4.02,,,
00-388856,1.79,2025-01-17,1.59,12.58,2023-12-27,2.39,-25.1,2023-02-02,2.29,-21.83
00-898561,2.99,2023-11-09,2.99,0.0,2023-11-09,2.99,0.0,2023-02-02,1.99,50.25
00-265310,7.69,2024-03-14,7.69,0.0,2023-11-12,6.99,10.01,,,
00-854963,1.39,2024-12-13,1.39,0.0,2024-01-12,1.29,7.75,2023-02-07,1.29,7.75
00-418897,1.49,2025-01-24,1.99,-25.13,2024-01-19,1.99,-25.13,,,
00-426278,0.97,2025-01-30,1.29,-24.81,2023-07-24,1.29,-24.81,2022-11-30,1.19,-18.49
00-724627,23.99,2025-01-02,23.99,0.0,2024-01-12,24.99,-4.0,,,
00-431835,3.99,2023-11-30,3.99,0.0,2023-11-30,3.99,0.0,,,
00-739286,7.99,2025-01-24,5.99,33.39,,,,,,
00-337635,2.79,2025-01-24,2.79,0.0,2024-01-19,2.59,7.72,,,
00-886531,2.59,2024-12-19,2.59,0.0,2023-11-23,2.39,8.37,2022-11-13,2.19,18.26
00-572594,1.99,2025-01-24,1.89,5.29,2024-01-19,1.89,5.29,2023-02-07,1.49,33.56
00-482548,9.99,2024-12-12,9.99,0.0,2023-12-07,9.99,0.0,,,
00-430341,4.19,2025-02-02,3.99,5.01,2023-12-25,3.99,5.01,2022-11-30,4.15,0.96
00-723811,3.69,2025-01-24,3.69,0.0,2024-01-19,3.49,5.73,,,
00-592284,5.99,2025-01-24,5.99,0.0,2024-01-19,5.99,0.0,,,
00-740162,2.69,2025-01-24,2.69,0.0,2024-01-19,2.59,3.86,,,
00-422444,3.49,2024-12-27,3.49,0.0,2023-12-07,2.99,16.72,2023-02-02,3.19,9.4
00-29964,9.99,2025-01-01,9.99,0.0,2023-12-31,9.99,0.0,2023-01-22,9.49,5.27
00-62115,1.39,2024-12-01,1.29,7.75,2023-12-07,1.19,16.81,,,
00-756024,3.49,2025-02-06,3.49,0.0,2024-01-19,5.29,-34.03,2023-01-29,4.99,-30.06
00-428936,10.99,2024-12-01,10.99,0.0,2023-12-07,8.99,22.25,2022-12-09,8.29,32.57
00-250806,2.99,2025-01-05,2.79,7.17,2024-01-06,2.39,25.1,,,
00-799003,4.19,2025-01-24,4.19,0.0,2024-02-01,3.99,5.01,2022-11-28,3.49,20.06
00-464502,9.99,2025-01-01,9.99,0.0,2023-12-31,9.49,5.27,,,
00-719209,1.79,2025-01-30,1.19,50.42,2024-02-01,1.19,50.42,,,
00-13992,3.99,2025-01-30,6.19,-35.54,2024-02-01,5.99,-33.39,2023-02-02,5.99,-33.39
00-789473,23.99,2025-01-01,29.99,-20.01,2024-02-01,25.99,-7.7,,,
00-549184,1.99,2024-12-13,1.99,0.0,2023-12-15,1.79,11.17,2023-02-04,1.42,40.14
00-371041,3.49,2025-01-24,3.49,0.0,2024-01-19,3.29,6.08,,,
00-493717,3.19,2025-01-17,3.19,0.0,2024-02-01,2.12,50.47,2023-01-29,3.19,0.0
00-576272,1.29,2024-11-12,1.19,8.4,2023-07-27,1.29,0.0,2023-01-24,1.39,-7.19
00-360265,7.59,2023-05-16,6.79,11.78,2023-05-16,6.79,11.78,2023-01-26,6.69,13.45
00-251113,2.99,2025-02-01,2.99,0.0,2024-02-01,2.99,0.0,2023-01-17,2.99,0.0
00-284624,1.72,2024-12-25,2.29,-24.89,2023-12-25,2.29,-24.89,2023-01-18,2.19,-21.46
00-360956,4.99,2025-01-30,4.89,2.04,2024-01-21,4.49,11.14,,,
00-746344,4.29,2025-01-24,4.29,0.0,2024-02-01,3.19,34.48,2023-01-12,2.39,79.5
00-713660,2.69,2025-01-24,2.69,0.0,2024-01-19,2.49,8.03,2023-01-17,2.49,8.03
00-581663,3.29,2025-01-24,3.29,0.0,2024-01-19,3.29,0.0,,,
00-504328,15.49,2025-01-30,15.99,-3.13,2024-02-01,8.99,72.3,2023-01-19,13.99,10.72
00-707221,7.49,2024-12-01,7.49,0.0,2024-01-16,7.49,0.0,,,
00-633596,4.59,2023-12-27,4.59,0.0,2023-12-27,4.59,0.0,2022-11-13,3.99,15.04
00-720326,2.99,2025-01-16,3.79,-21.11,,,,,,
00-798371,3.99,2023-07-12,3.29,21.28,2023-07-12,3.29,21.28,2022-11-29,3.19,25.08
00-415299,12.99,2025-01-30,12.99,0.0,2024-02-01,7.99,62.58,2023-02-02,7.99,62.58
00-291144,2.49,2024-01-10,2.39,4.18,2024-01-10,2.39,4.18,2022-11-04,2.19,13.7
00-713173,2.99,2025-01-16,2.99,0.0,2024-01-18,2.79,7.17,,,
00-2889,2.39,2025-01-26,2.19,9.13,2024-01-28,2.19,9.13,2023-01-29,1.99,20.1
00-405384,2.49,2024-12-18,2.99,-16.72,2023-12-07,2.19,13.7,2022-11-27,1.99,25.13
00-421742,6.49,2025-01-24,6.49,0.0,2024-01-19,6.49,0.0,2022-10-05,5.99,8.35
00-721545,3.32,2025-01-30,4.69,-29.21,2024-02-01,2.99,11.04,2023-02-02,4.29,-22.61
00-463754,3.69,2025-01-19,3.69,0.0,2024-01-21,3.69,0.0,2023-02-07,3.69,0.0
00-850002,2.69,2024-02-25,2.69,0.0,2023-11-16,2.69,0.0,2022-12-20,2.59,3.86
00-728599,3.99,2025-01-30,2.66,50.0,2024-01-18,3.99,0.0,2023-01-29,3.79,5.28
00-723363,3.59,2025-01-16,3.59,0.0,2023-12-07,3.49,2.87,,,
00-355754,3.79,2025-01-24,3.59,5.57,2024-01-19,3.59,5.57,2023-01-29,3.49,8.6
00-738324,2.99,2025-01-24,2.99,0.0,2024-01-19,2.99,0.0,,,
00-513614,3.99,2024-12-01,4.29,-6.99,2024-01-18,4.39,-9.11,2023-01-30,4.39,-9.11
00-419482,1.79,2025-01-30,2.49,-28.11,2023-12-27,2.39,-25.1,2023-02-02,2.29,-21.83
00-621428,2.99,2024-12-01,2.99,0.0,2023-12-07,2.59,15.44,2022-11-27,2.49,20.08
00-724877,4.19,2025-01-24,3.99,5.01,2024-01-19,3.99,5.01,,,
00-428435,11.49,2025-01-30,8.99,27.81,2024-02-01,5.99,91.82,2023-02-02,7.99,43.8
00-717743,6.79,2025-01-17,6.79,0.0,2024-01-29,6.79,0.0,,,
00-463423,3.99,2025-01-01,3.99,0.0,2023-12-31,3.49,14.33,2023-01-19,3.49,14.33
00-939457,29.99,2024-06-06,25.99,15.39,2023-12-25,25.99,15.39,2019-01-24,24.99,20.01
00-3570,3.29,2025-01-19,3.19,3.13,2024-01-21,3.19,3.13,2022-12-11,2.89,13.84
00-580951,2.49,2025-01-24,2.49,0.0,2024-01-19,2.49,0.0,2023-01-17,2.49,0.0
00-466562,7.99,2025-01-01,7.99,0.0,2023-12-31,7.99,0.0,2023-02-07,7.99,0.0
00-614732,3.99,2025-01-01,4.99,-20.04,2024-01-01,4.99,-20.04,2023-01-22,4.99,-20.04
00-802280,27.99,2025-02-06,27.99,0.0,2024-02-01,20.99,33.35,2022-12-11,18.99,47.39
00-466901,3.12,2024-11-17,4.69,-33.48,2024-01-11,4.69,-33.48,2023-01-29,4.19,-25.54
00-715128,2.99,2025-01-24,2.99,0.0,2024-01-19,2.59,15.44,,,
00-781927,1.99,2024-12-19,1.99,0.0,2023-12-07,1.99,0.0,,,
00-423159,11.99,2025-01-01,11.99,0.0,2023-12-31,11.99,0.0,2023-02-02,5.49,118.4
00-729734,4.99,2025-01-24,4.99,0.0,2024-01-19,4.99,0.0,,,
00-17586,2.49,2024-12-18,2.69,-7.43,2023-12-07,2.39,4.18,2023-01-19,2.39,4.18
00-777587,2.09,2025-01-24,2.49,-16.06,2024-01-19,2.49,-16.06,2023-01-17,2.19,-4.57
00-336323,3.19,2024-05-23,3.19,0.0,2023-06-12,3.19,0.0,2022-12-30,3.29,-3.04
00-317455,1.99,2025-01-24,1.99,0.0,2024-01-19,1.99,0.0,2023-02-07,1.99,0.0
00-412233,1.69,2025-01-30,1.39,21.58,2024-02-01,1.39,21.58,2023-02-02,1.29,31.01
00-723297,9.99,2025-01-16,9.99,0.0,2023-12-27,10.49,-4.77,,,
00-938539,19.99,2025-01-01,19.99,0.0,2024-01-02,19.99,0.0,2023-01-01,17.99,11.12
00-929634,2.79,2025-01-30,1.86,50.0,2024-02-01,1.79,55.87,2023-01-19,2.59,7.72
00-723793,1.39,2025-01-24,1.39,0.0,,,,,,
00-578451,4.29,2025-01-24,4.29,0.0,2024-01-19,4.29,0.0,2023-01-30,4.19,2.39
00-713179,0.89,2025-01-23,0.89,0.0,2024-01-06,0.89,0.0,,,
00-418399,2.99,2025-01-16,2.99,0.0,2024-01-18,2.79,7.17,2023-01-19,2.49,20.08
00-590774,2.39,2025-01-24,2.29,4.37,2024-01-02,2.29,4.37,2022-09-19,1.99,20.1
00-581863,1.49,2025-01-30,0.99,50.51,2024-02-01,0.99,50.51,2023-02-02,0.89,67.42
00-102120,2.99,2024-03-21,2.99,0.0,2024-01-28,2.69,11.15,2022-11-29,2.49,20.08
00-2375,19.99,2025-01-01,19.99,0.0,2023-12-31,19.99,0.0,2023-01-01,18.99,5.27
00-379746,3.29,2025-01-19,3.29,0.0,2024-01-21,3.29,0.0,2023-02-07,3.19,3.13
00-764508,3.29,2025-01-30,3.29,0.0,2024-02-01,3.29,0.0,2023-02-02,3.29,0.0
00-883142,1.79,2025-01-30,1.99,-10.05,2024-01-25,2.19,-18.26,2023-02-07,2.39,-25.1
00-736220,3.19,2023-11-21,3.19,0.0,2023-11-21,3.19,0.0,,,
00-579195,2.99,2025-01-02,2.79,7.17,2023-12-31,2.79,7.17,2023-01-22,2.79,7.17
00-360951,4.99,2025-01-30,4.89,2.04,2024-01-21,4.49,11.14,2023-02-02,4.49,11.14
00-433551,9.99,2025-01-30,7.99,25.03,2024-02-01,7.99,25.03,2023-02-02,7.99,25.03
00-692377,3.59,2025-01-19,3.49,2.87,2024-01-21,2.89,24.22,2023-01-19,2.49,44.18
00-730966,15.99,2025-01-24,15.99,0.0,2024-02-01,15.99,0.0,,,
00-360662,2.99,2025-02-02,2.99,0.0,2023-11-23,2.89,3.46,2023-01-12,2.99,0.0
00-307034,0.89,2024-09-17,0.99,-10.1,2023-04-29,0.85,4.71,2022-12-26,0.89,0.0
00-385555,1.99,2023-12-15,1.99,0.0,2023-12-15,1.99,0.0,,,
00-418970,2.02,2025-01-30,3.69,-45.26,2024-01-18,3.69,-45.26,2023-01-19,3.69,-45.26
00-502919,4.99,2025-01-30,4.29,16.32,2024-02-01,2.99,66.89,2023-02-02,3.89,28.28
00-408908,7.29,2025-01-01,7.29,0.0,2023-12-31,7.29,0.0,2023-01-01,6.99,4.29
00-291981,2.69,2024-10-06,2.69,0.0,2023-11-23,2.69,0.0,2023-01-19,2.39,12.55
00-630177,28.99,2025-01-19,27.99,3.57,2024-01-21,19.99,45.02,2023-02-02,14.99,93.4
00-890437,1.79,2024-12-25,1.89,-5.29,2023-12-30,1.89,-5.29,2022-12-30,1.49,20.13
00-278746,1.99,2025-02-04,1.99,0.0,2023-05-17,1.86,6.99,2021-07-15,1.89,5.29
00-337112,5.99,2025-02-06,5.99,0.0,2024-02-01,5.99,0.0,2023-01-26,3.99,50.13
00-371347,6.99,2024-12-25,5.49,27.32,2024-01-08,5.49,27.32,2023-01-19,5.49,27.32
00-360977,6.99,2025-01-19,6.99,0.0,2024-01-21,6.59,6.07,2023-02-04,5.99,16.69
00-707306,3.29,2025-01-24,3.29,0.0,2024-01-19,3.29,0.0,,,
00-890881,15.99,2025-01-30,18.99,-15.8,2024-02-01,12.74,25.51,2023-02-02,13.99,14.3
00-409301,4.49,2025-01-30,2.99,50.17,2024-02-01,3.29,36.47,2023-02-02,2.99,50.17
00-899623,2.79,2025-02-02,2.69,3.72,2023-12-25,2.49,12.05,2022-11-24,2.59,7.72
00-286812,2.89,2024-11-24,1.72,68.02,2023-11-08,1.99,45.23,,,
00-302191,1.49,2025-01-30,2.29,-34.93,2024-01-25,2.39,-37.66,2023-02-02,1.49,0.0
00-497795,1.99,2023-06-06,1.89,5.29,2023-06-06,1.89,5.29,,,
00-464482,2.99,2025-01-24,2.99,0.0,2024-01-19,3.49,-14.33,2023-02-07,2.89,3.46
00-737911,2.65,2024-06-06,2.59,2.32,,,,,,
00-379752,3.29,2025-01-19,3.29,0.0,2024-01-21,3.29,0.0,2022-09-08,2.99,10.03
00-768219,2.79,2025-01-24,2.79,0.0,2024-01-19,2.79,0.0,2023-01-17,2.69,3.72
00-31196,10.99,2025-01-19,13.99,-21.44,2024-01-21,12.99,-15.4,2022-12-11,9.99,10.01
00-595781,1.59,2025-01-24,1.59,0.0,2024-01-19,1.59,0.0,2023-02-07,1.39,14.39
00-349194,3.19,2025-01-24,2.99,6.69,2023-12-17,3.19,0.0,2023-02-02,3.79,-15.83
00-343615,2.99,2025-01-24,2.99,0.0,2024-01-19,2.79,7.17,,,
00-424426,2.99,2025-01-30,2.99,0.0,2024-01-18,1.99,50.25,2023-02-07,1.99,50.25
00-826294,1.69,2025-01-30,1.69,0.0,2024-02-01,1.69,0.0,,,
00-473980,8.99,2025-01-09,7.99,12.52,2024-01-19,7.99,12.52,2023-02-02,5.99,50.08
00-440171,26.9,2025-02-06,26.9,0.0,2024-01-01,26.9,0.0,2023-01-30,24.9,8.03
00-295,2.79,2023-11-16,2.79,0.0,2023-11-16,2.79,0.0,2022-05-25,2.59,7.72
00-908623,6.19,2024-10-13,6.19,0.0,2023-11-21,6.19,0.0,,,
00-465529,4.99,2024-12-01,4.39,13.67,2024-01-18,3.99,25.06,2023-02-02,3.39,47.2
00-11168,18.99,2025-01-02,18.99,0.0,2023-12-31,17.99,5.56,2023-02-02,17.99,5.56
00-627924,2.99,2025-01-02,2.99,0.0,2024-01-12,1.49,100.67,2022-11-27,1.49,100.67
00-578761,25.49,2025-01-16,25.49,0.0,2024-01-18,25.49,0.0,2023-01-20,24.49,4.08
00-890740,3.55,2025-01-24,3.39,4.72,2024-01-26,3.39,4.72,2023-01-29,3.29,7.9
00-424921,8.99,2025-01-23,8.99,0.0,2024-01-21,7.19,25.03,2023-02-07,7.29,23.32
00-722201,1.59,2025-01-24,1.59,0.0,2024-01-19,1.65,-3.64,,,
00-432311,3.39,2024-08-22,3.29,3.04,2023-05-15,3.29,3.04,2022-08-03,3.49,-2.87
00-626070,2.49,2025-02-02,2.49,0.0,2023-12-24,2.49,0.0,2022-12-01,1.99,25.13
00-867874,3.99,2025-01-30,3.99,0.0,2024-02-01,3.69,8.13,2023-02-02,2.99,33.44
00-623778,10.32,2025-02-06,15.48,-33.33,2024-02-01,15.0,-31.2,2023-02-02,12.96,-20.37
00-81307,3.79,2025-01-24,3.29,15.2,2024-01-19,3.29,15.2,2023-01-17,2.69,40.89
00-723076,1.29,2025-02-06,0.99,30.3,2024-01-11,1.29,0.0,2022-12-23,1.29,0.0
00-960757,2.49,2025-01-30,2.49,0.0,2024-01-05,2.29,8.73,2023-01-05,2.19,13.7
00-756826,1.87,2025-01-30,1.99,-6.03,,,,,,
00-348959,2.79,2024-11-07,3.69,-24.39,2023-10-21,3.69,-24.39,2023-02-02,2.49,12.05
00-500370,3.49,2024-05-08,3.49,0.0,2024-01-12,3.49,0.0,2022-11-28,2.99,16.72
00-713599,1.79,2024-02-25,1.79,0.0,2023-11-12,1.79,0.0,2023-01-19,1.79,0.0
00-736968,5.99,2025-02-06,5.99,0.0,2024-02-01,5.99,0.0,2023-01-26,3.99,50.13
00-576576,4.19,2025-01-24,4.19,0.0,2024-01-19,4.19,0.0,2023-02-07,3.99,5.01
00-715141,5.29,2025-01-24,5.29,0.0,2024-01-19,5.29,0.0,2022-06-15,4.99,6.01
00-286398,4.29,2024-12-02,3.79,13.19,2024-01-12,3.29,30.4,2022-11-27,2.99,43.48
00-691769,2.69,2024-01-12,2.29,17.47,2024-01-12,2.29,17.47,2022-09-04,1.79,50.28
00-245170,2.99,2025-01-24,2.99,0.0,2024-01-19,2.99,0.0,2023-01-17,2.99,0.0
00-908029,5.19,2023-12-01,4.89,6.13,2023-12-01,4.89,6.13,,,
00-726898,1.69,2025-01-24,1.69,0.0,2024-01-19,1.69,0.0,,,
00-461748,3.32,2025-01-05,4.99,-33.47,2024-01-06,4.99,-33.47,2023-02-07,4.99,-33.47
00-368880,,2024-12-19,18.99,,2023-11-30,18.99,,2023-01-29,17.99,
00-502140,2.99,2025-01-24,2.99,0.0,2023-12-07,2.99,0.0,2022-11-27,2.69,11.15
00-301421,9.79,2025-01-19,8.99,8.9,,,,,,
00-539014,1.99,2025-01-16,1.99,0.0,2024-02-01,1.99,0.0,2022-11-28,1.79,11.17
00-755987,2.79,2025-02-04,2.79,0.0,,,,,,
00-840117,3.99,2024-09-26,3.69,8.13,2023-12-27,3.69,8.13,2022-07-14,2.99,33.44
00-20004,5.29,2024-02-25,5.29,0.0,2023-11-12,5.29,0.0,2022-11-13,4.99,6.01
00-274465,0.99,2024-06-21,0.89,11.24,,,,,,
00-504404,2.29,2024-12-01,2.29,0.0,2024-01-12,2.49,-8.03,2022-11-27,1.99,15.08
00-875661,2.69,2025-01-24,3.59,-25.07,2024-01-12,3.59,-25.07,2022-11-24,3.29,-18.24
00-13859,1.49,2024-10-18,1.29,15.5,2023-06-22,1.59,-6.29,,,
00-383528,5.99,2025-01-24,5.99,0.0,2024-01-19,5.99,0.0,2023-02-07,5.99,0.0
00-344546,2.92,2023-05-16,3.79,-22.96,2023-05-16,3.79,-22.96,2022-12-01,3.69,-20.87
00-414514,0.79,2025-01-30,1.19,-33.61,2024-02-01,1.19,-33.61,2023-02-02,1.19,-33.61
00-586341,2.49,2025-01-16,1.99,25.13,2024-02-01,1.99,25.13,2023-02-02,1.79,39.11
00-29010,2.99,2025-01-30,2.49,20.08,2023-11-09,2.89,3.46,2023-02-03,2.99,0.0
00-864307,2.99,2024-02-25,2.79,7.17,2023-11-12,2.79,7.17,2023-02-07,2.59,15.44
00-425507,2.65,2024-12-18,2.65,0.0,2024-01-12,2.49,6.43,2022-10-27,2.49,6.43
00-22478,7.69,2025-01-01,7.69,0.0,2024-01-01,6.99,10.01,2023-02-02,4.99,54.11
00-578868,1.69,2025-01-24,1.69,0.0,2024-01-31,1.69,0.0,2023-02-02,1.49,13.42
00-572438,7.69,2025-01-30,7.69,0.0,2024-02-01,7.69,0.0,2022-10-26,6.99,10.01
00-559296,2.39,2024-12-13,2.39,0.0,2023-12-15,2.29,4.37,2023-02-04,1.57,52.23
00-608017,2.79,2025-02-01,2.69,3.72,2024-02-01,2.69,3.72,2023-01-17,2.69,3.72
00-728222,1.99,2025-01-24,1.99,0.0,2024-01-19,1.99,0.0,,,
00-738456,0.85,2025-01-24,0.85,0.0,,,,,,
00-499875,1.79,2024-12-19,1.99,-10.05,2023-08-31,1.68,6.55,2022-10-06,1.69,5.92
00-2652,2.99,2025-01-02,2.99,0.0,2024-01-15,2.79,7.17,2022-12-15,2.49,20.08
00-878190,2.99,2025-01-24,2.79,7.17,2024-01-19,2.79,7.17,2023-01-17,2.69,11.15
00-664171,12.99,2025-01-30,5.99,116.86,,,,,,
00-754224,7.39,2025-01-30,7.39,0.0,2024-01-17,6.99,5.72,2022-12-19,6.29,17.49
00-743043,10.99,2025-02-06,9.99,10.01,,,,,,
00-394394,2.69,2024-02-16,2.02,33.17,2024-01-19,2.69,0.0,2023-02-04,2.02,33.17
00-337553,1.99,2025-01-24,1.89,5.29,2024-01-19,1.89,5.29,2022-10-19,1.99,0.0
00-405595,1.99,2024-06-07,1.49,33.56,2024-01-06,1.99,0.0,2023-02-04,1.34,48.51
00-696591,19.99,2025-01-30,19.99,0.0,2024-02-01,18.99,5.27,2023-02-02,17.99,11.12
00-418321,1.99,2025-01-24,1.99,0.0,2023-12-25,1.49,33.56,2022-10-06,1.39,43.17
00-858306,3.59,2025-01-16,3.59,0.0,2024-01-18,3.59,0.0,2023-01-19,3.19,12.54
00-730653,4.59,2024-07-04,4.49,2.23,2023-11-14,4.49,2.23,,,
00-743972,5.99,2025-01-24,5.99,0.0,,,,,,
00-757131,2.89,2024-11-21,2.89,0.0,2024-01-26,2.29,26.2,,,
00-750873,6.99,2024-08-25,8.99,-22.25,,,,,,
00-394182,1.79,2025-01-24,1.79,0.0,2024-01-19,1.79,0.0,2022-11-30,1.69,5.92
00-474689,15.49,2025-01-01,14.99,3.34,2023-12-31,12.99,19.25,,,
00-753809,5.99,2025-01-24,5.99,0.0,,,,,,
00-563549,2.49,2024-12-13,2.39,4.18,2024-01-12,1.49,67.11,2023-02-07,1.59,56.6
00-435980,1.49,2025-01-24,1.39,7.19,2023-10-21,1.39,7.19,,,
00-772430,2.79,2024-12-01,2.69,3.72,2023-12-07,2.49,12.05,2022-12-19,2.49,12.05
00-730195,4.19,2025-01-24,4.19,0.0,2023-12-31,4.19,0.0,,,
00-663504,2.09,2025-01-30,1.99,5.03,2024-02-01,1.89,10.58,2023-01-19,1.59,31.45
00-757282,1.79,2025-02-01,1.79,0.0,,,,,,
00-401939,2.15,2025-01-24,2.15,0.0,2023-12-07,1.95,10.26,2022-11-27,1.99,8.04
00-574479,39.9,2025-01-01,39.9,0.0,2023-12-31,39.9,0.0,2023-01-01,39.9,0.0
00-725031,1.69,2025-01-24,1.69,0.0,2024-01-19,1.69,0.0,,,
00-939232,1.34,2023-11-16,1.69,-20.71,2023-11-16,1.69,-20.71,2022-12-30,1.69,-20.71
00-815817,3.49,2025-02-06,3.49,0.0,2024-01-19,4.69,-25.59,2023-01-29,4.49,-22.27
00-439742,4.19,2024-12-19,3.99,5.01,2024-01-12,3.99,5.01,2023-02-02,2.66,57.52
00-715747,4.49,2024-08-19,4.99,-10.02,2024-01-19,4.99,-10.02,,,
00-89450,3.79,2025-01-30,2.49,52.21,2024-01-25,2.79,35.84,,,
00-756358,2.49,2024-12-05,3.19,-21.94,,,,,,
00-387378,1.69,2023-03-30,1.69,0.0,2023-03-30,1.69,0.0,2022-07-07,1.49,13.42
00-854261,6.74,2023-06-14,8.69,-22.44,2023-06-14,8.69,-22.44,2022-05-23,7.59,-11.2
00-11010,2.79,2025-01-24,2.49,12.05,2024-01-19,2.49,12.05,,,
00-5733,1.79,2025-01-24,1.79,0.0,2024-01-19,1.79,0.0,2023-01-17,1.59,12.58
00-777236,19.99,2025-01-01,19.99,0.0,2024-01-02,19.99,0.0,2023-01-01,17.99,11.12
00-648517,7.49,2024-11-07,7.19,4.17,2023-06-14,7.19,4.17,2023-02-03,6.99,7.15
00-654959,2.79,2024-12-05,2.49,12.05,2024-01-18,2.49,12.05,2022-12-06,2.39,16.74
00-742767,2.39,2024-12-05,2.39,0.0,,,,,,
00-729792,2.99,2025-01-24,2.99,0.0,,,,,,
00-703973,1.29,2025-01-30,1.29,0.0,2024-01-19,0.99,30.3,,,
00-399396,3.89,2024-12-01,3.69,5.42,2023-12-07,3.79,2.64,2022-09-04,3.29,18.24
00-704275,2.99,2025-01-24,2.99,0.0,2024-02-05,2.99,0.0,2023-01-02,2.89,3.46
00-670658,4.79,2024-12-01,3.19,50.16,2023-12-07,2.79,71.68,2023-01-19,2.79,71.68
00-607827,2.99,2025-01-31,1.99,50.25,2024-01-25,1.99,50.25,,,
00-83954,1.99,2025-01-24,1.79,11.17,2023-12-27,1.79,11.17,2022-12-19,2.15,-7.44
00-872460,3.69,2024-12-19,3.59,2.79,2024-01-18,3.79,-2.64,2023-02-04,2.79,32.26
00-906225,7.99,2025-01-19,5.99,33.39,,,,,,
00-832794,2.99,2025-01-27,2.99,0.0,2024-01-18,2.79,7.17,2023-01-19,2.49,20.08
00-731829,3.49,2025-01-30,3.99,-12.53,,,,,,
00-480220,17.99,2025-01-30,14.99,20.01,2024-02-07,17.99,0.0,,,
00-457399,7.49,2024-08-08,7.49,0.0,2023-06-13,6.99,7.15,2023-01-19,6.49,15.41
00-637231,14.99,2025-01-01,14.99,0.0,2024-01-02,14.99,0.0,2023-02-02,13.99,7.15
00-732186,16.99,2025-01-30,16.99,0.0,2024-02-01,16.99,0.0,2023-01-17,16.99,0.0
00-611755,1.69,2024-12-13,1.69,0.0,2024-01-12,1.59,6.29,2023-02-07,1.59,6.29
00-905740,2.99,2024-01-15,2.79,7.17,2024-01-15,2.79,7.17,2022-12-15,2.49,20.08
00-964099,3.19,2024-01-16,2.39,33.47,2024-01-16,2.39,33.47,,,
00-463975,3.12,2024-11-17,4.69,-33.48,2024-01-11,4.69,-33.48,2023-01-29,4.19,-25.54
00-755110,3.59,2025-01-24,3.59,0.0,,,,,,
00-577660,2.49,2025-01-24,2.49,0.0,2024-01-19,2.49,0.0,2023-02-07,2.49,0.0
00-339447,2.79,2025-01-24,2.79,0.0,2024-01-19,2.49,12.05,2023-01-17,1.99,40.2
00-369361,2.19,2025-01-24,2.19,0.0,2024-02-01,2.19,0.0,2022-11-27,1.99,10.05
00-303008,4.49,2024-12-01,3.99,12.53,2023-12-07,3.69,21.68,,,
00-133728,6.29,2025-01-19,5.89,6.79,2024-01-21,5.89,6.79,2022-12-19,5.89,6.79
00-713760,2.99,2025-01-24,2.99,0.0,2024-01-19,2.59,15.44,,,
00-11080,1.49,2025-01-01,1.49,0.0,2023-12-31,1.49,0.0,2023-01-26,1.49,0.0
00-677754,3.99,2024-12-05,3.19,25.08,2024-01-19,2.89,38.06,2022-12-06,2.89,38.06
00-721878,31.8,2024-12-04,31.8,0.0,,,,,,
00-730274,3.74,2025-01-20,4.99,-25.05,2024-01-22,4.99,-25.05,,,
00-540643,1.69,2023-12-27,1.69,0.0,2023-12-27,1.69,0.0,2022-05-24,1.29,31.01
00-757424,2.49,2025-02-06,2.99,-16.72,,,,,,
00-419114,2.29,2025-01-28,2.29,0.0,2023-10-21,1.99,15.08,2022-12-23,1.69,35.5
00-295755,3.49,2025-01-24,3.49,0.0,2024-01-19,3.79,-7.92,2023-01-17,3.49,0.0
00-246732,1.49,2024-12-24,1.59,-6.29,2023-04-06,1.55,-3.87,2022-12-15,1.65,-9.7
00-596292,2.89,2025-01-24,2.89,0.0,2024-01-19,2.89,0.0,2022-12-01,2.79,3.58
00-89243,3.19,2024-06-24,3.49,-8.6,2023-11-29,3.29,-3.04,2022-11-15,2.99,6.69
00-939333,16.99,2024-11-07,11.99,41.7,2024-01-18,13.99,21.44,2022-07-28,12.99,30.79
00-412405,4.49,2025-01-30,2.79,60.93,2024-02-01,1.89,137.57,2023-02-02,1.79,150.84
00-375971,2.69,2024-12-01,2.69,0.0,2023-12-07,2.69,0.0,,,
00-8159,3.99,2024-10-24,3.99,0.0,2024-01-12,4.59,-13.07,2023-02-02,2.99,33.44
00-855346,3.99,2025-01-22,2.59,54.05,2023-05-25,1.99,100.5,2018-02-22,2.39,66.95
00-404655,10.99,2025-01-30,8.49,29.45,2024-01-18,7.99,37.55,2023-01-19,7.99,37.55
00-719721,1.59,2025-01-24,1.59,0.0,2024-01-19,1.49,6.71,,,
00-887956,12.59,2024-03-14,12.59,0.0,2023-12-07,11.59,8.63,2022-11-13,10.99,14.56
00-953957,1.79,2025-02-02,1.79,0.0,2023-12-25,1.69,5.92,2022-10-13,1.69,5.92
00-346335,4.99,2024-12-05,4.79,4.18,2024-01-25,4.79,4.18,,,
00-735152,1.69,2024-02-25,1.69,0.0,2024-01-16,1.69,0.0,,,
00-762715,4.99,2025-01-26,4.99,0.0,2024-02-01,4.79,4.18,2023-01-29,4.49,11.14
00-487912,9.99,2025-01-01,9.99,0.0,2023-12-31,9.99,0.0,2023-01-22,9.99,0.0
00-584712,27.9,2025-02-01,36.9,-24.39,,,,,,
00-247043,2.59,2024-10-26,2.49,4.02,2024-01-05,2.49,4.02,,,
00-699807,2.99,2025-01-26,2.99,0.0,2024-01-28,3.69,-18.97,2022-11-29,3.29,-9.12
00-799530,5.89,2025-01-19,5.59,5.37,,,,,,
00-393489,3.99,2024-01-12,3.79,5.28,2024-01-12,3.79,5.28,2023-02-07,3.39,17.7
00-387320,4.29,2024-12-01,3.99,7.52,2023-12-07,3.99,7.52,2023-02-04,3.69,16.26
00-565913,1.94,2025-01-24,2.59,-25.1,2024-01-19,2.59,-25.1,2023-01-24,2.59,-25.1
00-718195,3.99,2025-01-30,3.99,0.0,2024-02-01,3.99,0.0,,,
00-641749,5.49,2024-10-13,5.49,0.0,2023-10-21,5.49,0.0,2022-11-20,5.49,0.0
00-409999,1.49,2025-01-30,0.99,50.51,2024-02-01,0.99,50.51,2023-02-02,0.89,67.42
00-317503,1.29,2024-12-13,1.29,0.0,2023-12-15,1.29,0.0,2023-02-07,1.29,0.0
00-756344,3.29,2025-01-30,3.29,0.0,2024-02-01,3.29,0.0,2023-02-02,3.29,0.0
00-723806,1.87,2024-08-14,2.49,-24.9,2024-02-02,1.69,10.65,,,
00-932402,3.89,2025-01-24,3.65,6.58,2024-01-02,3.65,6.58,2023-01-23,3.35,16.12
00-58221,13.49,2025-01-19,12.99,3.85,2024-01-21,10.99,22.75,2022-12-11,10.99,22.75
00-23494,1.49,2025-01-30,0.99,50.51,2024-02-01,0.99,50.51,2023-02-02,0.89,67.42
00-354593,1.85,2025-01-24,1.79,3.35,2024-02-05,1.79,3.35,2022-11-30,1.35,37.04
00-56152,1.49,2025-01-30,0.99,50.51,2024-02-01,0.99,50.51,2023-02-02,0.89,67.42
00-723963,1.87,2025-01-30,2.49,-24.9,2024-02-02,1.69,10.65,,,
00-878184,2.99,2025-01-24,2.99,0.0,2024-01-19,2.99,0.0,,,
00-894014,2.99,2025-01-16,2.99,0.0,2024-01-18,2.99,0.0,2023-02-02,2.99,0.0
00-810340,5.99,2025-01-02,5.99,0.0,2024-01-15,5.59,7.16,2022-07-14,4.99,20.04
00-526235,3.49,2025-01-26,3.19,9.4,2024-01-28,3.19,9.4,2023-02-07,2.49,40.16
00-437659,3.69,2024-11-21,3.69,0.0,2024-01-18,3.49,5.73,2023-02-06,3.49,5.73
00-886543,2.59,2024-12-19,2.59,0.0,2023-11-23,2.39,8.37,2022-11-13,2.19,18.26
00-569145,16.99,2025-01-01,16.99,0.0,2024-01-01,16.99,0.0,2023-02-02,12.99,30.79
00-294701,3.29,2025-01-30,3.29,0.0,2024-02-01,3.29,0.0,,,
00-738454,1.09,2025-01-05,1.09,0.0,,,,,,
00-527333,3.69,2025-01-24,3.69,0.0,2024-01-19,3.69,0.0,,,
00-1604,1.49,2024-12-01,1.29,15.5,2024-01-11,1.29,15.5,,,
00-809841,3.39,2025-01-19,3.39,0.0,2024-01-21,3.39,0.0,2023-02-07,2.89,17.3
00-753412,12.99,2025-01-24,15.99,-18.76,,,,,,
00-504326,7.49,2025-01-30,5.99,25.04,2024-02-01,5.49,36.43,2023-02-02,6.99,7.15
00-313316,15.99,2025-01-02,14.39,11.12,2023-12-07,11.39,40.39,,,
00-747771,2.77,2024-11-28,3.69,-24.93,,,,,,
00-505480,0.99,2025-01-24,0.99,0.0,2023-06-15,0.99,0.0,,,
00-504230,6.99,2024-12-01,6.99,0.0,2023-12-07,6.99,0.0,2022-11-27,6.99,0.0
00-434854,4.49,2025-01-30,2.79,60.93,2024-02-01,1.89,137.57,2023-02-02,1.79,150.84
00-833619,3.29,2025-01-24,3.29,0.0,2024-02-01,3.19,3.13,2017-04-05,2.39,37.66
00-407831,3.49,2025-01-30,2.32,50.43,2024-02-01,3.19,9.4,2022-11-21,2.99,16.72
00-291110,2.49,2024-01-10,2.39,4.18,2024-01-10,2.39,4.18,2023-01-04,2.19,13.7
00-401982,1.39,2024-12-01,1.39,0.0,2023-12-07,1.39,0.0,2022-11-27,1.29,7.75
00-196980,1.19,2023-03-02,1.59,-25.16,2023-03-02,1.59,-25.16,2022-10-06,1.39,-14.39
00-720327,2.99,2025-01-16,3.79,-21.11,,,,,,
00-624577,11.49,2025-02-06,10.89,5.51,2024-02-01,8.79,30.72,2023-01-26,9.99,15.02
00-731830,3.49,2025-01-30,3.99,-12.53,,,,,,
00-811045,23.99,2025-01-30,23.99,0.0,2024-02-01,23.99,0.0,2023-01-01,22.99,4.35
00-522139,5.99,2025-01-26,5.79,3.45,2024-01-28,5.79,3.45,2023-02-02,4.12,45.39
00-729731,4.99,2025-01-24,4.99,0.0,2024-01-19,4.99,0.0,,,
00-449836,1.19,2025-01-24,1.19,0.0,2024-01-19,0.99,20.2,,,
00-344060,1.99,2025-01-02,1.99,0.0,2023-05-16,1.89,5.29,2023-02-04,1.79,11.17
00-309703,1.99,2024-12-25,1.99,0.0,2023-12-25,1.99,0.0,2023-01-05,1.79,11.17
00-727555,2.29,2025-01-24,2.29,0.0,2024-01-19,2.19,4.57,,,
00-389082,1.99,2025-02-02,2.89,-31.14,2023-12-27,2.89,-31.14,2022-12-12,2.99,-33.44
00-323803,6.99,2025-01-01,6.99,0.0,2023-12-31,7.99,-12.52,2023-01-22,7.49,-6.68
00-314744,1.29,2023-06-21,1.89,-31.75,2023-06-21,1.89,-31.75,2022-08-04,1.79,-27.93
00-701963,2.49,2025-01-24,1.66,50.0,2023-12-07,2.49,0.0,,,
00-789336,4.99,2025-01-26,4.79,4.18,2024-02-01,4.79,4.18,2023-01-29,3.99,25.06
00-734000,1.09,2025-01-21,1.09,0.0,,,,,,
00-839829,0.89,2025-01-24,0.89,0.0,2024-01-19,0.89,0.0,2023-01-17,0.79,12.66
00-888570,1.89,2025-02-02,2.59,-27.03,2024-01-18,2.49,-24.1,2023-01-19,2.35,-19.57
00-723338,6.99,2025-01-01,6.99,0.0,2024-02-01,4.99,40.08,,,
00-957417,3.99,2025-02-02,4.89,-18.4,2023-12-27,4.89,-18.4,2022-12-07,4.99,-20.04
00-854618,4.89,2025-01-19,4.69,4.26,2024-01-21,4.69,4.26,2023-02-07,4.09,19.56
00-664813,3.49,2024-12-27,3.49,0.0,2023-12-07,2.99,16.72,2023-02-02,3.19,9.4
00-264771,1.99,2025-01-24,1.99,0.0,2024-01-19,1.69,17.75,,,
00-703368,1.89,2025-01-30,1.69,11.83,2024-02-01,1.59,18.87,2023-02-02,1.59,18.87
00-905077,2.99,2025-01-30,2.79,7.17,2024-02-01,2.49,20.08,2023-02-02,2.39,25.1
00-413053,3.79,2025-01-30,2.49,52.21,2024-01-21,3.39,11.8,2023-01-24,2.99,26.76
00-2603,2.99,2025-01-02,2.99,0.0,2024-01-15,2.79,7.17,2022-12-15,2.49,20.08
00-741412,4.49,2024-05-23,4.49,0.0,,,,,,
00-454872,8.99,2025-01-05,8.99,0.0,2024-01-06,8.99,0.0,2023-02-07,8.79,2.28
00-745556,2.99,2025-01-24,2.99,0.0,,,,,,
00-337642,4.99,2025-01-26,4.99,0.0,2024-01-19,4.69,6.4,,,
00-823996,2.99,2025-01-16,2.99,0.0,2024-01-18,2.79,7.17,2023-01-24,2.49,20.08
00-503871,1.16,2025-01-16,1.59,-27.04,2024-01-26,1.75,-33.71,2023-02-02,1.45,-20.0
00-486082,2.69,2025-01-24,2.69,0.0,2024-01-19,2.59,3.86,2023-01-17,2.49,8.03
00-377435,3.99,2024-11-28,7.29,-45.27,2024-01-29,7.19,-44.51,2023-01-29,6.99,-42.92
00-274073,2.99,2025-01-16,2.99,0.0,2024-01-18,2.99,0.0,2023-02-02,2.99,0.0
00-487516,1.49,2025-01-16,1.49,0.0,2024-02-01,1.39,7.19,2022-12-19,1.29,15.5
00-251003,3.79,2025-01-24,3.79,0.0,2024-01-19,3.79,0.0,2023-01-17,4.99,-24.05
00-614933,1.29,2024-12-13,1.29,0.0,2024-01-12,1.29,0.0,2023-02-07,1.39,-7.19
00-336,17.99,2025-01-09,17.99,0.0,2024-01-18,17.49,2.86,2023-02-02,12.99,38.49
00-725247,2.99,2025-02-02,2.99,0.0,2023-11-23,2.89,3.46,2023-01-12,2.99,0.0
00-381889,4.99,2024-12-25,4.99,0.0,2023-12-25,4.99,0.0,2022-10-16,3.99,25.06
00-503447,2.99,2025-01-30,2.79,7.17,2024-01-04,2.59,15.44,2023-01-30,2.49,20.08
00-910647,0.69,2025-02-06,0.69,0.0,2024-01-02,0.99,-30.3,2023-01-27,0.85,-18.82
00-728665,4.99,2024-12-19,4.99,0.0,2024-02-01,4.79,4.18,,,
00-502747,2.99,2025-01-24,2.99,0.0,2024-01-19,2.99,0.0,2023-01-17,2.69,11.15
00-289415,3.99,2024-02-25,3.99,0.0,2023-12-27,3.99,0.0,2022-11-13,3.49,14.33
00-360270,5.39,2023-02-04,4.99,8.02,2023-02-04,4.99,8.02,2023-02-04,4.99,8.02
00-954341,1.99,2025-01-24,1.99,0.0,2024-01-19,1.99,0.0,2022-12-30,1.69,17.75
00-699197,1.69,2025-01-26,1.69,0.0,2024-01-28,1.69,0.0,2022-05-23,1.59,6.29
00-7805,2.69,2025-01-19,2.59,3.86,2024-01-21,2.49,8.03,2022-12-11,1.99,35.18
00-405960,2.99,2025-01-02,3.49,-14.33,2023-11-30,2.99,0.0,2023-02-07,2.49,20.08
00-352570,5.39,2024-10-13,5.39,0.0,2023-10-21,5.39,0.0,2022-10-09,5.39,0.0
00-530654,3.74,2024-08-30,4.99,-25.05,2023-03-16,4.99,-25.05,2022-11-29,4.59,-18.52
00-727560,4.39,2025-01-19,4.39,0.0,,,,,,
00-381632,1.49,2024-01-18,1.29,15.5,2024-01-18,1.29,15.5,2023-02-04,0.89,67.42
00-715185,1.99,2025-01-24,1.99,0.0,2024-01-19,1.99,0.0,,,
00-740352,4.69,2025-01-26,4.69,0.0,2024-01-28,4.69,0.0,2022-05-31,4.59,2.18
00-530657,2.39,2024-08-30,3.19,-25.08,2024-01-25,3.19,-25.08,2023-01-19,2.99,-20.07
00-947620,13.99,2024-12-01,9.99,40.04,2023-12-07,8.99,55.62,,,
00-470417,8.99,2025-01-01,8.99,0.0,2023-12-31,7.99,12.52,2023-02-02,8.99,0.0
00-740845,2.99,2025-01-30,4.19,-28.64,,,,,,
00-307600,3.39,2024-02-29,3.39,0.0,2023-11-12,3.39,0.0,2022-11-13,3.19,6.27
00-809669,1.79,2023-06-21,1.79,0.0,2023-06-21,1.79,0.0,2022-12-19,1.59,12.58
00-918217,4.79,2025-02-06,4.69,2.13,2024-01-12,4.59,4.36,2023-02-02,4.19,14.32
00-637187,1.99,2025-01-01,2.69,-26.02,2023-12-31,2.69,-26.02,2022-12-25,2.59,-23.17
00-704951,3.99,2025-01-24,4.79,-16.7,2024-01-19,4.79,-16.7,2023-01-30,4.49,-11.14
00-700545,12.99,2024-10-17,10.99,18.2,2024-01-12,12.99,0.0,,,
00-502047,5.99,2025-01-24,5.99,0.0,2023-12-30,5.29,13.23,2022-08-18,4.39,36.45
00-573800,7.99,2025-01-01,8.99,-11.12,2023-12-31,8.99,-11.12,,,
00-265104,2.49,2025-01-24,3.99,-37.59,2024-01-19,3.99,-37.59,2023-01-29,3.29,-24.32
00-20717,3.99,2025-01-14,3.99,0.0,2023-12-07,3.19,25.08,2022-12-30,2.99,33.44
00-887616,4.29,2025-01-24,4.29,0.0,2023-12-15,4.29,0.0,2023-02-04,3.22,33.23
00-491847,6.49,2025-01-16,5.99,8.35,2023-12-07,3.99,62.66,2022-11-27,4.09,58.68
00-718239,3.19,2025-01-24,2.99,6.69,2024-01-19,3.19,0.0,,,
00-415802,2.49,2025-01-17,2.19,13.7,2024-02-01,2.39,4.18,2023-02-02,2.29,8.73
00-426728,16.99,2025-01-01,16.99,0.0,2023-12-31,16.49,3.03,2023-02-02,15.99,6.25
00-337995,7.99,2025-01-01,7.49,6.68,2023-12-31,7.49,6.68,2023-02-04,7.99,0.0
00-389048,2.99,2024-01-19,3.99,-25.06,2024-01-19,3.99,-25.06,2023-02-07,3.99,-25.06
00-281768,20.9,2025-01-24,20.9,0.0,,,,,,
00-611860,2.69,2024-12-13,2.69,0.0,2023-12-15,2.59,3.86,,,
00-756585,2.79,2025-01-30,3.59,-22.28,,,,,,
00-660710,1.79,2025-01-24,1.79,0.0,2024-02-05,1.79,0.0,2022-11-24,1.69,5.92
00-353194,5.79,2025-01-30,5.79,0.0,2024-02-01,5.79,0.0,2023-01-26,5.39,7.42
00-404112,7.59,2024-02-25,7.59,0.0,2023-11-12,7.59,0.0,2023-01-19,4.99,52.1
00-359981,4.99,2025-01-30,4.59,8.71,2024-01-21,3.99,25.06,2023-02-02,2.66,87.59
00-700789,5.29,2024-12-25,4.99,6.01,2023-12-25,4.99,6.01,,,
00-729369,4.69,2025-01-30,4.49,4.45,2024-02-01,4.49,4.45,,,
00-289579,3.89,2025-01-24,4.19,-7.16,2023-12-24,3.89,0.0,2022-12-25,3.79,2.64
00-475657,2.49,2024-01-06,3.19,-21.94,2024-01-06,3.19,-21.94,2023-01-08,2.99,-16.72
00-908236,1.99,2024-01-19,1.89,5.29,2024-01-19,1.89,5.29,2023-01-17,1.69,17.75
00-384995,2.59,2025-01-30,1.32,96.21,2024-02-01,1.49,73.83,2023-02-02,1.23,110.57
00-658461,3.19,2023-11-12,2.99,6.69,2023-11-12,2.99,6.69,2022-12-28,3.19,0.0
00-756107,4.99,2023-09-14,4.99,0.0,2023-09-14,4.99,0.0,2022-11-30,4.89,2.04
00-506425,1.49,2025-01-24,1.49,0.0,2024-01-19,1.48,0.68,2022-09-29,1.89,-21.16
00-663690,1.79,2025-01-16,1.79,0.0,2024-01-18,1.89,-5.29,2023-01-26,1.79,0.0
00-502139,2.99,2025-01-24,2.99,0.0,2023-12-07,2.99,0.0,2022-11-27,2.69,11.15
00-2751,2.99,2025-01-02,2.99,0.0,2024-01-15,2.79,7.17,2022-12-15,2.49,20.08
00-574680,1.49,2025-01-24,1.49,0.0,2023-12-15,1.49,0.0,2023-02-07,1.49,0.0
00-771676,1.49,2025-01-30,1.19,25.21,2024-02-01,1.19,25.21,2022-09-19,1.39,7.19
00-23220,12.99,2025-01-30,10.99,18.2,2024-02-01,9.49,36.88,2023-02-02,9.49,36.88
00-579061,2.39,2025-02-02,2.39,0.0,2024-02-01,2.19,9.13,,,
00-748449,1.59,2025-01-30,1.29,23.26,,,,,,
00-767406,2.49,2024-12-05,3.19,-21.94,,,,,,
00-253125,3.99,2024-12-05,3.99,0.0,2024-02-01,3.69,8.13,2022-10-20,3.99,0.0
00-423170,1.49,2025-01-30,0.99,50.51,2024-02-01,0.99,50.51,2023-02-02,0.89,67.42
00-19687,20.9,2024-12-25,20.9,0.0,2023-08-03,20.9,0.0,2022-12-07,19.9,5.03
00-928570,2.19,2024-01-28,2.19,0.0,2024-01-28,2.19,0.0,2022-12-15,1.69,29.59
00-414516,5.49,2024-12-01,5.99,-8.35,2023-12-07,6.59,-16.69,2022-11-27,6.59,-16.69
00-4506,19.99,2025-01-01,19.99,0.0,2023-12-31,13.99,42.89,,,
00-755174,1.99,2024-05-23,1.69,17.75,2023-11-23,1.69,17.75,2022-12-23,1.59,25.16
00-442066,2.19,2024-12-05,2.59,-15.44,2023-12-07,2.29,-4.37,2022-09-29,2.29,-4.37
00-929618,2.79,2025-01-30,1.86,50.0,2024-02-01,1.79,55.87,2023-01-19,2.59,7.72
00-963829,4.99,2025-01-01,4.99,0.0,2023-12-31,4.99,0.0,2023-02-02,4.99,0.0
00-312902,1.99,2025-01-01,2.49,-20.08,,,,,,
00-720404,2.79,2025-02-01,2.79,0.0,2024-02-01,2.79,0.0,,,
00-242015,25.99,2025-01-01,25.99,0.0,2023-12-31,25.9,0.35,2023-01-01,22.99,13.05
00-3227,4.49,2024-11-07,4.19,7.16,2023-12-07,3.99,12.53,2022-11-10,3.49,28.65
00-739026,2.59,2024-12-01,1.59,62.89,2024-02-06,1.59,62.89,,,
00-435500,2.69,2025-01-24,2.59,3.86,2024-01-06,2.59,3.86,2023-02-07,2.59,3.86
00-702479,1.69,2025-01-24,1.69,0.0,2024-01-19,1.69,0.0,2023-01-12,1.27,33.07
00-274090,2.99,2025-01-16,2.99,0.0,2024-01-18,2.99,0.0,2023-02-02,2.99,0.0
00-341333,17.99,2024-12-27,14.49,24.15,,,,,,
00-868335,4.99,2025-01-30,4.99,0.0,2024-02-01,5.29,-5.67,2022-12-08,5.49,-9.11
00-16677,2.29,2024-08-29,2.99,-23.41,2023-10-01,2.99,-23.41,2022-12-07,2.69,-14.87
00-287511,4.29,2024-12-19,3.99,7.52,2024-02-01,3.49,22.92,2023-02-02,2.89,48.44
00-818929,1.99,2025-01-01,1.99,0.0,,,,,,
00-427838,3.69,2025-02-02,3.59,2.79,2024-01-18,3.49,5.73,2023-01-19,3.15,17.14
00-691754,3.99,2024-01-12,3.49,14.33,2024-01-12,3.49,14.33,2022-11-29,3.19,25.08
00-500161,4.89,2025-01-20,4.89,0.0,2023-12-07,4.29,13.99,2023-01-09,4.29,13.99
00-700009,3.49,2024-01-12,3.79,-7.92,2024-01-12,3.79,-7.92,2022-11-09,3.79,-7.92
00-745439,9.49,2024-12-19,8.99,5.56,,,,,,
00-755999,1.19,2025-01-21,0.99,20.2,,,,,,
00-420929,3.79,2024-02-25,3.79,0.0,2023-12-27,3.79,0.0,2022-11-13,3.29,15.2
00-818551,4.99,2025-02-04,4.99,0.0,2023-05-23,5.29,-5.67,2023-01-09,4.89,2.04
00-736544,13.99,2024-02-25,13.99,0.0,2024-02-06,13.99,0.0,,,
00-479453,13.49,2025-01-01,13.49,0.0,,,,,,
00-11407,16.99,2025-01-01,16.99,0.0,2024-01-01,16.99,0.0,2023-02-02,12.99,30.79
00-753195,3.89,2024-10-22,3.89,0.0,,,,,,
00-65437,4.49,2024-12-01,3.99,12.53,2024-02-01,2.49,80.32,2022-12-01,2.99,50.17
00-6898,4.29,2025-01-24,3.79,13.19,2024-01-19,3.79,13.19,,,
00-728878,6.99,2024-09-26,6.99,0.0,2024-01-12,6.99,0.0,,,
00-716278,4.99,2025-01-24,3.99,25.06,,,,,,
00-400242,1.49,2025-01-30,1.99,-25.13,2024-02-01,1.99,-25.13,2023-02-02,2.49,-40.16
00-682513,2.99,2025-02-02,2.99,0.0,2023-11-23,2.89,3.46,2023-01-12,2.99,0.0
00-700194,3.19,2025-01-24,3.19,0.0,2024-01-19,3.19,0.0,2023-01-17,3.25,-1.85
00-613334,1.87,2025-01-01,2.49,-24.9,2023-12-31,2.49,-24.9,2023-02-02,1.99,-6.03
00-1501,1.69,2024-01-01,1.99,-15.08,2024-01-01,1.99,-15.08,2022-03-17,0.99,70.71
00-584708,21.9,2025-02-01,29.9,-26.76,,,,,,
00-276456,18.99,2025-01-01,18.99,0.0,,,,,,
00-837195,1.86,2025-01-20,2.79,-33.33,2024-02-01,1.72,8.14,2023-02-02,1.72,8.14
00-456593,1.99,2024-11-28,1.99,0.0,2022-02-03,1.29,54.26,2022-02-03,1.29,54.26
00-809572,2.47,2023-06-21,3.29,-24.92,2023-06-21,3.29,-24.92,2022-11-30,3.19,-22.57
00-8341,4.89,2025-01-19,4.89,0.0,2024-01-21,4.89,0.0,2022-12-11,4.89,0.0
00-8544,2.39,2023-10-06,2.29,4.37,2023-10-06,2.29,4.37,2022-12-15,2.19,9.13
00-614524,1.64,2023-11-30,1.99,-17.59,2023-11-30,1.99,-17.59,,,
00-812648,3.69,2025-01-19,3.69,0.0,2024-01-21,3.69,0.0,2023-02-07,3.59,2.79
00-402696,1.49,2025-01-24,1.49,0.0,2023-12-31,1.49,0.0,2023-01-26,1.49,0.0
00-579774,19.74,2025-02-01,19.74,0.0,,,,,,
00-456373,1.99,2025-01-30,1.99,0.0,2024-01-06,1.99,0.0,2023-02-07,1.99,0.0
00-498826,2.19,2025-01-05,2.19,0.0,2024-01-06,2.19,0.0,2023-02-07,2.19,0.0
00-475708,9.49,2025-01-01,9.49,0.0,2023-12-31,8.99,5.56,2023-01-22,8.99,5.56
00-500978,1.99,2025-01-01,1.99,0.0,2023-12-31,2.39,-16.74,2023-01-22,1.99,0.0
00-337644,2.59,2025-01-24,2.59,0.0,2024-01-19,2.49,4.02,,,
00-842762,1.49,2025-01-24,1.99,-25.13,2023-12-07,1.99,-25.13,2023-02-02,2.19,-31.96
00-749366,0.89,2025-01-14,0.89,0.0,,,,,,
00-847309,3.32,2025-01-30,4.69,-29.21,2024-02-01,2.99,11.04,2023-02-02,4.29,-22.61
00-14851,16.99,2025-01-01,16.99,0.0,2023-12-31,16.99,0.0,2023-02-02,11.99,41.7
00-791012,1.29,2025-01-16,0.86,50.0,2024-02-01,0.99,30.3,2022-03-03,0.89,44.94
00-734150,5.99,2024-12-25,5.79,3.45,2024-01-16,5.79,3.45,,,
00-253602,3.79,2025-01-24,3.79,0.0,2023-06-12,3.79,0.0,2022-05-23,3.29,15.2
00-474849,13.99,2025-01-01,18.99,-26.33,2023-12-31,18.99,-26.33,2023-01-01,15.99,-12.51
00-55349,2.66,2025-01-26,3.99,-33.33,2024-01-28,3.99,-33.33,2023-02-02,3.99,-33.33
00-521911,2.99,2025-01-24,4.29,-30.3,2024-01-19,4.29,-30.3,2023-02-04,3.22,-7.14
00-361008,1.39,2024-12-13,1.29,7.75,2023-12-15,1.29,7.75,,,
00-728350,0.99,2025-01-24,0.99,0.0,2024-01-19,0.99,0.0,,,
00-447285,10.99,2024-12-25,10.99,0.0,2023-12-28,10.99,0.0,2023-01-29,11.99,-8.34
00-518022,6.99,2025-01-01,6.99,0.0,2023-12-31,6.99,0.0,2023-02-01,6.99,0.0
00-349579,3.69,2025-01-24,3.69,0.0,2024-01-19,3.49,5.73,2023-01-19,3.29,12.16
00-718583,2.49,2025-02-02,2.39,4.18,2024-01-11,2.25,10.67,,,
00-735540,3.49,2025-01-24,3.49,0.0,,,,,,
00-463776,9.99,2025-01-01,9.99,0.0,2023-12-31,9.99,0.0,2023-02-04,7.99,25.03
00-356264,1.99,2024-06-21,1.99,0.0,2024-01-02,2.19,-9.13,2023-01-01,1.79,11.17
00-742293,3.99,2025-01-21,3.99,0.0,,,,,,
00-726738,3.59,2023-12-01,3.59,0.0,2023-12-01,3.59,0.0,,,
00-2717,2.99,2025-01-02,2.99,0.0,2024-01-15,2.79,7.17,2022-12-15,2.49,20.08
00-809883,3.39,2025-01-19,3.39,0.0,2024-01-21,3.39,0.0,2023-02-07,2.89,17.3
00-469105,16.99,2025-01-09,16.99,0.0,2024-01-19,16.99,0.0,2023-01-25,16.99,0.0
00-609804,2.29,2024-12-05,2.99,-23.41,2023-12-07,2.99,-23.41,2022-12-07,2.69,-14.87
00-384023,11.99,2024-01-28,9.99,20.02,2024-01-28,9.99,20.02,2022-07-07,7.99,50.06
00-725587,6.49,2024-12-01,5.99,8.35,2023-12-07,5.99,8.35,,,
00-426380,19.99,2024-12-01,19.99,0.0,2023-12-07,19.99,0.0,,,
00-261072,4.99,2025-01-30,4.99,0.0,2024-01-19,5.39,-7.42,2023-02-02,5.39,-7.42
00-618703,2.49,2025-01-30,2.49,0.0,2024-01-05,2.29,8.73,2023-01-05,2.19,13.7
00-723300,2.69,2024-12-19,2.59,3.86,2023-12-24,2.39,12.55,,,
00-303200,16.99,2025-01-01,16.99,0.0,2023-12-31,16.99,0.0,2023-01-01,14.99,13.34
00-340116,2.29,2024-10-26,2.19,4.57,2023-12-07,2.19,4.57,2022-11-29,2.19,4.57
00-593598,3.99,2023-11-30,3.29,21.28,2023-11-30,3.29,21.28,,,
00-574105,6.99,2025-01-01,6.99,0.0,2024-01-01,6.99,0.0,2023-02-04,6.99,0.0
00-24047,4.33,2025-01-01,5.99,-27.71,2023-12-31,5.99,-27.71,2023-02-02,5.99,-27.71
00-344814,10.99,2025-01-24,13.49,-18.53,,,,,,
00-22007,11.99,2025-01-19,11.99,0.0,2024-01-21,10.99,9.1,2022-12-11,8.99,33.37
00-919047,3.99,2023-10-13,3.99,0.0,2023-10-13,3.99,0.0,2023-01-05,3.79,5.28
00-481211,13.49,2025-01-19,12.99,3.85,2024-01-21,10.99,22.75,2023-01-19,10.99,22.75
00-353070,5.79,2025-01-30,5.79,0.0,2024-02-01,5.79,0.0,2023-01-26,5.39,7.42
00-635381,7.49,2025-01-30,5.99,25.04,2024-02-01,5.49,36.43,2023-02-02,6.99,7.15
00-414990,4.19,2025-01-30,2.79,50.18,2024-02-01,4.19,0.0,2023-02-02,2.66,57.52
00-723813,3.69,2025-01-24,3.69,0.0,2024-01-19,3.49,5.73,,,
00-696596,1.45,2024-12-25,1.39,4.32,2023-12-25,1.39,4.32,2023-01-29,1.39,4.32
00-507237,3.99,2025-01-30,2.79,43.01,2024-01-19,2.79,43.01,2023-01-17,2.49,60.24
00-518835,5.29,2024-06-27,5.29,0.0,2024-01-18,4.99,6.01,2022-12-28,4.49,17.82
00-818651,4.99,2024-09-10,4.99,0.0,,,,,,
00-31179,19.99,2025-01-23,19.99,0.0,2023-11-05,17.99,11.12,2023-02-02,10.99,81.89
00-499614,10.99,2025-01-01,10.99,0.0,2023-12-31,10.99,0.0,2023-02-01,10.99,0.0
00-6191,1.69,2025-01-30,1.39,21.58,2024-02-01,1.39,21.58,2023-02-02,1.29,31.01
00-471408,4.99,2025-01-24,4.99,0.0,2024-01-19,4.99,0.0,2023-02-02,4.79,4.18
00-699205,3.49,2024-12-27,3.49,0.0,2023-12-07,2.99,16.72,2023-02-02,3.19,9.4
00-421619,1.79,2025-01-30,2.49,-28.11,2023-12-27,2.39,-25.1,2023-02-02,2.29,-21.83
00-797387,4.59,2024-02-25,4.59,0.0,2023-12-27,4.59,0.0,2022-11-13,4.29,6.99
00-722206,2.49,2025-01-30,2.19,13.7,,,,,,
00-506700,3.29,2025-01-05,3.29,0.0,2024-01-06,3.29,0.0,2023-02-07,3.99,-17.54
00-906363,2.66,2025-01-01,3.99,-33.33,2024-02-01,2.99,-11.04,,,
00-700337,2.79,2025-01-01,2.79,0.0,2023-12-25,2.19,27.4,,,
00-307900,4.39,2024-01-12,4.39,0.0,2024-01-12,4.39,0.0,2022-11-29,3.89,12.85
00-723697,3.99,2025-01-30,2.66,50.0,2024-01-18,3.99,0.0,,,
00-706433,2.99,2025-01-05,2.79,7.17,2024-01-06,2.39,25.1,2023-02-07,2.39,25.1
00-284507,5.99,2024-01-19,5.79,3.45,2024-01-19,5.79,3.45,2022-10-26,5.49,9.11
00-937618,3.49,2025-01-24,3.49,0.0,2024-01-19,3.49,0.0,2022-10-13,2.69,29.74
00-317598,1.49,2025-01-24,1.49,0.0,2024-01-19,1.39,7.19,2023-02-07,1.29,15.5
00-404589,4.99,2025-01-24,4.79,4.18,2024-02-01,4.49,11.14,2023-01-29,4.49,11.14
00-495099,3.79,2024-09-09,3.19,18.81,2024-01-06,3.99,-5.01,2023-01-08,4.39,-13.67
00-368736,2.49,2025-01-24,2.49,0.0,2024-01-19,2.49,0.0,2023-01-19,2.49,0.0
00-645709,3.39,2025-01-24,3.39,0.0,2024-01-06,3.39,0.0,2023-02-07,3.39,0.0
00-769921,1.33,2025-01-17,1.33,0.0,,,,,,
00-623024,1.29,2025-01-24,1.29,0.0,2024-01-19,1.29,0.0,2023-01-17,1.19,8.4
00-463752,3.69,2025-01-19,3.69,0.0,2024-01-21,3.69,0.0,2023-02-04,2.77,33.21
00-713485,3.49,2025-01-24,3.49,0.0,2024-01-19,3.49,0.0,2023-02-07,3.49,0.0
00-908274,1.79,2025-01-24,1.59,12.58,2024-02-01,1.19,50.42,2023-01-17,1.59,12.58
00-723842,1.87,2025-01-24,2.49,-24.9,2024-01-19,2.49,-24.9,,,
00-805088,3.49,2025-01-23,3.79,-7.92,2023-07-20,2.99,16.72,,,
00-865820,11.99,2025-01-30,14.99,-20.01,2024-02-01,14.99,-20.01,2023-02-07,9.99,20.02
00-463746,2.29,2025-01-19,2.29,0.0,2024-01-21,2.29,0.0,2022-09-08,2.09,9.57
00-722759,1.59,2025-01-24,1.59,0.0,2024-01-18,1.39,14.39,,,
00-701772,2.39,2024-12-05,2.39,0.0,2023-12-19,2.39,0.0,,,
00-417701,4.99,2025-01-24,4.99,0.0,2024-01-19,5.29,-5.67,2022-12-16,5.29,-5.67
00-640902,3.49,2025-01-24,3.49,0.0,2024-02-06,3.39,2.95,,,
00-649459,3.19,2024-02-25,2.89,10.38,2023-12-14,2.89,10.38,2023-02-07,2.89,10.38
00-835695,3.99,2025-01-30,3.99,0.0,2024-02-01,3.99,0.0,2023-02-02,3.99,0.0
00-179846,3.39,2025-01-02,3.39,0.0,2023-07-08,2.99,13.38,2018-06-07,2.99,13.38
00-427523,2.66,2025-01-01,3.99,-33.33,2024-02-01,2.99,-11.04,2023-01-29,3.59,-25.91
00-919043,1.99,2023-06-13,1.89,5.29,2023-06-13,1.89,5.29,2022-05-25,1.69,17.75
00-701768,2.39,2024-12-05,2.39,0.0,2024-01-12,2.39,0.0,,,
00-11697,3.79,2025-01-30,2.49,52.21,2024-01-21,3.39,11.8,2023-01-21,2.99,26.76
00-781259,4.49,2025-01-30,2.99,50.17,2024-02-01,3.29,36.47,2023-02-02,2.99,50.17
00-417767,4.49,2025-01-30,4.49,0.0,2024-02-01,4.29,4.66,2023-01-26,4.79,-6.26
00-599253,1.99,2025-01-16,1.32,50.76,2024-02-01,1.32,50.76,2022-03-17,1.49,33.56
00-514806,34.9,2022-11-05,33.9,2.95,2022-11-05,33.9,2.95,2022-11-05,33.9,2.95
00-892045,2.49,2024-12-25,1.99,25.13,2023-12-25,1.99,25.13,2022-07-28,1.99,25.13
00-717286,2.19,2024-12-25,2.19,0.0,2023-12-25,1.99,10.05,,,
00-341597,2.49,2025-01-01,2.49,0.0,2024-01-12,2.59,-3.86,2023-01-19,1.99,25.13
00-909913,1.89,2025-01-30,1.69,11.83,2024-02-01,1.59,18.87,2023-02-02,1.59,18.87
00-58162,1.76,2025-02-06,1.7,3.53,2024-02-01,1.7,3.53,2023-02-02,1.7,3.53
00-735440,1.49,2024-12-13,1.49,0.0,2023-12-05,1.49,0.0,,,
00-602299,6.69,2024-10-13,6.69,0.0,2023-11-21,6.69,0.0,,,
00-737917,3.19,2025-01-30,3.19,0.0,,,,,,
00-941001,3.79,2025-01-01,3.79,0.0,2023-12-31,3.99,-5.01,2023-01-19,3.49,8.6
00-279760,1.49,2023-06-21,2.89,-48.44,2023-06-21,2.89,-48.44,2022-11-30,2.79,-46.59
00-337164,9.99,2025-01-01,9.99,0.0,2023-12-31,9.99,0.0,,,
00-612335,1.99,2025-01-30,1.33,49.62,2024-02-01,1.79,11.17,2022-12-23,1.59,25.16
00-341814,4.79,2025-01-19,4.69,2.13,2024-02-01,4.59,4.36,2023-02-04,2.99,60.2
00-595927,1.59,2025-01-24,1.59,0.0,2024-01-19,1.59,0.0,,,
00-928609,2.19,2024-01-28,2.19,0.0,2024-01-28,2.19,0.0,2022-12-15,1.69,29.59
00-723972,28.99,2025-01-30,26.99,7.41,2024-02-01,23.99,20.84,,,
00-790889,3.89,2025-01-24,3.89,0.0,2024-01-19,3.89,0.0,2022-11-24,3.29,18.24
00-732834,51.9,2025-01-21,51.9,0.0,,,,,,
00-706563,2.69,2025-01-30,1.89,42.33,2024-02-01,1.89,42.33,2023-02-04,1.79,50.28
00-648520,7.49,2024-11-07,7.19,4.17,2023-07-10,7.19,4.17,2023-02-03,6.99,7.15
00-758611,2.49,2024-02-25,2.49,0.0,2023-12-27,2.49,0.0,,,
00-910979,4.49,2025-01-30,2.79,60.93,2024-02-01,1.89,137.57,2023-02-04,1.79,150.84
00-748976,6.99,2025-01-24,8.99,-22.25,,,,,,
00-726269,1.49,2025-01-24,1.39,7.19,2024-01-19,1.39,7.19,,,
00-317770,1.87,2025-01-24,2.29,-18.34,2024-01-19,2.29,-18.34,2023-02-07,2.19,-14.61
00-520178,1.49,2025-01-30,1.99,-25.13,2024-02-01,1.99,-25.13,2023-02-02,2.49,-40.16
00-705993,8.17,2023-06-13,10.89,-24.98,2023-06-13,10.89,-24.98,2022-11-29,9.99,-18.22
00-543635,1.49,2024-10-29,1.29,15.5,2024-01-11,1.29,15.5,2023-01-26,1.39,7.19
00-468168,12.49,2025-01-01,12.49,0.0,2024-01-31,12.49,0.0,2023-01-19,11.99,4.17
00-596624,1.69,2025-01-22,1.59,6.29,2024-01-11,1.39,21.58,2022-10-13,1.39,21.58
00-420434,1.19,2023-06-12,1.59,-25.16,2023-06-12,1.59,-25.16,2022-11-29,1.49,-20.13
00-965492,1.79,2024-11-07,1.49,20.13,2022-11-17,1.59,12.58,2022-11-17,1.59,12.58
00-418136,2.99,2024-01-15,2.79,7.17,2024-01-15,2.79,7.17,2022-12-15,2.49,20.08
00-740618,1.79,2025-01-01,1.99,-10.05,,,,,,
00-846684,3.59,2025-01-24,3.59,0.0,2024-02-01,3.59,0.0,2023-02-02,3.29,9.12
00-481920,2.99,2025-01-24,2.99,0.0,2024-02-01,2.99,0.0,2023-02-02,2.89,3.46
00-392814,0.99,2025-01-24,0.99,0.0,2024-01-19,0.99,0.0,2023-02-07,0.89,11.24
00-2410,1.49,2025-01-24,1.49,0.0,2024-01-19,1.49,0.0,2023-01-26,1.49,0.0
00-4527,3.49,2025-01-24,3.29,6.08,2024-01-19,3.29,6.08,2023-01-17,2.49,40.16
00-44729,1.99,2024-10-10,1.89,5.29,2023-10-25,1.79,11.17,2022-11-24,1.49,33.56
00-507288,2.77,2025-01-05,3.69,-24.93,2024-01-06,3.69,-24.93,2023-02-04,2.69,2.97
00-738308,3.49,2025-01-24,3.49,0.0,2024-01-19,3.39,2.95,,,
00-400707,1.99,2025-01-24,1.89,5.29,2024-01-19,1.89,5.29,2023-01-17,1.99,0.0
00-415640,2.49,2025-02-02,2.39,4.18,2024-01-11,2.25,10.67,2023-01-12,2.25,10.67
00-433319,9.99,2025-01-26,10.49,-4.77,2024-01-28,8.99,11.12,2023-01-17,7.99,25.03
00-561381,2.49,2025-01-30,2.49,0.0,2023-12-24,2.29,8.73,2022-12-30,2.29,8.73
00-403872,1.87,2025-01-01,2.49,-24.9,2023-12-31,2.49,-24.9,2023-02-02,1.99,-6.03
00-730965,15.99,2025-01-24,15.99,0.0,2024-02-01,15.99,0.0,,,
00-339402,1.79,2025-01-24,1.79,0.0,2024-01-19,1.49,20.13,2023-01-17,0.99,80.81
00-312820,2.69,2025-01-24,2.69,0.0,2024-01-19,2.59,3.86,2023-01-17,2.49,8.03
00-745511,3.79,2025-01-24,3.79,0.0,,,,,,
00-726683,2.49,2025-01-24,2.59,-3.86,,,,,,
00-647163,1.99,2025-01-24,1.99,0.0,2023-11-09,1.99,0.0,2022-12-07,1.99,0.0
00-71159,7.69,2025-01-01,7.69,0.0,2024-01-01,6.99,10.01,2023-02-02,4.99,54.11
00-621278,0.59,2024-10-29,0.59,0.0,2022-12-27,0.49,20.41,2022-12-27,0.49,20.41
00-585422,18.99,2024-12-19,18.99,0.0,2023-11-30,18.99,0.0,2023-02-04,9.99,90.09
00-400292,4.79,2023-06-12,4.79,0.0,2023-06-12,4.79,0.0,2023-02-02,4.69,2.13
00-299213,7.99,2023-12-27,7.59,5.27,2023-12-27,7.59,5.27,2022-12-20,7.49,6.68
00-490784,5.99,2025-01-01,4.99,20.04,2023-12-31,4.99,20.04,2023-02-01,4.99,20.04
00-491955,1.85,2021-12-22,1.79,3.35,2021-12-22,1.79,3.35,2021-12-22,1.79,3.35
00-502038,6.29,2025-01-24,6.29,0.0,2023-10-21,6.29,0.0,2022-11-20,6.29,0.0
00-701918,4.69,2024-12-25,4.69,0.0,2023-12-25,4.59,2.18,,,
00-480833,1.87,2023-08-31,2.79,-32.97,2023-08-31,2.79,-32.97,2022-09-29,2.49,-24.9
00-832101,7.99,2025-01-19,9.49,-15.81,2024-01-21,8.49,-5.89,2023-01-19,7.59,5.27
00-343157,1.49,2025-01-24,1.49,0.0,2024-01-12,1.49,0.0,,,
00-859053,1.79,2024-01-18,1.99,-10.05,2024-01-18,1.99,-10.05,2022-12-30,1.79,0.0
00-336820,3.39,2025-01-24,3.29,3.04,2023-05-17,3.29,3.04,2023-01-12,3.29,3.04
00-607830,2.99,2025-01-23,1.99,50.25,2024-01-25,1.99,50.25,,,
00-354945,2.49,2024-11-07,3.49,-28.65,2023-09-14,3.49,-28.65,2022-12-19,3.49,-28.65
00-747772,2.77,2024-11-28,3.69,-24.93,,,,,,
00-56210,2.99,2024-10-10,2.99,0.0,2024-02-01,2.29,30.57,2022-12-16,2.79,7.17
00-854894,2.79,2024-01-19,2.79,0.0,2024-01-19,2.79,0.0,2023-02-07,2.79,0.0
00-373821,1.49,2024-12-25,1.89,-21.16,2024-01-18,1.99,-25.13,2023-01-27,1.89,-21.16
00-489964,13.99,2025-01-21,12.99,7.7,,,,,,
00-337745,5.99,2024-12-01,4.99,20.04,2023-12-07,4.99,20.04,2022-12-07,4.39,36.45
00-919637,4.49,2025-01-30,2.79,60.93,2024-02-01,1.89,137.57,2018-09-11,0.99,353.54
00-956733,2.59,2025-01-16,2.59,0.0,2023-12-26,2.59,0.0,,,
00-739284,3.19,2025-01-30,3.19,0.0,,,,,,
00-545362,3.59,2024-01-19,3.59,0.0,2024-01-19,3.59,0.0,2023-02-07,3.49,2.87
00-400513,3.29,2025-01-01,3.19,3.13,2023-12-31,3.19,3.13,,,
00-489927,12.49,2025-01-01,12.49,0.0,2023-12-31,9.99,25.03,2023-01-22,11.99,4.17
00-23097,2.89,2024-02-25,2.89,0.0,2023-12-27,2.89,0.0,2022-06-13,2.59,11.58
00-626133,2.49,2025-02-02,2.49,0.0,2023-12-24,2.49,0.0,2022-08-04,1.99,25.13
00-417945,5.99,2025-01-23,5.29,13.23,2023-12-07,4.99,20.04,2023-02-02,3.99,50.13
00-421495,5.99,2025-01-01,5.99,0.0,2023-12-31,5.99,0.0,,,
00-426383,2.69,2024-12-05,2.69,0.0,2024-01-02,2.69,0.0,2023-02-02,2.49,8.03
00-501158,3.49,2024-12-27,3.49,0.0,2023-12-07,2.99,16.72,2023-02-02,3.19,9.4
00-637706,2.99,2025-01-24,2.99,0.0,2024-01-19,2.99,0.0,,,
00-930227,3.49,2025-01-24,3.49,0.0,2024-01-19,3.49,0.0,2023-02-07,3.69,-5.42
00-403319,3.79,2025-01-16,3.69,2.71,2024-01-18,3.49,8.6,2023-01-19,3.19,18.81
00-559244,3.99,2025-01-30,3.99,0.0,2024-01-28,3.99,0.0,2023-01-29,3.49,14.33
00-383238,5.19,2025-01-26,4.79,8.35,2024-02-01,4.79,8.35,2023-01-29,4.49,15.59
00-303260,1.99,2025-01-16,1.32,50.76,2024-02-01,1.32,50.76,2022-03-03,1.39,43.17
00-531137,2.59,2024-03-08,2.49,4.02,2024-01-05,2.49,4.02,,,
00-506527,2.39,2025-01-30,2.39,0.0,2024-02-01,2.29,4.37,2023-01-02,1.99,20.1
00-19320,3.49,2025-01-17,3.49,0.0,2024-01-25,2.79,25.09,2022-12-16,2.49,40.16
00-889818,3.99,2024-12-25,5.19,-23.12,2023-12-25,5.19,-23.12,2022-08-18,3.99,0.0
00-317816,2.99,2025-01-24,2.99,0.0,2024-01-12,2.99,0.0,2023-02-07,2.79,7.17
00-734524,1.39,2024-12-13,1.39,0.0,2023-12-05,1.39,0.0,,,
00-409870,0.79,2025-01-30,1.19,-33.61,2024-02-01,1.19,-33.61,2023-02-02,1.19,-33.61
00-706537,2.69,2025-01-30,1.89,42.33,2024-02-01,1.89,42.33,2023-02-04,1.79,50.28
00-762648,4.59,2024-12-25,4.59,0.0,2023-12-27,4.79,-4.18,2023-01-29,4.29,6.99
00-641231,1.99,2023-05-13,1.99,0.0,2023-05-13,1.99,0.0,2022-11-29,1.89,5.29
00-924130,5.24,2023-09-27,4.59,14.16,2023-09-27,4.59,14.16,,,
00-305455,7.99,2025-01-01,6.99,14.31,2023-12-31,6.39,25.04,2023-01-01,6.19,29.08
00-626120,2.49,2025-02-02,2.49,0.0,2023-12-24,2.49,0.0,,,
00-371054,3.49,2025-01-24,3.49,0.0,2024-01-19,4.39,-20.5,,,
00-756685,2.39,2025-01-05,2.39,0.0,2024-01-06,2.39,0.0,2023-02-07,2.19,9.13
00-410867,1.99,2025-01-28,2.29,-13.1,2024-01-06,2.29,-13.1,2023-02-07,1.99,0.0
00-763637,3.49,2024-02-25,3.49,0.0,2023-11-12,3.49,0.0,2022-11-13,2.69,29.74
00-325446,3.29,2025-01-01,3.29,0.0,2023-12-31,3.29,0.0,2023-01-22,3.19,3.13
00-490803,4.79,2025-01-19,2.79,71.68,2024-01-21,2.79,71.68,2023-01-26,2.49,92.37
00-719238,3.29,2024-04-11,2.99,10.03,2023-10-01,2.99,10.03,,,
00-257615,4.29,2025-01-24,4.29,0.0,2023-12-15,4.29,0.0,2023-02-07,4.29,0.0
00-475426,2.24,2023-12-15,2.79,-19.71,2023-12-15,2.79,-19.71,2023-02-07,2.39,-6.28
00-464090,2.99,2025-01-24,2.99,0.0,2024-01-19,2.99,0.0,,,
00-721351,1.87,2025-01-30,1.99,-6.03,2023-11-07,2.79,-32.97,,,
00-738536,2.99,2025-01-16,2.99,0.0,2024-01-18,2.99,0.0,2023-01-19,2.89,3.46
00-98203,3.99,2025-02-06,3.99,0.0,2024-01-12,3.99,0.0,2023-02-02,2.79,43.01
00-176008,3.29,2025-01-24,3.19,3.13,2024-01-19,3.19,3.13,,,
00-288002,2.19,2025-01-01,2.19,0.0,2023-12-31,2.19,0.0,2023-01-22,1.95,12.31
00-458525,3.99,2025-02-01,3.79,5.28,2024-01-18,2.59,54.05,2023-02-06,2.19,82.19
00-771858,2.99,2025-01-21,3.69,-18.97,,,,,,
00-489680,9.99,2025-01-01,9.99,0.0,2023-12-31,9.99,0.0,2023-02-01,8.49,17.67
00-579988,1.89,2024-11-04,1.34,41.04,2024-01-19,1.79,5.59,2023-01-17,1.79,5.59
00-902652,2.79,2024-12-05,2.49,12.05,2024-01-18,2.49,12.05,2022-12-06,2.39,16.74
00-647746,1.34,2025-01-24,1.59,-15.72,2024-01-19,1.49,-10.07,2023-01-17,1.29,3.88
00-753032,3.19,2025-01-24,3.19,0.0,2024-01-19,3.19,0.0,2023-01-29,2.99,6.69
00-572451,2.24,2023-09-27,2.99,-25.08,2023-09-27,2.99,-25.08,,,
00-440245,10.39,2025-01-17,8.99,15.57,2022-11-10,7.99,30.04,2022-11-10,7.99,30.04
00-259161,1.69,2025-01-24,1.29,31.01,2024-01-19,1.49,13.42,2022-09-04,1.49,13.42
00-890673,4.99,2025-01-30,4.29,16.32,2024-02-01,2.99,66.89,2023-02-02,3.89,28.28
00-735451,2.49,2025-01-24,2.49,0.0,2024-01-19,2.49,0.0,,,
00-731832,3.49,2025-01-30,3.99,-12.53,,,,,,
00-740815,2.47,2023-07-10,3.29,-24.92,2023-07-10,3.29,-24.92,2022-03-31,3.29,-24.92
00-301068,0.99,2025-01-24,0.99,0.0,2023-12-07,1.15,-13.91,2022-11-10,0.99,0.0
00-300088,5.49,2024-12-25,5.29,3.78,2023-12-25,5.29,3.78,2022-11-10,5.99,-8.35
00-10219,3.79,2025-01-30,3.79,0.0,2024-01-19,3.59,5.57,2023-01-19,2.99,26.76
00-418303,1.49,2023-12-31,1.49,0.0,2023-12-31,1.49,0.0,2023-01-26,1.49,0.0
00-291730,1.49,2025-01-30,1.99,-25.13,2024-02-01,1.99,-25.13,2023-02-04,2.49,-40.16
00-696211,59.9,2025-01-01,51.9,15.41,2023-12-31,51.9,15.41,2023-01-01,49.9,20.04
00-774361,1.19,2023-03-02,1.59,-25.16,2023-03-02,1.59,-25.16,2022-10-06,1.39,-14.39
00-883201,5.99,2025-01-02,5.79,3.45,2024-02-01,4.99,20.04,2018-06-28,3.99,50.13
00-706577,2.69,2025-01-30,1.89,42.33,2024-02-01,1.89,42.33,2023-02-02,1.79,50.28
00-409822,12.89,2025-01-19,10.89,18.37,,,,,,
00-705780,2.65,2024-12-05,2.65,0.0,2023-10-01,2.65,0.0,,,
00-352543,3.19,2025-01-30,3.19,0.0,2024-02-01,3.19,0.0,2023-02-07,3.99,-20.05
00-576824,1.59,2025-01-24,1.49,6.71,2023-12-20,1.39,14.39,,,
00-692874,1.89,2024-12-27,1.89,0.0,2023-12-25,1.69,11.83,2023-01-27,1.59,18.87
00-738311,2.99,2025-01-24,2.99,0.0,2024-01-19,3.49,-14.33,,,
00-956736,2.49,2024-10-26,2.49,0.0,2024-02-01,2.49,0.0,2023-02-02,2.29,8.73
00-803213,1.49,2025-01-01,2.69,-44.61,2024-02-01,2.39,-37.66,,,
00-855222,3.49,2024-10-06,3.49,0.0,2023-11-23,3.49,0.0,2023-01-19,3.29,6.08
00-343160,1.29,2025-01-01,1.69,-23.67,2024-02-01,1.69,-23.67,2023-02-02,1.59,-18.87
00-732475,1.49,2024-11-12,1.29,15.5,,,,,,
00-734927,3.99,2025-01-24,3.99,0.0,,,,,,
00-757830,39.9,2025-02-04,39.9,0.0,,,,,,
00-196840,2.99,2023-07-10,3.99,-25.06,2023-07-10,3.99,-25.06,2022-10-06,3.29,-9.12
00-903625,2.99,2025-01-16,3.69,-18.97,2024-01-18,3.69,-18.97,2022-02-17,3.29,-9.12
00-412232,1.69,2025-01-30,1.39,21.58,2024-02-01,1.39,21.58,2023-02-02,1.29,31.01
00-23598,2.19,2025-01-23,1.99,10.05,2024-01-04,1.99,10.05,2022-12-07,1.25,75.2
00-800536,1.39,2024-10-26,1.39,0.0,2024-02-01,1.39,0.0,2022-11-27,1.29,7.75
00-466440,2.99,2025-01-30,3.49,-14.33,2023-12-27,3.99,-25.06,2023-02-02,2.69,11.15
00-722700,1.99,2024-12-16,1.99,0.0,2023-10-25,1.89,5.29,2022-12-08,1.89,5.29
00-548345,1.49,2024-12-13,1.49,0.0,2024-01-12,1.49,0.0,2023-02-04,1.04,43.27
00-733947,2.79,2025-02-01,2.89,-3.46,2024-02-01,2.89,-3.46,,,
00-852999,1.99,2024-12-19,1.99,0.0,2023-11-12,1.89,5.29,2022-11-13,1.89,5.29
00-830115,3.74,2024-12-05,4.79,-21.92,2024-01-12,4.79,-21.92,2023-02-02,4.19,-10.74
00-836440,1.99,2025-01-24,1.99,0.0,2024-01-19,1.99,0.0,2023-02-07,1.99,0.0
00-129189,4.39,2025-01-19,4.29,2.33,2024-01-21,4.29,2.33,2022-12-11,4.09,7.33
00-317804,2.49,2025-01-24,2.49,0.0,2024-01-19,2.49,0.0,2023-02-07,1.99,25.13
00-734722,1.99,2025-01-24,1.99,0.0,2024-01-30,2.19,-9.13,,,
00-965533,3.49,2025-01-30,2.32,50.43,2024-02-01,3.19,9.4,2022-11-21,2.99,16.72
00-721358,4.99,2025-01-01,4.99,0.0,2024-02-06,5.49,-9.11,,,
00-443109,0.74,2025-01-24,0.99,-25.25,2024-01-19,1.29,-42.64,2023-02-07,1.29,-42.64
00-878046,0.79,2025-01-24,0.69,14.49,2024-01-19,0.69,14.49,2023-02-07,0.69,14.49
00-539743,4.99,2025-01-30,4.99,0.0,2024-02-01,5.29,-5.67,2022-12-13,5.49,-9.11
00-425116,2.99,2025-02-02,2.99,0.0,2023-11-23,2.89,3.46,2018-07-19,2.25,32.89
00-421980,2.99,2025-02-02,2.99,0.0,2023-11-23,2.89,3.46,2023-01-12,2.99,0.0
00-609880,1.59,2024-12-01,1.19,33.61,2023-12-07,1.19,33.61,2022-11-27,1.09,45.87
00-403845,2.99,2023-06-21,2.99,0.0,2023-06-21,2.99,0.0,2023-01-05,2.89,3.46
00-577641,1.49,2025-01-24,1.49,0.0,2024-01-19,1.49,0.0,2023-02-07,1.49,0.0
00-354981,2.99,2025-01-23,1.99,50.25,2024-01-25,1.99,50.25,,,
00-701219,2.19,2024-01-19,2.19,0.0,2024-01-19,2.19,0.0,,,
00-420961,2.99,2025-01-30,2.79,7.17,2024-01-04,2.59,15.44,2023-01-30,2.49,20.08
00-721901,2.09,2024-08-14,2.59,-19.31,2023-05-31,2.49,-16.06,,,
00-718268,3.49,2025-01-24,3.49,0.0,2024-01-19,3.49,0.0,,,
00-389033,2.99,2024-01-19,4.19,-28.64,2024-01-19,4.19,-28.64,2023-02-07,4.09,-26.89
00-509592,5.49,2024-02-25,5.49,0.0,2023-11-12,5.49,0.0,2022-11-13,5.49,0.0
00-725192,4.99,2024-12-25,3.99,25.06,,,,,,
00-606847,3.99,2023-05-13,2.99,33.44,2023-05-13,2.99,33.44,2022-10-05,2.65,50.57
00-878270,3.29,2025-02-01,3.29,0.0,2024-02-01,3.19,3.13,2023-01-19,3.19,3.13
00-11232,17.99,2025-01-16,17.99,0.0,2024-01-22,17.99,0.0,2023-01-19,16.49,9.1
00-738462,1.09,2025-01-05,1.09,0.0,,,,,,
00-341779,4.79,2025-01-19,4.69,2.13,2024-02-01,4.59,4.36,2023-02-07,3.99,20.05
00-905441,2.09,2025-01-30,1.99,5.03,2024-02-01,1.89,10.58,2023-01-19,1.59,31.45
00-265045,5.99,2023-05-16,5.89,1.7,2023-05-16,5.89,1.7,2023-01-19,5.79,3.45
00-267134,19.99,2024-09-26,19.99,0.0,2023-12-27,20.89,-4.31,2023-02-03,19.99,0.0
00-742177,2.39,2025-01-30,2.39,0.0,,,,,,
00-723780,23.99,2025-02-06,23.99,0.0,2024-02-01,17.99,33.35,,,
00-647709,2.69,2025-01-24,2.69,0.0,2024-01-19,2.59,3.86,2023-01-17,2.29,17.47
00-655120,4.19,2025-01-24,4.19,0.0,2024-02-01,3.99,5.01,2023-01-17,3.49,20.06
00-341803,4.79,2025-01-19,4.69,2.13,2024-02-01,4.59,4.36,2023-02-07,3.99,20.05
00-700926,4.99,2024-12-25,4.49,11.14,2024-01-12,4.49,11.14,2023-01-29,3.99,25.06
00-732875,2.69,2024-01-16,2.59,3.86,2024-01-16,2.59,3.86,,,
00-519227,1.99,2024-12-01,2.29,-13.1,2023-12-20,1.99,0.0,2017-05-25,1.29,54.26
00-851518,2.24,2025-01-30,2.99,-25.08,2024-02-01,2.99,-25.08,2023-02-03,3.69,-39.3
00-291152,1.87,2025-01-30,2.49,-24.9,2024-01-19,2.39,-21.76,2023-02-01,2.29,-18.34
00-348371,2.79,2024-11-07,3.69,-24.39,2023-10-21,3.69,-24.39,2023-02-02,2.49,12.05
00-596879,2.49,2024-05-16,2.39,4.18,2023-11-12,2.19,13.7,2022-11-13,1.79,39.11
00-363117,2.49,2025-02-01,2.49,0.0,2024-02-01,2.19,13.7,2023-01-17,2.19,13.7
00-810702,9.99,2024-12-19,8.99,11.12,2023-12-28,6.29,58.82,2023-02-02,4.49,122.49
00-743314,2.99,2025-01-01,2.99,0.0,,,,,,
00-692622,9.99,2024-12-12,9.99,0.0,2023-12-07,9.99,0.0,2023-02-02,9.99,0.0
00-832790,6.39,2025-01-16,6.29,1.59,2024-01-18,6.29,1.59,2023-02-02,5.29,20.79
00-733489,2.49,2025-02-01,2.49,0.0,2024-02-01,2.49,0.0,,,
00-550330,1.99,2024-12-13,1.99,0.0,2024-01-12,1.79,11.17,2023-02-07,1.89,5.29
00-527334,3.69,2025-01-24,3.69,0.0,2024-01-19,3.69,0.0,,,
00-722041,5.59,2023-11-09,5.29,5.67,2023-11-09,5.29,5.67,,,
00-21663,1.99,2024-12-01,1.79,11.17,2023-12-28,1.69,17.75,2022-11-27,1.59,25.16
00-320336,2.02,2025-01-30,3.69,-45.26,2024-01-19,3.69,-45.26,2023-01-19,3.69,-45.26
00-523973,2.47,2025-01-05,3.29,-24.92,2024-01-11,3.29,-24.92,2023-02-07,3.19,-22.57
00-731769,3.69,2025-01-30,2.49,48.19,,,,,,
00-718606,3.49,2025-01-24,3.29,6.08,,,,,,
00-750899,17.99,2025-01-07,17.99,0.0,,,,,,
00-336768,8.49,2025-01-01,8.49,0.0,2023-12-31,8.49,0.0,2023-01-22,7.99,6.26
00-324955,39.9,2025-01-02,39.9,0.0,2023-12-31,37.9,5.28,,,
00-371149,3.29,2025-01-24,3.29,0.0,2024-01-19,3.09,6.47,,,
00-317670,1.19,2025-01-24,1.19,0.0,2024-01-19,1.19,0.0,2023-02-07,0.99,20.2
00-400241,1.49,2025-01-30,1.99,-25.13,2024-02-01,1.99,-25.13,2023-02-02,2.49,-40.16
00-469922,3.49,2025-01-30,3.29,6.08,2024-02-01,3.29,6.08,,,
00-626783,3.99,2023-08-17,4.39,-9.11,2023-08-17,4.39,-9.11,2023-02-02,2.99,33.44
00-462148,5.99,2025-01-01,5.99,0.0,2023-12-31,5.99,0.0,2023-01-22,5.49,9.11
00-442105,2.19,2024-12-05,2.59,-15.44,2023-12-07,2.29,-4.37,2022-11-27,2.29,-4.37
00-735449,2.49,2025-01-24,2.49,0.0,2024-01-19,2.49,0.0,,,
00-430598,2.99,2025-02-02,2.99,0.0,2023-11-23,2.89,3.46,2023-01-12,2.99,0.0
00-748284,2.66,2025-01-24,3.99,-33.33,,,,,,
00-439467,5.99,2025-01-02,5.79,3.45,2024-02-01,4.99,20.04,2023-02-02,4.49,33.41
00-502104,2.89,2025-01-30,2.99,-3.34,2024-02-01,2.99,-3.34,,,
00-883734,2.19,2023-06-13,2.19,0.0,2023-06-13,2.19,0.0,2022-11-29,1.99,10.05
00-793657,4.99,2024-12-01,3.79,31.66,2023-12-07,3.19,56.43,,,
00-5438,6.59,2024-02-25,6.59,0.0,2023-11-12,6.59,0.0,2022-11-14,6.49,1.54
00-847387,3.79,2024-02-25,3.59,5.57,2023-11-12,3.59,5.57,2023-02-07,3.89,-2.57
00-650838,2.99,2024-04-25,2.99,0.0,2023-12-27,2.99,0.0,2022-05-24,2.19,36.53
00-301705,1.69,2024-12-13,1.59,6.29,2024-01-12,1.59,6.29,,,
00-627894,4.39,2025-01-24,4.39,0.0,2024-01-19,4.39,0.0,2023-01-17,4.29,2.33
00-284772,19.99,2025-01-30,12.99,53.89,2024-02-01,9.99,100.1,,,
00-299678,2.49,2025-01-24,2.49,0.0,2024-01-19,2.49,0.0,2023-02-07,2.49,0.0
00-838328,1.39,2024-12-01,1.29,7.75,2023-12-07,1.19,16.81,2023-01-04,0.99,40.4
00-750723,2.79,2025-02-06,2.79,0.0,,,,,,
00-251112,2.99,2025-02-01,2.99,0.0,2024-02-01,2.99,0.0,2023-01-17,2.99,0.0
00-958500,1.99,2025-01-29,1.99,0.0,2024-01-12,1.79,11.17,2022-12-15,1.79,11.17
00-712920,2.49,2024-10-26,2.49,0.0,2024-02-01,2.49,0.0,2022-11-27,1.99,25.13
00-341822,4.79,2025-01-19,4.69,2.13,2024-02-01,4.59,4.36,2023-02-07,3.99,20.05
00-389578,2.99,2025-01-16,2.39,25.1,2023-12-31,2.39,25.1,2023-02-04,2.19,36.53
00-618931,3.29,2025-01-30,2.49,32.13,2024-02-01,2.49,32.13,2022-12-25,2.29,43.67
00-613127,1.69,2023-12-27,1.69,0.0,2023-12-27,1.69,0.0,,,
00-419718,3.79,2025-01-30,2.49,52.21,2024-01-21,3.39,11.8,2023-01-19,2.99,26.76
00-242381,2.99,2025-01-19,4.19,-28.64,2024-01-21,4.19,-28.64,2023-02-07,3.99,-25.06
00-724711,15.99,2024-01-28,14.99,6.67,2024-01-28,14.99,6.67,2023-02-07,17.99,-11.12
00-724005,5.99,2024-12-01,5.99,0.0,2023-12-28,3.79,58.05,2022-12-19,3.39,76.7
00-382019,8.49,2025-01-24,8.49,0.0,2023-12-27,8.49,0.0,2023-01-29,7.99,6.26
00-516071,8.99,2025-01-09,8.99,0.0,2023-12-31,7.99,12.52,,,
00-530029,4.99,2024-01-18,4.89,2.04,2024-01-18,4.89,2.04,2022-11-29,4.19,19.09
00-693079,6.99,2024-11-17,6.99,0.0,2023-12-27,7.29,-4.12,2023-01-29,6.99,0.0
00-756565,3.99,2024-11-21,6.99,-42.92,,,,,,
00-415152,1.69,2024-11-05,1.79,-5.59,2023-11-03,1.69,0.0,2022-11-10,1.69,0.0
00-561624,4.58,2022-12-15,3.98,15.08,2022-12-15,3.98,15.08,2022-12-15,3.98,15.08
00-670330,5.19,2024-01-12,4.99,4.01,2024-01-12,4.99,4.01,2022-11-03,4.79,8.35
00-735151,2.69,2024-12-13,2.69,0.0,2024-01-30,2.69,0.0,,,
00-472389,8.99,2025-01-01,8.99,0.0,2023-12-31,8.99,0.0,2023-01-22,9.99,-10.01
00-862283,2.79,2024-12-05,2.49,12.05,2024-01-18,2.49,12.05,2022-12-06,2.39,16.74
00-799933,4.39,2025-01-20,4.29,2.33,,,,,,
00-2614,5.49,2025-01-21,5.49,0.0,2023-11-20,4.49,22.27,2023-01-05,4.39,25.06
00-284505,5.29,2025-01-02,5.29,0.0,2023-12-31,4.99,6.01,2023-02-02,3.79,39.58
00-907468,4.79,2025-01-30,4.69,2.13,2023-12-07,4.59,4.36,2022-12-19,4.19,14.32
00-667284,18.99,2024-12-19,18.99,0.0,2023-11-30,18.99,0.0,2023-01-29,17.99,5.56
00-20029,5.99,2023-06-13,6.59,-9.1,2023-06-13,6.59,-9.1,2022-05-24,6.49,-7.7
00-764671,1.99,2024-08-09,1.99,0.0,2024-01-12,1.89,5.29,2022-10-20,1.89,5.29
00-760841,2.24,2025-02-06,2.99,-25.08,2024-01-19,3.49,-35.82,2023-01-17,2.99,-25.08
00-480553,4.99,2025-01-24,4.89,2.04,2024-01-19,4.89,2.04,,,
00-715325,2.49,2023-11-12,2.19,13.7,2023-11-12,2.19,13.7,2023-02-07,1.99,25.13
00-420069,7.99,2025-01-24,7.99,0.0,2024-01-28,7.99,0.0,2023-02-07,7.99,0.0
00-703464,1.99,2024-12-01,1.99,0.0,2024-01-11,1.99,0.0,,,
00-319627,3.79,2025-01-01,3.79,0.0,2023-12-31,3.79,0.0,2023-02-01,3.79,0.0
00-708277,1.99,2024-11-04,1.49,33.56,2024-01-19,1.99,0.0,2023-01-17,1.89,5.29
00-400260,2.49,2025-02-06,1.99,25.13,2024-01-01,2.29,8.73,2023-02-07,2.15,15.81
00-535742,1.99,2025-01-26,1.69,17.75,2024-01-28,1.69,17.75,2023-01-29,1.59,25.16
00-393474,2.99,2024-01-19,3.79,-21.11,2024-01-19,3.79,-21.11,2023-01-17,3.69,-18.97
00-481412,5.99,2025-01-01,4.99,20.04,2023-12-31,4.99,20.04,2023-01-22,4.99,20.04
00-503457,7.59,2024-10-13,7.59,0.0,2023-10-21,7.59,0.0,2022-11-20,7.59,0.0
00-441022,2.19,2025-01-24,2.19,0.0,2024-01-19,2.19,0.0,2023-01-17,1.99,10.05
00-245464,2.99,2025-01-16,2.99,0.0,2024-01-18,2.79,7.17,2023-01-19,2.49,20.08
00-404443,4.89,2024-02-25,4.59,6.54,2023-11-12,4.59,6.54,2022-12-31,4.99,-2.0
00-403875,1.87,2025-01-01,2.49,-24.9,2023-12-31,2.49,-24.9,2023-02-02,1.99,-6.03
00-906083,4.29,2025-01-02,4.29,0.0,2024-01-15,3.89,10.28,2022-12-16,3.29,30.4
00-82503,2.39,2025-01-26,2.19,9.13,2024-01-28,2.19,9.13,2023-01-29,1.99,20.1
00-409445,5.99,2025-01-02,5.99,0.0,2024-01-15,5.59,7.16,2022-07-14,4.99,20.04
00-700720,2.39,2025-01-24,2.39,0.0,2023-12-07,2.39,0.0,2022-11-27,2.19,9.13
00-727053,17.99,2025-01-30,13.99,28.59,2023-12-31,17.99,0.0,,,
00-418572,4.19,2025-01-30,2.79,50.18,2024-02-01,4.19,0.0,2023-02-02,2.66,57.52
00-700995,5.99,2025-01-24,5.99,0.0,2024-01-19,5.99,0.0,2023-02-04,4.49,33.41
00-716916,3.99,2025-01-07,2.99,33.44,2024-01-19,3.99,0.0,,,
00-17973,2.39,2024-12-18,2.49,-4.02,2023-12-28,2.19,9.13,2022-11-27,1.99,20.1
00-403873,1.87,2025-01-01,2.49,-24.9,2023-12-31,2.49,-24.9,2023-02-02,1.99,-6.03
00-659067,2.59,2025-01-24,2.49,4.02,2024-01-19,1.79,44.69,2023-02-07,1.69,53.25
00-676310,1.99,2024-12-19,2.49,-20.08,2024-01-18,2.49,-20.08,2022-12-25,2.19,-9.13
00-313948,18.99,2025-01-02,18.99,0.0,,,,,,
00-721920,9.9,2025-01-24,9.9,0.0,2024-01-19,9.9,0.0,,,
00-475400,2.24,2023-12-15,2.79,-19.71,2023-12-15,2.79,-19.71,2023-02-07,2.39,-6.28
00-244043,2.47,2025-01-24,3.29,-24.92,2024-01-19,3.29,-24.92,2023-01-17,3.19,-22.57
00-736228,3.19,2023-11-21,3.19,0.0,2023-11-21,3.19,0.0,,,
00-572851,4.99,2025-01-02,5.99,-16.69,2023-11-12,5.49,-9.11,2023-01-19,5.29,-5.67
00-506698,0.69,2025-01-05,0.69,0.0,2024-01-06,0.69,0.0,2023-02-07,0.69,0.0
00-361692,12.99,2024-10-13,11.29,15.06,2023-10-21,11.29,15.06,,,
00-473661,7.99,2025-01-01,7.99,0.0,2023-12-31,7.99,0.0,2023-01-22,7.99,0.0
00-274405,11.99,2025-01-01,11.99,0.0,,,,,,
00-883894,5.99,2025-01-24,5.99,0.0,2023-10-05,5.99,0.0,2022-06-01,6.19,-3.23
00-957861,16.99,2023-12-24,11.99,41.7,2023-12-24,11.99,41.7,,,
00-574890,1.29,2025-01-30,1.89,-31.75,2024-01-18,1.89,-31.75,,,
00-471787,2.29,2025-01-24,2.29,0.0,2024-01-19,2.29,0.0,2023-01-17,2.15,6.51
00-378296,4.59,2024-12-13,4.59,0.0,2024-01-19,4.79,-4.18,2023-02-07,4.69,-2.13
00-413756,11.99,2025-01-19,11.99,0.0,2024-01-21,10.99,9.1,2022-12-11,8.99,33.37
00-712922,2.49,2024-10-26,1.99,25.13,2024-02-01,1.99,25.13,2022-12-08,1.99,25.13
00-630326,5.99,2024-12-19,4.99,20.04,2023-12-28,3.79,58.05,2022-09-04,3.19,87.77
00-765071,2.99,2025-01-30,2.79,7.17,2024-02-01,2.49,20.08,2023-02-04,2.39,25.1
00-400804,1.99,2024-12-01,1.99,0.0,2023-12-07,2.19,-9.13,2022-12-20,2.19,-9.13
00-523898,3.99,2025-01-24,3.99,0.0,2024-01-19,3.99,0.0,2023-02-07,3.79,5.28
00-718607,5.99,2025-01-24,5.99,0.0,,,,,,
00-423068,3.79,2025-01-24,3.69,2.71,2023-12-20,3.69,2.71,2022-11-27,3.25,16.62
00-18381,6.99,2025-01-01,6.99,0.0,2023-12-31,5.99,16.69,2023-01-01,5.99,16.69
00-421190,3.29,2025-01-30,3.29,0.0,2024-02-01,3.29,0.0,2023-02-02,3.29,0.0
00-480835,1.87,2025-01-30,1.99,-6.03,2023-08-31,2.79,-32.97,2022-09-29,2.49,-24.9
00-500315,7.99,2025-01-30,5.99,33.39,2024-02-01,5.49,45.54,2023-02-02,6.49,23.11
00-317720,2.99,2025-01-24,2.99,0.0,2024-01-19,3.19,-6.27,2023-02-07,2.99,0.0
00-343622,2.99,2024-01-15,2.79,7.17,2024-01-15,2.79,7.17,2022-12-15,2.49,20.08
00-54222,1.19,2025-01-30,1.19,0.0,2024-02-01,0.89,33.71,2022-11-21,1.29,-7.75
00-381742,2.99,2025-01-24,2.99,0.0,2024-01-19,3.49,-14.33,2023-02-07,3.39,-11.8
00-415300,5.99,2025-01-01,5.99,0.0,2023-12-31,5.99,0.0,2023-01-22,5.49,9.11
00-716490,2.79,2025-01-24,2.79,0.0,2024-01-19,2.79,0.0,,,
00-401568,3.79,2025-01-16,3.69,2.71,2024-01-18,3.49,8.6,2023-01-19,3.19,18.81
00-421337,3.49,2025-02-06,3.49,0.0,2023-12-27,3.19,9.4,2022-07-01,2.49,40.16
00-860367,5.69,2025-01-24,5.69,0.0,2024-01-19,5.69,0.0,2023-02-07,5.59,1.79
00-348938,2.79,2024-11-07,3.69,-24.39,2023-10-21,3.69,-24.39,2023-02-02,2.49,12.05
00-622254,23.9,2025-01-01,23.9,0.0,2023-12-31,23.9,0.0,2023-01-22,21.9,9.13
00-875648,1.99,2025-01-24,1.99,0.0,2024-01-19,1.99,0.0,2023-02-07,1.99,0.0
00-627785,1.79,2025-01-24,1.79,0.0,2024-01-19,1.79,0.0,2023-01-17,1.39,28.78
00-401395,1.99,2024-01-19,1.89,5.29,2024-01-19,1.89,5.29,2023-01-17,1.69,17.75
00-927059,3.19,2024-02-03,2.99,6.69,2024-02-03,2.99,6.69,,,
00-703359,1.99,2025-01-24,1.99,0.0,2024-01-19,1.99,0.0,,,
00-295172,2.99,2025-01-24,2.99,0.0,2024-01-19,2.79,7.17,,,
00-491946,1.85,2021-12-22,1.79,3.35,2021-12-22,1.79,3.35,2021-12-22,1.79,3.35
00-342791,2.49,2025-01-05,2.25,10.67,2024-01-12,1.99,25.13,2023-02-07,2.39,4.18
00-389250,0.99,2025-01-09,1.49,-33.56,2024-02-01,1.39,-28.78,2023-01-19,1.45,-31.72
00-500318,7.99,2025-01-30,5.99,33.39,2024-02-01,5.49,45.54,2023-02-02,6.49,23.11
00-426255,1.99,2023-05-30,1.99,0.0,2023-05-30,1.99,0.0,2022-05-31,1.79,11.17
00-265308,12.59,2024-03-14,12.59,0.0,2023-12-06,11.59,8.63,2022-11-13,10.99,14.56
00-580945,3.49,2025-01-30,3.49,0.0,2024-01-19,3.49,0.0,2023-01-19,3.49,0.0
00-299012,7.99,2025-01-01,7.99,0.0,2023-12-31,7.99,0.0,2023-01-22,6.99,14.31
00-487784,8.49,2025-01-01,8.49,0.0,2023-12-31,8.49,0.0,2023-01-22,8.49,0.0
00-770086,2.49,2025-01-30,3.39,-26.55,,,,,,
00-708520,1.49,2024-12-13,1.29,15.5,2024-01-12,1.29,15.5,2022-09-08,1.29,15.5
00-266332,2.99,2025-01-24,2.99,0.0,2024-01-19,2.89,3.46,,,
00-403836,8.49,2025-01-01,8.49,0.0,2023-12-31,8.49,0.0,2023-01-01,8.19,3.66
00-918517,11.49,2025-01-19,11.49,0.0,2024-01-21,11.49,0.0,2023-02-03,8.47,35.66
00-338338,3.59,2024-12-19,3.59,0.0,2023-11-09,3.59,0.0,2023-02-02,3.59,0.0
00-733036,2.99,2025-01-24,4.29,-30.3,2024-01-19,3.99,-25.06,,,
00-180505,2.49,2024-11-07,3.49,-28.65,2023-09-14,3.49,-28.65,2022-12-19,3.49,-28.65
00-434366,3.99,2023-05-13,2.99,33.44,2023-05-13,2.99,33.44,2022-10-05,2.65,50.57
00-613101,1.49,2025-01-30,1.99,-25.13,2024-02-01,1.99,-25.13,2023-02-02,2.49,-40.16
00-700199,2.79,2025-01-24,2.79,0.0,2024-01-19,2.69,3.72,2023-01-17,2.49,12.05
00-747775,2.77,2024-11-28,3.69,-24.93,,,,,,
00-295683,1.49,2025-01-24,1.49,0.0,2024-01-19,1.49,0.0,2023-02-07,1.29,15.5
00-464471,2.99,2025-01-24,2.99,0.0,2024-01-19,3.49,-14.33,2023-02-04,2.17,37.79
00-719230,5.99,2024-10-10,5.99,0.0,2023-10-12,5.99,0.0,,,
00-742233,1.99,2024-12-25,1.89,5.29,,,,,,
00-514719,3.29,2024-02-24,3.49,-5.73,2024-01-06,3.49,-5.73,,,
00-716255,3.49,2025-02-06,3.49,0.0,2024-01-19,5.29,-34.03,2023-01-29,4.99,-30.06
00-586192,1.89,2025-01-24,1.89,0.0,2023-06-13,1.89,0.0,,,
00-21112,5.99,2024-11-21,6.39,-6.26,2023-09-28,6.39,-6.26,2023-01-09,5.99,0.0
00-723669,1.49,2025-01-24,1.99,-25.13,2024-01-19,1.99,-25.13,,,
00-431809,3.99,2025-01-25,3.99,0.0,2023-11-30,1.99,100.5,,,
00-723379,3.59,2025-01-16,3.59,0.0,2023-12-07,3.49,2.87,,,
00-737469,1.49,2025-01-24,1.49,0.0,,,,,,
00-386778,1.45,2024-12-25,1.39,4.32,2023-12-25,1.39,4.32,2023-01-29,1.39,4.32
00-439138,11.99,2024-12-01,9.29,29.06,,,,,,
00-371110,3.29,2025-01-24,3.29,0.0,2024-01-19,3.09,6.47,,,
00-680541,3.99,2025-01-24,4.29,-6.99,2024-01-11,4.29,-6.99,2022-12-20,4.19,-4.77
00-797611,0.99,2025-01-09,1.49,-33.56,2024-02-01,1.39,-28.78,2023-01-19,1.45,-31.72
00-742519,2.79,2024-12-19,2.99,-6.69,,,,,,
00-742148,3.99,2024-11-21,6.99,-42.92,,,,,,
00-910858,7.49,2025-01-30,5.99,25.04,2024-02-01,5.49,36.43,2023-02-02,6.99,7.15
00-900059,4.99,2025-01-30,4.99,0.0,2024-02-01,5.29,-5.67,2022-12-08,5.49,-9.11
00-421261,5.99,2025-01-30,3.99,50.13,2024-02-01,4.99,20.04,2023-02-02,4.49,33.41
00-496470,11.99,2025-01-01,11.99,0.0,2023-12-31,11.99,0.0,,,
00-448611,2.99,2025-01-24,2.99,0.0,2024-01-19,3.49,-14.33,2023-02-07,3.39,-11.8
00-916929,4.59,2024-12-25,4.59,0.0,2023-12-27,4.79,-4.18,2023-01-29,4.29,6.99
00-716146,1.69,2025-01-24,1.69,0.0,2024-01-19,1.49,13.42,2023-01-17,1.99,-15.08
00-2935,0.79,2025-01-30,1.19,-33.61,2024-02-01,1.19,-33.61,2023-02-02,1.19,-33.61
00-730658,4.59,2024-07-04,4.49,2.23,2023-11-14,4.49,2.23,,,
00-434765,2.29,2025-02-02,2.29,0.0,2024-02-01,2.29,0.0,2023-02-07,2.19,4.57
00-196956,1.19,2023-03-02,1.59,-25.16,2023-03-02,1.59,-25.16,2022-10-06,1.39,-14.39
00-528814,1.49,2024-03-13,1.29,15.5,2024-01-13,1.29,15.5,2022-12-12,1.29,15.5
00-726811,1.49,2025-01-24,1.99,-25.13,2024-01-19,1.99,-25.13,,,
00-433411,2.09,2024-01-12,2.49,-16.06,2024-01-12,2.49,-16.06,2022-06-30,2.19,-4.57
00-648701,4.99,2025-01-01,4.99,0.0,2023-12-31,4.99,0.0,2023-01-01,4.79,4.18
00-416170,6.39,2023-06-12,6.39,0.0,2023-06-12,6.39,0.0,2022-12-15,5.99,6.68
00-103992,9.49,2023-05-28,7.89,20.28,2023-05-28,7.89,20.28,2022-12-16,9.49,0.0
00-317449,1.79,2025-01-24,1.99,-10.05,2024-01-19,1.99,-10.05,2023-02-07,1.49,20.13
00-724604,1.99,2024-12-19,1.99,0.0,2023-12-07,1.99,0.0,2022-12-07,1.79,11.17
00-317413,3.29,2025-01-24,3.29,0.0,2024-01-19,3.29,0.0,2023-02-07,2.89,13.84
00-735131,1.09,2025-01-24,1.08,0.93,2024-01-19,1.08,0.93,,,
00-718518,3.99,2025-01-24,3.99,0.0,2024-01-12,3.99,0.0,2023-02-07,3.89,2.57
00-501848,5.79,2025-01-19,5.59,3.58,2024-01-21,5.59,3.58,2023-01-19,4.99,16.03
00-332577,3.99,2025-01-01,3.99,0.0,,,,,,
00-713191,1.99,2025-01-16,1.99,0.0,2024-02-01,1.99,0.0,2023-02-02,1.79,11.17
00-893358,1.49,2025-01-30,1.19,25.21,2024-02-01,1.19,25.21,2022-09-19,1.19,25.21
00-501491,0.89,2025-01-30,1.99,-55.28,2023-12-24,2.39,-62.76,2022-11-24,2.19,-59.36
00-721918,6.99,2025-01-24,6.99,0.0,2024-01-19,6.99,0.0,,,
00-714113,1.85,2025-01-24,1.79,3.35,2024-02-05,1.79,3.35,2023-01-23,1.49,24.16
00-415492,2.99,2025-02-02,2.99,0.0,2023-11-23,2.89,3.46,2023-01-12,2.99,0.0
00-629425,6.99,2025-01-01,6.99,0.0,2023-12-31,5.99,16.69,2023-01-01,5.99,16.69
00-8522,6.79,2025-01-19,5.19,30.83,2024-01-21,4.29,58.28,2023-01-26,4.29,58.28
00-306694,3.99,2023-12-27,3.99,0.0,2023-12-27,3.99,0.0,2022-12-15,3.49,14.33
00-660785,2.89,2025-01-24,2.89,0.0,2024-01-06,2.89,0.0,2023-02-07,2.69,7.43
00-741531,1.59,2025-02-01,1.59,0.0,2024-02-01,1.59,0.0,2023-02-07,1.59,0.0
00-707895,2.19,2025-01-24,2.19,0.0,2024-01-19,2.19,0.0,2023-02-04,2.19,0.0
00-703227,5.29,2024-12-24,5.29,0.0,2023-12-24,4.89,8.18,2022-12-14,3.69,43.36
00-828895,2.49,2023-05-13,2.49,0.0,2023-05-13,2.49,0.0,2022-05-24,2.19,13.7
00-352421,5.29,2025-01-30,5.29,0.0,2024-02-01,5.29,0.0,2023-02-02,5.19,1.93
00-578913,23.99,2025-01-30,18.99,26.33,2024-02-01,12.74,88.3,,,
00-498233,5.99,2025-01-24,5.99,0.0,,,,,,
00-516885,4.99,2025-01-30,4.29,16.32,2024-02-01,2.99,66.89,2023-02-02,3.89,28.28
00-857085,3.99,2025-01-24,3.79,5.28,2023-12-07,3.49,14.33,2022-09-22,3.29,21.28
00-736204,2.85,2025-01-24,2.79,2.15,2024-01-19,2.29,24.45,,,
00-292944,2.99,2025-01-30,2.79,7.17,2024-01-18,2.99,0.0,2023-02-02,1.49,100.67
00-619544,3.99,2025-01-30,6.19,-35.54,2024-02-01,5.99,-33.39,2023-02-02,5.99,-33.39
00-822467,3.99,2025-01-24,3.99,0.0,2024-01-19,3.99,0.0,2022-10-05,3.49,14.33
00-938136,1.64,2025-01-16,2.19,-25.11,2023-12-01,1.99,-17.59,,,
00-624543,1.79,2025-01-24,1.79,0.0,2024-01-19,1.79,0.0,2023-02-07,1.39,28.78
00-490775,14.99,2025-01-19,13.49,11.12,2024-01-21,11.39,31.61,2023-01-26,11.19,33.96
00-933429,3.29,2024-12-19,3.49,-5.73,2023-12-24,3.39,-2.95,2022-04-10,3.19,3.13
00-22695,2.59,2025-01-24,2.59,0.0,2024-01-19,2.59,0.0,2023-01-17,2.59,0.0
00-410950,1.79,2025-01-24,1.79,0.0,2024-02-05,1.79,0.0,2023-01-20,1.49,20.13
00-572211,4.35,2025-01-05,4.29,1.4,2024-01-06,4.19,3.82,2023-02-07,3.99,9.02
00-443467,2.89,2025-01-24,2.69,7.43,2024-01-19,2.49,16.06,2023-02-07,2.29,26.2
00-586959,5.19,2024-11-05,4.99,4.01,,,,,,
00-704950,5.29,2025-01-30,5.29,0.0,2024-02-01,5.29,0.0,2023-02-02,5.19,1.93
00-636234,45.9,2025-01-01,45.9,0.0,2024-01-02,45.9,0.0,2023-02-04,39.9,15.04
00-758868,2.79,2024-11-07,2.99,-6.69,,,,,,
00-89804,1.19,2025-01-14,1.29,-7.75,2023-10-30,1.29,-7.75,,,
00-905452,1.49,2024-12-01,1.29,15.5,2023-12-07,1.29,15.5,2022-11-30,1.19,25.21
00-717697,0.99,2025-01-24,0.99,0.0,2024-01-19,0.99,0.0,,,
00-580959,2.19,2025-01-24,1.99,10.05,2024-01-19,1.99,10.05,2023-01-17,1.99,10.05
00-401100,1.99,2024-11-07,1.99,0.0,2023-10-21,2.19,-9.13,2022-12-20,1.99,0.0
00-308188,1.49,2025-01-24,1.49,0.0,2023-12-15,1.49,0.0,,,
00-288593,1.59,2025-01-24,1.59,0.0,2023-12-07,1.49,6.71,2023-01-01,1.29,23.26
00-250386,0.99,2025-01-24,0.99,0.0,2024-01-19,0.99,0.0,2023-02-07,0.99,0.0
00-517799,39.99,2024-12-20,26.99,48.17,2023-09-04,35.99,11.11,,,
00-568480,0.99,2024-11-07,0.99,0.0,2023-11-09,0.99,0.0,,,
00-324042,1.99,2024-12-25,1.99,0.0,2023-12-25,2.69,-26.02,2022-10-06,2.59,-23.17
00-14446,2.99,2025-02-01,2.79,7.17,2024-02-01,2.49,20.08,2023-02-02,2.39,25.1
00-495811,2.39,2024-10-31,2.19,9.13,2023-12-27,2.19,9.13,2022-11-10,2.09,14.35
00-245389,2.55,2025-01-24,2.37,7.59,2024-01-19,2.55,0.0,2023-02-07,2.25,13.33
00-343033,1.89,2025-01-24,2.15,-12.09,2024-01-19,2.15,-12.09,2023-02-07,1.99,-5.03
00-715487,2.79,2025-01-24,1.59,75.47,2024-02-01,2.29,21.83,,,
00-469437,2.19,2025-01-30,1.59,37.74,2024-02-01,1.19,84.03,2023-02-02,1.39,57.55
00-58146,14.49,2025-01-19,13.99,3.57,2024-01-21,10.99,31.85,2022-12-11,10.49,38.13
00-704282,2.99,2023-08-26,2.89,3.46,2023-08-26,2.89,3.46,2023-01-02,2.89,3.46
00-701919,2.99,2024-12-25,2.99,0.0,2023-12-25,2.99,0.0,,,
00-468948,5.19,2025-01-26,4.79,8.35,2024-02-01,4.79,8.35,2023-01-29,4.49,15.59
00-317565,3.19,2025-01-24,3.19,0.0,2024-01-19,3.19,0.0,2023-02-07,2.89,10.38
00-636006,12.99,2024-12-01,9.99,30.03,2023-12-07,9.49,36.88,,,
00-729310,4.99,2024-12-19,4.99,0.0,2024-02-01,4.79,4.18,,,
00-386116,3.99,2024-10-13,3.99,0.0,2024-01-12,3.99,0.0,,,
00-574883,2.49,2025-01-30,2.49,0.0,2024-01-19,2.29,8.73,,,
00-774705,2.29,2024-08-29,2.99,-23.41,2023-10-01,2.99,-23.41,2022-09-22,2.69,-14.87
00-705747,2.99,2025-01-23,2.99,0.0,2023-12-25,2.99,0.0,,,
00-885281,4.49,2024-12-01,3.59,25.07,2023-12-07,3.29,36.47,,,
00-731181,1.16,2025-01-16,1.59,-27.04,2024-01-26,1.75,-33.71,2023-02-02,1.45,-20.0
00-724902,2.49,2024-10-26,2.49,0.0,2023-12-26,2.49,0.0,,,
00-452886,1.49,2025-01-24,1.99,-25.13,2024-01-25,2.19,-31.96,2022-12-01,1.89,-21.16
00-10722,1.89,2025-02-02,2.59,-27.03,2024-01-18,2.49,-24.1,2023-01-19,2.35,-19.57
00-793052,3.69,2025-01-30,2.49,48.19,,,,,,
00-89073,3.79,2023-11-12,3.99,-5.01,2023-11-12,3.99,-5.01,,,
00-725379,4.19,2024-12-19,3.99,5.01,2023-12-24,3.99,5.01,2023-02-02,2.66,57.52
00-403877,1.87,2025-01-01,2.49,-24.9,2023-12-31,2.49,-24.9,2023-02-02,1.99,-6.03
00-610677,4.29,2024-12-13,4.29,0.0,2023-12-27,4.29,0.0,2023-02-07,4.39,-2.28
00-700197,2.79,2025-01-24,2.79,0.0,2024-01-19,2.69,3.72,2023-01-19,2.49,12.05
00-722288,2.39,2025-01-24,2.29,4.37,2024-01-19,2.29,4.37,,,
00-578806,1.99,2025-01-24,2.49,-20.08,2024-01-19,2.49,-20.08,2023-02-02,2.99,-33.44
00-723417,1.69,2024-12-13,1.69,0.0,2024-01-02,1.69,0.0,,,
00-473956,7.99,2025-01-23,6.99,14.31,2023-12-31,7.99,0.0,2023-01-22,7.49,6.68
00-250805,2.99,2025-01-05,2.79,7.17,2024-01-06,2.39,25.1,,,
00-883626,24.99,2025-01-01,23.99,4.17,2023-12-31,23.99,4.17,2022-02-27,19.99,25.01
00-811299,4.29,2024-12-05,3.49,22.92,2023-10-21,3.49,22.92,2022-07-01,2.99,43.48
00-343617,2.99,2025-01-02,2.99,0.0,2024-01-15,2.79,7.17,2022-12-15,2.49,20.08
00-14336,3.49,2025-01-30,3.19,9.4,2024-01-19,3.59,-2.79,2023-02-04,3.49,0.0
00-900300,2.49,2025-01-24,2.49,0.0,2024-01-19,2.49,0.0,2023-02-07,2.39,4.18
00-307335,1.29,2024-12-13,1.29,0.0,2023-12-15,1.29,0.0,,,
00-443042,0.74,2025-01-24,0.99,-25.25,2024-01-06,1.29,-42.64,2023-02-07,1.29,-42.64
00-288590,2.39,2024-12-18,2.49,-4.02,2023-12-28,2.19,9.13,2022-11-27,1.99,20.1
00-720722,1.99,2025-01-24,1.89,5.29,2024-01-12,1.89,5.29,,,
00-779036,2.89,2024-12-01,2.59,11.58,2023-12-07,2.59,11.58,2022-12-09,2.39,20.92
00-595775,2.49,2025-01-24,2.49,0.0,2024-01-19,2.79,-10.75,,,
00-611378,4.49,2024-07-17,3.99,12.53,,,,,,
00-564294,19.9,2024-12-25,19.9,0.0,2024-01-12,19.9,0.0,2022-12-23,19.9,0.0
00-523742,3.49,2025-01-02,3.19,9.4,2023-12-31,2.99,16.72,2023-01-22,2.99,16.72
00-511874,2.99,2024-09-26,3.99,-25.06,2023-11-29,3.99,-25.06,2023-01-20,3.89,-23.14
00-482400,4.39,2023-10-01,4.39,0.0,2023-10-01,4.39,0.0,2022-06-01,4.29,2.33
00-593183,3.99,2025-01-24,3.99,0.0,2023-11-05,3.99,0.0,2023-01-29,3.99,0.0
00-598177,2.69,2025-01-16,2.69,0.0,2024-02-01,2.59,3.86,2022-12-17,2.29,17.47
00-473747,2.89,2024-12-18,2.99,-3.34,2024-01-04,2.59,11.58,2023-01-19,2.49,16.06
00-677,3.49,2024-01-19,3.39,2.95,2024-01-19,3.39,2.95,2022-06-01,2.89,20.76
00-475372,5.59,2025-01-05,4.99,12.02,2024-01-06,4.99,12.02,,,
00-443508,6.99,2025-01-01,7.99,-12.52,2023-12-31,7.99,-12.52,2023-01-22,7.99,-12.52
00-717509,0.99,2025-01-24,1.49,-33.56,2024-01-28,1.39,-28.78,,,
00-467497,4.99,2024-12-01,4.39,13.67,2024-01-18,3.99,25.06,2023-02-02,3.39,47.2
00-643069,1.29,2025-01-05,1.59,-18.87,2024-01-06,1.59,-18.87,2023-02-02,1.27,1.57
00-468030,6.99,2025-01-01,6.99,0.0,2023-12-31,6.99,0.0,2023-01-22,6.99,0.0
00-890717,1.29,2024-11-21,1.19,8.4,2022-10-15,1.19,8.4,2022-10-15,1.19,8.4
00-29219,3.89,2024-12-01,3.89,0.0,2023-12-07,3.89,0.0,2023-01-26,3.79,2.64
00-524546,5.29,2025-01-24,5.29,0.0,2024-01-19,5.29,0.0,2022-06-15,4.99,6.01
00-335834,9.99,2025-01-01,9.99,0.0,2023-12-31,9.99,0.0,2023-01-01,8.99,11.12
00-856285,2.79,2024-12-19,2.49,12.05,2023-10-21,2.39,16.74,2022-09-27,1.99,40.2
00-526109,4.99,2025-01-07,4.99,0.0,,,,,,
00-89709,0.89,2025-01-24,0.89,0.0,2024-01-19,0.89,0.0,2023-02-07,0.89,0.0
00-302923,2.49,2025-01-01,2.49,0.0,,,,,,
00-923559,1.99,2025-01-16,1.99,0.0,2024-02-01,1.99,0.0,2022-11-28,1.79,11.17
00-406434,2.99,2025-01-16,2.99,0.0,2024-01-18,2.79,7.17,2023-01-19,2.49,20.08
00-463209,6.99,2025-01-01,6.49,7.7,2023-12-31,6.49,7.7,2023-01-22,6.49,7.7
00-389148,6.99,2024-11-17,6.99,0.0,2023-12-27,7.29,-4.12,,,
00-885783,2.49,2025-01-24,2.39,4.18,2024-01-19,2.39,4.18,2023-01-17,2.49,0.0
00-746406,1.29,2025-01-24,1.15,12.17,,,,,,
00-823903,3.69,2025-02-02,3.59,2.79,2023-11-23,3.49,5.73,2023-02-07,2.99,23.41
00-307181,7.99,2025-01-24,7.99,0.0,2022-08-10,7.99,0.0,2022-08-10,7.99,0.0
00-728151,3.99,2025-02-02,3.99,0.0,2023-12-25,3.99,0.0,,,
00-782277,1.49,2025-01-01,2.69,-44.61,2024-02-01,2.39,-37.66,2023-02-02,1.99,-25.13
00-750475,5.99,2024-10-01,5.99,0.0,,,,,,
00-287748,1.99,2025-01-16,1.99,0.0,2024-02-01,1.99,0.0,2022-11-28,1.79,11.17
00-716253,2.49,2025-01-24,2.49,0.0,2024-01-19,2.49,0.0,2023-02-02,2.49,0.0
00-383905,2.99,2025-01-24,2.99,0.0,2023-12-24,2.99,0.0,2022-09-01,2.49,20.08
00-487493,1.49,2025-01-16,1.49,0.0,2024-02-01,1.39,7.19,2022-12-19,1.29,15.5
00-491127,7.99,2025-01-01,7.99,0.0,2023-12-31,7.99,0.0,2023-01-22,7.99,0.0
00-736030,2.99,2024-11-22,2.99,0.0,2023-12-24,2.99,0.0,2023-01-26,2.99,0.0
00-732132,3.69,2025-01-30,2.49,48.19,,,,,,
00-814958,9.99,2025-01-01,9.99,0.0,2023-12-31,9.99,0.0,2023-01-22,9.99,0.0
00-428439,7.87,2025-01-16,5.99,31.39,2024-02-01,5.24,50.19,2023-02-02,4.99,57.72
00-717456,2.19,2025-01-24,2.15,1.86,2024-01-09,2.15,1.86,,,
00-727891,3.12,2024-11-17,4.69,-33.48,2024-01-11,4.69,-33.48,,,
00-547783,1.49,2024-12-13,1.49,0.0,2023-12-15,1.49,0.0,2023-02-07,1.39,7.19
00-421646,0.89,2024-11-07,0.89,0.0,2023-11-09,0.89,0.0,2022-12-07,0.79,12.66
00-451373,8.99,2025-01-30,7.99,12.52,,,,,,
00-736535,3.59,2024-02-25,3.59,0.0,2024-01-30,3.59,0.0,,,
00-899243,2.49,2023-06-21,2.49,0.0,2023-06-21,2.49,0.0,2022-05-31,2.19,13.7
00-339602,2.99,2024-11-06,3.99,-25.06,,,,,,
00-342816,4.99,2024-10-13,4.79,4.18,2024-01-12,4.99,0.0,2023-01-26,4.99,0.0
00-472382,4.99,2025-01-01,4.99,0.0,2024-02-01,6.99,-28.61,2023-02-02,6.49,-23.11
00-10218,2.24,2025-01-30,2.99,-25.08,2024-02-01,2.99,-25.08,2023-02-03,3.69,-39.3
00-180158,2.49,2024-11-07,3.49,-28.65,2023-09-14,3.49,-28.65,2022-12-19,3.49,-28.65
00-378136,6.99,2025-01-26,5.49,27.32,2024-01-28,6.29,11.13,2023-02-07,6.19,12.92
00-305022,3.49,2025-01-24,3.49,0.0,2023-10-04,3.19,9.4,,,
00-504788,6.69,2024-10-13,6.69,0.0,2023-10-21,6.69,0.0,2022-11-20,6.69,0.0
00-928652,2.99,2024-12-25,2.99,0.0,2024-01-12,2.99,0.0,2022-07-28,2.59,15.44
00-589628,3.39,2025-01-24,3.29,3.04,2023-05-17,3.29,3.04,2023-01-19,3.29,3.04
00-642343,6.99,2025-01-30,6.99,0.0,2023-11-12,6.99,0.0,2022-11-13,5.99,16.69
00-495208,1.99,2024-03-31,2.99,-33.44,2024-01-12,2.99,-33.44,2022-12-25,2.49,-20.08
00-3497,2.99,2025-01-02,2.99,0.0,2024-01-15,2.79,7.17,2022-12-15,2.49,20.08
00-385960,2.59,2025-01-30,1.32,96.21,2024-02-01,1.49,73.83,2023-02-02,1.23,110.57
00-406699,1.66,2025-01-30,2.49,-33.33,2024-02-01,2.49,-33.33,2023-02-02,1.79,-7.26
00-723478,3.99,2024-12-18,3.99,0.0,2023-10-04,3.49,14.33,,,
00-415388,2.99,2025-01-02,2.99,0.0,2024-01-15,2.79,7.17,,,
00-577433,2.79,2024-11-07,3.69,-24.39,2023-10-21,3.69,-24.39,2023-02-02,2.49,12.05
00-721418,3.59,2024-12-19,3.59,0.0,2023-11-09,3.59,0.0,,,
00-10832,3.89,2025-01-24,3.89,0.0,2024-01-19,3.99,-2.51,2023-01-17,3.59,8.36
00-728581,2.99,2025-01-24,2.99,0.0,,,,,,
00-401250,2.99,2024-11-21,2.99,0.0,2022-12-20,2.99,0.0,2022-12-20,2.99,0.0
00-641602,1.79,2022-03-17,1.79,0.0,2022-03-17,1.79,0.0,2022-03-17,1.79,0.0
00-800530,3.39,2024-10-26,3.29,3.04,2024-02-01,3.29,3.04,2023-02-02,3.19,6.27
00-858304,3.59,2025-01-16,3.59,0.0,2024-01-18,3.59,0.0,2023-01-19,3.19,12.54
00-400243,1.49,2025-01-30,1.99,-25.13,2024-02-01,1.99,-25.13,2023-02-02,2.49,-40.16
00-422305,2.99,2023-03-16,3.69,-18.97,2023-03-16,3.69,-18.97,2022-06-09,2.99,0.0
00-553588,2.99,2025-01-24,2.99,0.0,2024-01-19,2.99,0.0,2023-02-07,1.89,58.2
00-323711,3.29,2025-01-01,3.19,3.13,2023-12-31,3.19,3.13,2023-02-04,2.19,50.23
00-901210,2.99,2025-01-30,2.79,7.17,2024-02-01,2.49,20.08,2023-02-02,2.39,25.1
00-306630,1.49,2025-01-30,2.29,-34.93,2024-01-25,2.39,-37.66,2021-12-09,1.69,-11.83
00-427144,2.65,2024-12-18,2.65,0.0,2024-01-12,2.49,6.43,2022-10-27,2.49,6.43
00-736914,1.19,2023-08-03,0.99,20.2,2023-08-03,0.99,20.2,2022-11-24,0.89,33.71
00-733025,3.69,2024-12-19,3.59,2.79,2023-12-05,3.79,-2.64,,,
00-273096,5.89,2023-06-13,5.99,-1.67,2023-06-13,5.99,-1.67,2022-05-25,5.49,7.29
00-799528,5.89,2025-01-19,5.59,5.37,,,,,,
00-523983,7.99,2025-01-01,6.99,14.31,,,,,,
00-317276,2.49,2024-12-25,2.19,13.7,2023-12-25,3.19,-21.94,2022-12-01,2.99,-16.72
00-560492,4.99,2024-10-10,4.99,0.0,2023-10-12,4.99,0.0,,,
00-701214,2.19,2025-01-24,2.19,0.0,2024-01-28,2.19,0.0,2023-02-04,1.79,22.35
00-966028,3.99,2024-01-12,3.99,0.0,2024-01-12,3.99,0.0,2022-11-24,3.99,0.0
00-44750,3.49,2025-01-30,2.32,50.43,2024-02-01,3.19,9.4,2022-11-21,2.99,16.72
00-576930,1.79,2025-01-01,1.99,-10.05,2023-12-31,1.69,5.92,2023-01-22,1.65,8.48
00-501984,2.99,2025-01-01,3.49,-14.33,2024-01-21,3.49,-14.33,2022-12-25,2.59,15.44
00-718188,3.32,2025-01-24,3.29,0.91,2023-10-09,2.47,34.41,,,
00-634069,2.99,2024-11-02,2.59,15.44,2022-09-01,2.29,30.57,2022-09-01,2.29,30.57
00-733923,2.99,2025-01-24,2.99,0.0,2024-01-19,2.99,0.0,,,
00-82529,4.19,2025-01-30,2.79,50.18,2024-02-01,4.19,0.0,2023-01-29,3.99,5.01
00-462060,1.79,2024-12-25,1.69,5.92,2023-12-25,1.69,5.92,2022-11-29,1.59,12.58
00-371138,3.09,2025-01-24,3.09,0.0,2024-01-19,2.89,6.92,,,
00-755107,3.59,2025-01-24,3.59,0.0,,,,,,
00-411480,1.32,2024-12-19,1.59,-16.98,2023-12-28,1.59,-16.98,2022-11-27,1.39,-5.04
00-826791,2.99,2024-04-25,2.99,0.0,2023-12-27,2.99,0.0,,,
00-371068,1.69,2024-05-08,1.65,2.42,2023-05-28,1.85,-8.65,2022-07-17,1.65,2.42
00-918285,43.9,2025-01-01,43.9,0.0,2023-12-31,43.9,0.0,2023-02-07,39.9,10.03
00-356844,9.99,2025-01-01,9.99,0.0,2023-12-31,9.99,0.0,2022-10-30,9.99,0.0
00-738455,0.85,2025-01-05,0.85,0.0,,,,,,
00-522855,2.29,2024-12-13,2.29,0.0,2023-06-13,2.29,0.0,2023-01-27,1.99,15.08
00-737266,0.49,2025-01-30,0.89,-44.94,,,,,,
00-496491,2.49,2025-01-24,3.99,-37.59,2024-01-19,3.99,-37.59,2023-01-29,3.29,-24.32
00-591824,3.19,2025-01-05,3.29,-3.04,2024-01-06,2.75,16.0,2023-02-07,3.29,-3.04
00-878303,3.39,2025-02-01,3.19,6.27,2024-02-01,3.39,0.0,2023-02-02,3.29,3.04
00-134946,1.39,2024-03-08,1.29,7.75,2023-12-07,1.29,7.75,2022-11-27,0.95,46.32
00-789769,13.99,2025-01-01,13.99,0.0,2023-12-31,13.99,0.0,2023-01-22,12.99,7.7
00-729929,2.99,2025-01-24,2.99,0.0,2024-01-19,2.99,0.0,,,
00-728644,24.49,2025-02-06,24.49,0.0,2024-02-01,19.19,27.62,2023-01-27,17.99,36.13
00-418961,2.47,2025-01-30,3.29,-24.92,2024-01-18,3.29,-24.92,2023-01-19,3.19,-22.57
00-928736,5.99,2025-01-24,5.99,0.0,2023-06-12,5.99,0.0,2022-10-19,4.49,33.41
00-947968,1.89,2024-12-13,1.89,0.0,2024-01-12,1.89,0.0,2023-02-07,1.79,5.59
00-519204,18.9,2024-06-21,16.9,11.83,2023-11-06,16.9,11.83,2022-11-09,14.9,26.85
00-426102,4.79,2025-01-24,4.79,0.0,2024-01-19,3.99,20.05,2023-01-17,4.79,0.0
00-932849,5.99,2023-07-10,5.99,0.0,2023-07-10,5.99,0.0,2022-04-23,5.99,0.0
00-448067,9.99,2025-01-01,9.99,0.0,2023-12-31,9.99,0.0,,,
00-734563,3.49,2023-11-21,3.49,0.0,2023-11-21,3.49,0.0,,,
00-960571,1.49,2023-12-07,1.99,-25.13,2023-12-07,1.99,-25.13,2023-02-02,2.19,-31.96
00-735145,2.79,2025-01-24,2.69,3.72,2024-01-19,2.69,3.72,,,
00-747345,3.99,2024-12-01,3.59,11.14,2023-12-07,2.99,33.44,2022-11-27,2.89,38.06
00-779261,3.19,2025-01-30,3.19,0.0,2024-02-01,2.12,50.47,2023-01-29,3.19,0.0
00-427178,1.79,2025-01-24,1.79,0.0,2024-02-05,1.79,0.0,2023-01-12,1.27,40.94
00-180661,2.49,2024-11-07,3.49,-28.65,2023-09-14,3.49,-28.65,2022-12-19,3.49,-28.65
00-876393,4.19,2024-11-12,4.19,0.0,2024-01-18,4.19,0.0,2022-12-23,3.29,27.36
00-741254,25.99,2024-12-25,25.99,0.0,2024-01-30,25.99,0.0,,,
00-3518,3.59,2024-12-01,3.19,12.54,2023-12-07,3.19,12.54,2022-12-06,2.49,44.18
00-477937,2.99,2025-01-16,3.69,-18.97,2024-01-18,3.69,-18.97,2023-01-12,3.39,-11.8
00-283629,2.49,2023-01-19,2.39,4.18,2023-01-19,2.39,4.18,2023-01-19,2.39,4.18
00-912362,3.19,2023-12-01,3.19,0.0,2023-12-01,3.19,0.0,,,
00-747393,3.79,2025-01-30,2.49,52.21,,,,,,
00-317530,4.59,2025-01-24,4.59,0.0,2024-01-19,4.59,0.0,2023-02-07,4.49,2.23
00-757284,2.79,2024-09-03,2.89,-3.46,,,,,,
00-417647,1.99,2025-01-28,2.09,-4.78,2024-01-19,1.99,0.0,2023-01-17,1.79,11.17
00-433006,2.99,2025-01-08,2.99,0.0,2024-01-15,1.79,67.04,2022-11-27,2.19,36.53
00-471210,11.99,2025-01-01,11.99,0.0,2023-12-31,11.99,0.0,2023-01-22,11.99,0.0
00-472568,2.99,2025-01-24,2.99,0.0,2024-01-19,2.99,0.0,2022-06-07,2.69,11.15
00-782691,4.99,2025-02-06,4.99,0.0,,,,,,
00-324804,16.9,2025-02-02,20.9,-19.14,2023-12-24,20.9,-19.14,2022-11-21,20.9,-19.14
00-346359,4.99,2024-12-05,4.79,4.18,2024-01-25,4.79,4.18,,,
00-336193,5.99,2025-01-24,6.39,-6.26,2024-01-19,6.49,-7.7,,,
00-427495,15.99,2025-01-23,11.99,33.36,2024-01-21,10.99,45.5,2023-01-19,11.59,37.96
00-415489,17.99,2025-01-16,17.99,0.0,2024-01-22,17.99,0.0,2023-01-19,16.49,9.1
00-588988,3.29,2025-02-02,2.59,27.03,2023-05-31,2.29,43.67,2022-11-17,2.19,50.23
00-344261,2.49,2025-02-01,2.49,0.0,2024-02-01,2.49,0.0,2023-01-17,2.49,0.0
00-317730,1.19,2025-01-24,1.19,0.0,2024-01-19,1.19,0.0,2023-02-07,0.99,20.2
00-317823,4.49,2024-10-26,2.99,50.17,2024-01-12,2.99,50.17,2023-02-07,2.99,50.17
00-863383,4.99,2023-12-07,5.79,-13.82,2023-12-07,5.79,-13.82,2022-12-08,5.49,-9.11
00-405996,0.79,2025-02-01,0.65,21.54,2023-10-21,0.73,8.22,2022-10-18,0.69,14.49
00-469409,13.99,2025-01-09,13.99,0.0,2024-01-19,12.99,7.7,2023-01-25,12.99,7.7
00-727877,3.12,2024-11-17,4.69,-33.48,2024-01-11,4.69,-33.48,,,
00-400549,3.19,2024-02-25,2.99,6.69,2023-11-12,2.99,6.69,2022-12-28,3.19,0.0
00-727454,2.49,2025-01-21,2.49,0.0,,,,,,
00-896691,1.99,2025-01-30,1.99,0.0,2024-02-01,1.99,0.0,2022-10-13,1.79,11.17
00-938360,9.99,2024-12-12,9.99,0.0,2023-12-07,9.99,0.0,2023-02-04,9.99,0.0
00-515773,3.5,2025-01-01,4.99,-29.86,2024-02-01,6.99,-49.93,2023-02-02,6.49,-46.07
00-700759,2.29,2024-05-13,2.29,0.0,2023-10-05,2.29,0.0,,,
00-406437,2.99,2025-01-16,2.99,0.0,2024-01-18,2.79,7.17,2023-01-19,2.49,20.08
00-412404,3.99,2025-02-01,3.79,5.28,2024-01-18,2.59,54.05,2023-02-02,2.19,82.19
00-501105,6.99,2025-01-01,6.99,0.0,2023-12-31,6.99,0.0,2023-01-22,6.99,0.0
00-867166,14.99,2025-01-26,16.99,-11.77,2024-01-28,15.99,-6.25,2023-01-01,11.79,27.14
00-410928,2.19,2025-01-24,1.99,10.05,2024-01-12,1.99,10.05,2022-12-15,1.79,22.35
00-860434,2.19,2025-01-16,1.99,10.05,2024-02-01,1.79,22.35,2023-02-02,1.79,22.35
00-473969,3.49,2025-01-24,3.19,9.4,2024-01-19,3.19,9.4,2023-01-17,2.69,29.74
00-939563,3.99,2025-01-24,4.29,-6.99,2024-01-11,3.22,23.91,2023-01-07,4.19,-4.77
00-739223,2.99,2025-01-24,2.99,0.0,,,,,,
00-502671,1.49,2025-01-30,1.99,-25.13,2024-02-01,1.99,-25.13,2023-02-02,2.49,-40.16
00-838343,4.99,2024-12-01,4.39,13.67,2024-01-10,3.79,31.66,2022-12-16,3.49,42.98
00-169516,2.19,2023-10-01,2.19,0.0,2023-10-01,2.19,0.0,2022-12-07,1.99,10.05
00-489338,3.69,2024-11-07,3.69,0.0,2024-01-12,3.59,2.79,2022-10-20,3.39,8.85
00-854555,2.19,2024-02-25,2.19,0.0,2023-11-12,2.19,0.0,2022-11-13,1.99,10.05
00-758842,3.99,2025-01-24,3.79,5.28,2023-12-07,3.49,14.33,2022-12-03,3.39,17.7
00-752488,3.29,2025-01-24,3.29,0.0,,,,,,
00-598393,3.99,2025-02-02,4.89,-18.4,2023-12-27,4.89,-18.4,2022-12-07,4.99,-20.04
00-913888,1.49,2025-01-01,1.49,0.0,2023-12-31,1.49,0.0,2023-01-26,1.49,0.0
00-902687,9.99,2025-01-09,9.99,0.0,2024-01-19,11.99,-16.68,2023-01-22,9.99,0.0
00-393316,1.29,2025-01-24,1.29,0.0,2024-01-19,1.29,0.0,2023-02-07,1.19,8.4
00-702115,2.99,2024-12-25,2.99,0.0,2023-12-25,2.99,0.0,2022-07-28,2.89,3.46
00-360966,4.99,2025-01-30,4.89,2.04,2024-01-21,4.49,11.14,2023-02-02,4.49,11.14
00-719284,4.99,2024-10-10,4.99,0.0,2023-10-12,4.99,0.0,,,
00-302720,1.34,2024-08-29,1.59,-15.72,2023-12-24,1.59,-15.72,2023-02-02,1.59,-15.72
00-725736,3.39,2025-02-01,3.19,6.27,2024-02-01,3.39,0.0,2023-02-02,3.29,3.04
00-911425,1.89,2025-01-30,1.69,11.83,2024-02-01,1.59,18.87,2023-02-02,1.59,18.87
00-900402,2.99,2025-01-16,3.69,-18.97,2024-01-18,3.69,-18.97,2023-01-12,3.39,-11.8
00-743357,19.49,2024-12-25,18.99,2.63,,,,,,
00-479755,5.49,2025-01-16,5.19,5.78,2024-01-18,4.99,10.02,2023-01-20,4.49,22.27
00-734147,9.99,2024-03-31,9.99,0.0,,,,,,
00-416078,3.99,2025-01-01,3.99,0.0,2023-12-31,3.99,0.0,2023-01-07,3.99,0.0
00-513946,1.29,2025-01-24,1.29,0.0,2024-01-19,1.29,0.0,2023-01-17,1.29,0.0
00-419930,1.39,2024-12-13,1.39,0.0,2024-01-12,1.29,7.75,2023-02-07,1.29,7.75
00-256463,2.29,2025-02-02,2.29,0.0,2024-02-01,2.29,0.0,2023-02-07,2.19,4.57
00-446972,1.39,2025-01-24,1.39,0.0,2024-01-19,1.39,0.0,2023-02-07,1.29,7.75
00-428926,3.59,2024-12-18,4.19,-14.32,2024-01-04,2.59,38.61,,,
00-908278,1.87,2025-01-30,2.49,-24.9,2023-07-24,2.39,-21.76,2023-02-01,2.29,-18.34
00-825021,16.99,2025-01-01,16.99,0.0,,,,,,
00-860939,5.89,2023-06-13,5.99,-1.67,2023-06-13,5.99,-1.67,2022-05-25,5.49,7.29
00-411053,3.29,2023-11-30,3.49,-5.73,2023-11-30,3.49,-5.73,,,
00-412839,3.19,2023-06-21,3.19,0.0,2023-06-21,3.19,0.0,,,
00-448785,16.99,2024-12-01,11.99,41.7,2023-12-24,11.99,41.7,,,
00-625068,2.19,2024-12-13,2.19,0.0,2023-12-15,1.99,10.05,2023-02-07,1.89,15.87
00-303016,4.49,2024-12-01,3.99,12.53,2023-12-07,3.69,21.68,,,
00-255502,2.19,2025-01-24,2.19,0.0,2024-01-19,2.19,0.0,2023-02-07,2.19,0.0
00-406302,3.99,2025-01-30,2.66,50.0,2024-01-18,3.99,0.0,2023-01-29,3.79,5.28
00-10351,1.86,2025-01-30,1.72,8.14,2024-02-01,1.52,22.37,2023-02-02,1.49,24.83
00-870777,8.49,2025-01-01,8.49,0.0,2024-01-24,8.49,0.0,2023-01-22,7.99,6.26
00-737553,3.69,2025-01-30,2.49,48.19,,,,,,
00-311437,2.69,2024-12-25,2.69,0.0,2023-12-28,2.69,0.0,2023-01-19,2.29,17.47
00-2062,1.76,2025-02-06,1.7,3.53,2024-02-01,1.7,3.53,2023-02-02,1.7,3.53
00-823661,3.49,2025-01-01,3.49,0.0,2024-01-11,3.69,-5.42,2023-02-02,3.29,6.08
00-898203,2.79,2025-02-01,2.89,-3.46,2024-02-01,2.89,-3.46,2023-01-17,2.59,7.72
00-400040,1.29,2024-04-30,1.49,-13.42,,,,,,
00-405585,2.99,2025-01-24,2.99,0.0,2024-01-19,2.49,20.08,2023-01-17,2.99,0.0
00-417723,4.79,2025-01-24,4.19,14.32,2024-01-19,4.79,0.0,2022-05-24,4.39,9.11
00-17013,1.99,2025-01-30,1.49,33.56,2024-02-01,1.49,33.56,2023-02-02,1.49,33.56
00-409468,2.09,2024-08-14,2.59,-19.31,2023-05-13,2.49,-16.06,2022-12-01,2.49,-16.06
00-506427,1.49,2025-01-24,1.49,0.0,2024-01-19,1.48,0.68,2023-02-02,1.89,-21.16
00-411502,4.39,2025-01-16,4.29,2.33,2024-01-12,4.29,2.33,2022-12-19,3.99,10.03
00-402465,29.9,2025-01-01,39.9,-25.06,2023-12-31,39.9,-25.06,2023-01-01,34.9,-14.33
00-310350,2.99,2025-01-24,2.99,0.0,2024-02-01,1.99,50.25,2023-01-01,2.99,0.0
00-741915,3.49,2025-01-30,3.49,0.0,,,,,,
00-466448,2.99,2024-02-15,2.49,20.08,2023-12-27,3.99,-25.06,2023-02-02,2.69,11.15
00-749529,4.99,2024-12-25,4.99,0.0,,,,,,
00-286886,7.99,2024-10-06,7.49,6.68,,,,,,
00-900037,4.29,2024-02-25,4.29,0.0,2023-11-12,4.29,0.0,2022-11-13,3.79,13.19
00-439465,3.99,2025-01-30,3.99,0.0,2024-02-01,3.69,8.13,2023-02-02,2.99,33.44
00-860436,2.19,2025-01-16,1.99,10.05,2024-02-01,1.79,22.35,2023-02-02,1.79,22.35
00-887727,2.19,2025-01-24,2.49,-12.05,2024-01-19,2.49,-12.05,2023-01-17,2.29,-4.37
00-18614,5.69,2024-12-01,4.99,14.03,2023-12-07,4.29,32.63,2022-12-19,4.19,35.8
00-284793,5.99,2025-01-19,5.49,9.11,2024-01-21,5.39,11.13,2022-12-19,5.19,15.41
00-730196,4.19,2025-01-24,4.19,0.0,2024-02-06,3.99,5.01,,,
00-386019,1.79,2023-11-30,1.79,0.0,2023-11-30,1.79,0.0,,,
00-715903,2.99,2024-12-01,2.99,0.0,,,,,,
00-855380,1.49,2023-05-13,1.49,0.0,2023-05-13,1.49,0.0,2023-02-02,0.79,88.61
00-353059,5.79,2025-01-30,5.79,0.0,2024-02-01,5.79,0.0,2023-02-04,5.39,7.42
00-377843,27.6,2025-01-24,27.6,0.0,,,,,,
00-783364,2.59,2024-12-19,2.59,0.0,2023-11-23,2.39,8.37,2022-11-13,2.19,18.26
00-495086,12.49,2025-01-01,12.49,0.0,2024-01-31,12.49,0.0,2023-01-22,11.99,4.17
00-614255,2.79,2025-01-24,2.99,-6.69,2017-05-05,2.99,-6.69,2017-05-05,2.99,-6.69
00-886976,1.79,2024-10-18,1.79,0.0,2023-10-24,1.59,12.58,2022-12-14,1.49,20.13
00-608238,39.99,2025-01-01,36.99,8.11,2023-12-31,36.99,8.11,2023-01-01,29.99,33.34
00-940055,2.89,2025-01-24,2.89,0.0,2023-10-21,2.89,0.0,2023-01-21,2.79,3.58
00-731770,3.69,2025-01-30,2.49,48.19,,,,,,
00-726801,1.19,2025-01-30,1.19,0.0,,,,,,
00-768165,2.99,2025-01-24,2.99,0.0,,,,,,
00-854612,2.09,2025-01-30,1.99,5.03,2024-02-01,1.89,10.58,2023-01-19,1.59,31.45
00-803941,4.59,2023-12-27,3.39,35.4,2023-12-27,3.39,35.4,2023-01-19,2.69,70.63
00-410554,1.99,2025-01-26,1.99,0.0,2024-01-28,1.79,11.17,2022-11-29,1.49,33.56
00-438593,4.49,2025-01-30,2.79,60.93,2024-02-01,1.89,137.57,2023-02-02,1.79,150.84
00-822352,2.99,2025-01-02,2.99,0.0,2024-01-15,2.79,7.17,2022-12-15,2.49,20.08
00-795023,1.59,2025-01-24,1.49,6.71,2023-10-21,1.49,6.71,2023-02-03,0.99,60.61
00-515792,1.89,2025-01-30,1.69,11.83,2024-02-01,1.59,18.87,2023-02-02,1.59,18.87
00-422246,2.99,2024-11-08,3.99,-25.06,2024-01-18,3.99,-25.06,2022-11-27,3.99,-25.06
00-705631,3.99,2025-01-30,3.99,0.0,2024-02-01,3.69,8.13,2023-02-02,2.99,33.44
00-954616,8.99,2024-02-25,8.49,5.89,2023-12-07,8.49,5.89,2022-11-29,8.29,8.44
00-722562,4.49,2025-02-06,3.99,12.53,2024-01-25,4.49,0.0,,,
00-3111,2.99,2025-01-02,2.99,0.0,2024-01-15,2.79,7.17,2022-12-23,2.49,20.08
00-735499,3.59,2024-11-22,3.59,0.0,2023-12-07,3.55,1.13,,,
00-723484,2.69,2025-01-30,2.69,0.0,2024-02-01,2.49,8.03,,,
00-495873,4.79,2024-12-25,4.99,-4.01,2023-12-25,4.99,-4.01,2022-11-20,3.99,20.05
00-303107,0.69,2025-01-02,1.79,-61.45,2024-01-15,2.79,-75.27,2023-01-02,2.49,-72.29
00-755984,2.79,2025-02-04,2.79,0.0,,,,,,
00-428566,3.99,2025-01-24,3.99,0.0,2023-10-21,3.99,0.0,2022-03-31,2.39,66.95
00-927494,8.49,2025-01-24,8.49,0.0,2024-01-19,8.49,0.0,,,
00-736232,3.19,2023-12-05,3.19,0.0,2023-12-05,3.19,0.0,,,
00-618704,2.49,2025-01-30,2.49,0.0,2024-01-05,2.29,8.73,2023-01-05,2.19,13.7
00-400856,2.49,2024-06-20,2.49,0.0,2023-12-27,2.49,0.0,2022-12-09,2.19,13.7
00-473572,12.99,2025-01-30,12.49,4.0,2024-01-18,11.99,8.34,2023-01-22,10.99,18.2
00-250366,2.99,2025-01-24,2.79,7.17,2024-01-19,2.39,25.1,,,
00-722245,2.99,2025-01-01,2.99,0.0,,,,,,
00-382085,3.69,2024-12-19,3.59,2.79,2024-01-18,3.79,-2.64,2023-02-02,2.79,32.26
00-727526,0.99,2025-01-24,0.99,0.0,,,,,,
00-699888,1.99,2025-01-30,2.19,-9.13,2024-02-01,1.99,0.0,2023-02-02,1.69,17.75
00-741522,0.89,2025-01-24,0.89,0.0,,,,,,
00-336824,3.39,2025-01-24,3.29,3.04,2023-05-17,3.29,3.04,2023-01-12,3.29,3.04
00-832282,3.49,2025-01-16,3.39,2.95,2024-02-01,3.39,2.95,2022-12-19,2.99,16.72
00-426272,1.79,2024-03-05,2.39,-25.1,,,,,,
00-723725,3.89,2025-01-24,3.89,0.0,2024-01-19,3.69,5.42,,,
00-2086,10.49,2025-01-26,9.99,5.01,2024-01-28,9.99,5.01,2023-01-17,10.99,-4.55
00-342818,3.99,2024-10-13,3.69,8.13,2023-10-21,3.99,0.0,2023-01-26,3.99,0.0
00-825488,5.99,2024-12-05,4.99,20.04,2023-12-07,4.29,39.63,2022-12-21,3.69,62.33
00-835730,3.49,2025-01-24,3.49,0.0,2024-01-19,3.49,0.0,2023-01-17,2.99,16.72
00-3445,5.99,2024-11-21,6.39,-6.26,2023-09-28,6.39,-6.26,2023-01-09,5.99,0.0
00-113555,1.99,2023-06-19,1.89,5.29,2023-06-19,1.89,5.29,2021-10-21,1.79,11.17
00-733870,1.99,2025-02-01,1.99,0.0,2024-02-01,1.99,0.0,,,
00-416414,1.29,2025-01-30,1.89,-31.75,2024-01-18,1.89,-31.75,2023-01-05,1.79,-27.93
00-719354,1.69,2024-09-26,1.49,13.42,2023-12-19,1.29,31.01,,,
00-876102,5.99,2023-11-12,5.59,7.16,2023-11-12,5.59,7.16,2022-11-13,5.49,9.11
00-317603,2.59,2025-01-24,2.59,0.0,2024-01-19,2.59,0.0,2023-02-07,2.49,4.02
00-180703,2.49,2024-11-07,3.49,-28.65,2023-09-14,3.49,-28.65,2022-12-19,3.49,-28.65
00-581846,3.39,2025-01-24,3.39,0.0,2024-02-01,3.39,0.0,,,
00-346356,4.99,2024-12-05,4.79,4.18,2024-01-25,4.79,4.18,,,
00-407828,2.19,2025-01-24,2.19,0.0,2023-12-07,2.19,0.0,2022-11-27,1.79,22.35
00-442675,3.99,2025-01-24,3.99,0.0,2023-12-25,3.99,0.0,2023-01-29,3.49,14.33
00-671253,1.39,2024-04-18,1.39,0.0,2024-01-01,1.49,-6.71,2022-12-15,1.39,0.0
00-12260,1.19,2022-12-07,1.39,-14.39,2022-12-07,1.39,-14.39,2022-12-07,1.39,-14.39
00-243648,2.99,2025-01-16,2.99,0.0,2024-01-18,2.79,7.17,2023-01-20,2.49,20.08
00-418397,2.99,2025-01-16,2.99,0.0,2024-01-18,2.79,7.17,2023-01-19,2.49,20.08
00-746455,0.99,2024-10-29,0.99,0.0,2023-11-03,0.89,11.24,2022-12-01,0.95,4.21
00-788650,5.99,2024-12-19,4.99,20.04,2023-12-28,3.79,58.05,2021-12-02,2.99,100.33
00-748294,2.49,2025-02-04,2.49,0.0,,,,,,
00-723236,0.99,2024-12-17,1.29,-23.26,2024-01-18,0.99,0.0,,,
00-700189,4.29,2025-01-24,4.29,0.0,2024-01-19,4.29,0.0,2023-01-17,4.29,0.0
00-505146,2.99,2025-01-16,2.99,0.0,2024-01-18,2.99,0.0,2023-02-02,2.99,0.0
00-706736,4.49,2025-01-24,4.49,0.0,2024-01-19,4.49,0.0,,,
00-266836,2.47,2023-10-24,3.29,-24.92,2023-10-24,3.29,-24.92,,,
00-811251,3.79,2024-12-05,3.49,8.6,2023-10-21,3.49,8.6,2022-07-27,2.99,26.76
00-243007,1.99,2025-01-24,1.99,0.0,2024-01-28,1.99,0.0,2023-01-17,1.79,11.17
00-341785,4.79,2025-01-19,4.69,2.13,2024-02-01,4.59,4.36,2023-02-07,3.99,20.05
00-3881,3.99,2025-01-30,3.99,0.0,2024-02-01,3.69,8.13,2023-02-02,2.99,33.44
00-491072,12.99,2025-01-01,12.99,0.0,2023-12-31,12.99,0.0,,,
00-519041,2.99,2024-01-19,2.99,0.0,2024-01-19,2.99,0.0,,,
00-302965,4.49,2024-12-01,3.99,12.53,2023-12-07,3.69,21.68,,,
00-717574,2.47,2025-02-06,3.29,-24.92,2023-11-30,3.29,-24.92,,,
00-702583,4.19,2025-01-30,2.79,50.18,2024-02-01,4.19,0.0,2017-06-29,2.99,40.13
00-325271,2.66,2023-06-14,3.99,-33.33,2023-06-14,3.99,-33.33,2022-12-15,5.29,-49.72
00-407123,2.24,2023-06-14,2.89,-22.49,2023-06-14,2.89,-22.49,2022-09-19,2.69,-16.73
00-717076,2.99,2025-01-24,2.99,0.0,2024-01-19,3.19,-6.27,,,
00-44747,1.99,2024-10-10,1.89,5.29,2023-10-25,1.79,11.17,2022-11-24,1.49,33.56
00-728648,4.99,2024-12-19,4.99,0.0,2024-02-01,4.79,4.18,,,
00-408645,0.89,2024-11-07,0.89,0.0,2023-11-09,0.89,0.0,2022-12-07,0.79,12.66
00-755952,3.99,2025-01-24,3.99,0.0,,,,,,
00-764711,2.69,2024-12-13,2.69,0.0,2023-12-15,2.59,3.86,,,
00-728142,1.89,2025-01-24,1.89,0.0,,,,,,
00-679187,29.99,2025-01-19,27.99,7.15,2024-01-21,22.99,30.45,2022-12-11,20.99,42.88
00-522115,7.99,2025-01-26,7.99,0.0,2024-01-28,7.99,0.0,2023-02-07,7.99,0.0
00-276532,1.29,2025-01-30,1.89,-31.75,2024-01-18,1.89,-31.75,2023-01-05,1.79,-27.93
00-317654,1.99,2025-01-24,1.99,0.0,2023-12-15,1.99,0.0,2023-02-07,1.79,11.17
00-462207,3.99,2025-01-01,3.99,0.0,2023-12-31,3.49,14.33,2023-01-22,3.49,14.33
00-747613,3.29,2025-01-21,3.29,0.0,,,,,,
00-846484,1.29,2025-02-06,0.99,30.3,2024-01-25,0.99,30.3,2023-02-07,1.15,12.17
00-251178,5.99,2025-01-24,5.99,0.0,2024-01-19,5.99,0.0,,,
00-764648,2.29,2025-02-02,2.29,0.0,2024-02-01,2.29,0.0,2023-02-03,1.64,39.63
00-433751,2.19,2025-01-24,2.19,0.0,2024-01-19,2.19,0.0,2023-01-17,1.99,10.05
00-764291,2.99,2025-01-24,3.19,-6.27,,,,,,
00-596711,4.59,2025-01-30,4.45,3.15,2024-01-12,4.19,9.55,2022-07-28,3.99,15.04
00-520260,4.99,2022-12-23,4.99,0.0,2022-12-23,4.99,0.0,2022-12-23,4.99,0.0
00-409667,2.49,2025-01-31,3.19,-21.94,2023-06-29,2.49,0.0,2022-12-07,2.19,13.7
00-295681,1.49,2025-01-24,1.49,0.0,2024-01-19,1.49,0.0,2023-02-04,0.97,53.61
00-489963,4.99,2025-01-30,4.89,2.04,2024-01-21,4.49,11.14,,,
00-648491,12.49,2025-01-19,10.49,19.07,2024-01-21,8.19,52.5,2023-02-07,7.99,56.32
00-411760,3.69,2025-02-02,3.59,2.79,2023-11-23,3.49,5.73,2023-02-07,2.99,23.41
00-501770,1.29,2025-02-06,0.99,30.3,2024-01-11,1.29,0.0,2022-12-23,1.29,0.0
00-454220,9.49,2025-01-26,10.79,-12.05,2024-01-28,10.79,-12.05,2022-12-07,7.49,26.7
00-722472,4.59,2025-01-16,4.59,0.0,2024-01-11,4.59,0.0,,,
00-791123,3.79,2025-01-30,2.49,52.21,2024-01-21,3.39,11.8,2023-01-19,2.99,26.76
00-442039,2.19,2024-12-05,2.59,-15.44,2023-12-07,2.29,-4.37,2022-11-27,2.29,-4.37
00-450991,1.72,2025-01-24,2.29,-24.89,2024-01-19,2.29,-24.89,,,
00-407775,4.29,2025-01-24,3.99,7.52,2024-02-01,3.49,22.92,2023-02-02,2.89,48.44
00-696598,1.45,2024-12-25,1.39,4.32,2023-12-25,1.39,4.32,2023-01-29,1.39,4.32
00-728605,0.99,2025-01-24,0.99,0.0,2024-01-19,0.99,0.0,,,
00-409271,2.99,2025-01-27,2.99,0.0,2024-01-18,2.79,7.17,2023-01-19,2.49,20.08
00-716803,0.5,2025-01-19,0.5,0.0,2024-01-21,1.0,-50.0,,,
00-473513,3.29,2025-02-01,3.29,0.0,2024-02-01,3.19,3.13,2023-01-24,3.19,3.13
00-626410,2.49,2025-02-02,2.49,0.0,2023-12-24,2.49,0.0,2022-12-01,1.99,25.13
00-315404,3.99,2024-12-25,2.99,33.44,2023-12-25,2.19,82.19,2022-11-20,2.19,82.19
00-414204,16.99,2025-01-19,15.49,9.68,2024-01-21,11.49,47.87,2023-01-19,10.49,61.96
00-401719,4.99,2025-01-16,4.79,4.18,2024-01-18,3.49,42.98,2022-12-16,3.19,56.43
00-717338,2.89,2025-02-06,1.99,45.23,2024-01-18,2.79,3.58,,,
00-700533,5.99,2025-02-06,3.99,50.13,,,,,,
00-805811,1.89,2024-09-20,1.99,-5.03,2023-12-27,1.89,0.0,2023-02-01,1.85,2.16
00-944586,2.59,2025-01-16,2.59,0.0,2024-01-11,2.59,0.0,2023-02-04,2.39,8.37
00-337640,2.99,2025-01-24,2.99,0.0,2024-01-19,2.79,7.17,,,
00-743308,2.99,2025-01-01,2.99,0.0,,,,,,
00-610686,2.49,2025-01-30,2.49,0.0,2024-01-05,2.39,4.18,2023-01-05,2.19,13.7
00-724892,1.49,2025-01-24,1.49,0.0,,,,,,
00-443875,1.79,2025-02-04,1.69,5.92,2024-01-06,1.49,20.13,2023-02-07,1.49,20.13
00-495162,5.19,2025-01-26,4.79,8.35,2024-02-01,4.79,8.35,2023-01-29,4.49,15.59
00-394445,16.99,2025-02-06,16.99,0.0,2023-12-31,15.49,9.68,,,
00-338329,3.59,2024-12-19,3.59,0.0,2023-11-09,3.59,0.0,2023-02-02,3.59,0.0
00-587115,19.99,2025-01-01,19.99,0.0,2023-12-31,19.99,0.0,,,
00-83956,1.39,2024-11-21,1.29,7.75,2023-11-30,1.29,7.75,2022-12-07,1.19,16.81
00-251120,2.99,2025-02-01,2.99,0.0,2024-02-01,2.99,0.0,2023-01-17,2.99,0.0
00-446318,8.99,2025-01-01,8.99,0.0,2024-01-25,9.49,-5.27,2023-01-22,8.99,0.0
00-418307,4.79,2025-01-30,4.69,2.13,2024-02-01,3.49,37.25,2022-12-19,4.19,14.32
00-739222,2.79,2025-01-24,2.89,-3.46,,,,,,
00-938043,2.29,2024-10-26,2.29,0.0,2024-01-12,2.29,0.0,2022-11-27,1.99,15.08
00-384264,4.99,2025-01-24,4.99,0.0,2024-01-18,4.99,0.0,,,
00-384027,1.39,2024-11-21,1.39,0.0,2024-01-25,1.39,0.0,2023-02-02,1.09,27.52
00-318251,1.29,2024-02-25,1.29,0.0,2023-11-12,1.29,0.0,2022-11-13,1.29,0.0
00-421105,4.99,2025-01-24,4.99,0.0,2024-01-19,4.99,0.0,2022-10-06,4.39,13.67
00-741766,3.99,2023-08-17,4.39,-9.11,2023-08-17,4.39,-9.11,2023-02-02,2.99,33.44
00-732124,3.99,2025-01-30,6.19,-35.54,2024-02-01,5.99,-33.39,,,
00-400800,1.29,2024-12-19,1.89,-31.75,2023-12-31,1.79,-27.93,2023-01-05,1.79,-27.93
00-490018,7.99,2025-01-30,7.99,0.0,2024-02-01,7.99,0.0,2023-02-02,7.99,0.0
00-451311,2.39,2025-01-05,2.39,0.0,2024-01-06,2.39,0.0,2023-02-07,2.39,0.0
00-254584,1.99,2024-12-01,1.99,0.0,2024-01-11,1.99,0.0,,,
00-360203,3.99,2025-02-02,4.89,-18.4,2023-12-27,4.89,-18.4,2022-12-07,4.99,-20.04
00-301436,1.29,2024-12-13,1.29,0.0,2024-01-12,1.29,0.0,2023-02-07,1.39,-7.19
00-578433,4.99,2025-01-30,4.89,2.04,2024-01-21,4.49,11.14,,,
00-393334,16.99,2025-01-01,16.99,0.0,2023-12-31,12.99,30.79,2023-02-04,12.99,30.79
00-723561,1.69,2025-01-24,1.69,0.0,2023-06-13,1.69,0.0,,,
00-728969,18.9,2024-12-25,22.9,-17.47,,,,,,
00-741484,1.49,2025-01-30,1.19,25.21,2023-12-25,1.49,0.0,2022-11-29,1.49,0.0
00-284797,5.99,2025-01-19,5.49,9.11,2024-01-21,5.39,11.13,2023-01-19,5.19,15.41
00-634286,1.19,2024-12-13,1.19,0.0,2023-12-15,1.19,0.0,2022-05-20,1.19,0.0
00-728880,2.99,2025-01-24,2.99,0.0,,,,,,
00-439491,3.99,2024-10-13,3.29,21.28,2023-10-21,3.29,21.28,2022-12-16,3.29,21.28
00-778677,59.9,2025-01-01,47.9,25.05,2023-12-31,47.9,25.05,2023-01-01,47.99,24.82
00-398158,3.39,2024-01-19,3.39,0.0,2024-01-19,3.39,0.0,2023-01-17,3.19,6.27
00-717722,6.99,2024-11-17,6.99,0.0,2023-12-27,7.29,-4.12,,,
00-9713,3.29,2025-01-30,3.29,0.0,2024-02-01,3.29,0.0,2023-02-02,3.29,0.0
00-578794,1.99,2025-01-24,2.49,-20.08,2024-01-19,2.49,-20.08,2023-02-02,2.99,-33.44
00-541153,4.79,2025-01-19,4.69,2.13,2024-02-01,4.59,4.36,2023-02-07,3.99,20.05
00-496521,7.49,2024-02-25,7.49,0.0,2023-11-12,7.49,0.0,2022-11-13,6.49,15.41
00-469828,3.19,2025-01-24,3.19,0.0,2024-01-19,3.19,0.0,2023-01-17,3.25,-1.85
00-747463,2.49,2025-01-24,2.49,0.0,,,,,,
00-502031,5.09,2024-10-13,5.09,0.0,2023-11-21,5.09,0.0,,,
00-791063,4.79,2025-01-19,4.69,2.13,2024-02-01,4.59,4.36,2023-02-07,3.99,20.05
00-751866,1.39,2023-06-21,1.39,0.0,2023-06-21,1.39,0.0,2022-12-16,1.29,7.75
00-704982,2.79,2025-01-30,1.86,50.0,2024-02-01,1.79,55.87,,,
00-568477,0.99,2024-11-07,0.99,0.0,2023-11-09,0.99,0.0,,,
00-367884,2.89,2025-02-06,2.79,3.58,2024-01-02,2.59,11.58,2023-01-19,2.45,17.96
00-297553,2.39,2025-01-30,2.19,9.13,2023-11-30,2.19,9.13,,,
00-937953,20.99,2025-01-19,24.99,-16.01,2024-01-21,18.79,11.71,2022-12-11,17.99,16.68
00-443846,4.49,2025-01-24,4.49,0.0,2024-01-06,4.49,0.0,2023-02-07,3.35,34.03
00-302975,6.99,2025-01-01,6.99,0.0,2023-12-31,6.49,7.7,2023-02-02,6.49,7.7
00-565149,1.99,2025-01-26,1.69,17.75,2024-01-28,1.69,17.75,2023-01-29,1.59,25.16
00-578468,12.99,2025-01-01,12.99,0.0,2024-01-27,13.99,-7.15,,,
00-737623,3.69,2025-01-30,3.19,15.67,2024-02-01,3.99,-7.52,,,
00-464801,3.49,2025-01-24,4.49,-22.27,2024-01-19,4.19,-16.71,2022-10-16,3.99,-12.53
00-700872,2.99,2025-01-24,2.99,0.0,2024-01-12,2.79,7.17,2022-11-14,2.59,15.44
00-461882,7.99,2025-01-01,7.99,0.0,2023-12-31,7.99,0.0,2023-01-22,7.99,0.0
00-339418,1.79,2025-01-24,1.79,0.0,2024-01-19,1.49,20.13,2023-01-17,0.99,80.81
00-703306,2.99,2025-01-26,2.99,0.0,2024-01-28,2.79,7.17,,,
00-703447,2.19,2024-12-25,2.19,0.0,,,,,,
00-733839,2.49,2024-11-12,1.99,25.13,,,,,,
00-379743,3.29,2025-01-19,3.29,0.0,2024-01-21,3.29,0.0,2023-02-07,3.19,3.13
00-892458,4.99,2025-01-19,4.89,2.04,2024-01-21,4.89,2.04,2022-12-11,4.69,6.4
00-341830,4.79,2025-01-19,4.69,2.13,2024-02-01,4.59,4.36,2023-02-07,3.99,20.05
00-488723,1.79,2025-01-24,1.79,0.0,2024-01-19,1.79,0.0,2023-02-07,1.69,5.92
00-412350,2.99,2025-01-24,2.79,7.17,2024-01-12,2.99,0.0,2023-01-01,2.79,7.17
00-403059,7.99,2025-01-01,7.99,0.0,,,,,,
00-410755,3.29,2025-01-28,3.19,3.13,2024-01-23,2.99,10.03,2023-01-31,2.49,32.13
00-819315,1.99,2024-12-01,1.99,0.0,2023-12-07,1.99,0.0,2022-12-20,1.99,0.0
00-775381,2.47,2025-01-30,3.29,-24.92,2024-01-18,3.29,-24.92,2023-01-19,3.19,-22.57
00-323898,46.9,2025-01-01,46.9,0.0,,,,,,
00-334638,9.49,2025-01-01,9.49,0.0,2023-12-31,9.49,0.0,2023-01-22,8.99,5.56
00-6189,1.49,2025-01-24,1.49,0.0,2024-01-19,1.49,0.0,2023-01-26,1.49,0.0
00-402620,3.29,2024-11-24,2.24,46.87,2023-11-08,2.99,10.03,,,
00-89316,2.29,2024-11-28,2.29,0.0,2023-12-12,2.29,0.0,2023-01-24,1.79,27.93
00-715233,0.89,2025-01-05,0.89,0.0,2024-01-06,0.89,0.0,,,
00-657377,3.19,2024-02-25,3.19,0.0,2023-11-12,3.19,0.0,2022-11-13,3.19,0.0
00-753424,2.49,2025-02-02,2.49,0.0,,,,,,
00-953799,2.99,2024-01-10,3.09,-3.24,2024-01-10,3.09,-3.24,2022-12-19,2.99,0.0
00-643267,6.99,2025-01-01,6.99,0.0,2024-01-01,6.99,0.0,2023-02-02,6.99,0.0
00-547710,1.69,2024-12-13,1.69,0.0,2023-12-15,1.59,6.29,2023-02-04,1.19,42.02
00-715887,0.99,2025-01-24,0.99,0.0,2024-01-19,0.79,25.32,2023-02-07,0.79,25.32
00-473943,2.59,2024-09-01,2.59,0.0,2024-01-03,2.59,0.0,2023-02-02,1.99,30.15
00-463736,2.29,2025-01-19,2.29,0.0,2024-01-21,2.29,0.0,2023-02-07,2.09,9.57
00-674692,4.79,2024-12-01,3.19,50.16,2023-12-07,2.79,71.68,2023-01-19,2.79,71.68
00-476053,4.99,2025-01-01,4.99,0.0,2024-02-01,6.99,-28.61,2023-02-04,6.49,-23.11
00-687314,2.39,2025-02-01,2.39,0.0,2024-02-01,2.39,0.0,2023-01-19,2.29,4.37
00-504079,2.79,2024-10-31,1.99,40.2,2023-11-06,2.29,21.83,2022-09-19,2.15,29.77
00-5055,2.99,2024-07-18,3.19,-6.27,2023-08-24,3.19,-6.27,2023-01-05,2.79,7.17
00-654313,2.79,2025-02-01,2.79,0.0,2024-01-11,2.79,0.0,2022-12-16,2.29,21.83
00-631076,2.59,2022-12-20,2.59,0.0,2022-12-20,2.59,0.0,2022-12-20,2.59,0.0
00-489339,3.69,2025-01-24,3.69,0.0,2023-12-27,3.59,2.79,2022-10-20,3.39,8.85
00-769011,2.19,2025-01-30,1.59,37.74,2024-02-01,1.19,84.03,2023-02-04,1.39,57.55
00-597930,2.99,2025-01-24,2.99,0.0,2024-01-19,2.99,0.0,2023-01-17,2.69,11.15
00-590000,21.99,2025-01-19,19.49,12.83,2024-01-21,15.99,37.52,2023-02-04,16.29,34.99
00-611626,1.69,2024-12-13,1.69,0.0,2024-01-12,1.59,6.29,,,
00-748325,6.99,2025-01-01,6.99,0.0,,,,,,
00-273015,1.29,2025-01-24,1.29,0.0,2024-01-19,1.29,0.0,2023-01-17,1.09,18.35
00-757465,2.99,2025-01-28,2.99,0.0,,,,,,
00-763280,4.49,2024-02-25,4.49,0.0,2023-12-27,4.49,0.0,2022-12-07,3.79,18.47
00-753237,2.69,2025-01-24,2.69,0.0,2024-01-19,2.69,0.0,2023-02-07,2.59,3.86
00-869064,5.99,2024-06-06,5.99,0.0,2023-11-12,5.99,0.0,2022-11-24,5.49,9.11
00-634180,3.29,2025-01-19,3.19,3.13,2024-01-21,3.19,3.13,2023-02-07,2.89,13.84
00-423176,2.29,2024-01-19,2.19,4.57,2024-01-19,2.19,4.57,2023-01-17,1.99,15.08
00-372909,1.99,2025-01-24,1.99,0.0,2024-01-19,2.79,-28.67,,,
00-514816,34.9,2024-09-26,29.9,16.72,2022-11-09,33.9,2.95,2022-11-09,33.9,2.95
00-946973,1.59,2025-01-24,1.59,0.0,2023-12-07,1.49,6.71,2020-01-02,1.49,6.71
00-486478,1.94,2024-12-13,2.59,-25.1,2023-12-15,2.59,-25.1,2023-02-07,2.29,-15.28
00-398482,2.99,2025-01-16,2.39,25.1,2023-12-31,2.39,25.1,2023-02-02,2.19,36.53
00-473976,3.49,2024-10-06,3.49,0.0,2023-11-23,3.49,0.0,2023-01-19,3.29,6.08
00-860054,24.9,2024-12-25,24.9,0.0,,,,,,
00-473955,2.29,2024-08-29,2.99,-23.41,2023-10-01,2.99,-23.41,2022-12-08,2.69,-14.87
00-490800,7.49,2025-01-30,5.99,25.04,2024-02-01,5.49,36.43,2023-02-02,6.99,7.15
00-871425,3.19,2025-01-19,3.19,0.0,2024-01-21,3.19,0.0,2023-02-07,2.99,6.69
00-723170,1.49,2025-01-24,1.49,0.0,2024-01-19,1.49,0.0,,,
00-910383,29.99,2025-01-30,23.99,25.01,2024-01-21,21.99,36.38,2023-02-02,14.99,100.07
00-769998,1.99,2025-01-30,1.99,0.0,,,,,,
00-295000,2.79,2025-01-30,1.86,50.0,2024-02-01,1.79,55.87,2023-01-19,2.59,7.72
00-789762,18.99,2025-01-01,17.99,5.56,,,,,,
00-9365,1.49,2025-01-24,1.49,0.0,2024-01-19,1.49,0.0,2023-01-26,1.49,0.0
00-939538,3.99,2025-01-24,4.29,-6.99,2024-01-11,4.29,-6.99,2023-01-12,4.19,-4.77
00-888698,3.89,2025-01-24,3.89,0.0,2023-11-23,3.89,0.0,,,
00-747093,1.29,2025-01-14,1.43,-9.79,,,,,,
00-850892,4.59,2024-02-25,4.59,0.0,2023-12-27,4.59,0.0,2022-11-13,4.39,4.56
00-460128,3.49,2024-02-16,2.62,33.21,2024-01-19,3.49,0.0,2023-02-07,3.19,9.4
00-722749,1.59,2025-01-24,1.59,0.0,2024-01-16,1.59,0.0,,,
00-427899,2.84,2025-01-30,3.69,-23.04,2023-04-22,3.69,-23.04,2022-12-15,3.59,-20.89
00-462128,7.99,2025-01-21,7.99,0.0,,,,,,
00-10123,2.99,2025-01-30,3.49,-14.33,2023-12-27,3.99,-25.06,2023-02-02,2.69,11.15
00-30063,4.99,2025-01-30,4.29,16.32,2024-02-01,2.99,66.89,2023-02-02,3.89,28.28
00-303278,1.99,2025-01-16,1.32,50.76,2024-02-01,1.32,50.76,2022-03-08,1.39,43.17
00-730479,2.99,2025-01-24,3.99,-25.06,2024-01-30,3.99,-25.06,,,
00-521981,1.99,2025-01-24,1.99,0.0,2024-01-25,1.99,0.0,2023-02-07,1.49,33.56
00-407267,1.79,2025-01-24,1.79,0.0,,,,,,
00-439056,3.99,2025-02-02,3.99,0.0,2024-01-12,3.79,5.28,2023-02-04,2.59,54.05
00-436191,2.15,2025-01-24,2.15,0.0,2023-12-07,1.95,10.26,,,
00-409820,15.49,2025-01-19,12.49,24.02,2024-01-21,10.49,47.66,2022-12-11,9.99,55.06
00-665193,3.99,2024-01-19,3.29,21.28,2024-01-19,3.29,21.28,2023-01-17,3.19,25.08
00-242928,4.19,2025-01-30,2.79,50.18,2024-02-01,4.19,0.0,2023-02-04,2.66,57.52
00-414631,2.79,2025-01-24,2.79,0.0,2024-01-19,2.79,0.0,2023-01-17,2.79,0.0
00-629151,4.39,2025-01-20,4.29,2.33,2023-10-05,4.29,2.33,2022-12-25,3.99,10.03
00-750435,1.79,2025-01-24,1.79,0.0,,,,,,
00-407263,4.99,2025-01-30,3.49,42.98,2024-02-01,3.69,35.23,2023-02-02,2.99,66.89
00-551727,2.39,2025-02-02,2.39,0.0,2024-02-01,2.19,9.13,2023-01-19,1.49,60.4
00-421169,1.99,2025-01-24,1.99,0.0,2023-05-23,1.99,0.0,2022-01-20,1.89,5.29
00-908927,4.49,2025-01-01,4.49,0.0,2023-12-31,4.99,-10.02,2023-01-22,4.29,4.66
00-403175,3.79,2025-01-30,2.49,52.21,2024-01-21,3.39,11.8,2023-01-21,2.99,26.76
00-397753,0.97,2023-04-22,0.97,0.0,2023-04-22,0.97,0.0,2017-04-05,0.99,-2.02
00-626075,2.49,2025-02-02,2.49,0.0,2023-12-24,2.49,0.0,2022-12-01,1.99,25.13
00-401474,2.49,2024-05-01,2.49,0.0,2024-01-30,2.49,0.0,,,
00-499610,4.99,2025-01-01,4.99,0.0,2024-02-01,6.99,-28.61,2023-02-02,6.49,-23.11
00-317600,1.29,2024-12-13,1.29,0.0,2023-12-15,1.29,0.0,2023-02-07,1.29,0.0
00-10313,3.29,2024-02-25,3.29,0.0,2023-12-27,3.29,0.0,2022-11-13,2.59,27.03
00-881580,2.29,2024-01-18,1.99,15.08,2024-01-18,1.99,15.08,2022-12-01,2.09,9.57
00-576151,1.99,2025-01-30,1.99,0.0,2024-02-01,1.99,0.0,2023-02-02,2.69,-26.02
00-769770,1.49,2025-02-04,1.69,-11.83,,,,,,
00-499533,4.99,2025-01-30,4.89,2.04,2024-01-21,4.49,11.14,,,
00-380138,1.99,2024-01-24,1.49,33.56,2024-01-24,1.49,33.56,2022-11-27,1.89,5.29
00-478549,0.86,2025-02-06,1.29,-33.33,2024-02-01,1.25,-31.2,2023-02-02,1.08,-20.37
00-723327,6.99,2025-01-01,6.99,0.0,2024-02-01,4.99,40.08,,,
00-611631,1.69,2024-12-13,1.69,0.0,2024-01-12,1.59,6.29,2023-02-07,1.59,6.29
00-929604,11.99,2023-08-22,10.99,9.1,2023-08-22,10.99,9.1,2022-08-03,10.19,17.66
00-88282,3.99,2024-12-18,3.99,0.0,,,,,,
00-364587,3.99,2025-01-24,3.99,0.0,2024-01-23,3.74,6.68,2022-06-01,5.19,-23.12
00-498574,2.99,2023-03-16,3.69,-18.97,2023-03-16,3.69,-18.97,2022-02-17,3.29,-9.12
00-538948,1.99,2025-01-16,1.99,0.0,2024-02-01,1.99,0.0,2022-11-28,1.79,11.17
00-777936,3.99,2025-01-30,3.99,0.0,2024-02-01,3.69,8.13,2023-02-02,2.99,33.44
00-735533,1.79,2024-03-15,1.79,0.0,2023-12-19,0.99,80.81,,,
00-434459,2.29,2025-02-02,2.29,0.0,2024-02-01,2.29,0.0,2023-02-07,2.19,4.57
00-756562,3.99,2024-11-28,7.29,-45.27,,,,,,
00-511843,7.99,2025-01-09,7.99,0.0,2024-01-19,7.99,0.0,,,
00-32587,1.99,2025-01-24,1.99,0.0,2024-01-19,1.99,0.0,2023-01-17,1.89,5.29
00-466467,16.99,2025-01-01,16.99,0.0,2023-12-31,15.99,6.25,2023-01-22,14.99,13.34
00-346096,9.99,2024-12-25,9.99,0.0,,,,,,
00-245540,4.79,2025-01-05,4.99,-4.01,2024-01-12,4.99,-4.01,2023-02-07,4.99,-4.01
00-420679,3.99,2025-01-30,3.99,0.0,2024-02-01,3.99,0.0,2023-02-02,3.99,0.0
00-870069,2.09,2025-01-30,1.99,5.03,2024-02-01,1.89,10.58,2023-01-19,1.59,31.45
00-756004,1.19,2025-01-22,0.99,20.2,,,,,,
00-714459,1.79,2024-12-25,1.75,2.29,2024-01-12,1.89,-5.29,,,
00-446310,8.99,2025-01-09,8.99,0.0,2024-01-25,9.49,-5.27,2023-01-22,8.99,0.0
00-902956,7.59,2024-02-25,7.59,0.0,2023-11-12,7.59,0.0,2022-11-13,7.59,0.0
00-956649,3.99,2025-01-01,3.99,0.0,2023-12-31,3.99,0.0,2023-01-22,3.49,14.33
00-857099,1.59,2025-01-24,1.69,-5.92,2023-12-07,1.49,6.71,2022-09-04,0.89,78.65
00-244330,2.99,2025-01-16,2.99,0.0,2024-01-18,2.79,7.17,2022-11-24,2.49,20.08
00-521773,0.99,2025-01-24,0.99,0.0,2024-01-19,0.99,0.0,2022-11-30,0.99,0.0
00-723326,1.39,2025-01-24,1.39,0.0,2024-01-19,1.39,0.0,,,
00-722328,6.54,2025-01-09,7.14,-8.4,,,,,,
00-889738,2.99,2024-11-21,2.99,0.0,2023-12-24,2.99,0.0,2023-01-26,2.99,0.0
00-342333,6.49,2024-12-01,6.29,3.18,2023-12-28,5.29,22.68,2022-11-27,5.19,25.05
00-403876,1.87,2025-01-01,2.49,-24.9,2023-12-31,2.49,-24.9,2023-02-02,1.99,-6.03
00-391776,5.99,2025-01-23,5.99,0.0,2023-09-28,4.99,20.04,2022-12-23,4.99,20.04
00-17516,3.49,2024-02-25,3.29,6.08,2023-11-12,3.29,6.08,2022-12-28,3.79,-7.92
00-737293,7.49,2025-01-24,7.49,0.0,2024-01-19,7.49,0.0,,,
00-918527,11.49,2025-01-19,11.49,0.0,2024-01-21,11.49,0.0,2023-02-07,11.29,1.77
00-337637,2.79,2025-01-24,2.79,0.0,2024-01-19,2.59,7.72,,,
00-713185,3.19,2025-01-24,3.19,0.0,2024-01-06,3.19,0.0,,,
00-618398,26.99,2025-01-30,23.99,12.51,2024-01-21,19.99,35.02,2023-02-02,19.99,35.02
00-473996,2.19,2025-01-01,2.19,0.0,2023-12-31,2.19,0.0,2023-01-19,1.89,15.87
00-797501,2.59,2025-01-24,2.49,4.02,,,,,,
00-315441,1.99,2024-12-19,1.99,0.0,2023-12-07,1.99,0.0,,,
00-556260,3.99,2025-01-01,3.39,17.7,2023-12-24,3.39,17.7,2023-01-10,3.19,25.08
00-747933,3.99,2025-01-19,3.99,0.0,,,,,,
00-58265,5.79,2025-01-16,5.79,0.0,2024-01-21,4.79,20.88,2023-01-19,4.39,31.89
00-728592,0.99,2025-01-24,0.99,0.0,2024-01-19,0.99,0.0,,,
00-665706,2.19,2025-01-24,2.19,0.0,2024-01-19,2.19,0.0,2023-01-12,1.64,33.54
00-906232,4.69,2025-01-01,4.69,0.0,2024-01-11,4.79,-2.09,2023-02-02,4.29,9.32
00-416095,2.99,2024-12-25,1.99,50.25,2023-12-25,1.59,88.05,2022-11-27,1.39,115.11
00-917061,2.79,2025-01-23,2.99,-6.69,2023-10-25,2.99,-6.69,2022-12-23,2.69,3.72
00-966382,2.59,2024-12-01,2.39,8.37,2024-01-08,2.29,13.1,2022-11-27,2.19,18.26
00-659175,2.49,2025-02-02,2.39,4.18,2024-01-11,2.25,10.67,2023-01-12,2.25,10.67
00-714610,3.19,2025-01-30,3.19,0.0,2024-02-01,2.12,50.47,2023-01-29,3.19,0.0
00-798405,1.49,2025-01-01,1.49,0.0,2023-12-31,1.49,0.0,2023-01-26,1.49,0.0
00-407316,1.16,2025-01-16,1.59,-27.04,2024-01-26,1.75,-33.71,,,
00-323714,3.29,2025-01-01,3.19,3.13,2023-12-31,3.19,3.13,,,
00-766673,4.19,2025-01-19,4.19,0.0,,,,,,
00-414401,1.99,2025-01-30,1.49,33.56,2024-02-01,1.49,33.56,2023-02-02,1.49,33.56
00-613520,1.49,2025-01-24,1.49,0.0,2023-07-25,1.49,0.0,,,
00-393329,2.99,2024-01-18,3.69,-18.97,2024-01-18,3.69,-18.97,2023-01-12,3.39,-11.8
00-968216,28.99,2025-01-30,26.99,7.41,2024-02-01,23.99,20.84,2022-12-11,19.99,45.02
00-724280,1.49,2025-01-24,1.49,0.0,2023-12-07,1.49,0.0,,,
00-720696,14.94,2025-01-30,16.74,-10.75,,,,,,
00-735519,1.29,2024-02-14,1.09,18.35,,,,,,
00-372855,16.49,2025-01-02,16.49,0.0,2023-12-31,15.99,3.13,2023-01-01,14.99,10.01
00-835253,4.33,2025-01-01,5.99,-27.71,2023-12-31,5.99,-27.71,,,
00-726813,1.59,2025-01-24,1.59,0.0,2024-01-19,1.65,-3.64,,,
00-418998,0.89,2025-01-30,1.99,-55.28,2023-12-24,1.99,-55.28,2022-11-24,1.99,-55.28
00-317417,2.39,2024-01-19,2.39,0.0,2024-01-19,2.39,0.0,2023-02-07,2.19,9.13
00-965577,2.29,2024-02-25,2.29,0.0,2023-12-20,2.29,0.0,2022-11-13,1.99,15.08
00-574600,4.49,2024-11-11,4.99,-10.02,2023-12-07,5.29,-15.12,,,
00-577742,2.49,2025-01-24,2.49,0.0,2024-01-19,2.49,0.0,2023-02-07,2.49,0.0
00-721409,0.99,2025-01-09,1.49,-33.56,2024-02-01,1.39,-28.78,,,
00-708451,5.99,2024-11-09,4.99,20.04,,,,,,
00-624544,1.29,2025-01-24,1.29,0.0,2024-01-19,1.29,0.0,2023-02-07,1.19,8.4
00-861303,3.49,2024-02-25,3.29,6.08,2023-11-12,3.29,6.08,2022-12-28,3.79,-7.92
00-723367,3.59,2025-01-16,3.59,0.0,2023-12-07,3.49,2.87,,,
00-770252,1.99,2025-01-30,1.99,0.0,,,,,,
00-780378,4.99,2025-01-24,4.99,0.0,2024-01-19,4.99,0.0,,,
00-410857,4.99,2024-12-19,4.99,0.0,2023-12-14,4.99,0.0,2023-02-02,3.49,42.98
00-860746,2.09,2024-05-23,2.59,-19.31,2023-08-17,2.49,-16.06,2022-12-01,2.49,-16.06
00-871016,2.19,2025-01-24,1.99,10.05,2024-01-19,1.99,10.05,2023-01-17,1.49,46.98
00-16069,2.49,2025-02-02,2.39,4.18,2024-01-11,2.25,10.67,2023-01-12,2.25,10.67
00-760233,2.77,2024-09-17,3.69,-24.93,,,,,,
00-5349,7.29,2025-01-16,6.29,15.9,2024-01-18,4.99,46.09,2023-01-19,4.49,62.36
00-751508,2.69,2025-01-20,3.49,-22.92,,,,,,
00-733295,7.99,2025-01-01,6.99,14.31,2023-12-31,6.99,14.31,2023-02-02,6.99,14.31
00-451309,2.39,2025-01-05,2.39,0.0,2024-01-06,2.39,0.0,2023-02-07,2.39,0.0
00-318874,2.49,2024-10-26,2.49,0.0,2024-02-01,2.49,0.0,2023-02-02,2.29,8.73
00-384579,1.79,2025-01-16,1.79,0.0,2024-01-18,1.89,-5.29,2023-01-26,1.79,0.0
00-726681,2.79,2024-12-24,2.79,0.0,2024-01-30,2.49,12.05,,,
00-609984,2.69,2024-05-23,3.39,-20.65,2023-06-12,3.29,-18.24,2022-12-01,3.19,-15.67
00-875594,3.69,2025-01-24,3.69,0.0,2024-01-12,3.69,0.0,2022-11-29,3.39,8.85
00-376859,2.59,2025-01-24,1.99,30.15,2024-01-18,1.99,30.15,2021-05-27,1.59,62.89
00-60203,1.59,2024-12-01,1.59,0.0,2023-12-07,1.59,0.0,2022-11-27,1.39,14.39
00-242369,2.99,2025-01-19,4.19,-28.64,2024-01-21,4.19,-28.64,2023-02-07,3.99,-25.06
00-862403,3.39,2025-01-09,3.49,-2.87,2024-01-19,2.99,13.38,2023-01-27,2.59,30.89
00-427686,3.99,2025-01-01,3.99,0.0,2023-12-31,3.99,0.0,2023-01-22,3.99,0.0
00-442948,3.29,2025-01-30,3.29,0.0,2024-02-01,3.29,0.0,,,
00-757905,19.99,2025-01-01,19.99,0.0,,,,,,
00-406358,3.59,2024-11-24,2.47,45.34,2023-12-01,2.47,45.34,,,
00-391972,3.29,2025-02-01,3.29,0.0,2024-02-01,3.19,3.13,2023-01-19,3.19,3.13
00-421200,3.99,2025-01-30,2.66,50.0,2024-01-18,3.99,0.0,2023-01-29,3.79,5.28
00-750093,3.29,2024-12-01,2.99,10.03,,,,,,
00-706430,2.99,2025-01-05,2.79,7.17,2024-01-06,2.39,25.1,2023-02-07,2.39,25.1
00-700727,11.99,2025-01-26,12.49,-4.0,2024-01-28,10.99,9.1,2023-02-07,10.99,9.1
00-501146,1.32,2025-01-30,1.99,-33.67,2024-02-01,1.39,-5.04,2023-02-02,0.99,33.33
00-29103,2.99,2025-01-16,3.69,-18.97,2024-01-18,3.69,-18.97,2023-01-12,3.39,-11.8
00-6663,3.39,2024-12-19,3.79,-10.55,2024-01-04,2.59,30.89,2022-11-27,2.19,54.79
00-402243,11.99,2025-01-01,11.99,0.0,2023-12-31,11.99,0.0,2023-01-22,11.99,0.0
00-865088,2.99,2025-01-21,2.29,30.57,2024-01-23,2.29,30.57,,,
00-481988,2.99,2025-01-24,2.99,0.0,2023-12-07,2.99,0.0,2023-02-02,2.89,3.46
00-732068,3.74,2025-01-24,4.99,-25.05,2024-01-19,4.99,-25.05,,,
00-701480,4.59,2023-11-12,4.49,2.23,2023-11-12,4.49,2.23,2022-11-13,3.99,15.04
00-798988,2.79,2025-02-01,2.79,0.0,2024-02-01,2.79,0.0,2023-01-17,2.79,0.0
00-317631,2.99,2025-01-24,2.99,0.0,2024-01-24,2.99,0.0,2023-02-07,2.49,20.08
00-732825,1.99,2024-12-01,1.99,0.0,2024-02-01,2.19,-9.13,,,
00-418036,5.49,2024-10-13,5.49,0.0,2024-01-12,6.39,-14.08,2022-11-20,5.99,-8.35
00-317715,5.99,2025-01-24,5.99,0.0,2024-01-28,5.99,0.0,2023-02-07,5.19,15.41
00-105869,4.29,2023-10-21,3.99,7.52,2023-10-21,3.99,7.52,,,
00-706624,2.19,2024-10-26,2.19,0.0,2024-02-01,2.19,0.0,2023-02-02,1.99,10.05
00-898941,3.79,2024-12-24,3.79,0.0,2023-12-28,3.19,18.81,2022-11-27,2.99,26.76
00-742685,2.69,2025-01-24,2.59,3.86,,,,,,
00-244520,10.59,2025-01-19,10.59,0.0,2024-01-21,10.59,0.0,2023-02-04,10.19,3.93
00-717308,2.99,2025-01-24,2.99,0.0,2024-01-19,2.99,0.0,,,
00-796990,1.99,2024-01-15,2.79,-28.67,2024-01-15,2.79,-28.67,2023-01-02,2.49,-20.08
00-787930,1.49,2025-01-30,1.99,-25.13,2024-02-01,1.99,-25.13,2023-02-02,2.49,-40.16
00-697813,5.99,2025-01-30,3.99,50.13,2024-02-01,4.99,20.04,2023-02-04,4.49,33.41
00-757663,2.19,2025-01-30,1.59,37.74,2024-02-01,1.19,84.03,2023-02-02,1.39,57.55
00-391635,3.99,2023-06-21,3.99,0.0,2023-06-21,3.99,0.0,2022-11-30,2.99,33.44
00-343364,4.99,2025-01-01,4.79,4.18,2023-12-31,4.49,11.14,2023-01-22,4.59,8.71
00-302492,1.09,2025-01-24,1.09,0.0,2024-01-19,1.05,3.81,2023-02-07,0.99,10.1
00-526993,1.99,2025-02-01,1.99,0.0,2024-02-01,1.79,11.17,2023-02-02,0.99,101.01
00-411011,1.29,2025-02-06,0.99,30.3,,,,,,
00-716270,1.99,2025-01-30,1.79,11.17,2024-02-01,1.89,5.29,,,
00-477575,3.99,2025-01-30,3.29,21.28,2024-01-12,2.79,43.01,2023-01-19,2.69,48.33
00-405940,11.99,2024-12-25,11.99,0.0,,,,,,
00-723372,3.59,2025-01-16,3.59,0.0,2023-12-07,3.49,2.87,,,
00-727582,3.99,2025-01-24,3.99,0.0,2024-01-19,3.99,0.0,,,
00-713192,1.99,2025-01-24,1.99,0.0,2023-10-12,1.99,0.0,2023-02-02,1.79,11.17
00-575132,18.49,2025-01-01,17.99,2.78,2024-01-25,17.99,2.78,2023-01-01,14.99,23.35
00-2084,9.99,2025-01-26,9.99,0.0,2024-01-28,9.99,0.0,2023-01-17,9.99,0.0
00-718629,7.99,2025-01-30,7.99,0.0,,,,,,
00-716109,3.49,2025-01-24,3.49,0.0,2024-01-19,3.49,0.0,2023-02-07,2.99,16.72
00-707151,3.59,2025-01-16,3.59,0.0,2024-01-18,3.59,0.0,2023-01-20,3.19,12.54
00-715978,0.99,2025-01-24,0.99,0.0,2024-01-19,0.79,25.32,2023-02-07,0.79,25.32
00-958021,1.59,2024-12-18,1.49,6.71,,,,,,
00-408224,2.69,2025-01-30,1.99,35.18,2024-02-01,1.99,35.18,2023-02-02,1.79,50.28
00-511502,5.49,2023-12-01,2.99,83.61,2023-12-01,2.99,83.61,,,
00-540,3.29,2025-01-30,3.29,0.0,2024-02-01,3.29,0.0,2023-02-02,3.29,0.0
00-403751,1.87,2025-01-24,2.39,-21.76,2023-11-23,2.39,-21.76,2022-12-25,2.39,-21.76
00-732585,5.99,2024-12-25,5.99,0.0,2024-01-12,5.79,3.45,,,
00-463967,3.12,2024-11-17,4.69,-33.48,2024-01-11,4.69,-33.48,2023-01-29,4.19,-25.54
00-58148,14.49,2025-01-19,13.99,3.57,2024-01-21,10.99,31.85,2022-12-11,10.49,38.13
00-300845,2.79,2025-01-24,2.79,0.0,2024-01-19,2.79,0.0,2023-01-17,2.49,12.05
00-413607,2.29,2025-01-24,2.99,-23.41,2023-05-13,2.99,-23.41,2022-12-16,2.59,-11.58
00-464422,2.29,2024-01-19,2.29,0.0,2024-01-19,2.29,0.0,2023-01-17,2.29,0.0
00-611674,1.69,2024-12-13,1.69,0.0,2024-01-12,1.59,6.29,,,
00-892457,4.99,2025-01-19,4.89,2.04,2024-01-21,4.89,2.04,2022-12-11,4.69,6.4
00-788966,1.49,2025-01-30,1.99,-25.13,2024-02-01,1.99,-25.13,2023-02-02,2.49,-40.16
00-568117,6.99,2024-11-17,6.99,0.0,2023-12-27,7.29,-4.12,2022-10-16,6.99,0.0
00-15010,17.99,2025-01-01,17.99,0.0,2023-12-31,17.99,0.0,2023-02-02,17.99,0.0
00-719426,5.79,2025-01-30,5.79,0.0,2024-02-01,5.79,0.0,,,
00-573090,3.49,2025-01-17,3.49,0.0,2024-01-25,2.79,25.09,2022-12-16,2.49,40.16
00-474811,3.79,2025-01-01,3.79,0.0,2023-12-31,3.99,-5.01,2023-01-22,3.69,2.71
00-16428,3.29,2025-01-30,3.29,0.0,2024-01-18,2.99,10.03,2023-01-19,2.39,37.66
00-500413,0.79,2024-02-29,0.99,-20.2,2023-09-28,0.89,-11.24,2022-12-07,0.89,-11.24
00-564857,7.99,2025-01-24,7.99,0.0,2022-08-11,7.99,0.0,2022-08-11,7.99,0.0
00-89012,2.99,2024-08-27,2.99,0.0,2024-02-01,2.79,7.17,,,
00-526995,2.79,2025-02-01,2.79,0.0,2024-02-01,2.79,0.0,2023-01-01,2.79,0.0
00-509669,4.99,2025-01-01,4.99,0.0,2024-02-01,6.99,-28.61,2023-02-04,6.49,-23.11
00-341794,4.79,2025-01-19,4.69,2.13,2024-02-01,4.59,4.36,2023-02-04,2.99,60.2
00-245167,2.99,2025-01-24,2.99,0.0,2024-01-19,2.99,0.0,2022-07-28,2.99,0.0
00-451850,7.49,2025-01-01,7.49,0.0,2023-12-31,10.99,-31.85,2023-01-22,10.99,-31.85
00-460500,10.99,2025-01-01,10.99,0.0,2023-12-31,10.99,0.0,2023-02-01,10.99,0.0
00-784334,5.99,2024-10-13,5.99,0.0,2023-10-21,5.99,0.0,,,
00-435589,4.99,2024-11-01,4.99,0.0,2023-11-03,4.99,0.0,2022-11-03,4.99,0.0
00-240478,26.9,2024-12-25,26.9,0.0,2024-01-12,25.99,3.5,2022-07-28,24.49,9.84
00-278748,36.9,2025-01-01,36.9,0.0,2023-12-31,36.9,0.0,2023-01-01,34.9,5.73
00-806326,2.79,2024-11-07,3.69,-24.39,2023-10-21,3.69,-24.39,2023-02-02,2.49,12.05
00-730630,4.89,2025-01-24,4.89,0.0,2023-11-05,4.89,0.0,,,
00-499582,4.99,2025-01-01,4.99,0.0,2024-02-01,6.99,-28.61,2023-02-02,6.49,-23.11
00-487740,2.99,2024-01-18,3.69,-18.97,2024-01-18,3.69,-18.97,2023-01-19,3.39,-11.8
00-407400,4.49,2025-01-30,2.99,50.17,2024-02-01,3.29,36.47,2023-02-02,2.99,50.17
00-279758,1.49,2025-01-24,2.89,-48.44,2023-06-21,2.89,-48.44,2022-12-01,2.79,-46.59
00-522856,1.19,2025-01-24,1.19,0.0,2024-01-12,1.19,0.0,2023-01-19,1.19,0.0
00-408228,3.49,2025-01-26,3.49,0.0,2024-01-28,3.99,-12.53,2023-01-17,3.99,-12.53
00-7215,4.19,2025-01-30,2.79,50.18,2024-02-01,4.19,0.0,2023-01-29,3.99,5.01
00-5372,2.99,2024-12-05,3.99,-25.06,2023-12-07,3.39,-11.8,2022-12-20,3.19,-6.27
00-454587,2.79,2024-02-25,2.59,7.72,2023-12-27,2.59,7.72,2022-11-13,2.39,16.74
00-569075,0.99,2025-01-24,0.99,0.0,2023-12-07,1.15,-13.91,2022-11-22,0.99,0.0
00-516348,6.99,2024-01-19,6.99,0.0,2024-01-19,6.99,0.0,2023-02-02,4.49,55.68
00-765450,4.59,2025-01-30,4.59,0.0,2024-01-06,4.59,0.0,2023-02-07,4.99,-8.02
00-913387,0.89,2024-11-07,0.89,0.0,2023-11-09,0.89,0.0,2022-12-07,0.79,12.66
00-732184,3.99,2025-01-24,3.99,0.0,2024-01-19,3.99,0.0,,,
00-864483,4.49,2025-01-24,4.49,0.0,2024-01-19,4.49,0.0,2023-02-07,4.49,0.0
00-443092,1.49,2025-02-06,0.92,61.96,2024-02-01,0.9,65.56,2023-01-19,1.35,10.37
00-665143,2.79,2025-01-30,3.59,-22.28,,,,,,
00-804464,2.49,2024-02-14,2.49,0.0,2024-02-04,2.29,8.73,2022-10-06,2.49,0.0
00-429554,2.99,2025-01-24,2.99,0.0,2024-01-19,2.99,0.0,2023-01-17,2.39,25.1
00-728161,1.89,2025-01-24,1.89,0.0,,,,,,
00-514209,4.79,2024-12-01,3.59,33.43,2023-12-07,3.29,45.59,,,
00-471789,3.49,2025-01-28,3.29,6.08,2024-01-28,3.29,6.08,2023-02-07,2.99,16.72
00-718196,7.99,2025-01-01,9.99,-20.02,2024-02-01,7.99,0.0,,,
00-821104,3.19,2025-01-24,3.19,0.0,2024-01-19,2.39,33.47,2023-01-17,1.99,60.3
00-294693,3.39,2024-01-11,3.39,0.0,2024-01-11,3.39,0.0,2022-12-17,3.19,6.27
00-687030,3.99,2025-01-30,3.99,0.0,2024-02-01,3.99,0.0,2023-02-02,3.99,0.0
00-625673,3.99,2025-01-01,3.99,0.0,2023-12-31,4.49,-11.14,2023-01-22,3.99,0.0
00-868687,2.99,2024-12-11,3.29,-9.12,2022-10-31,3.49,-14.33,2022-10-31,3.49,-14.33
00-295840,1.79,2024-10-26,1.79,0.0,2023-12-26,1.79,0.0,,,
00-700790,5.29,2024-12-25,4.99,6.01,2023-12-25,4.99,6.01,,,
00-718517,1.49,2025-01-24,1.49,0.0,2023-12-31,1.49,0.0,,,
00-561991,1.16,2025-01-16,1.59,-27.04,2024-01-26,1.75,-33.71,2019-01-10,1.59,-27.04
00-738005,16.49,2025-01-19,13.19,25.02,,,,,,
00-928398,1.39,2025-01-24,1.29,7.75,2023-12-07,1.29,7.75,2022-11-27,1.09,27.52
00-938654,3.55,2025-02-06,3.55,0.0,2024-02-01,2.99,18.73,2023-02-04,2.09,69.86
00-471732,2.99,2024-12-13,2.59,15.44,2024-01-04,2.59,15.44,,,
00-828696,1.99,2025-01-24,1.99,0.0,2023-05-16,1.99,0.0,2022-12-01,1.89,5.29
00-924285,3.99,2024-01-19,4.69,-14.93,2024-01-19,4.69,-14.93,2023-01-19,4.29,-6.99
00-404601,4.49,2024-02-25,4.49,0.0,2023-12-27,4.49,0.0,2022-12-07,3.79,18.47
00-398595,4.99,2025-01-24,4.99,0.0,2024-01-19,4.99,0.0,2023-01-17,4.69,6.4
00-54226,1.29,2025-01-30,1.29,0.0,2024-02-01,0.89,44.94,2023-01-17,1.29,0.0
00-509689,0.79,2025-01-30,1.19,-33.61,2024-02-01,1.19,-33.61,2023-02-02,1.19,-33.61
00-439024,6.49,2025-01-01,6.49,0.0,2023-12-31,6.99,-7.15,2023-01-22,6.49,0.0
00-771652,2.99,2024-11-08,3.99,-25.06,2024-01-18,3.99,-25.06,2022-11-24,3.99,-25.06
00-247696,6.99,2025-01-26,8.99,-22.25,2023-12-25,8.49,-17.67,2022-11-02,7.99,-12.52
00-501506,2.79,2025-01-24,3.69,-24.39,2024-01-19,3.69,-24.39,2023-02-02,2.49,12.05
00-408653,0.89,2024-11-07,0.89,0.0,2023-11-09,0.89,0.0,2022-12-07,0.79,12.66
00-907471,2.79,2025-01-30,2.79,0.0,2024-02-01,2.79,0.0,2023-01-26,2.69,3.72
00-632382,3.49,2024-11-07,3.49,0.0,2023-12-27,3.49,0.0,2022-11-13,2.79,25.09
00-357147,4.39,2024-11-21,4.39,0.0,2023-09-25,3.79,15.83,,,
00-468312,2.99,2024-11-21,2.99,0.0,2023-12-24,2.99,0.0,,,
00-541156,3.19,2025-01-02,3.19,0.0,2023-12-31,2.99,6.69,2023-01-22,2.99,6.69
00-746879,17.99,2025-01-01,17.99,0.0,,,,,,
00-901516,1.49,2025-01-30,1.99,-25.13,2024-02-01,1.99,-25.13,2023-02-02,2.49,-40.16
00-741409,4.49,2024-05-23,4.49,0.0,,,,,,
00-401486,4.49,2024-11-07,4.19,7.16,2023-12-07,3.99,12.53,2022-11-10,3.49,28.65
00-928574,2.19,2024-01-28,2.19,0.0,2024-01-28,2.19,0.0,2022-12-15,1.69,29.59
00-571160,6.79,2025-01-24,6.79,0.0,2024-01-29,6.79,0.0,2023-01-29,6.49,4.62
00-856968,2.49,2024-06-20,2.49,0.0,2023-12-27,2.49,0.0,2022-12-09,2.19,13.7
00-361048,2.79,2024-12-19,2.79,0.0,2023-11-30,2.69,3.72,2022-06-30,1.99,40.2
00-750875,6.99,2024-08-25,8.99,-22.25,,,,,,
00-412784,2.69,2025-01-01,2.59,3.86,2023-12-31,2.75,-2.18,2023-01-22,2.59,3.86
00-251185,5.99,2025-01-24,5.99,0.0,2024-01-19,5.99,0.0,,,
00-246101,2.79,2025-01-24,2.79,0.0,2024-01-19,2.79,0.0,,,
00-634206,4.39,2025-01-19,4.29,2.33,2024-01-21,4.29,2.33,2022-12-20,4.09,7.33
00-468650,2.24,2023-08-31,3.29,-31.91,2023-08-31,3.29,-31.91,2022-06-30,3.29,-31.91
00-753358,3.99,2025-01-21,2.99,33.44,,,,,,
00-3501,19.99,2025-01-01,19.99,0.0,2023-12-31,19.99,0.0,,,
00-181230,5.99,2025-01-02,5.99,0.0,2024-01-15,5.59,7.16,2022-07-14,4.99,20.04
00-466451,2.99,2023-12-27,3.99,-25.06,2023-12-27,3.99,-25.06,2023-02-02,2.69,11.15
00-415163,13.49,2025-01-01,13.49,0.0,2023-12-31,13.49,0.0,2023-01-22,12.99,3.85
00-727897,3.12,2024-11-17,4.69,-33.48,2024-01-11,4.69,-33.48,,,
00-728225,1.99,2025-01-24,1.99,0.0,2024-01-19,1.99,0.0,,,
00-337651,2.29,2025-01-24,2.29,0.0,2024-01-19,2.09,9.57,,,
00-428265,5.49,2025-01-24,4.99,10.02,2024-01-19,4.99,10.02,2023-02-07,4.99,10.02
00-363751,5.99,2025-01-26,5.99,0.0,2024-01-28,5.99,0.0,,,
00-917653,3.49,2025-01-24,3.99,-12.53,2023-11-22,3.99,-12.53,2023-01-12,3.49,0.0
00-642841,7.99,2025-01-30,5.99,33.39,2024-02-01,5.49,45.54,2023-02-02,6.49,23.11
00-635336,3.79,2025-01-24,3.79,0.0,2024-01-19,3.79,0.0,2023-02-07,3.69,2.71
00-596788,6.29,2023-08-15,6.29,0.0,2023-08-15,6.29,0.0,2023-01-17,4.99,26.05
00-353065,5.79,2025-01-30,5.79,0.0,2024-02-01,5.79,0.0,2023-01-26,5.39,7.42
00-968217,28.99,2025-01-30,26.99,7.41,2024-02-01,23.99,20.84,2022-12-11,19.99,45.02
00-409269,2.99,2025-01-27,2.99,0.0,2024-01-18,2.79,7.17,2023-01-19,2.49,20.08
00-680783,3.49,2025-02-06,3.49,0.0,2024-01-19,4.69,-25.59,2023-01-29,4.49,-22.27
00-479470,9.99,2025-01-01,8.99,11.12,2023-12-31,8.99,11.12,2023-01-19,8.99,11.12
00-353644,46.9,2025-01-01,46.9,0.0,2023-12-31,46.9,0.0,2023-01-01,46.9,0.0
00-477744,11.99,2025-01-01,11.99,0.0,2024-01-31,11.99,0.0,2023-01-22,9.99,20.02
00-632215,3.49,2024-12-27,3.49,0.0,2023-12-07,2.99,16.72,2023-02-02,3.19,9.4
00-2770,2.99,2025-01-02,2.99,0.0,2024-01-15,2.79,7.17,2022-12-15,2.49,20.08
00-730190,10.99,2024-12-25,9.99,10.01,,,,,,
00-403795,13.99,2025-01-01,13.99,0.0,2023-12-31,13.99,0.0,2023-01-01,12.49,12.01
00-314554,2.19,2024-12-25,2.19,0.0,2023-12-25,1.99,10.05,2022-07-30,1.89,15.87
00-284811,3.99,2024-11-28,7.29,-45.27,2024-01-29,7.19,-44.51,2023-01-29,6.99,-42.92
00-719261,5.49,2024-10-10,5.49,0.0,2023-10-12,5.49,0.0,,,
00-695480,6.99,2024-11-17,6.99,0.0,2023-12-27,7.29,-4.12,2023-01-29,6.99,0.0
00-431658,2.79,2025-01-24,3.69,-24.39,2024-01-19,3.69,-24.39,2023-02-02,2.49,12.05
00-377431,3.29,2025-01-24,2.99,10.03,2024-01-19,2.99,10.03,2023-01-17,2.39,37.66
00-616876,12.99,2025-01-01,12.99,0.0,2023-12-31,13.99,-7.15,2023-01-01,11.99,8.34
00-955689,3.49,2024-12-25,3.59,-2.79,,,,,,
00-415439,5.99,2025-01-02,5.79,3.45,2024-02-01,4.99,20.04,2023-02-02,4.49,33.41
00-595506,3.49,2025-01-17,3.49,0.0,2024-01-25,2.79,25.09,2023-01-03,2.49,40.16
00-433409,2.24,2025-02-06,2.99,-25.08,2024-01-19,3.49,-35.82,2023-01-17,2.99,-25.08
00-374233,6.99,2025-01-24,6.99,0.0,2023-12-15,6.99,0.0,2023-02-04,5.24,33.4
00-81313,2.69,2025-01-24,2.49,8.03,2024-01-19,2.29,17.47,2023-01-17,1.99,35.18
00-742754,6.99,2024-11-17,6.99,0.0,,,,,,
00-504935,5.19,2025-02-06,5.19,0.0,2024-01-19,4.99,4.01,2023-02-07,4.79,8.35
00-709312,1.99,2024-12-01,1.69,17.75,2023-08-22,1.39,43.17,,,
00-372381,1.59,2024-12-25,1.59,0.0,2023-12-25,1.59,0.0,2022-07-28,1.49,6.71
00-652618,2.99,2024-04-25,2.99,0.0,2023-12-27,2.99,0.0,2022-05-23,2.19,36.53
00-657771,2.99,2025-01-24,2.79,7.17,2024-01-19,2.79,7.17,2023-01-01,2.79,7.17
00-74117,0.69,2025-02-06,0.69,0.0,2024-01-02,0.99,-30.3,2023-01-27,0.85,-18.82
00-757487,2.99,2025-01-24,2.99,0.0,,,,,,
00-491086,2.79,2025-02-01,2.89,-3.46,2024-02-01,2.89,-3.46,2023-01-17,2.69,3.72
00-937647,2.49,2024-01-19,2.49,0.0,2024-01-19,2.49,0.0,2022-10-13,2.29,8.73
00-245456,2.99,2025-01-24,2.79,7.17,2023-12-31,2.79,7.17,2023-01-01,2.79,7.17
00-71169,6.99,2025-01-01,6.99,0.0,2024-01-01,6.99,0.0,2023-02-02,6.99,0.0
00-798501,2.59,2024-12-01,2.39,8.37,2023-12-07,2.19,18.26,2022-11-27,1.99,30.15
00-927789,2.66,2024-09-26,3.99,-33.33,2023-06-14,3.99,-33.33,2023-01-19,5.29,-49.72
00-878650,2.29,2024-01-19,2.29,0.0,2024-01-19,2.29,0.0,2023-01-17,2.29,0.0
00-935472,2.49,2024-02-25,2.29,8.73,2023-12-14,2.29,8.73,2023-02-04,1.49,67.11
00-417725,4.79,2025-01-24,4.19,14.32,2024-01-19,4.79,0.0,2022-05-24,4.39,9.11
00-706714,1.89,2025-01-24,1.89,0.0,2024-01-19,1.89,0.0,,,
00-405598,8.52,2025-01-01,8.52,0.0,,,,,,
00-471218,16.99,2025-01-01,16.99,0.0,2023-12-31,16.99,0.0,2023-02-02,11.99,41.7
00-584783,3.49,2025-01-24,3.49,0.0,2024-01-19,2.99,16.72,2023-01-17,2.99,16.72
00-179416,2.99,2025-01-02,2.99,0.0,2024-01-15,2.79,7.17,2022-12-15,2.49,20.08
00-4507,2.69,2024-02-25,2.69,0.0,2023-11-12,2.69,0.0,2022-11-13,2.69,0.0
00-407296,0.63,2025-01-24,0.63,0.0,2024-01-19,0.63,0.0,2023-01-17,0.69,-8.7
00-422074,0.99,2024-11-28,0.99,0.0,2024-02-02,0.69,43.48,2022-12-25,0.99,0.0
00-965584,2.39,2024-02-25,2.19,9.13,2023-11-12,2.19,9.13,2022-11-13,1.89,26.46
00-585925,7.49,2024-08-27,7.49,0.0,,,,,,
00-701560,4.99,2025-01-19,4.79,4.18,2024-01-21,3.99,25.06,2023-01-19,3.89,28.28
00-725568,2.99,2025-01-01,2.99,0.0,,,,,,
00-481268,3.49,2024-10-24,3.29,6.08,2023-08-17,3.39,2.95,2023-02-02,3.19,9.4
00-439183,2.99,2024-12-01,3.19,-6.27,2023-12-28,2.99,0.0,2022-12-19,2.49,20.08
00-394292,5.79,2025-01-30,5.79,0.0,2024-02-01,5.79,0.0,2023-01-26,5.39,7.42
00-464333,4.99,2024-11-24,2.99,66.89,2023-11-08,3.59,39.0,,,
00-766912,1.99,2025-02-06,1.69,17.75,2023-10-26,1.09,82.57,2022-08-25,0.89,123.6
00-421153,10.59,2025-01-19,10.59,0.0,2024-01-21,10.59,0.0,2023-01-26,10.19,3.93
00-706424,2.99,2025-01-05,2.79,7.17,2024-01-06,2.39,25.1,2023-02-04,1.79,67.04
00-629305,3.99,2025-02-02,3.85,3.64,2024-01-12,3.85,3.64,2023-02-02,3.59,11.14
00-739276,3.19,2025-01-30,3.19,0.0,,,,,,
00-116444,12.99,2025-01-01,11.99,8.34,2024-01-02,11.99,8.34,2023-01-01,9.99,30.03
00-22230,1.99,2025-01-30,1.59,25.16,2023-12-14,1.99,0.0,2022-12-07,1.99,0.0
00-507491,1.79,2025-01-01,1.79,0.0,,,,,,
00-724180,2.99,2024-11-14,2.39,25.1,2024-01-11,2.45,22.04,,,
00-723368,3.59,2025-01-16,3.59,0.0,2023-12-07,3.49,2.87,,,
00-640383,2.99,2025-01-01,2.99,0.0,2023-12-31,3.19,-6.27,2022-02-27,2.99,0.0
00-667808,19.99,2025-01-01,19.99,0.0,2023-12-31,19.99,0.0,,,
00-937491,3.49,2025-01-24,3.49,0.0,2024-01-19,3.49,0.0,2023-01-17,2.79,25.09
00-596142,2.49,2025-01-24,2.49,0.0,2024-01-19,2.49,0.0,,,
00-504933,0.44,2025-01-27,0.44,0.0,2022-12-07,0.42,4.76,2022-12-07,0.42,4.76
00-372549,3.29,2024-10-24,3.29,0.0,2023-10-25,3.29,0.0,2023-01-02,3.19,3.13
00-716897,12.99,2025-01-24,12.99,0.0,2023-12-13,12.99,0.0,,,
00-731200,4.99,2025-01-16,4.99,0.0,2024-01-18,4.99,0.0,2023-02-02,4.99,0.0
00-295283,1.99,2025-01-30,1.69,17.75,2024-01-19,1.99,0.0,2023-01-17,1.99,0.0
00-901987,5.75,2023-07-10,11.49,-49.96,2023-07-10,11.49,-49.96,2022-05-25,11.29,-49.07
00-530006,5.49,2024-02-01,5.49,0.0,2024-02-01,5.49,0.0,2022-09-07,4.49,22.27
00-774767,2.99,2025-01-24,3.49,-14.33,2023-12-28,2.69,11.15,2022-09-04,2.19,36.53
00-738537,3.19,2024-12-19,3.19,0.0,2023-12-07,2.49,28.11,,,
00-16426,2.29,2025-01-24,2.99,-23.41,2024-01-19,2.99,-23.41,2023-01-17,2.69,-14.87
00-23212,2.99,2025-01-24,2.79,7.17,2024-01-19,2.79,7.17,2023-01-17,2.79,7.17
00-341828,4.79,2025-01-19,4.69,2.13,2024-02-01,4.59,4.36,2023-02-07,3.99,20.05
00-716174,1.99,2024-10-10,1.89,5.29,2023-10-25,1.79,11.17,2022-11-24,1.49,33.56
00-725138,2.99,2025-01-24,2.99,0.0,,,,,,
00-729667,1.79,2024-12-25,2.39,-25.1,,,,,,
00-938842,34.9,2025-01-01,34.9,0.0,2024-01-02,34.9,0.0,2023-02-01,33.99,2.68
00-358440,3.99,2025-01-30,3.99,0.0,2024-02-01,3.69,8.13,2023-02-02,2.99,33.44
00-738299,0.85,2025-02-06,0.85,0.0,,,,,,
00-483261,16.99,2025-01-01,16.99,0.0,2023-12-31,16.99,0.0,2023-02-02,11.99,41.7
00-957901,2.49,2025-01-16,2.49,0.0,2023-10-21,2.49,0.0,,,
00-457757,3.49,2024-12-25,2.99,16.72,2023-12-25,2.49,40.16,2022-12-07,1.99,75.38
00-610194,1.87,2025-01-30,1.99,-6.03,2023-08-31,2.79,-32.97,2022-10-01,2.49,-24.9
00-939562,3.99,2025-01-24,4.29,-6.99,2024-01-11,4.29,-6.99,2022-12-02,4.19,-4.77
00-316365,2.39,2024-11-14,1.99,20.1,2023-09-28,1.89,26.46,2022-09-19,1.89,26.46
00-755290,3.99,2025-01-28,5.49,-27.32,,,,,,
00-703722,1.99,2024-10-13,1.99,0.0,2023-10-21,1.99,0.0,,,
00-894527,2.19,2023-02-25,2.19,0.0,2023-02-25,2.19,0.0,,,
00-338320,3.59,2024-12-19,3.59,0.0,2023-11-09,3.59,0.0,2023-02-02,3.59,0.0
00-423067,3.79,2024-12-01,3.69,2.71,2023-12-20,3.69,2.71,2022-11-27,3.25,16.62
00-289691,3.39,2025-02-01,3.19,6.27,2024-02-01,3.39,0.0,2023-01-19,2.19,54.79
00-969366,4.19,2024-12-01,3.89,7.71,2024-01-08,3.69,13.55,,,
00-342980,4.59,2025-01-30,4.59,0.0,2024-01-06,4.59,0.0,2023-02-07,4.99,-8.02
00-886544,1.99,2023-07-10,1.99,0.0,2023-07-10,1.99,0.0,2022-06-02,1.89,5.29
00-680780,3.49,2025-02-06,3.49,0.0,2023-11-05,4.69,-25.59,2023-01-29,4.49,-22.27
00-733636,1.99,2025-01-24,1.99,0.0,2024-01-19,1.99,0.0,,,
00-564670,1.99,2025-01-26,1.69,17.75,2024-01-28,1.69,17.75,2023-01-29,1.59,25.16
00-393473,2.99,2024-01-19,3.79,-21.11,2024-01-19,3.79,-21.11,2022-10-13,3.69,-18.97
00-869303,0.85,2025-02-06,0.85,0.0,2023-06-01,0.99,-14.14,2022-10-20,0.89,-4.49
00-302909,5.49,2025-01-10,5.49,0.0,2024-02-01,3.99,37.59,2023-02-02,5.49,0.0
00-180331,2.49,2024-11-07,3.49,-28.65,2023-09-14,3.49,-28.65,2022-12-19,3.49,-28.65
00-703758,2.84,2025-01-16,3.69,-23.04,2023-09-27,3.69,-23.04,,,
00-665081,4.79,2024-12-01,3.19,50.16,2023-12-07,2.79,71.68,2023-01-19,2.79,71.68
00-594235,9.99,2025-01-30,8.99,11.12,2023-12-31,9.99,0.0,2023-02-04,9.99,0.0
00-129148,4.39,2025-01-19,4.29,2.33,2024-01-21,4.29,2.33,2022-12-11,4.09,7.33
00-724900,1.49,2025-01-24,1.49,0.0,2024-02-06,1.29,15.5,,,
00-960574,1.49,2025-01-24,1.99,-25.13,2023-12-07,1.99,-25.13,2023-02-02,2.19,-31.96
00-417856,14.49,2025-01-28,11.99,20.85,,,,,,
00-417742,3.79,2025-01-24,3.79,0.0,2024-01-19,3.79,0.0,2022-10-05,3.29,15.2
00-857994,4.39,2023-06-14,4.29,2.33,2023-06-14,4.29,2.33,2022-05-25,4.39,0.0
00-626429,2.49,2025-02-02,2.49,0.0,2023-12-24,2.49,0.0,2022-12-01,1.99,25.13
00-820894,1.99,2024-10-26,1.99,0.0,2023-12-14,1.99,0.0,2022-11-27,1.99,0.0
00-576046,1.39,2024-12-13,1.29,7.75,2023-12-15,1.29,7.75,,,
00-317505,1.29,2025-01-24,1.29,0.0,2023-12-15,1.29,0.0,2023-02-07,1.29,0.0
00-483130,7.99,2025-01-01,7.99,0.0,2023-12-31,7.99,0.0,2022-10-30,7.99,0.0
00-3490,8.49,2025-01-02,7.99,6.26,2023-12-31,5.89,44.14,2023-01-02,5.19,63.58
00-396002,8.99,2025-01-01,8.99,0.0,2023-12-31,8.49,5.89,2023-01-22,7.99,12.52
00-378097,31.99,2025-01-19,29.99,6.67,2024-01-21,21.99,45.48,2023-01-19,20.99,52.41
00-461733,9.99,2025-01-01,9.99,0.0,2023-12-31,9.99,0.0,2023-01-22,9.99,0.0
00-414868,1.69,2024-11-05,1.59,6.29,2024-01-12,1.39,21.58,2022-11-10,1.39,21.58
00-499908,2.19,2025-01-24,2.19,0.0,2024-01-19,2.19,0.0,2023-02-07,1.89,15.87
00-729894,5.99,2024-12-25,5.99,0.0,2024-02-01,5.59,7.16,,,
00-700924,4.79,2024-12-25,3.99,20.05,2024-01-12,3.99,20.05,2023-02-02,2.79,71.68
00-732848,6.99,2024-10-06,6.99,0.0,2023-10-24,6.99,0.0,,,
00-748601,5.49,2024-12-25,5.99,-8.35,,,,,,
00-387478,15.99,2024-11-07,15.49,3.23,2023-06-13,15.49,3.23,2022-08-03,13.99,14.3
00-103263,12.69,2024-12-19,12.69,0.0,2023-11-12,12.49,1.6,2022-12-23,11.99,5.84
00-715447,2.99,2025-01-30,2.99,0.0,2024-01-12,2.29,30.57,,,
00-745686,5.99,2025-01-01,5.99,0.0,,,,,,
00-373399,6.58,2025-02-06,6.58,0.0,2023-09-28,6.15,6.99,2023-02-02,5.49,19.85
00-611669,1.69,2024-12-13,1.69,0.0,2024-01-12,1.59,6.29,2023-02-07,1.59,6.29
00-759334,2.99,2025-02-01,2.99,0.0,,,,,,
00-726591,1.49,2025-02-01,1.49,0.0,2024-02-01,1.49,0.0,,,
00-425739,1.99,2025-01-24,1.99,0.0,2024-01-19,1.99,0.0,2023-01-17,1.99,0.0
00-717812,8.99,2024-02-25,8.99,0.0,2023-12-27,8.99,0.0,,,
00-768725,3.59,2024-12-01,3.19,12.54,2023-12-07,3.19,12.54,2023-02-02,2.69,33.46
00-528298,3.19,2025-01-30,3.19,0.0,2024-02-01,2.12,50.47,2023-01-29,3.19,0.0
00-736617,2.59,2025-01-24,2.59,0.0,2024-01-09,2.59,0.0,,,
00-755550,3.49,2025-01-28,3.49,0.0,,,,,,
00-832116,29.99,2024-12-05,19.99,50.03,2023-12-31,18.99,57.93,2023-01-01,15.99,87.55
00-353195,5.79,2025-01-30,5.79,0.0,2024-02-01,5.79,0.0,2023-01-26,5.39,7.42
00-415124,1.99,2024-07-25,1.99,0.0,2023-11-03,1.89,5.29,2022-10-20,1.39,43.17
00-725194,2.99,2025-01-24,2.99,0.0,2024-01-19,2.49,20.08,,,
00-718345,5.99,2025-01-30,5.99,0.0,2023-11-05,5.29,13.23,,,
00-371139,3.09,2025-01-24,3.09,0.0,2024-01-19,2.89,6.92,,,
00-745629,3.29,2024-09-04,3.29,0.0,,,,,,
00-722679,2.59,2025-01-24,2.49,4.02,2024-01-19,2.79,-7.17,,,
00-740860,2.99,2025-01-30,4.19,-28.64,,,,,,
00-715488,2.79,2025-01-24,1.59,75.47,2024-02-01,2.29,21.83,,,
00-340117,2.29,2024-10-26,2.19,4.57,2023-12-07,2.19,4.57,2022-11-29,2.19,4.57
00-857105,2.99,2025-01-16,2.99,0.0,2024-01-18,2.99,0.0,2023-02-02,2.99,0.0
00-68435,3.29,2024-12-24,3.29,0.0,2023-12-07,2.49,32.13,2022-11-27,2.19,50.23
00-716229,1.19,2025-01-24,1.19,0.0,2024-01-19,0.99,20.2,2023-02-07,0.99,20.2
00-726777,6.99,2025-01-01,6.99,0.0,,,,,,
00-387469,18.99,2023-06-13,18.99,0.0,2023-06-13,18.99,0.0,2022-07-26,17.29,9.83
00-761532,1.99,2025-01-30,1.99,0.0,2024-02-01,1.99,0.0,2022-10-13,1.79,11.17
00-317623,2.49,2025-01-24,1.99,25.13,2024-01-19,1.99,25.13,2023-02-07,1.99,25.13
00-496947,3.39,2025-02-01,3.19,6.27,2024-02-01,3.19,6.27,2023-01-17,3.19,6.27
00-817908,3.39,2024-02-25,3.29,3.04,2023-11-12,3.29,3.04,2022-11-13,3.29,3.04
00-5235,2.39,2025-01-26,2.19,9.13,2024-01-28,2.19,9.13,2023-01-29,1.99,20.1
00-433410,2.24,2024-01-19,3.49,-35.82,2024-01-19,3.49,-35.82,2023-01-17,2.99,-25.08
00-391203,9.49,2025-01-01,9.49,0.0,2023-12-31,9.49,0.0,2023-02-06,9.49,0.0
00-89773,1.39,2025-01-24,1.49,-6.71,2024-01-11,1.29,7.75,,,
00-874360,2.49,2025-02-02,2.49,0.0,2023-12-24,2.49,0.0,2022-12-01,1.99,25.13
00-490317,23.99,2025-01-30,18.99,26.33,2024-02-01,12.74,88.3,,,
00-481998,2.99,2025-01-24,2.99,0.0,2023-12-07,2.99,0.0,2023-02-02,2.89,3.46
00-708278,1.99,2025-01-24,1.89,5.29,2024-01-19,1.99,0.0,2023-01-19,1.89,5.29
00-932685,3.99,2025-01-26,3.99,0.0,2024-01-28,3.99,0.0,2022-04-14,3.69,8.13
00-730201,5.69,2025-01-24,5.69,0.0,2024-01-19,5.49,3.64,,,
00-774360,1.19,2023-03-02,1.59,-25.16,2023-03-02,1.59,-25.16,2022-10-06,1.39,-14.39
00-409309,2.99,2024-01-15,2.79,7.17,2024-01-15,2.79,7.17,2022-12-15,2.49,20.08
00-933184,2.99,2025-01-24,2.99,0.0,2024-01-19,2.99,0.0,2023-01-17,2.79,7.17
00-721218,2.99,2025-01-16,2.99,0.0,2024-01-18,2.99,0.0,,,
00-587858,2.69,2025-01-24,2.69,0.0,2024-01-12,2.59,3.86,2022-11-29,2.19,22.83
00-791010,1.29,2025-01-16,0.86,50.0,2024-02-01,0.99,30.3,2023-02-02,0.99,30.3
00-503456,8.69,2024-10-13,8.69,0.0,2023-10-21,8.69,0.0,2022-11-20,8.69,0.0
00-339273,2.79,2025-01-24,2.79,0.0,2024-01-19,2.49,12.05,2023-01-17,1.99,40.2
00-888552,22.9,2025-01-30,25.9,-11.58,2024-01-12,25.9,-11.58,2022-07-29,25.9,-11.58
00-745502,3.79,2025-01-24,3.79,0.0,,,,,,
00-743203,3.69,2025-01-24,3.59,2.79,,,,,,
00-860044,21.9,2025-01-06,21.9,0.0,2024-01-12,23.9,-8.37,2023-01-01,21.9,0.0
00-520397,24.9,2022-11-05,21.9,13.7,2022-11-05,21.9,13.7,2022-11-05,21.9,13.7
00-594652,2.79,2025-01-24,2.79,0.0,2024-01-19,2.49,12.05,2023-01-17,1.89,47.62
00-555128,24.99,2025-01-01,24.99,0.0,,,,,,
00-706535,2.69,2025-01-30,1.89,42.33,,,,,,
00-723161,3.19,2024-01-19,3.19,0.0,2024-01-19,3.19,0.0,,,
00-514401,0.89,2024-04-24,0.89,0.0,2023-05-13,1.13,-21.24,2022-12-15,0.99,-10.1
00-614034,3.29,2025-01-30,3.29,0.0,2024-02-01,3.29,0.0,2023-02-02,3.29,0.0
00-257468,3.39,2025-02-02,2.39,41.84,2024-02-01,1.99,70.35,2023-02-02,1.99,70.35
00-705315,2.49,2024-12-25,2.49,0.0,2023-12-25,2.49,0.0,2022-11-08,2.29,8.73
00-196865,2.99,2023-06-12,3.99,-25.06,2023-06-12,3.99,-25.06,2022-10-06,3.29,-9.12
00-621817,2.59,2022-12-30,2.59,0.0,2022-12-30,2.59,0.0,2022-12-30,2.59,0.0
00-763458,2.99,2025-01-24,2.99,0.0,2024-01-19,2.99,0.0,2023-01-17,2.19,36.53
00-759633,2.99,2025-01-21,2.99,0.0,,,,,,
00-8626,3.49,2024-05-08,3.49,0.0,2024-01-12,3.49,0.0,2022-11-28,2.99,16.72
00-580127,2.49,2025-01-30,1.79,39.11,2024-01-29,1.99,25.13,2022-12-23,1.99,25.13
00-735543,3.99,2025-01-24,3.99,0.0,,,,,,
00-938034,2.29,2024-03-05,1.72,33.14,2024-01-12,2.29,0.0,,,
00-54333,1.49,2025-01-24,2.19,-31.96,2024-01-19,1.59,-6.29,2023-01-17,1.29,15.5
00-937646,3.29,2025-01-24,3.29,0.0,2024-01-19,3.29,0.0,2023-01-17,2.69,22.3
00-433011,2.59,2025-02-02,2.56,1.17,2024-02-01,1.99,30.15,2023-02-02,1.99,30.15
00-362372,4.99,2025-01-30,4.89,2.04,2024-01-21,4.49,11.14,,,
00-294314,1.49,2025-01-24,1.49,0.0,2024-01-19,1.49,0.0,2023-02-07,1.39,7.19
00-196873,2.99,2023-06-12,3.99,-25.06,2023-06-12,3.99,-25.06,2022-10-06,3.29,-9.12
00-471942,7.99,2025-01-01,6.99,14.31,,,,,,
00-400193,4.19,2025-01-30,2.79,50.18,2024-02-01,4.19,0.0,2023-01-29,3.99,5.01
00-286811,2.89,2024-11-24,1.72,68.02,2023-11-08,1.99,45.23,,,
00-739259,1.29,2025-01-05,1.29,0.0,,,,,,
00-371140,3.69,2025-01-24,3.69,0.0,2024-01-19,3.39,8.85,,,
00-5350,1.89,2024-02-25,1.79,5.59,2023-11-12,1.79,5.59,2022-11-13,1.79,5.59
00-727902,2.79,2025-01-24,2.79,0.0,,,,,,
00-966976,4.49,2025-01-16,8.99,-50.06,2023-12-31,8.99,-50.06,,,
00-430282,1.99,2025-01-16,1.89,5.29,2023-05-06,1.55,28.39,2023-01-19,1.59,25.16
00-736199,2.79,2024-10-31,1.99,40.2,2024-01-18,2.29,21.83,,,
00-523784,3.49,2025-01-02,3.19,9.4,2023-12-31,2.99,16.72,2023-01-22,2.99,16.72
00-4517,1.99,2024-02-25,1.99,0.0,2023-11-12,1.99,0.0,2022-11-13,2.19,-9.13
00-448483,1.49,2025-01-05,1.99,-25.13,2024-01-06,1.69,-11.83,2023-02-07,1.49,0.0
00-469108,5.99,2024-02-15,4.99,20.04,2024-01-19,5.79,3.45,2023-01-17,5.49,9.11
00-723970,28.99,2025-01-30,26.99,7.41,2024-02-01,23.99,20.84,,,
00-741602,4.39,2023-11-12,4.39,0.0,2023-11-12,4.39,0.0,2023-02-07,4.39,0.0
00-350113,7.99,2025-01-30,5.99,33.39,2024-02-01,5.49,45.54,2023-02-02,6.49,23.11
00-431092,2.99,2024-06-26,2.99,0.0,2024-01-07,3.49,-14.33,2022-09-25,2.99,0.0
00-405070,3.39,2025-01-17,3.29,3.04,2024-02-01,2.95,14.92,2023-01-26,2.69,26.02
00-430203,4.49,2025-01-30,2.99,50.17,2024-02-01,3.29,36.47,2023-02-02,2.99,50.17
00-300880,2.99,2023-11-09,2.99,0.0,2023-11-09,2.99,0.0,2023-02-02,1.99,50.25
00-740616,1.79,2025-01-01,1.99,-10.05,,,,,,
00-473305,3.99,2025-01-01,3.69,8.13,2024-01-31,3.89,2.57,2023-01-22,3.59,11.14
00-731186,1.16,2025-01-16,1.59,-27.04,2024-01-26,1.75,-33.71,2020-08-27,1.06,9.43
00-887212,2.19,2025-02-03,2.19,0.0,2023-12-24,2.19,0.0,2023-01-19,2.19,0.0
00-317764,3.59,2025-01-24,3.59,0.0,2024-01-19,3.59,0.0,2023-02-07,3.49,2.87
00-868033,3.59,2024-02-25,3.59,0.0,2023-12-27,3.59,0.0,2022-11-13,3.79,-5.28
00-23659,3.79,2024-12-01,2.89,31.14,2023-12-01,1.94,95.36,,,
00-940885,2.99,2025-01-24,2.99,0.0,2024-01-19,2.79,7.17,2023-01-17,2.79,7.17
00-422667,6.99,2025-01-16,6.99,0.0,2023-12-31,6.99,0.0,2023-02-02,6.99,0.0
00-421631,2.99,2025-01-27,2.99,0.0,2024-02-01,2.85,4.91,2023-01-09,2.69,11.15
00-467604,3.99,2024-02-25,3.99,0.0,2023-12-27,3.99,0.0,2022-09-25,3.49,14.33
00-678915,2.19,2023-11-30,2.19,0.0,2023-11-30,2.19,0.0,,,
00-888982,3.49,2025-01-24,3.49,0.0,2024-01-19,3.49,0.0,2023-01-17,3.29,6.08
00-739271,5.99,2025-01-24,5.99,0.0,2024-02-01,5.99,0.0,,,
00-368803,2.79,2023-05-13,2.79,0.0,2023-05-13,2.79,0.0,2022-06-23,2.29,21.83
00-8449,2.19,2024-08-14,1.99,10.05,2023-07-20,1.99,10.05,2022-09-08,1.99,10.05
00-414101,3.89,2024-10-26,3.69,5.42,2024-02-01,3.59,8.36,2022-11-27,3.29,18.24
00-768162,2.99,2025-01-24,2.99,0.0,,,,,,
00-750437,1.59,2025-02-04,1.59,0.0,,,,,,
00-355471,2.19,2025-01-24,2.19,0.0,2023-12-15,1.99,10.05,2023-02-07,1.89,15.87
00-242938,4.19,2025-01-30,2.79,50.18,2024-02-01,4.19,0.0,2023-02-02,2.66,57.52
00-29232,4.99,2024-12-01,4.49,11.14,2024-01-22,3.99,25.06,2023-01-02,3.19,56.43
00-499541,6.99,2025-01-19,6.99,0.0,2024-01-21,6.59,6.07,,,
00-717507,0.99,2025-01-24,1.49,-33.56,2024-01-28,1.39,-28.78,,,
00-7803,2.69,2025-01-19,2.59,3.86,2024-01-21,2.49,8.03,2022-12-11,1.99,35.18
00-718255,2.99,2025-01-24,2.99,0.0,2024-01-19,2.99,0.0,,,
00-748895,2.89,2025-01-24,2.79,3.58,2024-01-02,2.79,3.58,2023-02-02,2.29,26.2
00-699664,1.49,2022-05-26,1.49,0.0,2022-05-26,1.49,0.0,2022-05-26,1.49,0.0
00-739041,2.89,2025-01-24,2.89,0.0,,,,,,
00-54310,1.39,2022-10-13,1.59,-12.58,2022-10-13,1.59,-12.58,2022-10-13,1.59,-12.58
00-370571,36.9,2025-01-01,36.9,0.0,2023-12-31,36.9,0.0,2023-01-25,34.9,5.73
00-739902,2.49,2025-01-30,2.47,0.81,2024-01-30,2.29,8.73,,,
00-720097,2.49,2024-05-16,2.29,8.73,2023-07-13,2.29,8.73,,,
00-634282,1.19,2025-01-24,1.19,0.0,2023-12-15,1.19,0.0,2023-02-07,0.833,42.86
00-415098,2.49,2025-01-30,2.39,4.18,2024-02-01,2.39,4.18,2023-02-02,2.29,8.73
00-429181,7.87,2025-01-16,5.99,31.39,,,,,,
00-418400,2.99,2025-01-16,2.99,0.0,2024-01-18,2.79,7.17,2023-01-19,2.49,20.08
00-551289,4.79,2025-01-30,4.69,2.13,2024-02-01,3.49,37.25,2022-12-19,4.19,14.32
00-653393,2.29,2023-06-21,2.29,0.0,2023-06-21,2.29,0.0,2022-11-30,2.19,4.57
00-342674,7.99,2025-02-04,7.69,3.9,2023-12-31,6.99,14.31,2023-01-01,6.99,14.31
00-723365,3.59,2025-01-16,3.59,0.0,2023-12-07,3.49,2.87,,,
00-407139,4.19,2025-01-30,2.79,50.18,2024-02-01,4.19,0.0,2023-02-03,2.66,57.52
00-749631,2.69,2025-01-24,2.69,0.0,,,,,,
00-725669,7.99,2025-01-01,7.99,0.0,2024-01-02,7.99,0.0,,,
00-468591,7.99,2025-01-30,7.99,0.0,2024-02-01,6.99,14.31,2023-02-03,6.99,14.31
00-466878,3.12,2024-11-17,4.69,-33.48,2024-01-11,4.69,-33.48,2023-01-29,4.19,-25.54
00-735012,1.29,2025-01-24,1.89,-31.75,,,,,,
00-251165,7.49,2025-01-24,7.49,0.0,2024-01-19,7.49,0.0,,,
00-919934,1.99,2024-10-29,2.19,-9.13,2023-11-30,1.99,0.0,2022-12-12,2.19,-9.13
00-888423,5.29,2024-11-12,5.29,0.0,2024-01-19,5.29,0.0,2023-02-07,4.99,6.01
00-744365,3.49,2025-01-24,3.49,0.0,,,,,,
00-597983,1.49,2025-01-24,1.49,0.0,2024-01-19,1.49,0.0,2023-02-07,1.59,-6.29
00-399269,1.99,2025-01-24,1.99,0.0,2024-01-19,1.99,0.0,2023-01-17,2.19,-9.13
00-292144,1.69,2024-12-25,1.89,-10.58,2023-12-25,1.89,-10.58,,,
00-410460,8.49,2025-01-01,8.49,0.0,,,,,,
00-900144,2.59,2025-01-24,2.59,0.0,2024-01-19,2.59,0.0,2023-01-17,2.59,0.0
00-718158,0.99,2025-01-01,1.99,-50.25,2024-01-18,1.99,-50.25,2022-12-23,1.79,-44.69
00-426472,3.89,2024-10-26,3.69,5.42,2024-02-01,3.59,8.36,2022-11-27,3.29,18.24
00-261657,5.49,2025-01-16,6.49,-15.41,2023-01-18,6.29,-12.72,2023-01-18,6.29,-12.72
00-863389,1.49,2023-03-16,1.59,-6.29,2023-03-16,1.59,-6.29,2022-12-30,1.59,-6.29
00-490339,8.99,2025-01-01,8.99,0.0,2024-02-01,5.99,50.08,2023-02-02,5.99,50.08
00-201376,34.9,2025-01-01,33.9,2.95,2023-12-31,33.9,2.95,2023-02-01,31.49,10.83
00-439728,0.95,2025-01-27,0.95,0.0,2023-12-15,0.89,6.74,2023-02-07,0.89,6.74
00-822991,4.79,2025-01-30,4.69,2.13,2024-02-01,3.49,37.25,2022-12-20,4.19,14.32
00-855173,3.49,2024-10-06,3.49,0.0,2023-11-23,3.49,0.0,2023-01-19,3.29,6.08
00-454546,2.79,2024-02-25,2.59,7.72,2023-12-27,2.59,7.72,2022-11-13,2.39,16.74
00-29934,7.99,2025-01-30,6.99,14.31,2024-02-01,5.99,33.39,2023-02-02,5.99,33.39
00-876399,12.59,2024-03-14,12.59,0.0,2023-12-06,11.59,8.63,2022-11-13,10.99,14.56
00-317649,3.99,2025-01-26,3.99,0.0,2024-01-28,3.99,0.0,2023-02-07,3.79,5.28
00-758105,2.19,2025-01-30,1.59,37.74,2024-02-01,1.19,84.03,2023-02-02,1.39,57.55
00-589695,14.99,2024-11-14,13.99,7.15,,,,,,
00-426137,4.89,2025-01-19,4.69,4.26,2024-01-21,4.69,4.26,2023-02-07,4.49,8.91
00-2599,2.99,2025-01-02,2.99,0.0,2024-01-15,2.79,7.17,2022-12-15,2.49,20.08
00-835012,1.29,2024-12-01,1.19,8.4,2023-12-07,1.19,8.4,2022-12-16,1.09,18.35
00-899608,4.19,2024-12-19,3.99,5.01,2023-12-24,3.99,5.01,2023-02-02,2.66,57.52
00-743719,2.59,2024-12-25,2.69,-3.72,2024-02-01,1.66,56.02,2022-11-24,2.79,-7.17
00-463749,7.99,2025-01-19,6.79,17.67,2024-01-21,6.79,17.67,2023-02-07,5.99,33.39
00-314210,3.89,2023-11-16,3.79,2.64,2023-11-16,3.79,2.64,2022-05-21,3.49,11.46
00-755154,3.59,2025-01-24,3.49,2.87,,,,,,
00-579251,3.49,2025-01-28,3.59,-2.79,2024-01-12,3.39,2.95,2023-01-19,3.29,6.08
00-929147,4.39,2024-02-25,4.39,0.0,2023-11-12,4.39,0.0,2023-02-07,4.39,0.0
00-842766,1.49,2025-01-24,1.99,-25.13,2023-12-07,1.99,-25.13,2023-01-19,1.79,-16.76
00-241860,1.99,2025-01-24,1.89,5.29,2024-01-19,1.89,5.29,2023-01-17,2.19,-9.13
00-717838,1.99,2025-01-24,1.99,0.0,2023-06-28,1.99,0.0,,,
00-654418,4.99,2025-01-30,3.13,59.42,2024-02-01,2.86,74.48,2023-02-02,2.66,87.59
00-291602,1.79,2025-01-24,1.79,0.0,2024-01-19,1.79,0.0,2023-02-07,1.79,0.0
00-429179,11.49,2025-01-30,8.99,27.81,2024-02-01,5.99,91.82,2023-02-02,7.99,43.8
00-891838,1.29,2025-01-24,1.29,0.0,2024-01-19,1.29,0.0,2022-08-30,1.29,0.0
00-510097,1.99,2024-12-25,1.99,0.0,2023-12-25,1.99,0.0,2022-12-20,1.99,0.0
00-426160,2.85,2025-02-06,2.29,24.45,2024-01-19,2.69,5.95,2023-02-07,2.29,24.45
00-810654,3.79,2025-01-30,3.79,0.0,2024-01-18,3.59,5.57,2023-01-19,2.99,26.76
00-969427,8.99,2025-01-30,8.99,0.0,2024-01-19,8.99,0.0,2023-02-07,8.59,4.66
00-371143,3.69,2025-01-24,3.69,0.0,2024-01-19,3.49,5.73,,,
00-721548,3.32,2025-01-30,4.69,-29.21,2024-02-01,2.99,11.04,2023-02-02,4.29,-22.61
00-426548,1.99,2025-01-30,1.33,49.62,2024-02-01,1.79,11.17,2022-12-23,1.59,25.16
00-877790,1.68,2024-12-25,1.68,0.0,2023-12-25,1.99,-15.58,2022-12-07,1.89,-11.11
00-757907,1.99,2024-12-10,2.29,-13.1,,,,,,
00-747814,2.77,2024-11-28,3.69,-24.93,,,,,,
00-419954,9.49,2024-01-19,5.19,82.85,2024-01-19,5.19,82.85,,,
00-82665,5.49,2025-01-26,5.29,3.78,2024-01-28,4.99,10.02,2023-01-29,4.49,22.27
00-817516,5.29,2025-01-24,5.29,0.0,2024-01-19,5.29,0.0,2022-06-15,4.99,6.01
00-101069,2.99,2025-01-24,2.79,7.17,,,,,,
00-279305,3.49,2024-01-19,2.89,20.76,2024-01-19,2.89,20.76,2022-12-06,2.89,20.76
00-715154,4.99,2025-01-24,4.99,0.0,2024-01-19,4.99,0.0,,,
00-287365,4.19,2023-12-20,4.19,0.0,2023-12-20,4.19,0.0,,,
00-307536,1.19,2024-10-26,1.29,-7.75,2023-07-16,0.99,20.2,2023-02-07,1.14,4.39
00-960759,2.49,2025-01-30,2.49,0.0,2024-01-05,2.29,8.73,2023-01-05,2.19,13.7
00-322581,3.99,2025-02-01,3.79,5.28,2024-01-18,2.59,54.05,2023-02-02,2.19,82.19
00-672849,4.49,2025-01-30,2.79,60.93,2024-02-01,1.89,137.57,2023-02-02,1.79,150.84
00-407534,1.49,2024-01-18,1.29,15.5,2024-01-18,1.29,15.5,2023-02-02,0.89,67.42
00-466422,9.99,2025-01-01,9.99,0.0,2023-12-31,9.99,0.0,2022-10-30,9.99,0.0
00-476412,9.99,2025-01-01,9.99,0.0,2023-12-31,9.99,0.0,,,
00-603775,7.59,2024-10-13,7.59,0.0,2023-10-21,7.59,0.0,2022-11-20,7.59,0.0
00-666246,2.99,2025-01-27,2.99,0.0,,,,,,
00-873639,6.99,2025-01-24,6.99,0.0,2024-01-19,6.99,0.0,2021-08-04,6.99,0.0
00-771381,5.19,2025-01-24,4.99,4.01,2024-01-12,4.99,4.01,2023-01-29,4.69,10.66
00-429364,1.99,2025-01-24,1.99,0.0,2024-01-19,1.99,0.0,2023-01-12,1.19,67.23
00-704285,2.99,2023-12-01,2.89,3.46,2023-12-01,2.89,3.46,,,
00-433908,3.99,2025-01-30,3.99,0.0,2024-01-18,3.69,8.13,2023-02-02,3.69,8.13
00-419867,3.19,2025-01-24,3.19,0.0,2024-01-19,3.19,0.0,2023-01-17,2.79,14.34
00-461789,12.99,2025-01-01,12.99,0.0,2023-12-31,12.99,0.0,2023-02-07,10.99,18.2
00-310734,2.99,2024-12-01,2.79,7.17,2023-12-07,2.29,30.57,2022-12-01,2.19,36.53
00-3006,29.99,2025-01-01,29.99,0.0,2023-12-31,29.99,0.0,2023-01-26,29.99,0.0
00-477528,6.99,2025-01-01,6.99,0.0,2023-12-31,6.99,0.0,2023-02-01,6.99,0.0
00-463748,4.99,2025-01-19,3.59,39.0,2024-01-21,3.59,39.0,,,
00-516498,2.49,2025-01-24,2.49,0.0,2024-01-19,2.79,-10.75,,,
00-19836,3.49,2025-01-30,2.32,50.43,2024-02-01,3.19,9.4,2023-02-04,2.99,16.72
00-696156,3.49,2023-06-19,3.39,2.95,2023-06-19,3.39,2.95,2022-05-25,2.59,34.75
00-757791,0.99,2025-01-24,0.99,0.0,,,,,,
00-18101,3.99,2024-12-05,3.19,25.08,2024-01-19,2.89,38.06,2022-12-10,2.89,38.06
00-454493,1.49,2024-12-25,1.99,-25.13,2024-01-25,2.19,-31.96,2022-12-01,1.89,-21.16
00-882279,1.99,2024-01-11,1.99,0.0,2024-01-11,1.99,0.0,2022-12-02,2.19,-9.13
00-840429,2.49,2024-09-19,2.49,0.0,2023-11-16,2.49,0.0,2022-10-17,2.39,4.18
00-585588,2.19,2025-01-05,2.19,0.0,2024-01-06,2.19,0.0,2023-02-07,2.19,0.0
00-587113,3.99,2025-01-24,3.69,8.13,2024-01-19,3.69,8.13,2023-02-07,3.69,8.13
00-860742,1.87,2024-05-23,2.49,-24.9,2023-12-01,2.39,-21.76,,,
00-796614,3.39,2025-02-02,2.39,41.84,2024-02-01,1.99,70.35,2023-02-02,1.99,70.35
00-885793,1.49,2025-01-24,1.39,7.19,2024-01-19,1.39,7.19,2023-01-17,1.29,15.5
00-179994,2.49,2024-11-07,3.49,-28.65,2023-09-14,3.49,-28.65,2022-12-19,3.49,-28.65
00-723753,4.99,2025-01-24,4.79,4.18,2024-02-01,4.49,11.14,,,
00-724188,4.99,2024-10-10,4.99,0.0,2023-10-12,4.99,0.0,,,
00-418398,2.99,2025-01-16,2.99,0.0,2024-01-18,2.79,7.17,2023-01-19,2.49,20.08
00-500422,2.79,2025-01-24,2.79,0.0,2024-01-10,1.4,99.29,2022-10-13,1.89,47.62
00-425215,2.79,2024-08-10,2.69,3.72,2024-01-11,2.59,7.72,2022-12-02,2.59,7.72
00-691265,2.99,2025-01-30,2.79,7.17,2024-02-01,2.49,20.08,2023-02-02,2.39,25.1
00-424378,5.29,2025-01-24,5.29,0.0,2024-01-19,5.29,0.0,2022-06-15,4.99,6.01
00-886678,0.99,2025-01-03,0.99,0.0,2022-11-17,1.25,-20.8,2022-11-17,1.25,-20.8
00-419701,5.69,2024-12-01,4.99,14.03,2023-12-07,4.29,32.63,,,
00-820982,3.74,2025-01-24,4.79,-21.92,2024-01-19,4.79,-21.92,2023-02-02,4.19,-10.74
00-654447,4.99,2025-01-30,3.13,59.42,2024-02-01,2.86,74.48,2023-02-02,2.66,87.59
00-201203,1.15,2025-02-06,1.09,5.5,2024-02-05,1.19,-3.36,,,
00-721664,4.19,2025-01-24,4.19,0.0,2024-02-01,3.99,5.01,2023-01-17,3.49,20.06
00-473816,9.99,2025-01-01,11.79,-15.27,2023-12-31,11.79,-15.27,2023-02-01,11.79,-15.27
00-703668,4.99,2025-01-26,4.99,0.0,2024-02-01,4.79,4.18,2023-01-29,4.49,11.14
00-521416,0.74,2025-01-05,0.99,-25.25,2024-01-06,0.99,-25.25,2022-11-06,0.99,-25.25
00-341,3.49,2025-01-24,3.49,0.0,2024-01-19,3.49,0.0,2023-01-17,2.99,16.72
00-756030,2.49,2025-01-22,2.49,0.0,,,,,,
00-2385,4.99,2024-12-19,4.99,0.0,2023-12-14,4.99,0.0,2023-02-02,3.49,42.98
00-747608,2.69,2025-01-24,2.69,0.0,,,,,,
00-936953,11.99,2025-01-02,11.99,0.0,2023-11-12,11.49,4.35,2022-11-13,11.29,6.2
00-44618,3.49,2025-01-30,2.32,50.43,2024-02-01,3.19,9.4,2022-11-21,2.99,16.72
00-744128,2.79,2025-01-30,2.39,16.74,,,,,,
00-466846,3.12,2024-11-17,4.69,-33.48,2024-01-11,4.69,-33.48,2023-01-29,4.19,-25.54
00-599257,2.99,2025-01-24,2.99,0.0,2024-01-11,3.29,-9.12,2023-02-07,2.89,3.46
00-279477,4.99,2025-01-16,4.99,0.0,2024-01-18,4.99,0.0,2023-02-02,4.99,0.0
00-2796,3.39,2025-01-02,3.39,0.0,2022-05-23,2.99,13.38,2022-05-23,2.99,13.38
00-461840,11.99,2025-01-01,11.99,0.0,2023-12-31,10.99,9.1,2022-10-30,10.99,9.1
00-506216,7.99,2025-01-01,7.99,0.0,2023-12-31,7.99,0.0,,,
00-848016,2.89,2025-01-30,2.99,-3.34,2024-02-01,2.99,-3.34,2023-02-02,2.69,7.43
00-141657,2.39,2025-01-30,2.39,0.0,2024-02-01,2.29,4.37,2023-02-02,2.29,4.37
00-279909,2.47,2024-01-19,3.29,-24.92,2024-01-19,3.29,-24.92,2023-01-17,3.29,-24.92
00-456342,2.99,2025-02-02,2.99,0.0,2023-11-23,2.89,3.46,2023-01-12,2.99,0.0
00-743978,1.29,2025-01-05,1.29,0.0,,,,,,
00-755416,16.99,2025-01-24,16.99,0.0,,,,,,
00-337632,2.99,2025-01-24,2.99,0.0,2024-01-19,2.89,3.46,,,
00-756533,3.69,2024-11-19,3.69,0.0,,,,,,
00-765783,1.59,2025-01-24,1.59,0.0,2024-01-19,1.49,6.71,2023-02-02,1.49,6.71
00-764925,12.99,2025-01-30,9.99,30.03,2024-02-06,9.99,30.03,2022-07-28,11.99,8.34
00-704276,2.99,2023-08-26,2.89,3.46,2023-08-26,2.89,3.46,2023-01-02,2.89,3.46
00-337766,6.99,2025-01-24,6.99,0.0,2024-01-19,8.29,-15.68,2023-01-29,7.99,-12.52
00-745509,3.79,2025-01-24,3.79,0.0,,,,,,
00-527321,3.69,2025-01-24,3.69,0.0,2024-01-19,3.69,0.0,,,
00-20665,5.19,2025-01-26,4.79,8.35,2024-02-01,4.79,8.35,2023-01-29,4.49,15.59
00-913890,10.59,2025-01-19,10.59,0.0,2024-01-21,10.59,0.0,2023-01-26,10.19,3.93
00-535,3.29,2025-01-30,3.29,0.0,2024-02-01,3.29,0.0,2023-02-02,3.29,0.0
00-376228,2.29,2024-08-29,2.99,-23.41,2023-10-01,2.99,-23.41,2022-12-07,2.69,-14.87
00-577851,3.49,2025-01-24,3.49,0.0,2024-01-19,2.99,16.72,2022-05-19,2.69,29.74
00-396107,11.99,2025-01-01,13.99,-14.3,2023-12-31,13.99,-14.3,2023-02-01,13.99,-14.3
00-264276,2.99,2024-02-25,2.99,0.0,2023-12-27,2.99,0.0,2023-02-07,2.69,11.15
00-278717,2.49,2024-12-25,2.49,0.0,2023-12-25,2.49,0.0,2022-11-30,2.49,0.0
00-513219,5.99,2025-01-01,5.99,0.0,2023-12-31,5.99,0.0,,,
00-509047,9.99,2025-01-01,9.99,0.0,2024-02-01,11.49,-13.05,2023-01-22,9.99,0.0
00-428624,28.99,2025-01-19,27.99,3.57,2024-01-21,19.99,45.02,2023-02-02,14.99,93.4
00-180125,2.49,2024-11-07,3.49,-28.65,2023-09-14,3.49,-28.65,2022-12-19,3.49,-28.65
00-418395,2.99,2025-01-16,2.99,0.0,2024-01-18,2.79,7.17,2023-01-19,2.49,20.08
00-17847,8.99,2025-01-01,8.99,0.0,2023-12-31,8.99,0.0,2023-01-22,8.99,0.0
00-398006,1.99,2025-02-04,2.49,-20.08,2024-01-12,1.99,0.0,2022-12-25,2.49,-20.08
00-733824,1.99,2024-02-25,1.99,0.0,2024-01-23,1.99,0.0,,,
00-856700,3.79,2024-10-11,3.29,15.2,2023-11-04,3.49,8.6,2022-11-09,2.49,52.21
00-521747,2.19,2024-11-12,2.19,0.0,2024-01-19,3.29,-33.43,2023-02-07,3.29,-33.43
00-22555,4.99,2024-12-19,4.99,0.0,2023-12-14,4.99,0.0,2023-02-02,3.49,42.98
00-342389,3.39,2025-01-17,3.29,3.04,2024-02-01,2.95,14.92,2023-01-27,2.69,26.02
00-768877,5.29,2025-02-04,5.29,0.0,,,,,,
00-437248,3.69,2025-02-02,3.59,2.79,2024-01-18,3.49,5.73,2023-01-19,3.15,17.14
00-417933,3.99,2025-02-01,3.79,5.28,2024-01-18,2.59,54.05,2023-02-02,2.19,82.19
00-595941,1.29,2025-01-24,1.29,0.0,2024-01-19,1.29,0.0,2023-02-07,1.09,18.35
00-592948,3.49,2024-08-29,3.19,9.4,2023-10-01,3.19,9.4,2022-07-27,2.69,29.74
00-883139,1.79,2025-01-30,1.99,-10.05,2024-01-25,2.19,-18.26,2023-02-07,2.39,-25.1
00-519734,1.87,2024-01-19,2.49,-24.9,2024-01-19,2.49,-24.9,2022-09-22,2.49,-24.9
00-270775,4.39,2024-03-31,4.29,2.33,2024-01-02,4.29,2.33,2023-01-09,3.99,10.03
00-579767,19.74,2025-02-01,19.74,0.0,,,,,,
00-9364,1.49,2025-01-24,1.49,0.0,2024-01-19,1.49,0.0,2023-01-26,1.49,0.0
00-841876,1.75,2025-01-28,1.75,0.0,2023-12-25,1.69,3.55,2022-11-30,1.65,6.06
00-470469,3.99,2025-01-19,2.39,66.95,2024-01-21,2.39,66.95,2023-02-07,2.29,74.24
00-407484,29.99,2025-01-01,29.99,0.0,2024-02-01,24.99,20.01,,,
00-588578,2.15,2024-12-25,2.15,0.0,2023-12-25,2.15,0.0,2023-01-21,1.89,13.76
00-963256,2.99,2023-03-29,2.99,0.0,2023-03-29,2.99,0.0,,,
00-468639,1.99,2025-01-16,1.99,0.0,2024-02-01,1.99,0.0,2022-11-28,1.79,11.17
00-441011,18.99,2025-01-02,18.99,0.0,2024-01-02,17.99,5.56,2023-01-01,15.99,18.76
00-584526,5.99,2025-01-15,5.99,0.0,2024-01-18,5.99,0.0,2023-01-19,5.99,0.0
00-451377,9.99,2025-01-01,9.99,0.0,2023-12-31,9.99,0.0,2022-10-30,9.99,0.0
00-587830,5.49,2024-01-12,5.99,-8.35,2024-01-12,5.99,-8.35,2022-11-29,5.19,5.78
00-412619,3.59,2022-08-25,3.59,0.0,2022-08-25,3.59,0.0,2022-08-25,3.59,0.0
00-388582,3.69,2025-02-02,3.59,2.79,2024-01-18,3.49,5.73,2023-01-19,3.15,17.14
00-562449,2.69,2024-12-11,2.69,0.0,2023-11-12,2.59,3.86,2022-12-20,2.59,3.86
00-728445,3.39,2025-01-17,3.29,3.04,2024-02-01,2.95,14.92,2023-01-27,2.69,26.02
00-10232,1.39,2025-01-09,1.39,0.0,2023-12-31,1.29,7.75,2023-01-22,1.29,7.75
00-518123,1.34,2024-02-12,1.59,-15.72,2023-11-30,1.49,-10.07,,,
00-417756,4.59,2025-01-24,4.59,0.0,2024-01-19,4.59,0.0,2022-10-05,3.99,15.04
00-727858,1.19,2025-01-24,1.1,8.18,2024-01-19,0.99,20.2,,,
00-471340,5.99,2025-01-01,7.99,-25.03,2023-12-31,7.79,-23.11,,,
00-408610,1.79,2024-10-26,1.79,0.0,2024-02-01,1.79,0.0,2022-12-19,1.99,-10.05
00-360247,6.59,2023-05-16,5.49,20.04,2023-05-16,5.49,20.04,2023-01-26,5.39,22.26
00-961682,2.99,2025-01-24,2.99,0.0,2024-01-19,2.99,0.0,2023-01-17,2.99,0.0
00-303118,9.99,2025-01-17,9.99,0.0,2023-05-13,8.49,17.67,2022-12-28,8.79,13.65
00-384001,1.39,2024-11-21,1.39,0.0,2024-01-25,1.39,0.0,2023-02-02,1.09,27.52
00-411645,1.29,2024-06-18,1.29,0.0,2023-11-30,0.99,30.3,2021-10-14,1.29,0.0
00-679792,2.29,2025-01-24,2.19,4.57,2024-01-19,2.19,4.57,2023-01-17,2.19,4.57
00-471911,4.29,2024-12-19,3.99,7.52,2024-02-01,3.49,22.92,2023-02-02,2.89,48.44
00-916835,1.29,2025-01-24,0.86,50.0,,,,,,
00-513596,3.99,2024-12-01,4.29,-6.99,2024-01-18,4.39,-9.11,2023-01-30,4.39,-9.11
00-22132,1.99,2025-01-01,2.49,-20.08,2023-12-31,2.29,-13.1,2023-01-01,1.99,0.0
00-317710,1.87,2024-12-13,2.39,-21.76,2023-12-15,2.29,-18.34,2023-02-07,2.19,-14.61
00-668834,7.49,2025-01-30,5.99,25.04,2024-02-01,5.49,36.43,2023-02-02,6.99,7.15
00-282206,3.59,2025-01-24,3.59,0.0,2024-01-19,3.59,0.0,2023-02-02,3.59,0.0
00-439460,2.99,2025-01-16,2.99,0.0,2024-01-18,2.79,7.17,2023-01-19,2.49,20.08
00-292574,5.49,2025-01-19,5.19,5.78,2024-01-21,3.99,37.59,2022-09-29,3.69,48.78
00-421103,2.19,2025-01-01,2.19,0.0,2023-12-31,2.19,0.0,2022-12-13,1.89,15.87
00-274384,16.99,2025-01-01,16.99,0.0,,,,,,
00-2637,2.99,2025-01-02,2.99,0.0,2024-01-15,2.79,7.17,2022-12-15,2.49,20.08
00-466428,6.49,2025-01-05,5.99,8.35,2024-01-06,5.99,8.35,2023-02-07,5.99,8.35
00-181131,5.99,2025-01-02,5.99,0.0,2024-01-15,5.59,7.16,2022-07-14,4.99,20.04
00-917060,2.79,2025-01-23,2.99,-6.69,2023-10-25,2.99,-6.69,2022-12-23,2.69,3.72
00-690695,4.49,2025-01-24,4.29,4.66,2024-01-19,4.29,4.66,2023-01-23,3.99,12.53
00-728606,0.99,2025-01-24,0.99,0.0,2024-01-19,0.99,0.0,,,
00-756840,3.99,2024-11-12,3.99,0.0,,,,,,
00-266862,3.99,2025-01-30,2.53,57.71,2024-02-01,2.39,66.95,2023-02-02,2.89,38.06
00-650526,5.99,2025-01-01,5.99,0.0,2023-12-31,5.99,0.0,2023-01-22,5.49,9.11
00-575066,5.19,2025-01-24,5.19,0.0,2024-01-19,5.19,0.0,2023-01-29,3.99,30.08
00-703972,1.29,2025-01-30,1.29,0.0,2024-01-19,0.99,30.3,,,
00-505047,6.49,2025-01-16,5.99,8.35,2023-10-21,5.49,18.21,2022-11-20,5.49,18.21
00-761022,1.79,2024-12-25,1.79,0.0,,,,,,
00-762216,2.79,2025-01-24,2.99,-6.69,,,,,,
00-723358,3.59,2025-01-16,3.59,0.0,2023-12-07,3.49,2.87,,,
00-384295,4.99,2025-01-24,4.99,0.0,2024-01-19,4.99,0.0,2023-01-17,4.99,0.0
00-400240,1.49,2025-01-30,1.99,-25.13,2024-02-01,1.99,-25.13,2023-02-02,2.49,-40.16
00-24064,2.99,2025-01-24,2.99,0.0,2024-01-19,2.99,0.0,2023-01-17,2.39,25.1
00-562,3.19,2024-12-19,3.19,0.0,2023-11-12,2.99,6.69,2022-11-29,2.79,14.34
00-740935,2.99,2025-01-30,4.19,-28.64,,,,,,
00-760985,2.65,2024-12-10,1.99,33.17,,,,,,
00-727562,4.39,2025-01-19,4.39,0.0,,,,,,
00-364593,3.99,2025-01-24,3.99,0.0,2024-01-23,3.74,6.68,2022-06-01,5.19,-23.12
00-701766,2.79,2025-01-24,2.79,0.0,2024-01-19,2.79,0.0,2023-02-02,2.79,0.0
00-410748,5.49,2025-01-26,5.29,3.78,2024-01-28,4.99,10.02,2023-01-29,4.49,22.27
00-420028,2.99,2025-01-05,2.99,0.0,2024-01-06,3.49,-14.33,,,
00-718384,2.89,2025-01-24,2.89,0.0,2024-01-19,2.89,0.0,,,
00-670116,1.86,2025-01-30,1.72,8.14,2024-02-01,1.52,22.37,2023-02-02,1.49,24.83
00-900748,3.19,2023-05-15,3.19,0.0,2023-05-15,3.19,0.0,2022-06-01,2.99,6.69
00-721877,31.8,2024-12-04,31.8,0.0,,,,,,
00-960513,2.29,2024-03-21,2.29,0.0,2024-01-28,1.89,21.16,2022-11-30,1.59,44.03
00-911649,2.39,2022-12-17,3.19,-25.08,2022-12-17,3.19,-25.08,2022-12-17,3.19,-25.08
00-886977,1.79,2024-10-18,1.79,0.0,2023-10-24,1.59,12.58,2022-12-28,1.49,20.13
00-646093,23.99,2025-01-30,18.99,26.33,2024-02-01,12.74,88.3,2023-02-02,16.99,41.2
00-930985,4.99,2024-06-20,4.99,0.0,2024-01-11,4.69,6.4,2022-12-09,4.29,16.32
00-11411,1.79,2024-12-24,1.79,0.0,2024-01-25,1.39,28.78,2023-01-14,1.19,50.42
00-902729,5.99,2025-01-01,5.99,0.0,2023-12-31,5.99,0.0,2023-01-22,5.49,9.11
00-466694,1.79,2024-10-18,1.79,0.0,2023-10-24,1.59,12.58,2022-12-14,1.49,20.13
00-338459,1.29,2025-01-24,1.29,0.0,2024-01-19,1.29,0.0,2023-02-02,0.99,30.3
00-41258,2.69,2025-01-24,2.49,8.03,2024-01-19,2.29,17.47,2023-01-17,1.99,35.18
00-571279,2.99,2025-01-24,2.99,0.0,2024-01-19,2.69,11.15,2023-01-17,2.19,36.53
00-23498,5.99,2025-01-01,5.99,0.0,2023-12-31,5.99,0.0,2023-01-01,3.99,50.13
00-734554,1.99,2024-11-04,1.5,32.67,2024-01-19,2.0,-0.5,,,
00-728597,0.99,2025-01-24,0.99,0.0,2024-01-19,0.99,0.0,,,
00-443100,0.74,2025-01-24,0.99,-25.25,2024-01-06,1.29,-42.64,2023-02-07,1.29,-42.64
00-371125,1.69,2025-01-24,1.69,0.0,2024-01-19,2.29,-26.2,,,
00-253142,3.99,2024-12-05,3.99,0.0,2024-02-01,3.69,8.13,2022-10-21,3.99,0.0
00-471892,8.99,2025-01-01,8.99,0.0,2023-12-31,8.99,0.0,2023-01-22,8.49,5.89
00-573866,5.49,2025-01-24,6.99,-21.46,,,,,,
00-22229,1.99,2025-01-30,1.59,25.16,2023-12-14,1.99,0.0,2022-12-07,1.99,0.0
00-303775,4.39,2024-10-13,4.39,0.0,2024-01-26,4.39,0.0,,,
00-599049,1.59,2025-02-01,1.59,0.0,2024-02-01,1.69,-5.92,2023-02-07,1.69,-5.92
00-961696,2.99,2025-01-24,2.99,0.0,2024-01-19,2.99,0.0,2023-01-17,2.49,20.08
00-287495,1.99,2025-01-24,1.99,0.0,2024-01-19,1.99,0.0,2023-02-07,1.99,0.0
00-522462,2.49,2025-01-24,1.99,25.13,2024-01-19,1.99,25.13,2023-02-07,1.79,39.11
00-4211,8.49,2025-01-19,7.99,6.26,2024-01-21,5.49,54.64,2023-01-19,4.99,70.14
00-401206,4.49,2025-01-01,4.49,0.0,2023-12-31,4.49,0.0,2023-01-22,4.49,0.0
00-418999,0.89,2025-01-30,1.99,-55.28,2023-12-24,1.99,-55.28,2022-11-24,1.99,-55.28
00-663511,2.09,2025-01-30,1.99,5.03,2024-02-01,1.89,10.58,2023-01-19,1.59,31.45
00-746390,2.49,2025-01-24,3.99,-37.59,,,,,,
00-728200,4.99,2025-01-01,4.49,11.14,2023-12-31,4.49,11.14,,,
00-389574,2.99,2025-01-16,2.39,25.1,2023-12-31,2.39,25.1,2023-02-02,2.19,36.53
00-824474,3.99,2023-12-01,3.99,0.0,2023-12-01,3.99,0.0,,,
00-705012,4.49,2024-12-25,4.49,0.0,2023-12-25,4.49,0.0,,,
00-511820,3.99,2025-01-28,3.99,0.0,,,,,,
00-772074,1.87,2023-12-31,2.49,-24.9,2023-12-31,2.49,-24.9,2023-02-02,1.99,-6.03
00-747773,2.77,2024-11-28,3.69,-24.93,,,,,,
00-960511,7.49,2025-01-24,7.49,0.0,2024-01-28,6.99,7.15,2023-01-17,6.99,7.15
00-604897,2.49,2024-02-25,2.19,13.7,2023-11-12,2.19,13.7,2023-02-07,2.39,4.18
00-24063,3.99,2024-09-26,3.69,8.13,2023-12-27,3.69,8.13,2022-07-14,2.99,33.44
00-754236,1.49,2025-01-24,1.49,0.0,,,,,,
00-967036,4.99,2025-01-24,4.99,0.0,2023-10-13,4.99,0.0,2022-06-01,4.99,0.0
00-697507,16.99,2023-12-24,11.99,41.7,2023-12-24,11.99,41.7,,,
00-872566,2.99,2025-01-24,2.85,4.91,2024-02-01,2.19,36.53,2023-02-04,2.69,11.15
00-649467,3.19,2024-02-25,2.89,10.38,2023-12-14,2.89,10.38,2023-02-07,2.89,10.38
00-602260,2.99,2025-01-08,2.99,0.0,2024-01-15,1.79,67.04,2022-11-27,2.19,36.53
00-646094,23.99,2025-01-30,18.99,26.33,2024-02-01,12.74,88.3,2023-02-02,16.99,41.2
00-2663,2.99,2025-01-02,2.99,0.0,2024-01-15,2.79,7.17,2022-12-15,2.49,20.08
00-646552,1.49,2023-12-24,1.89,-21.16,2023-12-24,1.89,-21.16,2022-11-24,1.19,25.21
00-496870,2.99,2024-12-13,2.59,15.44,2024-01-04,2.59,15.44,,,
00-706465,2.99,2025-01-16,2.99,0.0,2024-01-18,2.79,7.17,,,
00-585482,2.69,2025-01-05,3.59,-25.07,2024-01-06,3.59,-25.07,2023-02-07,3.59,-25.07
00-426547,1.99,2025-01-30,1.33,49.62,2024-02-01,1.79,11.17,2022-12-23,1.59,25.16
00-818028,1.99,2024-10-10,1.89,5.29,2023-10-25,1.79,11.17,2022-12-08,1.49,33.56
00-451121,3.69,2025-01-30,2.49,48.19,,,,,,
00-769756,1.99,2025-02-01,1.99,0.0,,,,,,
00-586456,2.49,2025-01-16,1.99,25.13,2024-02-01,1.99,25.13,2023-02-02,1.79,39.11
00-472966,10.99,2025-01-01,10.99,0.0,2023-12-31,10.99,0.0,2023-02-02,8.99,22.25
00-422843,2.89,2025-01-24,2.89,0.0,2023-10-21,2.89,0.0,2023-01-05,2.79,3.58
00-423164,1.69,2025-01-30,1.39,21.58,2024-02-01,1.39,21.58,2023-02-02,1.29,31.01
00-871893,2.79,2025-01-24,2.79,0.0,2024-01-19,2.79,0.0,2020-07-02,2.19,27.4
00-83971,1.79,2025-01-24,1.59,12.58,2024-01-12,1.59,12.58,2022-12-15,1.39,28.78
00-967898,2.39,2024-12-18,2.49,-4.02,2023-12-28,2.19,9.13,,,
00-726326,3.19,2025-01-24,2.99,6.69,,,,,,
00-356525,2.29,2024-12-25,2.29,0.0,2023-12-25,2.29,0.0,2022-11-30,2.29,0.0
00-742179,2.39,2025-01-30,2.39,0.0,,,,,,
00-469820,7.99,2025-01-01,7.99,0.0,2023-12-31,7.99,0.0,2023-01-19,6.49,23.11
00-432536,2.69,2024-02-12,2.99,-10.03,2024-01-12,2.89,-6.92,2022-05-23,2.89,-6.92
00-961664,0.99,2025-01-24,0.99,0.0,2024-01-19,0.99,0.0,2023-01-17,1.29,-23.26
00-559219,2.89,2024-12-13,2.49,16.06,2024-01-12,2.39,20.92,2023-02-07,2.29,26.2
00-350947,1.99,2025-02-02,2.89,-31.14,2023-12-27,2.89,-31.14,2022-12-14,2.99,-33.44
00-482949,3.69,2024-11-21,3.69,0.0,2024-01-18,3.49,5.73,2023-02-02,3.49,5.73
00-2982,4.19,2024-12-01,3.99,5.01,2023-12-07,3.79,10.55,2023-02-02,3.79,10.55
00-443656,3.29,2025-01-24,3.29,0.0,2024-02-01,3.29,0.0,2023-02-07,2.99,10.03
00-729488,1.59,2024-12-20,1.59,0.0,2024-02-07,1.49,6.71,,,
00-30552,1.49,2025-01-01,1.49,0.0,2023-12-31,1.49,0.0,2023-01-26,1.49,0.0
00-755438,4.99,2025-01-19,4.99,0.0,,,,,,
00-521907,0.79,2025-01-24,0.79,0.0,2024-01-19,0.79,0.0,2023-02-07,0.79,0.0
00-734778,0.99,2024-09-17,0.99,0.0,,,,,,
00-614754,3.99,2025-01-01,4.99,-20.04,2024-01-01,4.99,-20.04,2023-01-22,4.99,-20.04
00-100696,3.39,2024-02-25,3.19,6.27,2023-12-27,3.19,6.27,2023-02-07,2.99,13.38
00-855724,3.12,2024-11-17,4.69,-33.48,2024-01-11,4.69,-33.48,2023-01-29,4.19,-25.54
00-258262,3.99,2025-01-30,4.19,-4.77,2024-02-01,2.59,54.05,2022-09-13,3.99,0.0
00-739285,3.89,2024-03-06,3.89,0.0,,,,,,
00-609563,2.19,2025-01-30,1.59,37.74,2024-02-01,1.19,84.03,2023-02-02,1.39,57.55
00-932847,6.99,2025-01-24,6.99,0.0,2022-04-20,6.99,0.0,2022-04-20,6.99,0.0
00-7800,2.69,2025-01-19,2.59,3.86,2024-01-21,2.49,8.03,2022-12-11,1.99,35.18
00-733482,1.39,2025-02-01,1.39,0.0,2024-02-01,1.39,0.0,,,
00-480804,6.99,2025-01-30,6.99,0.0,2024-02-01,6.99,0.0,2023-02-02,6.49,7.7
00-492004,4.99,2025-01-30,3.99,25.06,2024-01-25,3.99,25.06,2023-02-04,2.47,102.02
00-402887,3.79,2024-11-11,2.89,31.14,2023-11-08,2.59,46.33,,,
00-349598,4.99,2024-12-25,4.99,0.0,2023-12-27,4.79,4.18,2022-12-25,4.49,11.14
00-434599,2.39,2025-01-24,2.29,4.37,2023-12-07,2.29,4.37,2022-12-20,2.29,4.37
00-403486,2.99,2024-12-24,2.79,7.17,2024-02-06,2.99,0.0,,,
00-410883,1.99,2024-10-18,2.49,-20.08,2024-01-02,2.59,-23.17,2023-01-02,2.39,-16.74
00-410165,2.89,2025-01-24,2.79,3.58,2024-01-19,2.79,3.58,2023-01-17,2.99,-3.34
00-728859,6.99,2024-09-26,6.99,0.0,2024-01-12,6.99,0.0,,,
00-778030,4.49,2025-01-26,4.49,0.0,2024-01-28,3.99,12.53,2023-01-17,3.99,12.53
00-568649,15.49,2025-01-19,13.59,13.98,,,,,,
00-242934,4.19,2025-01-30,2.79,50.18,2024-02-01,4.19,0.0,2023-02-02,2.66,57.52
00-729602,1.89,2025-01-24,1.89,0.0,,,,,,
00-698565,16.99,2025-01-01,16.99,0.0,2024-01-01,16.99,0.0,2023-02-02,12.99,30.79
00-522857,1.39,2025-01-24,1.39,0.0,2023-12-15,1.39,0.0,2023-02-07,1.29,7.75
00-403501,2.59,2024-12-18,2.59,0.0,2023-06-12,2.49,4.02,2022-12-20,2.19,18.26
00-667911,1.65,2025-01-30,1.89,-12.7,2024-01-18,1.99,-17.09,2022-11-03,1.99,-17.09
00-7797,2.69,2025-01-19,2.59,3.86,2024-01-21,2.49,8.03,2022-12-11,1.99,35.18
00-491088,2.79,2025-02-01,2.89,-3.46,2024-02-01,2.89,-3.46,2023-01-17,2.69,3.72
00-440806,1.49,2025-01-30,1.49,0.0,2024-01-18,1.49,0.0,2023-02-02,1.55,-3.87
00-715180,1.99,2025-01-24,1.99,0.0,2024-01-19,1.99,0.0,,,
00-342871,2.39,2023-11-09,3.19,-25.08,2023-11-09,3.19,-25.08,,,
00-496845,8.99,2025-01-01,9.99,-10.01,2023-12-31,9.99,-10.01,2023-01-22,9.99,-10.01
00-683027,2.69,2024-12-13,2.69,0.0,2023-12-15,2.59,3.86,2023-02-07,2.79,-3.58
00-339673,3.99,2024-12-01,3.79,5.28,2023-12-07,3.49,14.33,,,
00-721203,14.34,2024-12-04,10.74,33.52,,,,,,
00-614971,39.9,2025-01-01,39.9,0.0,2023-12-31,45.9,-13.07,,,
00-6547,3.19,2025-01-24,3.19,0.0,2023-09-28,3.19,0.0,2023-01-17,2.99,6.69
00-7947,1.89,2025-02-02,2.59,-27.03,2024-01-18,2.49,-24.1,2023-01-19,2.35,-19.57
00-939037,2.99,2025-01-24,2.99,0.0,2024-01-19,2.99,0.0,2022-10-05,2.99,0.0
00-498006,30.99,2025-02-06,30.99,0.0,2024-02-01,22.99,34.8,,,
00-910850,7.49,2025-01-30,5.99,25.04,2024-02-01,5.49,36.43,2023-02-02,6.99,7.15
00-372921,14.99,2025-01-01,14.99,0.0,2023-12-31,14.99,0.0,2023-01-22,13.49,11.12
00-742127,6.99,2025-01-01,7.99,-12.52,,,,,,
00-17524,13.49,2025-01-01,13.49,0.0,2024-02-01,9.99,35.04,2023-01-01,12.49,8.01
00-407678,0.99,2025-01-09,1.49,-33.56,2024-02-01,1.39,-28.78,2023-01-19,1.45,-31.72
00-416415,1.29,2025-01-30,1.89,-31.75,2024-01-19,1.89,-31.75,2023-01-17,1.79,-27.93
00-381886,4.99,2024-12-25,4.99,0.0,2023-12-25,4.99,0.0,2023-01-29,3.99,25.06
00-566804,3.99,2025-01-24,4.29,-6.99,2024-02-01,4.29,-6.99,2023-01-19,3.99,0.0
00-424096,3.99,2025-02-02,3.99,0.0,2023-12-25,3.99,0.0,2023-02-02,4.19,-4.77
00-317674,3.89,2025-01-24,3.89,0.0,2024-01-19,3.89,0.0,2023-02-07,3.69,5.42
00-299558,2.19,2025-01-26,2.19,0.0,2024-01-28,2.19,0.0,2022-12-16,1.99,10.05
00-422333,13.49,2025-01-01,13.49,0.0,,,,,,
00-587216,2.02,2025-01-30,3.69,-45.26,2024-01-19,3.69,-45.26,2022-10-13,3.69,-45.26
00-867105,6.32,2024-06-06,9.49,-33.4,2023-12-27,9.49,-33.4,2022-11-24,8.99,-29.7
00-872458,3.69,2024-12-19,3.59,2.79,2024-01-18,3.79,-2.64,2023-02-04,2.79,32.26
00-787743,3.19,2024-02-29,3.29,-3.04,2023-11-23,3.19,0.0,2022-12-19,2.99,6.69
00-452695,18.99,2025-01-01,18.99,0.0,2023-12-31,18.99,0.0,2023-01-22,17.49,8.58
00-19892,2.84,2025-01-30,3.79,-25.07,2024-01-18,3.29,-13.68,2023-01-19,3.19,-10.97
00-439969,25.9,2024-12-25,27.9,-7.17,2024-01-01,27.9,-7.17,2022-11-24,25.9,0.0
00-317564,4.49,2025-01-24,4.49,0.0,2024-01-19,4.29,4.66,2023-02-07,4.19,7.16
00-715320,2.69,2024-02-25,2.69,0.0,2023-11-16,2.69,0.0,2022-12-20,2.59,3.86
00-17787,14.99,2025-01-01,14.99,0.0,2023-12-31,13.99,7.15,2023-01-22,13.99,7.15
00-425504,0.99,2024-12-11,0.99,0.0,2024-01-18,0.95,4.21,2022-11-07,0.95,4.21
00-300352,2.99,2024-11-21,2.99,0.0,2023-12-24,2.99,0.0,,,
00-317698,1.87,2025-01-24,2.29,-18.34,2024-01-19,2.29,-18.34,2023-02-07,2.29,-18.34
00-632946,3.99,2023-11-30,3.99,0.0,2023-11-30,3.99,0.0,,,
00-481366,14.99,2025-01-01,14.99,0.0,2023-12-31,14.99,0.0,2023-02-01,14.99,0.0
00-445078,5.39,2023-10-21,5.39,0.0,2023-10-21,5.39,0.0,2022-11-20,5.39,0.0
00-858804,3.99,2025-01-30,3.99,0.0,2024-02-01,3.99,0.0,2023-02-02,3.99,0.0
00-701156,10.99,2025-01-24,10.99,0.0,2024-01-19,10.99,0.0,2023-01-29,9.99,10.01
00-250835,3.79,2025-01-24,3.79,0.0,2024-01-19,3.79,0.0,2023-01-17,4.99,-24.05
00-202785,3.29,2024-09-12,3.29,0.0,2024-01-12,3.19,3.13,2022-12-23,3.19,3.13
00-5274,3.49,2024-09-01,2.99,16.72,2023-12-01,2.02,72.77,,,
00-409790,5.49,2025-01-19,5.29,3.78,2024-01-21,5.29,3.78,2022-12-11,4.39,25.06
00-494862,2.79,2025-02-01,2.79,0.0,2024-02-01,2.79,0.0,2023-01-24,2.49,12.05
00-629604,20.99,2025-01-01,20.99,0.0,,,,,,
00-401134,3.29,2025-01-30,3.29,0.0,2024-02-01,3.29,0.0,2023-02-02,3.29,0.0
00-546791,1.29,2025-01-16,0.86,50.0,,,,,,
00-872451,3.69,2024-12-19,3.59,2.79,2024-01-18,3.79,-2.64,2023-02-02,2.79,32.26
00-284531,2.99,2025-01-30,2.99,0.0,2024-02-01,2.69,11.15,2023-02-02,2.39,25.1
00-509022,1.99,2024-11-07,1.99,0.0,2023-11-09,1.89,5.29,,,
00-464688,8.99,2025-01-01,8.99,0.0,2023-12-31,7.49,20.03,2023-01-22,7.49,20.03
00-412692,1.19,2025-01-24,1.19,0.0,2024-01-18,0.99,20.2,2022-12-25,1.19,0.0
00-822356,2.49,2024-11-07,3.49,-28.65,2023-09-14,3.49,-28.65,2022-12-19,3.49,-28.65
00-611577,3.69,2024-12-13,3.49,5.73,2023-12-15,3.19,15.67,2023-02-04,2.62,40.84
00-434405,2.02,2025-01-30,3.69,-45.26,2024-01-18,3.69,-45.26,2023-01-19,3.69,-45.26
00-719370,19.74,2025-02-01,19.74,0.0,,,,,,
00-433717,10.99,2025-01-01,10.99,0.0,2023-12-31,10.99,0.0,,,
00-352512,3.19,2025-01-30,3.19,0.0,2024-02-01,3.19,0.0,2023-02-07,3.99,-20.05
00-287700,3.69,2025-01-05,3.89,-5.14,2024-01-06,3.59,2.79,2023-02-07,3.49,5.73
00-419039,3.99,2025-01-30,3.99,0.0,2024-02-01,3.49,14.33,2023-02-02,2.99,33.44
00-14751,11.29,2025-01-19,9.49,18.97,2024-02-01,8.79,28.44,2023-02-02,4.79,135.7
00-732830,44.9,2025-01-01,44.9,0.0,,,,,,
00-292133,1.79,2024-12-25,1.89,-5.29,2023-12-25,1.89,-5.29,,,
00-275645,6.99,2025-01-30,6.99,0.0,2023-11-12,6.99,0.0,2022-11-13,5.99,16.69
00-574116,1.49,2024-11-07,1.15,29.57,2023-12-06,0.99,50.51,2022-12-15,0.89,67.42
00-634202,3.29,2025-01-19,3.19,3.13,2024-01-21,3.19,3.13,2022-12-11,2.89,13.84
00-279442,1.49,2025-01-26,1.49,0.0,2024-01-28,2.39,-37.66,2023-01-28,2.29,-34.93
00-915970,2.49,2024-11-07,3.49,-28.65,2023-09-14,3.49,-28.65,2022-12-19,3.49,-28.65
00-723671,15.99,2025-01-24,15.99,0.0,2024-01-19,14.99,6.67,,,
00-352562,3.19,2025-01-30,3.19,0.0,,,,,,
00-317788,1.39,2025-01-24,1.39,0.0,2024-01-19,1.39,0.0,2023-02-07,1.29,7.75
00-58139,5.49,2025-02-06,4.19,31.03,2024-01-21,2.89,89.97,2023-01-26,2.49,120.48
00-903856,2.79,2024-12-05,2.49,12.05,2024-01-18,2.49,12.05,2022-12-06,2.39,16.74
00-932905,4.99,2025-01-24,4.99,0.0,2022-04-20,4.99,0.0,2022-04-20,4.99,0.0
00-337954,7.99,2025-01-01,7.49,6.68,2023-12-31,7.49,6.68,2023-02-02,7.99,0.0
00-29529,2.69,2025-01-19,2.59,3.86,2024-01-21,2.49,8.03,2022-12-11,1.99,35.18
00-854323,6.79,2024-02-25,6.79,0.0,2023-11-12,6.79,0.0,2022-11-13,6.49,4.62
00-317589,2.49,2025-01-24,2.49,0.0,2024-01-19,2.49,0.0,2023-02-07,2.29,8.73
00-514829,32.9,2022-11-05,29.9,10.03,2022-11-05,29.9,10.03,2022-11-05,29.9,10.03
00-355020,4.49,2025-01-24,4.99,-10.02,2024-01-19,4.99,-10.02,,,
00-6655,3.39,2024-12-19,3.79,-10.55,2024-01-04,2.59,30.89,2022-11-27,2.19,54.79
00-743227,2.99,2025-01-21,2.99,0.0,,,,,,
00-626888,1.29,2025-01-24,1.29,0.0,2024-01-12,1.29,0.0,2023-02-07,1.39,-7.19
00-727214,20.99,2025-01-19,24.99,-16.01,2024-01-21,18.79,11.71,,,
00-731707,3.49,2025-02-06,3.49,0.0,2023-11-05,4.99,-30.06,,,
00-474547,2.49,2024-09-01,2.49,0.0,2024-02-06,2.49,0.0,,,
00-474802,13.99,2025-01-01,13.99,0.0,2023-12-31,13.99,0.0,,,
00-627201,13.99,2025-01-01,13.99,0.0,2023-12-31,14.99,-6.67,2023-02-02,11.99,16.68
00-383699,1.99,2025-01-16,1.99,0.0,2024-02-01,1.99,0.0,2022-11-28,1.79,11.17
00-594094,1.19,2025-02-01,1.19,0.0,2024-02-01,1.19,0.0,,,
00-20188,2.99,2025-01-30,2.99,0.0,2024-01-19,2.49,20.08,2023-01-19,2.19,36.53
00-731515,2.79,2024-12-19,2.59,7.72,2023-11-16,2.39,16.74,2022-12-01,1.99,40.2
00-602215,4.89,2024-12-13,4.59,6.54,2023-12-15,4.59,6.54,2023-02-07,4.99,-2.0
00-862627,0.85,2025-02-06,0.85,0.0,2023-06-01,0.99,-14.14,2022-10-20,0.89,-4.49
00-723488,2.69,2025-01-30,2.69,0.0,2024-02-01,2.49,8.03,,,
00-438514,0.89,2025-01-30,1.99,-55.28,2023-12-24,1.99,-55.28,2022-11-24,1.99,-55.28
00-317570,0.79,2024-12-13,0.79,0.0,2023-12-15,0.79,0.0,,,
00-768912,3.29,2025-02-04,2.99,10.03,,,,,,
00-54306,1.39,2024-11-21,1.49,-6.71,2023-11-23,1.59,-12.58,2022-09-08,1.59,-12.58
00-581824,3.29,2025-01-24,2.99,10.03,2024-01-19,2.99,10.03,2023-01-26,2.49,32.13
00-57670,0.69,2025-01-02,0.69,0.0,2023-01-19,0.59,16.95,2023-01-19,0.59,16.95
00-723335,6.99,2025-01-01,6.99,0.0,2024-02-01,4.99,40.08,,,
00-701416,0.99,2025-01-24,0.99,0.0,2024-01-19,0.99,0.0,2023-02-07,0.99,0.0
00-475375,2.49,2024-08-26,2.39,4.18,2024-01-11,2.19,13.7,2022-10-06,2.19,13.7
00-723366,3.59,2025-01-16,3.59,0.0,2023-12-07,3.49,2.87,,,
00-967026,3.49,2024-08-14,3.49,0.0,2023-06-21,3.49,0.0,2022-11-04,3.09,12.94
00-727593,1.05,2025-01-24,1.05,0.0,2023-09-28,1.05,0.0,2023-01-19,1.15,-8.7
00-712252,1.34,2025-01-30,1.49,-10.07,2023-12-31,1.99,-32.66,2022-12-25,1.69,-20.71
00-665305,6.99,2025-01-01,6.99,0.0,2024-01-01,6.99,0.0,2023-02-02,6.99,0.0
00-306920,3.99,2024-01-19,3.99,0.0,2024-01-19,3.99,0.0,2023-01-17,3.49,14.33
00-72101,18.99,2025-01-16,18.99,0.0,2024-01-18,18.99,0.0,2023-02-01,18.99,0.0
00-279911,2.47,2024-01-19,3.29,-24.92,2024-01-19,3.29,-24.92,2023-01-17,3.29,-24.92
00-707307,2.19,2025-01-24,2.19,0.0,2024-01-19,2.19,0.0,,,
00-501498,4.49,2025-01-30,2.79,60.93,2024-02-01,1.89,137.57,2023-02-02,1.79,150.84
00-776657,2.99,2025-01-30,2.79,7.17,2024-01-04,2.59,15.44,2023-01-30,2.49,20.08
00-439500,0.97,2025-01-30,1.29,-24.81,2023-07-24,1.29,-24.81,2022-11-30,1.19,-18.49
00-598502,1.49,2025-01-24,1.79,-16.76,2023-12-24,1.89,-21.16,2022-12-07,0.49,204.08
00-360953,1.59,2025-01-24,1.59,0.0,2024-01-19,1.59,0.0,2023-01-19,1.59,0.0
00-18086,5.19,2025-01-19,5.19,0.0,2024-01-21,4.59,13.07,2022-12-19,4.19,23.87
00-444670,6.79,2024-01-19,6.79,0.0,2024-01-19,6.79,0.0,2022-10-05,5.99,13.36
00-832791,6.39,2025-01-16,6.29,1.59,2024-01-18,6.29,1.59,2023-02-02,5.29,20.79
00-561004,3.99,2025-01-30,3.99,0.0,2024-02-01,3.99,0.0,2023-02-02,3.99,0.0
00-932643,1.89,2025-01-30,1.69,11.83,2024-02-01,1.59,18.87,2023-02-02,1.59,18.87
00-473966,3.49,2024-10-06,3.49,0.0,2023-11-23,3.49,0.0,2023-01-19,3.29,6.08
00-444905,5.79,2025-01-30,5.79,0.0,2024-02-01,5.79,0.0,,,
00-2752,2.99,2025-01-02,2.99,0.0,2024-01-15,2.79,7.17,2022-12-15,2.49,20.08
00-422290,4.99,2024-12-19,4.99,0.0,2023-12-31,4.99,0.0,2023-02-02,4.99,0.0
00-292581,5.49,2025-01-19,5.19,5.78,2024-01-21,3.99,37.59,2022-09-29,3.69,48.78
00-575648,4.59,2024-12-01,3.59,27.86,,,,,,
00-564840,7.99,2025-01-24,7.99,0.0,2022-11-24,7.99,0.0,2022-11-24,7.99,0.0
00-903300,3.79,2025-01-30,2.99,26.76,2024-01-06,3.79,0.0,2023-02-07,3.69,2.71
00-634025,21.9,2025-01-01,21.9,0.0,2023-12-31,21.9,0.0,,,
00-181222,5.99,2025-01-02,5.99,0.0,2024-01-15,5.59,7.16,2022-07-14,4.99,20.04
00-742445,6.19,2024-12-19,6.19,0.0,,,,,,
00-742301,3.19,2025-01-24,3.19,0.0,,,,,,
00-886308,2.99,2023-08-15,2.99,0.0,2023-08-15,2.99,0.0,2022-01-27,2.99,0.0
00-282752,3.99,2023-08-17,4.39,-9.11,2023-08-17,4.39,-9.11,2023-02-02,2.99,33.44
00-822524,3.99,2025-01-30,6.19,-35.54,2024-02-01,5.99,-33.39,2023-02-02,5.99,-33.39
00-909883,3.79,2024-08-27,3.49,8.6,,,,,,
00-521736,1.29,2025-01-24,1.29,0.0,2024-01-19,1.29,0.0,2023-02-07,1.29,0.0
00-861036,2.39,2025-01-16,4.79,-50.1,2024-01-18,4.79,-50.1,2023-02-02,1.99,20.1
00-503661,4.99,2024-12-19,4.99,0.0,2023-12-14,4.99,0.0,2023-02-02,3.49,42.98
00-180349,2.49,2024-11-07,3.49,-28.65,2023-09-14,3.49,-28.65,2022-12-19,3.49,-28.65
00-792225,5.49,2025-01-19,5.29,3.78,2024-01-21,5.29,3.78,2022-12-11,4.49,22.27
00-700143,3.19,2025-01-24,3.19,0.0,2024-01-19,3.19,0.0,2023-01-17,3.15,1.27
00-423190,4.99,2025-01-30,4.99,0.0,2024-02-01,4.79,4.18,2023-01-19,4.29,16.32
00-937454,3.29,2025-01-24,3.29,0.0,2024-01-19,3.29,0.0,2021-05-05,2.99,10.03
00-398002,4.49,2025-01-16,4.39,2.28,2024-01-18,4.19,7.16,2023-01-19,3.99,12.53
00-944646,18.99,2024-12-19,18.99,0.0,2023-11-30,18.99,0.0,2023-01-29,17.99,5.56
00-309466,1.87,2025-01-24,2.49,-24.9,2024-01-19,2.49,-24.9,2023-02-02,1.99,-6.03
00-737546,3.69,2025-01-30,2.49,48.19,,,,,,
00-501490,0.89,2025-01-30,1.99,-55.28,2023-12-24,2.39,-62.76,2022-11-24,2.19,-59.36
00-437267,3.99,2024-12-19,3.99,0.0,2023-12-27,3.79,5.28,2022-12-02,2.69,48.33
00-317507,1.49,2024-12-13,1.49,0.0,2023-12-15,1.49,0.0,2023-02-07,1.49,0.0
00-404470,2.49,2023-03-29,2.29,8.73,2023-03-29,2.29,8.73,,,
00-470593,7.99,2025-01-01,7.99,0.0,2023-12-31,7.99,0.0,,,
00-708306,2.99,2024-02-25,2.99,0.0,2023-11-12,2.99,0.0,2022-11-09,2.99,0.0
00-639782,1.87,2024-05-23,2.49,-24.9,2023-11-30,2.39,-21.76,,,
00-627777,2.99,2025-01-24,2.89,3.46,2024-02-05,2.89,3.46,2023-01-23,2.69,11.15
00-749965,1.99,2025-01-30,1.99,0.0,,,,,,
00-292790,2.39,2025-01-24,2.39,0.0,2024-01-19,2.39,0.0,,,
00-303804,2.79,2023-12-07,1.99,40.2,2023-12-07,1.99,40.2,2022-12-06,2.39,16.74
00-477631,1.24,2021-10-06,1.39,-10.79,2021-10-06,1.39,-10.79,2021-10-06,1.39,-10.79
00-700765,2.29,2025-02-02,2.29,0.0,2024-02-01,2.29,0.0,2023-02-07,2.19,4.57
00-719248,5.49,2024-10-10,5.49,0.0,2023-10-12,5.49,0.0,,,
00-448011,1.79,2025-01-24,1.79,0.0,2024-02-01,1.49,20.13,,,
00-423885,2.79,2025-01-01,2.79,0.0,2023-12-31,2.79,0.0,2023-01-22,2.79,0.0
00-729463,2.39,2025-01-24,1.99,20.1,2024-02-07,1.99,20.1,,,
00-738259,2.99,2024-12-01,2.99,0.0,2023-12-07,1.89,58.2,2022-12-09,1.69,76.92
00-548376,1.49,2024-12-13,1.49,0.0,2023-12-15,1.49,0.0,2023-02-04,1.04,43.27
00-747934,3.99,2025-01-19,3.99,0.0,,,,,,
00-851816,5.49,2024-10-24,5.49,0.0,2023-06-13,5.49,0.0,2022-09-19,4.79,14.61
00-755109,3.59,2025-01-24,3.59,0.0,,,,,,
00-475719,9.99,2025-01-01,9.99,0.0,2023-12-31,9.99,0.0,2023-02-04,6.74,48.22
00-725589,4.29,2023-12-01,3.22,33.23,2023-12-01,3.22,33.23,,,
00-291154,1.87,2025-01-30,2.49,-24.9,2023-08-31,2.39,-21.76,2022-12-19,2.29,-18.34
00-763995,109.0,2025-01-01,99.9,9.11,2023-12-31,105.0,3.81,,,
00-893154,2.99,2025-01-30,3.49,-14.33,2024-02-01,3.49,-14.33,2023-02-02,3.29,-9.12
00-568506,1.99,2024-12-19,1.99,0.0,2023-12-07,1.99,0.0,,,
00-723337,6.99,2025-01-01,6.99,0.0,2024-02-01,4.99,40.08,,,
00-426325,15.99,2024-11-12,13.99,14.3,,,,,,
00-637935,2.29,2025-01-01,2.29,0.0,2023-12-31,2.29,0.0,2023-01-01,1.99,15.08
00-242363,2.99,2025-01-19,4.19,-28.64,2024-01-21,4.19,-28.64,2023-02-07,3.99,-25.06
00-541187,3.19,2025-01-02,3.19,0.0,2023-12-31,2.99,6.69,2023-01-22,2.99,6.69
00-733502,3.19,2025-01-24,2.79,14.34,2024-01-25,2.79,14.34,,,
00-417774,4.49,2025-01-30,4.49,0.0,2024-02-01,4.29,4.66,2022-10-02,4.29,4.66
00-415161,7.49,2025-01-01,7.49,0.0,2023-12-31,7.99,-6.26,2023-01-22,7.49,0.0
00-939516,1.39,2025-01-24,1.39,0.0,2023-12-07,1.29,7.75,2022-12-03,1.19,16.81
00-56234,1.99,2025-01-30,1.49,33.56,2024-02-01,1.49,33.56,2023-02-02,1.49,33.56
00-522861,1.39,2025-01-24,1.39,0.0,2023-12-15,1.39,0.0,2023-02-07,1.29,7.75
00-279307,3.99,2023-12-07,2.49,60.24,2023-12-07,2.49,60.24,2022-12-06,2.89,38.06
00-548338,1.69,2024-12-13,1.69,0.0,2023-12-15,1.69,0.0,,,
00-734995,1.99,2025-01-24,1.99,0.0,2024-01-09,1.99,0.0,,,
00-513291,1.99,2025-01-24,1.99,0.0,2024-01-19,1.99,0.0,2023-01-17,2.19,-9.13
00-647551,3.99,2025-01-01,3.99,0.0,2023-12-31,3.99,0.0,2023-01-22,3.99,0.0
00-352569,4.89,2024-10-13,4.89,0.0,2023-10-21,4.89,0.0,2022-11-20,4.89,0.0
00-428556,6.69,2025-01-24,6.49,3.08,2024-02-01,6.49,3.08,2023-01-29,6.19,8.08
00-740034,2.59,2024-12-01,1.99,30.15,2024-01-18,1.99,30.15,2023-01-26,1.89,37.04
00-715091,1.49,2025-01-24,1.99,-25.13,2024-01-23,1.99,-25.13,,,
00-937553,2.59,2025-01-24,2.59,0.0,2024-01-19,2.59,0.0,2023-01-17,2.59,0.0
00-251008,3.79,2025-01-24,3.79,0.0,2024-01-19,3.79,0.0,2023-01-17,4.99,-24.05
00-552428,5.99,2024-12-01,4.99,20.04,2023-12-07,4.99,20.04,2022-11-27,3.99,50.13
00-598225,10.99,2025-02-04,10.99,0.0,,,,,,
00-572852,4.99,2023-11-12,5.49,-9.11,2023-11-12,5.49,-9.11,2022-12-09,5.29,-5.67
00-715232,0.89,2025-01-05,0.89,0.0,2024-01-12,0.89,0.0,,,
00-327220,5.99,2025-01-01,5.99,0.0,2023-12-31,6.29,-4.77,2023-01-11,5.99,0.0
00-317056,8.99,2024-10-26,15.99,-43.78,2024-02-01,15.99,-43.78,2022-06-04,15.99,-43.78
00-471426,8.99,2025-01-01,9.99,-10.01,2023-12-31,9.99,-10.01,2023-01-19,9.99,-10.01
00-724022,15.49,2025-01-24,13.59,13.98,,,,,,
00-622839,3.59,2023-10-25,3.19,12.54,2023-10-25,3.19,12.54,2022-11-10,2.99,20.07
00-410940,3.99,2025-01-30,3.99,0.0,2024-02-01,3.99,0.0,2023-02-02,3.99,0.0
00-410217,1.29,2025-02-06,0.99,30.3,2024-01-11,1.29,0.0,2022-12-23,1.29,0.0
00-473676,5.99,2024-12-01,4.99,20.04,2023-12-07,4.99,20.04,2022-11-27,3.99,50.13
00-902706,3.99,2025-01-30,4.99,-20.04,2023-10-01,4.99,-20.04,2023-01-26,4.29,-6.99
00-303199,3.39,2025-01-14,3.39,0.0,2024-01-12,1.99,70.35,2022-09-04,1.99,70.35
00-462022,14.94,2025-01-30,16.74,-10.75,,,,,,
00-911670,1.89,2025-01-30,1.69,11.83,2024-02-01,1.59,18.87,2023-02-02,1.59,18.87
00-732866,7.99,2025-01-24,7.99,0.0,2024-01-12,7.99,0.0,,,
00-317678,1.59,2025-01-24,1.59,0.0,2024-01-19,1.59,0.0,2023-02-07,1.49,6.71
00-314243,3.32,2025-01-30,4.69,-29.21,2024-02-01,2.99,11.04,2023-02-02,4.29,-22.61
00-426384,2.69,2024-12-05,2.69,0.0,2024-01-02,2.69,0.0,2023-02-01,2.49,8.03
00-2720,2.99,2025-01-02,2.99,0.0,2024-01-15,2.79,7.17,2022-12-15,2.49,20.08
00-746122,3.49,2025-02-06,3.49,0.0,,,,,,
00-724273,3.09,2025-01-24,3.09,0.0,2024-01-19,2.99,3.34,,,
00-377872,24.99,2025-01-01,24.99,0.0,2023-12-31,24.99,0.0,2023-01-22,23.99,4.17
00-361005,1.39,2024-12-13,1.29,7.75,2023-12-15,1.29,7.75,2023-02-07,1.29,7.75
00-716271,1.99,2025-01-30,1.79,11.17,2024-02-01,1.89,5.29,,,
00-498221,1.99,2025-01-05,1.49,33.56,2024-01-06,1.49,33.56,2023-02-07,1.69,17.75
00-749012,2.99,2024-11-21,2.99,0.0,2023-12-24,2.99,0.0,2023-01-26,2.99,0.0
00-370118,2.59,2024-11-07,2.59,0.0,2023-10-28,2.59,0.0,2023-01-26,2.59,0.0
00-503998,2.79,2025-01-30,2.79,0.0,2024-02-01,2.79,0.0,2023-01-26,2.69,3.72
00-400617,3.99,2025-01-16,3.99,0.0,2024-01-18,3.99,0.0,2023-01-22,2.99,33.44
00-864232,3.49,2024-05-30,2.99,16.72,2023-06-19,2.59,34.75,2022-02-17,2.49,40.16
00-430901,1.99,2025-01-24,1.99,0.0,2024-02-01,1.99,0.0,2022-11-28,1.79,11.17
00-30830,1.49,2024-12-01,1.29,15.5,2023-12-07,1.29,15.5,2022-11-27,0.99,50.51
00-57638,1.99,2025-01-24,1.99,0.0,2024-01-19,1.89,5.29,2023-01-19,1.69,17.75
00-969339,2.99,2025-01-24,2.99,0.0,2024-02-05,3.19,-6.27,2022-11-30,2.79,7.17
00-522103,2.49,2024-10-26,2.49,0.0,2024-02-01,2.49,0.0,2023-02-02,2.29,8.73
00-740821,2.99,2025-01-30,4.19,-28.64,,,,,,
00-522804,8.99,2025-01-01,8.99,0.0,2023-12-31,8.99,0.0,2023-01-22,8.99,0.0
00-719244,5.49,2024-10-10,5.49,0.0,2023-10-12,5.49,0.0,,,
00-354939,2.99,2024-01-12,2.49,20.08,2024-01-12,2.49,20.08,2022-12-16,2.99,0.0
00-742147,1.79,2025-01-24,1.79,0.0,,,,,,
00-464687,8.99,2025-01-01,8.99,0.0,2023-12-31,7.99,12.52,2023-01-22,7.99,12.52
00-722154,3.49,2024-12-01,3.99,-12.53,,,,,,
00-723448,3.99,2024-02-25,3.99,0.0,2023-11-12,3.99,0.0,,,
00-568607,1.89,2025-01-30,1.69,11.83,2024-02-01,1.59,18.87,2023-02-02,1.59,18.87
00-730478,2.39,2023-10-24,3.19,-25.08,2023-10-24,3.19,-25.08,,,
00-937624,2.99,2025-01-24,2.99,0.0,2024-01-19,2.99,0.0,2023-01-17,2.79,7.17
00-589615,2.89,2025-01-24,2.79,3.58,2024-01-02,2.79,3.58,2023-02-07,2.29,26.2
00-272727,7.99,2024-10-10,7.99,0.0,2023-12-27,7.59,5.27,2022-12-20,7.49,6.68
00-731827,3.49,2025-01-30,3.99,-12.53,,,,,,
00-626415,1.29,2025-01-24,1.29,0.0,2024-01-12,1.29,0.0,2023-02-07,1.39,-7.19
00-616403,2.99,2023-11-03,3.49,-14.33,2023-11-03,3.49,-14.33,2023-02-02,3.49,-14.33
00-487653,2.59,2025-02-02,2.56,1.17,,,,,,
00-21105,1.49,2025-01-01,1.49,0.0,2023-12-31,1.49,0.0,2023-01-26,1.49,0.0
00-590674,3.99,2025-01-30,3.99,0.0,2024-02-01,3.99,0.0,2023-02-07,3.99,0.0
00-862307,3.99,2024-12-05,3.19,25.08,2024-01-19,2.89,38.06,2022-12-06,2.89,38.06
00-701567,7.99,2025-01-19,7.29,9.6,2024-01-21,4.99,60.12,2023-01-19,4.99,60.12
00-22228,1.99,2025-01-30,1.59,25.16,2023-12-14,1.99,0.0,2022-12-07,1.99,0.0
00-653527,2.99,2024-01-15,2.79,7.17,2024-01-15,2.79,7.17,2022-12-15,2.49,20.08
00-577005,0.74,2025-01-05,0.99,-25.25,2024-01-06,0.99,-25.25,,,
00-1421,3.79,2025-01-30,3.79,0.0,2024-01-19,3.59,5.57,2023-01-19,2.99,26.76
00-303204,14.49,2025-01-01,13.99,3.57,2023-12-31,13.99,3.57,2023-01-01,11.99,20.85
00-662160,4.79,2024-12-01,3.19,50.16,2023-12-07,2.49,92.37,2022-11-27,2.49,92.37
00-501463,7.99,2025-01-30,5.99,33.39,2024-02-01,5.49,45.54,2023-02-02,6.49,23.11
00-716586,2.49,2025-01-24,2.49,0.0,2024-01-19,2.49,0.0,,,
00-649492,1.34,2024-11-21,1.59,-15.72,2023-07-20,1.59,-15.72,2023-02-02,1.59,-15.72
00-447822,5.99,2025-01-30,5.99,0.0,2023-11-05,5.29,13.23,,,
00-89737,1.99,2024-11-10,1.99,0.0,2023-12-19,1.99,0.0,,,
00-201384,45.9,2025-01-01,44.9,2.23,2023-12-31,44.9,2.23,2023-02-01,41.99,9.31
00-503254,5.29,2025-02-06,5.29,0.0,2024-02-05,5.39,-1.86,2023-02-02,3.32,59.34
00-400379,4.89,2025-01-24,4.89,0.0,2024-01-19,4.89,0.0,2022-10-05,4.29,13.99
00-682024,2.99,2025-01-24,2.99,0.0,2024-02-01,2.99,0.0,,,
00-12800,1.99,2025-01-26,1.99,0.0,2024-01-28,1.99,0.0,2023-01-17,1.79,11.17
00-594098,1.19,2025-02-01,1.19,0.0,2024-02-01,1.19,0.0,,,
00-434764,2.29,2025-02-02,2.29,0.0,2024-02-01,2.29,0.0,2023-02-07,2.19,4.57
00-729442,3.69,2025-02-02,3.59,2.79,2024-01-18,3.49,5.73,,,
00-927238,3.99,2024-11-28,7.29,-45.27,2024-01-29,7.19,-44.51,2023-01-29,6.99,-42.92
00-869065,5.99,2024-02-25,5.99,0.0,2023-11-12,5.99,0.0,,,
00-936709,2.49,2025-02-02,3.19,-21.94,2024-02-01,2.99,-16.72,2022-10-27,3.19,-21.94
00-722219,4.74,2025-01-30,7.14,-33.61,,,,,,
00-607059,2.79,2025-02-01,2.69,3.72,2024-02-01,2.69,3.72,2023-01-17,2.69,3.72
00-10139,3.99,2024-12-18,4.69,-14.93,2024-01-04,2.99,33.44,2023-01-19,2.49,60.24
00-279904,2.47,2024-01-19,3.29,-24.92,2024-01-19,3.29,-24.92,2023-01-17,3.29,-24.92
00-6109,2.99,2025-01-02,2.99,0.0,2024-01-15,2.79,7.17,2022-12-15,2.49,20.08
00-54219,2.99,2025-01-24,2.99,0.0,2024-01-02,2.89,3.46,2022-12-07,2.29,30.57
00-180562,2.49,2023-09-14,3.49,-28.65,2023-09-14,3.49,-28.65,2022-12-19,3.49,-28.65
00-693293,2.99,2025-02-02,2.99,0.0,2023-11-23,2.89,3.46,2023-01-12,2.99,0.0
00-721345,1.87,2025-01-30,1.99,-6.03,2023-08-31,2.79,-32.97,,,
00-618698,2.49,2025-01-30,2.49,0.0,2024-01-05,2.29,8.73,2023-01-05,2.19,13.7
00-200094,3.29,2024-09-12,3.29,0.0,2024-01-12,3.19,3.13,2022-12-23,3.19,3.13
00-717320,1.79,2025-01-30,1.79,0.0,2024-01-19,1.79,0.0,,,
00-464461,24.99,2025-01-01,24.99,0.0,2023-12-31,24.99,0.0,2023-02-01,24.9,0.36
00-463745,2.29,2025-01-19,2.29,0.0,2024-01-21,2.29,0.0,2023-02-04,1.57,45.86
00-723767,7.99,2024-10-26,7.49,6.68,2023-12-18,5.24,52.48,,,
00-3496,3.99,2025-01-30,3.99,0.0,2024-02-01,3.69,8.13,2023-02-02,2.99,33.44
00-414657,10.59,2025-01-19,10.59,0.0,2024-01-21,10.59,0.0,2023-01-26,10.19,3.93
00-411798,1.04,2025-01-24,1.39,-25.18,2023-02-02,1.39,-25.18,2023-02-02,1.39,-25.18
00-254805,4.69,2024-02-25,4.69,0.0,2023-11-12,4.69,0.0,2022-11-13,4.19,11.93
00-30553,1.49,2025-01-01,1.49,0.0,2023-12-31,1.49,0.0,2023-01-26,1.49,0.0
00-727737,5.99,2025-01-30,7.19,-16.69,2024-02-01,5.99,0.0,,,
00-768208,8.29,2025-01-02,8.39,-1.19,2023-12-07,6.39,29.73,2023-01-02,5.79,43.18
00-742124,7.49,2025-01-01,8.49,-11.78,,,,,,
00-33217,0.99,2025-01-24,0.99,0.0,2024-01-19,0.99,0.0,2023-02-07,0.99,0.0
00-472274,1.89,2025-01-30,1.69,11.83,2024-02-01,1.59,18.87,2023-02-02,1.59,18.87
00-288652,2.99,2025-01-30,2.99,0.0,2024-02-01,2.79,7.17,2023-01-01,2.79,7.17
00-380087,3.99,2024-12-19,3.49,14.33,2023-11-09,3.79,5.28,2022-04-28,3.79,5.28
00-459667,1.19,2024-10-26,1.19,0.0,2024-02-01,1.19,0.0,2022-11-27,0.99,20.2
00-741177,3.99,2025-01-30,6.19,-35.54,2024-02-01,5.99,-33.39,2023-02-02,5.99,-33.39
00-902040,2.99,2025-01-16,2.99,0.0,2024-01-18,2.99,0.0,2023-02-02,2.99,0.0
00-12008,2.99,2025-01-02,2.99,0.0,2024-01-15,2.79,7.17,2022-12-15,2.49,20.08
00-414526,3.39,2025-02-02,2.39,41.84,2024-02-01,1.99,70.35,2023-02-02,1.99,70.35
00-245788,2.15,2024-12-25,2.15,0.0,2023-12-25,2.15,0.0,2023-01-21,1.89,13.76
00-267206,2.79,2025-02-01,2.79,0.0,2024-02-01,2.79,0.0,2023-01-01,2.79,0.0
00-325221,17.99,2025-01-01,17.99,0.0,2023-12-31,17.99,0.0,2023-02-02,17.99,0.0
00-774706,2.99,2025-01-30,2.99,0.0,2024-01-12,2.29,30.57,2023-01-19,2.19,36.53
00-4890,2.39,2025-01-24,2.29,4.37,2023-12-07,2.29,4.37,2022-12-20,2.39,0.0
00-592714,1.49,2025-01-24,1.49,0.0,2024-01-12,1.49,0.0,,,
00-500335,1.19,2025-01-24,1.19,0.0,2024-01-19,1.29,-7.75,2023-01-17,1.09,9.17
00-17788,9.99,2025-01-01,9.99,0.0,2023-12-31,9.99,0.0,2022-06-09,9.99,0.0
00-598161,2.69,2025-01-16,2.69,0.0,2024-02-01,2.59,3.86,2022-12-19,2.29,17.47
00-409640,5.49,2024-12-01,4.99,10.02,2023-12-07,4.99,10.02,,,
00-453365,3.65,2025-01-24,3.65,0.0,2024-01-19,3.65,0.0,2023-02-07,3.59,1.67
00-778746,17.99,2025-01-30,13.99,28.59,2023-12-31,17.99,0.0,,,
00-857609,3.49,2024-12-05,3.19,9.4,2024-01-19,2.89,20.76,2022-12-06,2.89,20.76
00-411313,3.19,2025-02-02,2.39,33.47,2024-02-01,1.99,60.3,2023-02-02,1.99,60.3
00-515821,9.99,2025-01-01,9.99,0.0,2023-12-31,7.99,25.03,,,
00-451977,6.89,2025-01-24,6.69,2.99,2023-06-26,5.24,31.49,2022-08-25,6.99,-1.43
00-346066,4.79,2024-12-25,4.49,6.68,2023-12-25,4.49,6.68,,,
00-755992,2.79,2025-02-04,2.79,0.0,,,,,,
00-626784,3.99,2025-01-16,3.99,0.0,2023-08-17,4.39,-9.11,2023-02-02,2.99,33.44
00-731555,2.99,2025-01-24,2.99,0.0,2024-01-19,2.99,0.0,,,
00-905108,4.19,2025-01-24,4.19,0.0,2024-01-19,4.19,0.0,2023-01-17,3.99,5.01
00-3456,3.29,2025-01-30,3.29,0.0,2024-02-01,3.29,0.0,2023-02-02,3.29,0.0
00-743359,9.99,2024-12-25,9.49,5.27,,,,,,
00-428902,1.99,2024-09-27,1.79,11.17,2023-08-29,1.49,33.56,,,
00-415165,0.97,2022-12-01,1.29,-24.81,2022-12-01,1.29,-24.81,2022-12-01,1.29,-24.81
00-766154,3.39,2023-08-15,3.35,1.19,2023-08-15,3.35,1.19,2023-01-17,3.29,3.04
00-621840,3.99,2025-02-02,3.85,3.64,2024-01-12,3.85,3.64,2023-02-07,3.59,11.14
00-937689,3.29,2025-01-24,3.29,0.0,2024-01-19,3.29,0.0,2023-01-17,2.99,10.03
00-757153,4.99,2024-02-25,4.59,8.71,2024-01-19,4.59,8.71,,,
00-420797,4.19,2025-01-30,2.79,50.18,2024-02-01,4.19,0.0,2023-02-02,2.66,57.52
00-2558,3.49,2025-01-30,2.32,50.43,2024-02-01,3.19,9.4,2022-11-22,2.99,16.72
00-963968,2.49,2024-08-14,2.39,4.18,2024-02-01,1.79,39.11,2022-06-23,2.39,4.18
00-575092,5.19,2025-01-24,5.19,0.0,2024-01-19,5.19,0.0,2023-01-29,3.99,30.08
00-721360,4.99,2025-01-01,4.99,0.0,,,,,,
00-897372,1.87,2024-12-13,2.49,-24.9,2023-12-15,2.39,-21.76,2023-02-07,2.39,-21.76
00-167239,5.99,2024-11-21,6.39,-6.26,2023-09-28,6.39,-6.26,2023-01-09,5.99,0.0
00-744696,2.99,2025-01-24,2.99,0.0,,,,,,
00-500769,3.79,2025-01-30,2.49,52.21,2024-01-21,3.39,11.8,2023-01-19,2.99,26.76
00-826487,59.9,2025-01-02,59.9,0.0,2023-12-31,52.9,13.23,2023-01-01,49.9,20.04
00-474919,7.99,2025-01-01,7.99,0.0,2023-12-31,7.99,0.0,,,
00-516504,2.59,2025-01-05,2.59,0.0,2024-01-06,2.59,0.0,2023-02-07,1.99,30.15
00-474941,8.99,2025-01-30,8.99,0.0,2024-02-01,8.99,0.0,2023-01-22,7.99,12.52
00-726625,3.59,2024-10-26,2.69,33.46,2023-12-01,1.64,118.9,,,
00-714906,1.19,2024-09-30,1.05,13.33,2023-05-13,0.99,20.2,,,
00-825758,3.99,2025-01-16,3.99,0.0,2023-08-17,4.39,-9.11,2023-02-02,2.99,33.44
00-341826,4.79,2025-01-19,4.69,2.13,2024-02-01,4.59,4.36,2023-02-04,2.99,60.2
00-708157,6.19,2024-12-25,6.09,1.64,2023-10-05,5.79,6.91,,,
00-532716,0.99,2025-01-24,0.99,0.0,2023-09-28,1.05,-5.71,2023-01-19,1.0,-1.0
00-545622,2.29,2025-01-30,2.29,0.0,2024-02-01,1.79,27.93,2023-01-26,2.29,0.0
00-726498,7.99,2025-01-30,5.99,33.39,2024-02-01,5.49,45.54,2023-02-02,6.49,23.11
00-633142,1.69,2025-01-24,1.69,0.0,2024-01-19,1.69,0.0,2022-10-06,1.49,13.42
00-573088,3.49,2025-01-17,3.49,0.0,2024-01-25,2.79,25.09,2022-12-16,2.49,40.16
00-529573,3.39,2024-06-18,3.39,0.0,,,,,,
00-534980,8.99,2025-01-01,8.79,2.28,2023-12-31,8.99,0.0,2023-01-01,8.49,5.89
00-723667,3.99,2025-01-24,3.99,0.0,2024-01-19,3.79,5.28,,,
00-950936,4.39,2023-06-12,4.39,0.0,2023-06-12,4.39,0.0,2023-02-02,4.29,2.33
00-368888,1.49,2025-01-24,1.79,-16.76,2024-01-19,2.19,-31.96,2023-02-07,2.19,-31.96
00-703476,3.69,2025-01-30,3.69,0.0,2024-02-01,2.59,42.47,2022-09-13,3.99,-7.52
00-770331,1.99,2025-01-25,1.99,0.0,,,,,,
00-863693,1.69,2024-01-01,1.89,-10.58,2024-01-01,1.89,-10.58,2022-12-25,1.89,-10.58
00-426270,4.99,2025-01-26,4.99,0.0,2024-01-28,4.99,0.0,2022-11-30,4.89,2.04
00-360973,4.99,2025-01-30,4.89,2.04,2024-01-21,4.49,11.14,2023-02-02,4.49,11.14
00-647154,4.59,2024-12-13,4.59,0.0,2023-12-15,4.59,0.0,,,
00-576817,3.99,2025-01-24,4.19,-4.77,2023-12-20,4.19,-4.77,2022-12-16,3.89,2.57
00-732458,1.99,2025-02-02,2.89,-31.14,,,,,,
00-703287,5.49,2024-12-01,4.99,10.02,2023-12-07,4.99,10.02,,,
00-56203,0.79,2025-01-01,1.19,-33.61,2024-02-01,1.19,-33.61,2023-02-02,1.19,-33.61
00-952432,1.79,2022-12-28,1.79,0.0,2022-12-28,1.79,0.0,2022-12-28,1.79,0.0
00-680509,1.94,2024-01-19,2.59,-25.1,2024-01-19,2.59,-25.1,2023-01-17,2.49,-22.09
00-835014,2.29,2024-10-26,3.29,-30.4,2023-12-07,3.19,-28.21,2022-11-27,3.19,-28.21
00-700819,65.9,2025-01-01,65.9,0.0,2023-12-31,66.9,-1.49,2023-01-01,59.9,10.02
00-353927,5.79,2025-01-30,5.79,0.0,2024-02-01,5.79,0.0,2023-02-04,5.39,7.42
00-968214,26.99,2025-01-30,16.99,58.86,2024-01-21,20.99,28.59,2023-01-19,17.99,50.03
00-739733,1.32,2025-01-30,1.99,-33.67,2024-02-01,1.39,-5.04,2023-02-02,0.99,33.33
00-722589,1.69,2024-12-13,1.59,6.29,2024-01-12,1.59,6.29,,,
00-735542,4.59,2025-01-30,4.59,0.0,,,,,,
00-729611,1.89,2025-01-24,1.89,0.0,,,,,,
00-259194,5.99,2025-01-01,5.99,0.0,,,,,,
00-448145,4.39,2024-02-25,4.39,0.0,2023-11-12,4.39,0.0,2022-11-13,4.39,0.0
00-89280,2.79,2024-08-08,3.49,-20.06,2023-11-03,2.99,-6.69,2022-10-25,2.49,12.05
00-252655,4.49,2024-01-19,4.49,0.0,2024-01-19,4.49,0.0,2023-02-04,2.99,50.17
00-409925,1.79,2025-01-30,2.49,-28.11,2023-12-27,2.39,-25.1,2023-02-02,2.29,-21.83
00-403119,1.99,2024-12-01,1.99,0.0,2023-12-28,1.89,5.29,2023-01-19,1.79,11.17
00-715833,6.99,2024-10-13,6.99,0.0,2023-10-21,6.99,0.0,,,
00-424502,2.99,2025-01-30,2.99,0.0,2024-01-18,1.99,50.25,2023-02-04,1.49,100.67
00-742303,3.19,2025-01-24,3.19,0.0,,,,,,
00-722468,2.79,2025-01-24,2.79,0.0,2024-02-01,1.99,40.2,,,
00-730174,2.49,2024-01-02,2.49,0.0,2024-01-02,2.49,0.0,,,
00-463609,5.69,2024-12-01,4.99,14.03,2023-12-07,4.29,32.63,2022-11-27,2.99,90.3
00-855042,3.12,2024-11-17,4.69,-33.48,2024-01-11,4.69,-33.48,2023-01-29,4.19,-25.54
00-723708,7.99,2024-01-30,7.99,0.0,2024-01-30,7.99,0.0,,,
00-705220,15.99,2025-01-19,14.99,6.67,2024-01-21,14.99,6.67,2023-01-24,14.49,10.35
00-558413,1.59,2024-12-25,1.39,14.39,2023-12-25,1.39,14.39,,,
00-6672,3.79,2024-12-18,4.29,-11.66,2024-01-04,2.59,46.33,2023-02-02,1.46,159.59
00-664678,9.29,2023-07-10,9.29,0.0,2023-07-10,9.29,0.0,2022-06-06,9.19,1.09
00-10919,2.99,2025-01-02,2.99,0.0,2024-01-15,2.79,7.17,2022-12-15,2.49,20.08
00-335911,2.79,2025-01-24,2.79,0.0,2023-12-25,2.75,1.45,2023-01-21,2.69,3.72
00-2890,3.69,2025-01-26,3.49,5.73,2024-01-28,3.49,5.73,2023-01-29,2.99,23.41
00-568408,7.69,2025-01-30,7.69,0.0,2024-02-01,7.69,0.0,2022-12-07,6.99,10.01
00-425279,1.79,2025-01-24,1.79,0.0,2023-12-25,1.69,5.92,,,
00-575986,11.94,2025-01-30,11.94,0.0,,,,,,
00-22876,0.79,2024-12-01,0.69,14.49,2023-12-07,0.69,14.49,2022-09-04,0.49,61.22
00-853227,1.99,2024-10-08,2.99,-33.44,2024-01-18,2.19,-9.13,2023-01-19,2.59,-23.17
00-544424,3.15,2025-01-24,2.97,6.06,2022-08-18,2.97,6.06,2022-08-18,2.97,6.06
00-715902,2.99,2025-01-24,2.99,0.0,,,,,,
00-564088,2.99,2024-01-18,3.99,-25.06,2024-01-18,3.99,-25.06,2022-11-24,3.99,-25.06
00-736867,2.49,2024-02-25,2.49,0.0,2024-01-30,2.49,0.0,,,
00-696597,1.45,2024-12-25,1.39,4.32,2023-12-25,1.39,4.32,2023-01-29,1.39,4.32
00-593096,2.49,2025-01-24,1.99,25.13,2023-12-31,2.99,-16.72,,,
00-472626,12.99,2025-01-01,11.99,8.34,2023-12-31,11.99,8.34,2023-02-04,8.99,44.49
00-728228,1.99,2025-01-24,1.99,0.0,2024-01-19,1.99,0.0,,,
00-292364,3.99,2024-02-25,3.99,0.0,2023-12-27,3.99,0.0,2022-11-13,3.39,17.7
00-438578,2.29,2025-02-02,2.29,0.0,2024-02-01,2.29,0.0,2023-02-07,2.19,4.57
00-421243,7.49,2025-01-01,7.49,0.0,2023-12-31,6.79,10.31,2023-01-01,6.79,10.31
00-583026,3.69,2024-11-21,3.69,0.0,2024-01-18,3.49,5.73,2023-02-06,3.49,5.73
00-415604,54.9,2025-01-02,54.9,0.0,2023-12-31,48.9,12.27,2023-02-02,46.9,17.06
00-787746,6.79,2023-10-12,6.59,3.03,2023-10-12,6.59,3.03,,,
00-249148,2.99,2025-01-24,2.99,0.0,2024-01-19,2.99,0.0,2023-01-17,2.69,11.15
00-748292,2.49,2025-02-04,2.49,0.0,,,,,,
00-72358,4.49,2025-01-01,6.99,-35.77,2024-01-02,6.99,-35.77,2023-01-01,5.49,-18.21
00-753328,3.29,2024-12-01,3.29,0.0,,,,,,
00-105483,2.24,2023-11-23,2.79,-19.71,2023-11-23,2.79,-19.71,2022-12-25,2.49,-10.04
00-405582,2.79,2024-12-19,2.69,3.72,2024-01-01,2.49,12.05,2022-12-17,2.39,16.74
00-526093,2.79,2024-11-07,2.79,0.0,2024-02-01,1.99,40.2,2022-09-04,2.49,12.05
00-487523,7.99,2025-01-24,7.99,0.0,2022-08-10,7.99,0.0,2022-08-10,7.99,0.0
00-577710,2.49,2025-01-24,2.49,0.0,2024-01-19,2.49,0.0,2023-02-07,2.49,0.0
00-426258,2.29,2025-01-24,2.29,0.0,2023-06-21,2.89,-20.76,2022-06-23,2.79,-17.92
00-306698,3.99,2023-12-27,3.99,0.0,2023-12-27,3.99,0.0,,,
00-479838,6.99,2025-01-01,6.99,0.0,2023-12-31,6.99,0.0,,,
00-182469,0.59,2023-12-30,0.59,0.0,2023-12-30,0.59,0.0,,,
00-391210,1.99,2024-02-29,1.99,0.0,2023-11-03,1.85,7.57,2022-10-06,1.99,0.0
00-414766,6.89,2024-10-26,5.99,15.03,2023-12-01,4.49,53.45,,,
00-471482,14.99,2025-01-09,14.99,0.0,2024-01-19,14.99,0.0,2023-01-22,14.99,0.0
00-408901,2.99,2025-01-24,2.79,7.17,2024-01-12,2.99,0.0,2023-01-01,2.79,7.17
00-719908,6.99,2025-01-30,7.99,-12.52,,,,,,
00-938340,9.99,2024-12-12,9.99,0.0,2023-12-07,9.99,0.0,2023-02-02,9.99,0.0
00-758479,1.49,2025-01-21,1.99,-25.13,,,,,,
00-337646,3.99,2025-01-24,3.99,0.0,2024-01-19,3.79,5.28,,,
00-747931,3.99,2025-01-19,3.99,0.0,,,,,,
00-737988,4.39,2024-03-06,4.39,0.0,,,,,,
00-383903,2.99,2025-01-24,2.99,0.0,2023-12-24,2.99,0.0,2023-01-01,2.49,20.08
00-967016,9.99,2025-01-19,9.99,0.0,2024-01-21,8.79,13.65,2023-01-19,7.99,25.03
00-621102,5.39,2025-01-30,3.49,54.44,2024-02-01,3.33,61.86,2023-02-02,2.99,80.27
00-747892,6.39,2025-01-16,6.29,1.59,2024-01-18,6.29,1.59,2023-02-02,5.29,20.79
00-490819,11.94,2025-01-30,11.94,0.0,,,,,,
00-580791,3.49,2025-01-30,3.49,0.0,2024-01-19,3.49,0.0,2022-10-13,3.49,0.0
00-906453,31.99,2025-01-19,29.99,6.67,2024-01-21,21.99,45.48,2023-01-19,20.99,52.41
00-871422,3.19,2025-01-19,3.19,0.0,2024-01-21,3.19,0.0,2023-02-07,2.99,6.69
00-477995,4.99,2024-12-25,4.99,0.0,2023-12-31,4.99,0.0,2022-07-28,4.99,0.0
00-887210,1.59,2025-01-24,1.59,0.0,2023-12-07,1.49,6.71,2023-01-01,1.29,23.26
00-280967,2.19,2025-01-01,2.19,0.0,2023-12-31,2.19,0.0,2023-01-22,1.95,12.31
00-479785,0.89,2024-11-07,0.89,0.0,2023-11-09,0.89,0.0,2022-10-28,0.79,12.66
00-722686,1.49,2025-01-24,1.49,0.0,2024-01-19,1.49,0.0,,,
00-747809,2.49,2025-01-16,2.49,0.0,,,,,,
00-755371,3.29,2024-10-02,3.29,0.0,,,,,,
00-414841,1.79,2024-12-25,1.19,50.42,2023-12-25,1.19,50.42,2022-10-06,1.29,38.76
00-740933,2.99,2025-01-30,4.19,-28.64,,,,,,
00-740179,3.49,2025-01-24,3.49,0.0,,,,,,
00-792185,1.87,2023-07-10,2.49,-24.9,2023-07-10,2.49,-24.9,2022-10-06,2.19,-14.61
00-661506,3.49,2024-02-25,3.29,6.08,2023-11-12,3.29,6.08,2023-02-07,2.99,16.72
00-403812,5.99,2025-01-30,5.99,0.0,2024-02-01,5.99,0.0,2023-01-19,6.39,-6.26
00-293462,3.69,2024-12-19,3.59,2.79,2024-01-18,3.79,-2.64,2023-02-02,2.79,32.26
00-902595,2.99,2025-01-30,2.79,7.17,2024-02-01,2.49,20.08,2023-02-02,2.39,25.1
00-433792,0.89,2025-01-30,1.99,-55.28,2023-12-24,1.99,-55.28,2022-11-24,1.99,-55.28
00-303315,1.99,2025-01-16,1.32,50.76,2024-02-01,1.32,50.76,2022-02-03,0.92,116.3
00-533174,10.19,2025-01-19,8.19,24.42,2024-01-21,6.89,47.9,2023-01-26,6.39,59.47
00-703305,2.99,2025-01-26,2.99,0.0,2024-01-28,2.79,7.17,,,
00-726091,3.49,2025-01-10,3.49,0.0,,,,,,
00-969013,2.79,2025-01-30,2.59,7.72,2024-01-06,2.75,1.45,2023-02-07,2.69,3.72
00-13851,2.99,2025-01-30,2.79,7.17,2024-02-01,2.49,20.08,2023-02-02,2.39,25.1
00-564851,7.99,2025-01-24,7.99,0.0,2022-08-11,7.99,0.0,2022-08-11,7.99,0.0
00-718689,1.29,2025-01-24,1.29,0.0,2024-01-19,1.49,-13.42,,,
00-835252,21.99,2025-01-01,19.99,10.01,2023-12-31,19.99,10.01,2023-02-02,19.99,10.01
00-905566,1.99,2024-12-01,1.99,0.0,2024-02-01,2.19,-9.13,,,
00-420184,3.19,2025-01-27,3.19,0.0,2024-01-19,2.99,6.69,2023-01-23,2.49,28.11
00-64047,2.79,2025-01-24,2.69,3.72,2024-01-19,2.69,3.72,2023-01-19,2.49,12.05
00-543378,1.99,2022-07-07,1.99,0.0,2022-07-07,1.99,0.0,2022-07-07,1.99,0.0
00-386675,13.99,2025-01-30,11.99,16.68,2024-02-01,9.99,40.04,2022-09-29,10.99,27.3
00-7660,2.24,2025-01-30,2.99,-25.08,2024-02-01,2.99,-25.08,2023-02-03,3.69,-39.3
00-507376,1.79,2024-12-25,1.09,64.22,2023-12-25,1.09,64.22,2022-10-15,1.09,64.22
00-756536,6.99,2024-11-17,6.99,0.0,,,,,,
00-400384,4.39,2025-01-24,4.39,0.0,2024-01-19,4.39,0.0,2022-10-05,3.79,15.83
00-433408,2.24,2025-02-06,2.99,-25.08,2024-01-12,3.49,-35.82,2022-12-17,2.99,-25.08
00-912378,2.99,2024-04-25,2.99,0.0,2023-12-27,2.99,0.0,2022-11-21,2.39,25.1
00-870830,1.99,2023-12-01,1.99,0.0,2023-12-01,1.99,0.0,,,
00-732518,2.99,2025-01-24,2.99,0.0,,,,,,
00-720389,2.49,2025-01-24,2.59,-3.86,,,,,,
00-840222,9.99,2024-12-19,8.99,11.12,2023-12-28,6.29,58.82,2023-02-04,4.49,122.49
00-865994,0.99,2024-11-30,0.99,0.0,2022-12-30,1.29,-23.26,2022-12-30,1.29,-23.26
00-24049,5.99,2025-01-16,5.99,0.0,2024-01-18,5.99,0.0,2023-01-22,4.79,25.05
00-3480,2.39,2025-01-02,2.39,0.0,2024-01-15,2.19,9.13,2022-05-24,1.99,20.1
00-466959,7.38,2025-02-05,6.58,12.16,2024-02-01,6.3,17.14,2022-12-01,5.38,37.17
00-460786,1.99,2023-05-23,1.99,0.0,2023-05-23,1.99,0.0,2023-01-19,1.89,5.29
00-409385,2.19,2024-12-05,2.49,-12.05,2024-01-12,2.49,-12.05,2022-12-07,2.29,-4.37
00-317448,1.34,2025-01-24,1.79,-25.14,2024-01-19,1.69,-20.71,2023-02-07,1.69,-20.71
00-727792,2.66,2024-12-05,3.99,-33.33,2024-01-18,3.99,-33.33,2023-02-02,3.99,-33.33
00-944645,18.99,2024-12-19,18.99,0.0,2023-11-30,18.99,0.0,2023-01-29,17.99,5.56
00-272697,7.99,2023-12-27,7.59,5.27,2023-12-27,7.59,5.27,,,
00-713696,3.49,2025-01-24,4.49,-22.27,2024-01-19,4.19,-16.71,2023-01-29,3.99,-12.53
00-745126,2.69,2024-12-26,2.69,0.0,,,,,,
00-878464,2.39,2024-12-25,2.29,4.37,2024-01-18,2.29,4.37,2022-07-28,2.19,9.13
00-89070,4.49,2024-12-22,4.99,-10.02,2023-11-30,4.79,-6.26,,,
00-739030,4.39,2025-01-24,2.69,63.2,2024-01-23,2.69,63.2,,,
00-432919,1.99,2024-12-16,1.99,0.0,2023-10-25,1.89,5.29,2022-12-08,1.89,5.29
00-456756,1.29,2025-01-05,1.59,-18.87,2024-01-06,1.59,-18.87,2023-02-07,1.59,-18.87
00-17403,2.59,2024-10-31,2.39,8.37,2024-01-03,2.59,0.0,2022-11-17,2.49,4.02
00-721783,13.14,2024-12-19,52.56,-75.0,,,,,,
00-383360,5.29,2025-01-24,5.29,0.0,2024-01-19,4.99,6.01,2023-02-07,4.99,6.01
00-5341,5.99,2025-01-30,3.99,50.13,2024-02-01,4.99,20.04,2023-02-02,4.49,33.41
00-683580,1.49,2024-01-19,1.49,0.0,2024-01-19,1.49,0.0,2023-01-26,1.49,0.0
00-627205,8.99,2025-01-01,8.99,0.0,2023-12-31,8.99,0.0,2023-01-22,8.99,0.0
00-420768,3.19,2025-02-02,2.99,6.69,2023-12-27,2.95,8.14,2022-12-12,2.89,10.38
00-473595,9.99,2025-01-01,9.99,0.0,2023-12-31,9.49,5.27,2023-02-01,8.99,11.12
00-266854,3.99,2025-01-30,2.53,57.71,2024-02-01,2.39,66.95,2023-02-02,2.89,38.06
00-728640,0.99,2025-01-24,0.99,0.0,2024-01-19,0.99,0.0,,,
00-339726,4.89,2025-01-19,4.69,4.26,2024-01-21,4.69,4.26,2023-02-07,4.49,8.91
00-413501,3.39,2025-01-01,3.19,6.27,2024-02-01,2.69,26.02,2023-02-02,2.19,54.79
00-620186,3.49,2024-02-25,3.49,0.0,2023-12-27,3.49,0.0,,,
00-348635,5.49,2025-01-26,5.29,3.78,2024-01-28,4.99,10.02,2023-01-29,4.49,22.27
00-486954,3.69,2025-01-24,3.69,0.0,2024-01-19,3.59,2.79,2023-02-07,3.59,2.79
00-182808,1.49,2025-01-24,1.79,-16.76,2024-01-19,1.89,-21.16,2022-12-07,1.49,0.0
00-431640,2.59,2024-02-16,1.87,38.5,2024-01-12,2.49,4.02,2023-02-07,2.19,18.26
00-607428,3.09,2024-01-02,2.99,3.34,2024-01-02,2.99,3.34,2022-11-24,2.89,6.92
00-721200,14.34,2024-12-04,10.74,33.52,,,,,,
00-436600,1.99,2024-12-16,1.99,0.0,2023-10-25,1.89,5.29,2022-12-08,1.89,5.29
00-730177,5.99,2025-01-24,5.99,0.0,,,,,,
00-709178,2.99,2025-01-30,3.49,-14.33,2024-02-01,3.49,-14.33,2023-02-02,3.29,-9.12
00-756855,15.49,2025-01-19,13.59,13.98,,,,,,
00-719459,27.9,2025-02-01,36.9,-24.39,,,,,,
00-410264,2.99,2025-01-26,2.99,0.0,2024-01-28,2.99,0.0,2022-11-29,2.69,11.15
00-7014,4.39,2024-12-19,4.39,0.0,2023-12-07,3.19,37.62,2022-12-20,2.99,46.82
00-948018,1.29,2024-12-13,1.29,0.0,2023-12-15,1.29,0.0,,,
00-58225,13.49,2025-01-19,12.99,3.85,2024-01-21,10.99,22.75,2022-12-11,10.99,22.75
00-722900,8.99,2024-11-14,8.49,5.89,2023-07-20,8.49,5.89,,,
00-433007,2.99,2025-01-08,2.99,0.0,2024-01-15,1.79,67.04,2022-11-27,2.19,36.53
00-917696,2.99,2025-01-24,2.99,0.0,2024-01-19,2.99,0.0,2023-01-19,3.55,-15.77
00-341789,4.79,2025-01-19,4.69,2.13,2024-02-01,4.59,4.36,2023-02-07,3.99,20.05
00-754408,2.39,2025-01-24,2.39,0.0,,,,,,
00-309475,1.87,2025-01-24,2.49,-24.9,2024-01-19,2.49,-24.9,2023-02-04,1.99,-6.03
00-434614,1.99,2024-12-01,1.79,11.17,2023-12-07,1.79,11.17,,,
00-740247,34.9,2025-01-01,33.9,2.95,2023-12-31,33.9,2.95,2023-02-02,33.99,2.68
00-857610,3.49,2024-12-05,3.19,9.4,2024-01-19,2.89,20.76,2022-12-06,2.89,20.76
00-320394,1.29,2024-11-12,1.19,8.4,2023-07-27,1.29,0.0,2023-01-17,1.39,-7.19
00-667910,4.79,2024-12-12,4.79,0.0,2022-12-09,4.49,6.68,2022-12-09,4.49,6.68
00-872069,3.29,2025-01-30,3.29,0.0,2024-02-01,3.29,0.0,2023-02-02,3.29,0.0
00-705385,2.99,2025-01-24,2.99,0.0,2024-01-19,2.99,0.0,,,
00-109697,2.39,2025-01-24,2.39,0.0,2024-01-19,2.39,0.0,2023-01-17,2.29,4.37
00-655,5.49,2025-01-26,5.39,1.86,2024-01-28,5.39,1.86,2023-01-29,4.49,22.27
00-451367,8.99,2025-01-01,8.99,0.0,2023-12-31,8.99,0.0,,,
00-477566,3.99,2025-01-30,3.29,21.28,2024-01-12,2.79,43.01,2022-11-30,2.69,48.33
00-254685,3.49,2024-02-25,3.49,0.0,2023-12-27,3.49,0.0,2022-11-13,2.99,16.72
00-297640,74.99,2024-12-25,66.99,11.94,2023-12-25,69.99,7.14,2022-07-28,66.99,11.94
00-295167,2.99,2025-01-24,2.99,0.0,2024-01-19,2.79,7.17,,,
00-404243,1.99,2025-01-24,1.99,0.0,2024-02-01,1.99,0.0,2023-01-17,1.79,11.17
00-345074,0.79,2025-01-30,1.19,-33.61,2024-02-01,1.19,-33.61,2023-02-02,1.19,-33.61
00-267132,19.99,2024-09-26,19.99,0.0,2023-12-27,20.89,-4.31,2023-02-03,19.99,0.0
00-317767,2.49,2025-01-24,2.39,4.18,2024-01-19,2.39,4.18,2023-02-07,1.99,25.13
00-847877,1.49,2025-01-24,1.49,0.0,2024-01-12,1.49,0.0,,,
00-30151,3.79,2025-01-24,3.49,8.6,2024-01-19,3.29,15.2,2023-01-17,2.69,40.89
00-883133,1.79,2024-01-06,2.39,-25.1,2024-01-06,2.39,-25.1,2022-11-17,2.39,-25.1
00-740605,9.99,2025-01-02,9.99,0.0,,,,,,
00-720401,2.79,2025-02-01,2.79,0.0,2024-02-01,2.79,0.0,,,
00-723456,2.99,2024-02-25,2.99,0.0,2023-11-12,2.99,0.0,,,
00-731049,1.29,2025-01-30,1.29,0.0,,,,,,
00-764445,3.69,2024-12-03,2.99,23.41,,,,,,
00-477571,3.99,2025-01-30,3.29,21.28,2024-01-12,2.79,43.01,2022-11-30,2.69,48.33
00-359829,2.29,2025-02-02,2.29,0.0,2024-02-01,2.29,0.0,2023-02-07,2.19,4.57
00-496536,1.69,2025-01-24,1.69,0.0,2023-12-25,1.69,0.0,2022-11-30,1.65,2.42
00-560503,4.99,2024-10-10,4.99,0.0,2023-10-12,4.99,0.0,,,
00-509039,12.99,2025-01-01,12.99,0.0,2023-12-31,12.99,0.0,2023-02-01,11.9,9.16
00-871851,3.99,2025-01-30,4.99,-20.04,2023-10-01,4.99,-20.04,2022-10-02,3.59,11.14
00-856051,3.59,2025-01-16,3.59,0.0,2024-01-18,3.59,0.0,2023-01-19,3.19,12.54
00-719353,4.99,2024-10-10,4.99,0.0,2023-10-12,4.99,0.0,,,
00-864143,2.99,2023-11-09,2.99,0.0,2023-11-09,2.99,0.0,2023-02-02,1.99,50.25
00-723844,3.49,2025-01-24,3.49,0.0,2024-01-19,3.19,9.4,,,
00-757265,2.29,2025-01-24,2.29,0.0,,,,,,
00-703964,2.99,2025-01-23,1.99,50.25,2024-01-25,1.99,50.25,,,
00-875385,8.99,2025-01-19,8.49,5.89,2024-01-21,6.19,45.23,2023-01-19,5.59,60.82
00-421630,2.99,2025-01-24,2.89,3.46,2024-01-19,2.89,3.46,2023-02-04,2.65,12.83
00-504593,3.99,2025-01-30,3.99,0.0,2024-02-01,3.99,0.0,2023-02-02,3.99,0.0
00-736028,2.99,2024-11-21,2.99,0.0,2023-12-24,2.99,0.0,2023-01-26,2.99,0.0
00-435441,1.49,2025-01-24,1.49,0.0,2024-01-19,1.69,-11.83,2023-01-19,1.69,-11.83
00-887975,2.19,2025-01-24,2.49,-12.05,2024-01-19,2.49,-12.05,2023-01-17,2.29,-4.37
00-457654,2.59,2024-11-07,2.59,0.0,2023-11-09,2.59,0.0,2022-12-08,2.59,0.0
00-787665,15.99,2025-01-23,11.99,33.36,2024-01-21,10.99,45.5,2023-01-19,11.59,37.96
00-521717,3.74,2025-01-19,4.79,-21.92,2024-01-21,3.99,-6.27,2022-12-27,3.89,-3.86
00-431843,10.49,2025-01-01,10.49,0.0,2023-12-31,10.49,0.0,2023-01-22,9.99,5.01
00-426247,2.59,2023-06-21,2.59,0.0,2023-06-21,2.59,0.0,2022-11-30,2.49,4.02
00-521815,1.29,2025-01-24,1.29,0.0,2024-01-19,1.29,0.0,2023-02-04,0.97,32.99
00-722247,7.99,2025-01-01,7.99,0.0,,,,,,
00-420848,2.99,2025-01-24,2.99,0.0,2023-12-07,2.49,20.08,2022-12-15,2.19,36.53
00-754108,2.79,2025-02-01,2.79,0.0,,,,,,
00-72207,13.99,2025-01-01,13.99,0.0,2023-12-31,13.99,0.0,,,
00-626078,2.49,2025-02-02,2.49,0.0,2023-12-24,2.49,0.0,2022-12-01,1.99,25.13
00-724596,1.69,2025-01-24,1.69,0.0,2023-05-31,1.59,6.29,,,
00-317666,3.99,2025-01-26,3.99,0.0,2024-01-28,3.79,5.28,2023-02-07,3.19,25.08
00-11659,17.49,2025-02-06,17.49,0.0,2023-12-31,11.72,49.23,2023-01-01,10.6881,63.64
00-716308,2.99,2025-01-24,2.99,0.0,2024-01-12,2.69,11.15,,,
00-317090,2.59,2023-06-21,2.59,0.0,2023-06-21,2.59,0.0,2022-06-23,2.49,4.02
00-392364,14.99,2024-12-25,14.99,0.0,2023-12-25,14.99,0.0,2022-07-28,14.99,0.0
00-772510,4.49,2023-07-10,4.39,2.28,2023-07-10,4.39,2.28,2022-05-25,4.49,0.0
00-729011,3.69,2025-01-24,3.49,5.73,2024-01-19,2.99,23.41,,,
00-864465,4.49,2025-01-24,4.49,0.0,2024-01-19,4.49,0.0,2023-02-07,4.49,0.0
00-722327,6.54,2025-01-09,7.14,-8.4,,,,,,
00-497803,1.99,2023-06-06,1.89,5.29,2023-06-06,1.89,5.29,,,
00-605740,2.12,2025-01-16,3.49,-39.26,2024-01-18,2.99,-29.1,2023-02-02,1.49,42.28
00-629652,2.59,2025-01-24,2.59,0.0,2024-01-19,2.59,0.0,2023-01-17,2.59,0.0
00-714120,2.69,2024-12-25,2.59,3.86,,,,,,
00-371132,3.09,2025-01-24,3.09,0.0,2024-01-19,2.89,6.92,,,
00-791102,1.49,2025-01-30,1.29,15.5,,,,,,
00-403880,1.27,2025-01-30,1.69,-24.85,2022-11-21,1.69,-24.85,2022-11-21,1.69,-24.85
00-593922,1.69,2024-12-13,1.69,0.0,2023-12-15,1.69,0.0,,,
00-961670,0.99,2025-01-24,0.99,0.0,2024-01-19,0.99,0.0,2023-01-17,1.29,-23.26
00-315727,18.99,2025-01-01,16.99,11.77,,,,,,
00-491439,2.79,2024-12-13,2.79,0.0,2023-06-13,2.79,0.0,,,
00-7804,4.39,2025-01-19,4.29,2.33,2024-01-21,4.29,2.33,2023-01-11,3.99,10.03
00-428695,0.89,2025-01-30,1.99,-55.28,2023-12-24,1.99,-55.28,2022-11-29,1.99,-55.28
00-100767,1.49,2023-05-13,1.49,0.0,2023-05-13,1.49,0.0,2023-02-02,0.79,88.61
00-746270,36.9,2025-01-01,36.9,0.0,,,,,,
00-723781,23.99,2025-02-06,23.99,0.0,2024-02-01,17.99,33.35,,,
00-384243,1.49,2025-01-30,1.99,-25.13,2024-02-01,1.99,-25.13,2023-02-02,2.49,-40.16
00-285257,4.79,2025-01-30,4.69,2.13,2024-02-01,3.49,37.25,2023-01-19,4.19,14.32
00-755083,2.79,2024-12-01,2.69,3.72,2023-12-07,2.49,12.05,2022-12-19,2.49,12.05
00-742340,5.99,2025-01-24,5.99,0.0,,,,,,
00-457748,2.99,2024-02-10,2.99,0.0,2023-05-25,3.29,-9.12,2022-12-14,3.49,-14.33
00-569178,7.69,2025-01-01,7.69,0.0,2024-01-01,6.99,10.01,2023-02-02,4.99,54.11
00-759115,1.79,2025-02-01,1.79,0.0,,,,,,
00-469792,5.29,2025-01-30,5.29,0.0,2024-02-01,5.29,0.0,2023-02-02,5.19,1.93
00-469634,8.99,2025-01-30,7.99,12.52,2024-02-01,7.99,12.52,2023-01-22,9.49,-5.27
00-702265,1.89,2025-01-24,1.89,0.0,,,,,,
00-740348,3.49,2024-05-08,3.49,0.0,2024-01-12,3.49,0.0,2022-11-28,2.99,16.72
00-23684,2.29,2024-10-26,1.99,15.08,2023-10-01,1.69,35.5,,,
00-676081,1.99,2025-01-24,1.99,0.0,2024-01-19,1.99,0.0,2023-01-17,1.89,5.29
00-715901,2.99,2024-12-01,2.99,0.0,,,,,,
00-417754,3.79,2025-01-24,3.79,0.0,2024-01-19,3.79,0.0,2022-05-24,2.69,40.89
00-352690,6.99,2024-12-15,6.99,0.0,2023-12-31,6.99,0.0,2022-10-30,6.99,0.0
00-17803,0.99,2025-01-09,1.49,-33.56,2024-02-01,1.39,-28.78,2023-01-19,1.45,-31.72
00-289991,1.59,2024-12-01,1.29,23.26,2023-12-07,1.19,33.61,2022-11-27,0.99,60.61
00-755821,1.49,2025-01-01,1.49,0.0,2023-12-31,1.49,0.0,2023-01-26,1.49,0.0
00-717747,3.99,2024-11-28,7.29,-45.27,2024-01-29,7.19,-44.51,,,
00-740934,2.99,2025-01-30,4.19,-28.64,,,,,,
00-480679,0.89,2024-11-07,0.89,0.0,2023-11-09,0.89,0.0,2022-12-07,0.79,12.66
00-460513,7.99,2025-01-30,7.99,0.0,2024-02-01,6.99,14.31,2023-02-04,6.99,14.31
00-768102,9.99,2025-01-21,8.99,11.12,,,,,,
00-730197,4.19,2025-01-01,4.19,0.0,2023-11-09,3.99,5.01,,,
00-788487,6.99,2025-01-01,6.99,0.0,2023-12-31,5.99,16.69,2023-01-01,5.99,16.69
00-755393,4.59,2024-12-11,4.59,0.0,2023-11-12,4.49,2.23,2022-11-13,4.29,6.99
00-708862,4.79,2024-12-19,4.99,-4.01,2023-12-24,4.89,-2.04,2022-12-07,3.49,37.25
00-417752,2.29,2025-01-24,2.29,0.0,2024-01-19,2.29,0.0,2021-03-04,1.99,15.08
00-408644,0.89,2024-11-07,0.89,0.0,2023-11-09,0.89,0.0,2022-12-07,0.79,12.66
00-568680,2.29,2025-01-24,2.29,0.0,2024-01-19,2.29,0.0,2023-02-02,1.64,39.63
00-906082,4.29,2025-01-02,4.29,0.0,2024-01-15,3.89,10.28,2022-12-16,3.29,30.4
00-442140,2.19,2024-12-05,2.59,-15.44,2023-12-07,2.29,-4.37,2022-11-27,2.29,-4.37
00-353072,5.79,2025-01-30,5.79,0.0,2024-02-01,5.79,0.0,2023-01-27,5.39,7.42
00-250076,4.79,2024-02-25,4.79,0.0,2023-11-12,4.79,0.0,2022-12-20,4.79,0.0
00-763682,0.69,2025-02-06,0.69,0.0,2024-01-02,0.99,-30.3,2023-01-27,0.85,-18.82
00-371049,3.49,2025-01-24,3.49,0.0,2024-01-19,3.29,6.08,,,
00-672027,2.49,2023-07-02,2.99,-16.72,2023-07-02,2.99,-16.72,2022-12-23,2.99,-16.72
00-6043,4.59,2024-07-05,4.29,6.99,2023-12-27,4.29,6.99,2023-02-07,3.49,31.52
00-567589,4.99,2023-04-22,3.99,25.06,2023-04-22,3.99,25.06,2022-02-24,3.29,51.67
00-719365,19.74,2025-02-01,19.74,0.0,,,,,,
00-463744,2.29,2025-01-19,2.29,0.0,2024-01-21,2.29,0.0,2023-02-07,2.09,9.57
00-360964,4.99,2025-01-30,4.89,2.04,2024-01-21,4.49,11.14,2023-02-02,4.49,11.14
00-593246,2.99,2025-01-30,2.99,0.0,2024-01-19,1.99,50.25,2023-02-07,1.99,50.25
00-21841,28.8,2025-01-01,28.8,0.0,,,,,,
00-346158,2.69,2024-12-25,2.69,0.0,2023-12-25,2.69,0.0,,,
00-755391,4.59,2024-02-25,4.59,0.0,2023-12-27,4.59,0.0,2022-11-13,4.29,6.99
00-842440,2.65,2025-01-24,2.55,3.92,2024-01-19,2.55,3.92,2023-02-07,2.39,10.88
00-822529,3.49,2025-02-06,3.49,0.0,2024-01-19,4.69,-25.59,2023-01-29,4.49,-22.27
00-575505,1.69,2024-12-05,1.69,0.0,2024-01-18,1.76,-3.98,2022-08-03,1.69,0.0
00-766540,2.99,2025-01-24,2.99,0.0,2024-01-12,2.99,0.0,2023-01-01,2.49,20.08
00-883136,1.79,2025-01-30,1.99,-10.05,2024-01-25,2.19,-18.26,2023-02-07,2.39,-25.1
00-519175,3.99,2024-01-19,4.29,-6.99,2024-01-19,4.29,-6.99,2023-02-04,2.92,36.64
00-930186,3.99,2024-02-25,3.99,0.0,2023-12-27,3.99,0.0,2022-08-03,3.49,14.33
00-703764,2.84,2025-01-16,3.69,-23.04,2023-09-27,3.69,-23.04,,,
00-437681,1.49,2025-01-24,1.49,0.0,2023-10-21,0.74,101.35,2022-11-29,0.64113,132.4
00-12147,3.49,2024-02-25,3.49,0.0,2023-12-27,3.49,0.0,2023-01-19,3.29,6.08
00-720458,6.69,2025-01-01,6.69,0.0,,,,,,
00-718566,2.59,2024-02-25,2.59,0.0,2023-11-12,2.59,0.0,,,
00-624499,2.09,2025-01-30,1.99,5.03,2024-02-01,1.89,10.58,2023-01-19,1.59,31.45
00-779069,4.39,2025-01-01,4.29,2.33,2023-10-12,4.29,2.33,2022-12-08,3.99,10.03
00-30103,7.49,2023-12-20,6.99,7.15,2023-12-20,6.99,7.15,,,
00-901289,10.19,2023-08-24,9.79,4.09,2023-08-24,9.79,4.09,,,
00-725645,19.99,2025-01-01,18.99,5.27,,,,,,
00-420796,2.49,2024-03-21,2.49,0.0,2023-05-13,2.19,13.7,2022-11-29,1.99,25.13
00-826792,2.99,2024-04-25,2.99,0.0,2023-12-27,2.99,0.0,,,
00-402010,4.33,2025-01-01,5.99,-27.71,2023-12-31,5.99,-27.71,2023-02-02,5.99,-27.71
00-492169,4.69,2025-01-24,3.99,17.54,2024-01-19,3.99,17.54,2023-01-19,3.99,17.54
00-684225,18.99,2025-01-01,18.99,0.0,2023-12-31,18.99,0.0,2023-02-02,16.99,11.77
00-481469,2.66,2025-01-09,3.99,-33.33,2024-01-19,3.99,-33.33,,,
00-447361,44.9,2025-01-01,44.9,0.0,2023-12-31,44.9,0.0,,,
00-477837,18.49,2025-01-24,16.99,8.83,,,,,,
00-19840,5.99,2025-01-16,5.99,0.0,2024-01-18,5.99,0.0,2023-01-22,4.79,25.05
00-400244,1.49,2025-01-30,1.99,-25.13,2024-02-01,1.99,-25.13,2023-02-02,2.49,-40.16
00-383601,2.66,2025-01-26,3.99,-33.33,2024-01-28,3.99,-33.33,2023-02-02,3.99,-33.33
00-376335,29.99,2024-12-05,19.99,50.03,2023-12-31,18.99,57.93,2023-01-19,15.99,87.55
00-655416,2.99,2024-11-08,3.99,-25.06,2024-01-18,3.99,-25.06,2022-11-24,3.99,-25.06
00-726741,3.59,2023-12-01,3.59,0.0,2023-12-01,3.59,0.0,,,
00-179952,2.49,2024-11-07,3.49,-28.65,2023-09-14,3.49,-28.65,2022-12-19,3.49,-28.65
00-618929,3.29,2025-01-30,2.49,32.13,2024-02-01,2.49,32.13,2022-12-25,2.29,43.67
00-724835,4.99,2024-10-10,4.99,0.0,2023-10-12,4.99,0.0,,,
00-502370,4.49,2025-01-01,8.99,-50.06,2023-12-31,8.99,-50.06,2023-01-22,8.99,-50.06
00-526994,1.59,2025-01-30,1.59,0.0,2024-01-05,1.59,0.0,2023-02-07,1.39,14.39
00-296815,1.79,2025-02-06,1.99,-10.05,2024-01-11,1.69,5.92,2022-12-01,1.59,12.58
00-956890,2.66,2024-12-05,3.99,-33.33,2024-01-18,3.99,-33.33,2023-02-02,3.99,-33.33
00-718385,3.99,2025-01-24,3.99,0.0,2024-01-19,3.89,2.57,,,
00-514861,1.99,2025-01-24,2.99,-33.44,2024-01-19,2.99,-33.44,2023-01-17,2.49,-20.08
00-757266,2.29,2025-01-24,2.29,0.0,,,,,,
00-580178,6.99,2025-01-24,5.99,16.69,,,,,,
00-20233,10.99,2025-01-26,10.99,0.0,2024-02-01,7.99,37.55,2023-01-17,11.99,-8.34
00-3046,5.29,2025-02-06,5.29,0.0,2024-02-05,5.39,-1.86,2023-02-02,3.32,59.34
00-622713,4.89,2024-11-17,4.69,4.26,2023-11-09,3.99,22.56,2023-01-29,3.19,53.29
00-421222,21.9,2025-01-01,21.9,0.0,2023-12-31,20.99,4.34,2023-02-02,20.99,4.34
00-469656,3.49,2025-01-24,3.49,0.0,2024-01-28,3.49,0.0,2023-02-07,2.99,16.72
00-393795,1.3,2025-01-24,2.49,-47.79,2024-01-19,2.49,-47.79,2023-01-19,2.49,-47.79
00-367439,1.69,2023-03-17,1.69,0.0,2023-03-17,1.69,0.0,2022-08-04,1.59,6.29
00-777456,1.49,2024-12-05,1.99,-25.13,2023-12-07,1.99,-25.13,2022-12-08,1.99,-25.13
00-308990,2.59,2024-10-24,2.39,8.37,2023-11-23,2.39,8.37,,,
00-675753,24.99,2023-06-14,23.39,6.84,2023-06-14,23.39,6.84,2022-05-25,19.99,25.01
00-641343,2.69,2024-02-25,2.69,0.0,2023-11-16,2.69,0.0,2022-12-20,2.59,3.86
00-701432,4.79,2025-01-19,4.69,2.13,2024-02-01,4.59,4.36,2023-02-07,3.99,20.05
00-703849,4.0,2023-10-05,4.76,-15.97,2023-10-05,4.76,-15.97,,,
00-82531,3.99,2025-01-30,3.99,0.0,2024-01-28,3.99,0.0,2023-01-29,3.49,14.33
00-480884,0.25,2023-11-03,0.23,8.7,2023-11-03,0.23,8.7,2022-10-15,0.23,8.7
00-433547,2.99,2023-11-09,3.99,-25.06,2023-11-09,3.99,-25.06,2023-01-26,3.99,-25.06
00-731851,3.89,2025-01-24,3.89,0.0,2024-01-19,3.99,-2.51,2023-01-17,3.49,11.46
00-609404,34.9,2025-01-01,34.9,0.0,2023-12-31,33.9,2.95,2023-02-02,33.99,2.68
00-736766,3.99,2024-12-25,3.99,0.0,2024-01-12,3.99,0.0,2022-11-10,3.49,14.33
00-724898,1.49,2025-01-24,1.49,0.0,2024-01-30,1.29,15.5,,,
00-317808,3.39,2025-01-24,3.39,0.0,2024-01-19,3.99,-15.04,2023-01-12,2.77,22.38
00-706436,2.99,2025-01-05,2.79,7.17,2024-01-06,2.39,25.1,2023-02-04,1.79,67.04
00-522747,1.19,2025-02-06,1.49,-20.13,2022-07-07,1.29,-7.75,2022-07-07,1.29,-7.75
00-89716,1.39,2024-01-03,1.39,0.0,2024-01-03,1.39,0.0,,,
00-748611,2.99,2025-02-06,2.49,20.08,,,,,,
00-412820,3.99,2025-01-30,2.66,50.0,2024-01-18,3.99,0.0,2023-01-29,3.79,5.28
00-756003,1.19,2025-01-22,0.99,20.2,,,,,,
00-723302,9.99,2025-01-16,9.99,0.0,2023-12-27,10.49,-4.77,,,
00-937690,3.29,2025-01-24,3.29,0.0,2024-01-19,3.29,0.0,2023-01-17,3.29,0.0
00-677409,19.99,2025-01-01,19.99,0.0,2023-12-31,21.99,-9.1,2023-01-07,18.99,5.27
00-468952,5.19,2025-01-26,4.79,8.35,2024-02-01,4.79,8.35,2023-01-29,4.49,15.59
00-184150,2.02,2024-06-27,2.49,-18.88,2023-06-12,2.39,-15.48,2022-11-29,2.29,-11.79
00-466444,2.99,2025-01-30,3.49,-14.33,2023-12-27,3.99,-25.06,2023-02-02,2.69,11.15
00-251181,4.99,2024-10-24,4.99,0.0,2023-09-28,4.99,0.0,2023-02-02,4.19,19.09
00-600283,3.99,2025-01-24,3.99,0.0,2024-01-19,3.99,0.0,2023-02-02,3.99,0.0
00-469743,2.99,2025-01-30,2.79,7.17,2024-02-01,2.49,20.08,2023-02-02,2.39,25.1
00-435543,1.49,2025-01-24,1.49,0.0,2024-01-19,1.69,-11.83,2023-01-21,1.69,-11.83
00-254703,4.49,2024-11-07,4.19,7.16,2023-12-07,3.99,12.53,2022-11-10,3.49,28.65
00-573782,2.99,2024-12-25,2.99,0.0,2023-12-25,2.69,11.15,2022-10-12,2.69,11.15
00-578561,6.99,2025-01-01,7.99,-12.52,2023-12-31,7.99,-12.52,2023-02-02,7.99,-12.52
00-825608,1.99,2024-01-15,2.79,-28.67,2024-01-15,2.79,-28.67,2023-01-02,2.49,-20.08
00-352422,5.29,2025-01-30,5.29,0.0,2024-02-01,5.29,0.0,2023-02-02,5.19,1.93
00-760677,8.99,2025-01-19,7.99,12.52,,,,,,
00-288686,2.99,2025-01-30,2.99,0.0,2024-02-01,2.79,7.17,,,
00-860739,1.64,2023-02-02,1.99,-17.59,2023-02-02,1.99,-17.59,2023-02-02,1.99,-17.59
00-295181,2.69,2025-01-24,2.69,0.0,2024-01-19,2.49,8.03,,,
00-89428,5.99,2025-01-12,6.99,-14.31,2023-11-07,6.99,-14.31,2023-01-19,6.99,-14.31
00-765048,2.79,2024-11-07,3.69,-24.39,2023-10-21,3.69,-24.39,2023-02-02,2.49,12.05
00-502494,4.39,2025-01-19,4.29,2.33,2024-01-21,4.29,2.33,2023-01-11,3.99,10.03
00-705790,1.79,2024-01-21,1.89,-5.29,2024-01-21,1.89,-5.29,2022-11-04,1.99,-10.05
00-418273,1.99,2024-10-18,1.49,33.56,2023-07-20,1.59,25.16,2022-09-08,1.59,25.16
00-410779,2.99,2025-01-27,2.99,0.0,2024-01-18,2.79,7.17,2023-01-19,2.49,20.08
00-451851,2.59,2025-01-24,2.59,0.0,2024-01-19,2.39,8.37,2023-02-07,2.29,13.1
00-443424,3.29,2025-01-24,3.29,0.0,2024-01-19,3.29,0.0,,,
00-592288,2.99,2024-08-29,2.99,0.0,2023-12-27,2.99,0.0,2022-12-07,2.19,36.53
00-718376,6.99,2025-01-24,7.99,-12.52,,,,,,
00-180430,2.49,2024-11-07,3.49,-28.65,2023-09-14,3.49,-28.65,2022-12-19,3.49,-28.65
00-750953,2.24,2025-02-04,2.99,-25.08,,,,,,
00-609562,2.19,2025-01-30,1.59,37.74,2024-02-01,1.19,84.03,2023-02-02,1.39,57.55
00-720044,3.99,2025-01-24,3.99,0.0,2024-01-19,3.99,0.0,,,
00-403275,3.49,2025-01-24,3.69,-5.42,2024-02-05,3.69,-5.42,2023-01-23,3.39,2.95
00-522160,5.99,2025-01-26,5.99,0.0,2024-01-28,5.99,0.0,2023-02-07,5.99,0.0
00-527132,8.99,2025-01-30,8.99,0.0,,,,,,
00-412220,1.69,2025-01-30,1.39,21.58,2024-02-01,1.39,21.58,2023-02-02,1.29,31.01
00-716488,2.79,2025-01-24,2.79,0.0,2024-01-19,2.79,0.0,,,
00-864640,1.39,2023-07-10,1.39,0.0,2023-07-10,1.39,0.0,2022-11-29,1.29,7.75
00-755750,3.99,2024-12-25,5.49,-27.32,,,,,,
00-713183,3.19,2025-01-24,3.19,0.0,2024-01-06,3.19,0.0,,,
00-335981,5.29,2025-01-02,5.29,0.0,2023-12-31,4.99,6.01,2023-02-02,3.79,39.58
00-578999,4.19,2024-12-01,4.19,0.0,2023-12-07,3.99,5.01,2022-11-27,3.99,5.01
00-340361,4.69,2025-01-24,4.59,2.18,,,,,,
00-82931,4.19,2025-01-30,2.79,50.18,2024-02-01,4.19,0.0,2023-01-29,3.99,5.01
00-335792,3.99,2025-01-01,3.99,0.0,,,,,,
00-500569,4.49,2025-01-24,4.49,0.0,2024-01-19,4.49,0.0,2022-06-01,3.79,18.47
00-862306,6.32,2024-06-06,9.49,-33.4,2023-12-27,9.49,-33.4,2022-11-24,8.99,-29.7
00-402708,3.99,2025-01-30,3.99,0.0,2024-02-01,3.69,8.13,2023-02-02,2.99,33.44
00-396391,2.79,2023-11-30,3.79,-26.39,2023-11-30,3.79,-26.39,,,
00-717259,2.09,2025-01-30,1.99,5.03,2024-02-01,1.89,10.58,2023-01-19,1.59,31.45
00-701853,2.99,2025-01-24,2.79,7.17,2024-01-19,2.99,0.0,,,
00-744370,2.99,2025-01-24,2.99,0.0,2024-01-19,2.99,0.0,2023-01-17,2.79,7.17
00-770024,2.49,2025-01-30,3.39,-26.55,,,,,,
00-17643,3.49,2025-01-01,3.49,0.0,2024-01-08,3.29,6.08,2022-09-04,2.79,25.09
00-849661,1.99,2025-02-02,2.89,-31.14,2023-12-27,2.89,-31.14,2023-01-19,2.99,-33.44
00-933707,1.49,2024-12-25,1.49,0.0,2023-12-25,1.99,-25.13,2022-11-29,1.79,-16.76
00-11658,19.99,2025-01-01,19.99,0.0,2023-12-31,19.99,0.0,2023-01-13,18.49,8.11
00-473989,8.99,2025-01-09,7.99,12.52,2024-01-19,7.99,12.52,2022-10-30,6.99,28.61
00-501734,3.65,2025-01-24,3.59,1.67,2024-01-19,3.39,7.67,2023-02-07,3.29,10.94
00-440995,2.99,2025-01-30,2.99,0.0,2024-02-01,2.69,11.15,2023-02-02,2.39,25.1
00-868924,1.27,2024-05-23,1.49,-14.77,2023-12-01,1.39,-8.63,,,
00-402707,1.99,2023-12-14,1.99,0.0,2023-12-14,1.99,0.0,2022-12-07,1.99,0.0
00-885264,2.99,2024-02-25,2.99,0.0,2023-11-12,2.99,0.0,,,
00-857954,7.99,2025-01-19,6.99,14.31,2024-01-21,6.59,21.24,2023-01-26,6.09,31.2
00-917719,2.99,2025-01-24,2.99,0.0,2024-01-19,2.99,0.0,2023-01-17,3.55,-15.77
00-959246,1.87,2025-01-30,1.99,-6.03,2023-08-31,2.79,-32.97,2022-09-29,2.49,-24.9
00-606420,6.89,2024-12-01,6.89,0.0,2023-12-07,5.49,25.5,2022-11-27,5.49,25.5
00-632128,6.39,2024-11-01,5.69,12.3,2024-01-18,5.49,16.39,2022-11-03,4.99,28.06
00-420529,4.19,2025-01-30,2.79,50.18,2024-02-01,4.19,0.0,2022-11-24,3.99,5.01
00-405750,2.39,2025-01-24,2.39,0.0,2023-12-27,2.39,0.0,2022-05-23,2.99,-20.07
00-756801,1.87,2025-01-30,1.99,-6.03,,,,,,
00-706642,1.89,2025-01-24,1.89,0.0,2024-01-19,1.89,0.0,,,
00-482050,5.49,2024-10-26,4.79,14.61,2023-12-18,3.59,52.92,,,
00-424369,1.99,2025-01-24,1.99,0.0,2024-01-19,1.99,0.0,2023-02-07,1.99,0.0
00-433917,2.99,2025-01-23,1.99,50.25,2024-01-25,1.99,50.25,,,
00-701253,2.19,2025-01-24,2.19,0.0,2024-01-28,2.19,0.0,,,
00-902979,2.99,2025-01-30,2.79,7.17,2024-02-01,2.49,20.08,2023-02-02,2.39,25.1
00-14850,18.99,2025-01-01,18.99,0.0,2023-12-31,18.99,0.0,,,
00-103484,2.89,2024-02-25,2.89,0.0,2023-12-27,2.89,0.0,2022-11-13,2.59,11.58
00-731121,2.29,2025-01-24,2.29,0.0,2024-02-01,2.29,0.0,,,
00-381679,1.99,2025-01-16,1.32,50.76,2024-02-01,1.32,50.76,,,
00-466827,3.12,2024-11-17,4.69,-33.48,2024-01-11,4.69,-33.48,2023-01-29,4.19,-25.54
00-583136,2.19,2025-01-24,2.19,0.0,2024-01-19,2.19,0.0,,,
00-320937,9.99,2025-01-01,9.99,0.0,2023-12-31,9.99,0.0,2023-01-01,9.99,0.0
00-740657,2.49,2025-01-24,2.49,0.0,2024-01-16,2.49,0.0,,,
00-406793,1.49,2025-01-30,1.99,-25.13,2024-02-01,1.99,-25.13,2023-02-02,2.49,-40.16
00-5044,12.99,2025-01-30,10.99,18.2,2024-02-01,9.49,36.88,,,
00-742249,2.69,2025-01-24,2.49,8.03,,,,,,
00-179580,1.99,2025-01-02,2.99,-33.44,2024-01-15,2.79,-28.67,2023-01-02,2.49,-20.08
00-18949,4.99,2025-01-30,4.29,16.32,2024-02-01,2.99,66.89,2023-02-02,3.89,28.28
00-462019,14.94,2025-01-30,20.94,-28.65,,,,,,
00-196881,2.99,2023-06-12,3.99,-25.06,2023-06-12,3.99,-25.06,2022-10-06,3.29,-9.12
00-867559,2.99,2025-01-24,2.99,0.0,2024-01-19,2.69,11.15,2023-01-17,2.69,11.15
00-963120,1.69,2025-01-30,1.39,21.58,2024-02-01,1.39,21.58,2023-02-04,1.29,31.01
00-890386,2.79,2023-05-15,2.79,0.0,2023-05-15,2.79,0.0,2022-12-23,2.59,7.72
00-604052,1.49,2025-01-30,1.99,-25.13,2024-02-01,1.99,-25.13,2023-02-02,2.49,-40.16
00-406786,4.99,2025-01-30,4.59,8.71,2024-01-21,3.99,25.06,2023-02-02,2.66,87.59
00-439557,14.99,2025-01-01,14.99,0.0,2023-12-31,14.99,0.0,2023-01-22,14.99,0.0
00-716137,2.69,2025-01-24,2.69,0.0,2024-01-19,2.49,8.03,2023-02-04,2.02,33.17
00-65417,1.99,2025-01-01,2.19,-9.13,2023-12-31,2.19,-9.13,2023-01-01,2.19,-9.13
00-662038,16.99,2023-12-20,8.99,88.99,2023-12-20,8.99,88.99,,,
00-911653,2.39,2023-07-10,3.19,-25.08,2023-07-10,3.19,-25.08,2022-03-31,3.29,-27.36
00-519211,3.99,2024-12-01,4.29,-6.99,2024-01-18,4.39,-9.11,2023-01-30,4.39,-9.11
00-268300,2.19,2024-10-26,2.19,0.0,2024-02-01,2.19,0.0,2023-01-19,1.99,10.05
00-704949,5.99,2025-01-24,5.99,0.0,2024-01-19,5.99,0.0,2023-01-29,5.99,0.0
00-412895,6.99,2025-01-01,6.99,0.0,2023-12-31,6.99,0.0,2023-01-22,6.99,0.0
00-355211,2.19,2024-12-13,2.19,0.0,2023-12-15,1.99,10.05,2023-02-07,1.89,15.87
00-479682,2.69,2024-10-06,2.69,0.0,2023-11-23,2.69,0.0,,,
00-262015,1.99,2024-10-26,1.99,0.0,2023-12-14,1.99,0.0,2022-12-26,1.99,0.0
00-736865,1.89,2025-01-24,1.79,5.59,2024-02-01,1.79,5.59,,,
00-745382,2.99,2025-01-24,2.99,0.0,,,,,,
00-734522,1.39,2024-12-13,1.39,0.0,2023-12-05,1.39,0.0,,,
00-612489,3.69,2025-02-02,3.59,2.79,2023-11-23,3.49,5.73,2023-02-07,2.99,23.41
00-506613,0.69,2025-01-05,0.69,0.0,2024-01-06,0.69,0.0,2023-02-07,0.69,0.0
00-501958,2.69,2025-01-30,1.99,35.18,2024-02-01,1.99,35.18,2023-02-02,1.79,50.28
00-746286,18.99,2025-01-01,18.99,0.0,,,,,,
00-721207,3.32,2025-01-24,3.29,0.91,2024-01-19,3.19,4.08,,,
00-719357,5.19,2025-01-26,4.79,8.35,2024-02-06,4.79,8.35,,,
00-416360,0.79,2025-01-30,1.19,-33.61,2024-02-01,1.19,-33.61,2023-02-02,1.19,-33.61
00-306103,2.19,2024-01-12,1.99,10.05,2024-01-12,1.99,10.05,2022-11-29,1.69,29.59
00-407483,29.99,2025-01-01,29.99,0.0,2024-02-01,24.99,20.01,,,
00-755547,3.49,2025-01-28,3.49,0.0,,,,,,
00-3796,6.99,2025-01-01,6.99,0.0,2023-12-31,5.99,16.69,2023-01-01,5.99,16.69
00-116129,3.69,2024-12-19,3.49,5.73,2023-12-24,3.39,8.85,2022-11-27,2.99,23.41
00-901790,2.59,2025-01-24,2.59,0.0,2024-01-19,2.59,0.0,2023-01-17,2.59,0.0
00-468497,12.99,2025-01-01,12.99,0.0,2023-12-31,11.99,8.34,,,
00-538707,1.99,2025-01-16,1.99,0.0,2024-02-01,1.99,0.0,2022-11-28,1.79,11.17
00-381674,1.99,2025-01-16,1.32,50.76,2024-02-01,1.32,50.76,2022-02-03,0.92,116.3
00-299211,7.99,2023-12-27,7.59,5.27,2023-12-27,7.59,5.27,2022-12-20,7.49,6.68
00-352975,69.9,2025-01-01,69.9,0.0,2023-12-31,64.9,7.7,2023-02-02,64.99,7.56
00-17942,1.49,2025-01-30,0.99,50.51,2024-02-01,0.99,50.51,2023-02-02,0.89,67.42
00-301724,2.39,2023-10-24,3.19,-25.08,2023-10-24,3.19,-25.08,,,
00-370136,2.59,2024-11-07,2.59,0.0,2023-10-28,2.59,0.0,2023-01-24,2.59,0.0
00-705406,3.89,2024-12-25,3.89,0.0,2024-02-01,3.79,2.64,2023-01-13,3.79,2.64
00-738318,3.49,2024-10-16,2.99,16.72,,,,,,
00-490424,1.79,2025-01-24,2.39,-25.1,,,,,,
00-700925,4.79,2024-12-25,3.99,20.05,2024-01-12,3.99,20.05,2023-02-02,2.79,71.68
00-668833,7.49,2025-01-30,5.99,25.04,2024-02-01,5.49,36.43,2023-02-02,6.99,7.15
00-566886,4.35,2025-01-05,4.29,1.4,2024-01-06,4.19,3.82,2023-02-07,3.99,9.02
00-489719,2.99,2024-12-01,2.89,3.46,2023-12-28,2.69,11.15,2022-11-30,2.59,15.44
00-735505,1.99,2025-01-24,1.99,0.0,2024-02-06,1.99,0.0,,,
00-336380,7.99,2025-01-30,7.99,0.0,2023-12-31,7.99,0.0,2023-02-02,3.99,100.25
00-828694,1.99,2025-01-24,1.99,0.0,2023-05-16,1.99,0.0,2022-12-01,1.89,5.29
00-716918,9.99,2025-01-16,9.99,0.0,2023-12-27,10.49,-4.77,,,
00-712797,3.29,2025-01-24,3.29,0.0,2024-01-19,3.29,0.0,2023-01-29,3.19,3.13
00-471928,1.99,2025-01-16,1.99,0.0,2024-02-01,1.99,0.0,2022-11-28,1.79,11.17
00-387483,15.99,2024-11-07,15.49,3.23,2023-06-13,15.49,3.23,2020-12-16,13.99,14.3
00-896608,1.29,2025-01-01,1.19,8.4,,,,,,
00-699063,54.99,2025-01-01,52.99,3.77,2023-12-31,53.99,1.85,2023-02-02,44.99,22.23
00-418797,3.99,2025-01-30,3.99,0.0,2024-01-18,3.69,8.13,2023-02-02,3.69,8.13
00-710514,1.99,2024-12-01,1.69,17.75,2024-01-11,1.69,17.75,2021-12-02,1.29,54.26
00-718573,7.99,2025-01-01,9.99,-20.02,2024-02-01,7.99,0.0,,,
00-428440,9.37,2025-01-30,6.49,44.38,2024-02-01,6.74,39.02,2023-01-19,8.99,4.23
00-762721,4.99,2025-01-26,4.99,0.0,2024-02-01,4.79,4.18,2023-01-29,4.49,11.14
00-409446,5.99,2025-01-02,5.99,0.0,2024-01-15,5.59,7.16,2022-07-14,4.99,20.04
00-406385,5.19,2024-10-13,5.19,0.0,2023-10-21,5.19,0.0,2022-11-20,5.19,0.0
00-755532,9.99,2025-01-07,8.99,11.12,,,,,,
00-482411,4.39,2023-05-17,4.39,0.0,2023-05-17,4.39,0.0,2022-06-01,4.29,2.33
00-482552,8.99,2025-01-09,8.99,0.0,2023-12-31,8.49,5.89,,,
00-700215,2.99,2025-01-24,2.79,7.17,2024-01-19,2.79,7.17,2023-01-17,2.79,7.17
00-742123,2.19,2025-01-24,2.49,-12.05,2023-12-07,2.49,-12.05,2019-08-29,0.94,132.98
00-937644,3.49,2025-01-24,3.49,0.0,2024-01-19,3.49,0.0,2022-10-13,3.29,6.08
00-701961,2.49,2025-01-24,1.66,50.0,2023-12-07,2.49,0.0,,,
00-437578,2.79,2024-10-13,2.79,0.0,2023-10-21,2.79,0.0,,,
00-401748,1.49,2025-01-01,1.49,0.0,2023-12-31,1.49,0.0,2023-01-26,1.49,0.0
00-491470,1.99,2025-01-24,1.89,5.29,2024-01-19,1.89,5.29,2023-01-17,1.69,17.75
00-333839,5.99,2025-02-06,5.99,0.0,2024-02-01,5.99,0.0,2023-01-26,3.99,50.13
00-701771,2.39,2024-12-05,2.39,0.0,2023-11-30,2.39,0.0,,,
00-480904,0.44,2025-01-27,0.44,0.0,2023-12-15,0.42,4.76,2023-02-07,0.42,4.76
00-490419,1.79,2024-12-11,2.39,-25.1,,,,,,
00-30152,1.69,2023-03-30,1.69,0.0,2023-03-30,1.69,0.0,2022-07-07,1.49,13.42
00-381620,1.49,2024-01-18,1.29,15.5,2024-01-18,1.29,15.5,2023-02-04,0.89,67.42
00-403355,1.86,2025-01-20,2.79,-33.33,2024-02-01,1.72,8.14,2023-02-02,1.72,8.14
00-144516,2.39,2025-01-30,2.39,0.0,2024-02-01,2.29,4.37,2023-02-02,2.29,4.37
00-595943,1.59,2025-01-24,1.59,0.0,2024-01-19,1.59,0.0,2023-02-07,1.39,14.39
00-90182,2.19,2024-10-13,1.89,15.87,2023-12-28,1.89,15.87,2022-12-23,1.79,22.35
00-56224,1.69,2025-01-30,1.39,21.58,2024-02-01,1.39,21.58,2023-02-02,1.29,31.01
00-278558,3.99,2025-01-30,4.99,-20.04,2023-10-01,4.99,-20.04,2022-09-30,2.84,40.49
00-691612,1.32,2025-01-30,1.99,-33.67,2024-02-01,1.39,-5.04,2023-02-02,0.99,33.33
00-432718,1.69,2025-01-24,1.69,0.0,2023-12-07,1.69,0.0,2022-11-27,1.79,-5.59
00-779215,3.19,2025-01-30,3.19,0.0,2024-02-01,2.12,50.47,2023-01-29,3.19,0.0
00-672231,4.79,2025-01-30,4.69,2.13,2024-01-19,4.59,4.36,2022-12-19,4.19,14.32
00-464464,2.99,2025-01-24,2.99,0.0,2024-01-19,3.49,-14.33,2023-02-04,2.54,17.72
00-448781,11.99,2024-12-01,9.29,29.06,2023-12-24,8.99,33.37,,,
00-305561,1.79,2022-03-17,1.79,0.0,2022-03-17,1.79,0.0,2022-03-17,1.79,0.0
00-634507,1.29,2025-01-24,1.29,0.0,2024-01-12,1.29,0.0,2022-07-14,1.29,0.0
00-349498,3.69,2025-01-24,3.69,0.0,2024-01-19,3.59,2.79,2023-02-07,3.49,5.73
00-742526,3.99,2024-11-28,7.29,-45.27,,,,,,
00-841090,7.39,2024-12-01,7.39,0.0,2023-12-07,5.99,23.37,2022-11-27,5.99,23.37
00-139769,1.69,2024-02-25,1.69,0.0,2023-11-12,1.69,0.0,2022-11-13,1.59,6.29
00-937009,3.79,2025-01-24,3.79,0.0,2024-01-19,3.79,0.0,2023-02-07,3.69,2.71
00-244514,10.59,2025-01-19,10.59,0.0,2024-01-21,10.59,0.0,2023-01-26,10.19,3.93
00-845654,2.49,2025-01-24,3.99,-37.59,2024-01-19,3.99,-37.59,2023-01-29,3.29,-24.32
00-416251,2.66,2025-01-01,3.99,-33.33,2024-02-01,2.99,-11.04,2023-01-29,3.59,-25.91
00-775556,3.19,2025-01-24,3.19,0.0,2024-01-19,2.99,6.69,,,
00-439643,24.5,2025-02-02,19.9,23.12,2023-12-07,22.9,6.99,2023-02-02,24.5,0.0
00-521963,1.19,2024-01-19,0.99,20.2,2024-01-19,0.99,20.2,2023-02-07,0.99,20.2
00-463743,2.29,2025-01-19,2.29,0.0,2024-01-21,2.29,0.0,2023-02-07,2.09,9.57
00-737946,4.29,2025-01-24,3.99,7.52,2024-02-01,3.49,22.92,2023-02-02,2.89,48.44
00-774863,0.89,2025-01-30,1.99,-55.28,2023-12-24,1.99,-55.28,2022-11-24,1.99,-55.28
00-281910,7.69,2025-01-24,7.49,2.67,2024-02-01,7.49,2.67,2023-01-29,7.19,6.95
00-54110,4.49,2025-01-24,4.49,0.0,2024-01-19,4.29,4.66,2023-01-17,3.99,12.53
00-727580,3.99,2025-01-24,3.99,0.0,2024-01-19,3.99,0.0,,,
00-826581,7.99,2025-01-26,10.49,-23.83,2024-01-28,8.49,-5.89,2023-02-02,5.69,40.42
00-317734,1.49,2025-01-24,1.49,0.0,2024-01-19,1.49,0.0,2023-02-07,1.39,7.19
00-731112,2.29,2025-01-24,2.29,0.0,2024-02-01,2.29,0.0,,,
00-180406,2.49,2024-11-07,3.49,-28.65,2023-09-14,3.49,-28.65,2022-12-19,3.49,-28.65
00-751511,2.69,2025-01-20,3.49,-22.92,,,,,,
00-441756,3.79,2025-01-24,3.79,0.0,2023-08-24,3.79,0.0,2022-11-30,3.69,2.71
00-744337,1.49,2025-01-26,1.49,0.0,2024-01-28,1.49,0.0,2023-01-17,1.79,-16.76
00-1214,55.99,2025-01-01,54.99,1.82,2023-12-31,54.99,1.82,2023-01-01,47.99,16.67
00-354299,5.79,2025-01-30,5.79,0.0,2024-02-01,5.79,0.0,2023-01-26,5.39,7.42
00-451689,8.99,2025-01-01,8.99,0.0,2023-12-31,8.99,0.0,2023-01-22,8.99,0.0
00-665879,2.99,2025-01-30,2.79,7.17,2024-02-01,2.49,20.08,2023-02-02,2.39,25.1
00-715471,4.99,2024-10-17,3.99,25.06,2023-10-31,3.99,25.06,,,
00-547854,1.99,2024-12-13,1.99,0.0,2023-12-15,1.89,5.29,2023-02-04,1.42,40.14
00-736230,3.19,2023-11-21,3.19,0.0,2023-11-21,3.19,0.0,,,
00-296860,7.49,2025-01-30,5.99,25.04,2024-02-01,5.49,36.43,2023-02-02,6.99,7.15
00-448079,13.99,2025-01-01,13.49,3.71,2023-12-31,13.49,3.71,2023-01-25,12.49,12.01
00-454873,8.99,2025-01-01,7.99,12.52,2023-12-31,8.99,0.0,2023-02-07,8.49,5.89
00-337633,2.79,2025-01-24,2.79,0.0,2024-01-19,2.59,7.72,,,
00-961241,2.69,2025-01-24,2.69,0.0,2024-01-19,2.59,3.86,2023-01-17,2.49,8.03
00-526270,2.39,2025-01-24,2.39,0.0,2023-12-15,2.39,0.0,2023-02-07,2.29,4.37
00-295263,4.19,2025-02-06,3.49,20.06,2024-02-05,3.99,5.01,2023-02-04,2.84,47.54
00-835013,1.39,2024-12-01,1.29,7.75,2023-12-07,1.19,16.81,2022-12-16,1.09,27.52
00-200001,0.89,2024-11-07,0.89,0.0,2023-11-09,0.89,0.0,2022-12-07,0.79,12.66
00-964656,1.39,2025-01-24,1.29,7.75,2023-12-15,1.29,7.75,2023-02-07,1.29,7.75
00-418900,1.49,2025-01-24,1.99,-25.13,2024-01-19,1.99,-25.13,2023-01-17,1.69,-11.83
00-349612,5.29,2025-02-06,5.29,0.0,2024-02-05,5.39,-1.86,2023-02-02,3.32,59.34
00-820448,15.99,2025-01-01,15.99,0.0,2023-12-31,15.99,0.0,2023-02-02,14.99,6.67
00-481059,18.99,2025-01-01,18.99,0.0,2023-12-31,17.99,5.56,2023-02-07,17.99,5.56
00-419400,3.29,2025-01-19,3.19,3.13,2024-01-21,3.19,3.13,2022-12-11,2.89,13.84
00-481241,3.49,2024-10-24,3.29,6.08,2023-08-17,3.39,2.95,2023-02-02,3.19,9.4
00-510092,1.99,2025-01-17,1.99,0.0,2023-12-25,1.99,0.0,2023-01-03,0.99,101.01
00-605309,2.79,2024-10-28,2.49,12.05,2024-01-10,2.49,12.05,2023-01-19,2.19,27.4
00-718596,1.99,2025-01-24,1.99,0.0,2024-01-19,1.99,0.0,,,
00-723314,3.79,2024-12-01,3.79,0.0,2024-01-16,3.79,0.0,,,
00-571416,1.99,2025-01-24,1.99,0.0,2024-01-19,1.99,0.0,2023-01-19,1.49,33.56
00-750178,1.99,2024-12-25,2.99,-33.44,,,,,,
00-437687,1.49,2023-12-31,1.49,0.0,2023-12-31,1.49,0.0,2023-01-26,1.49,0.0
00-420859,2.19,2025-01-01,2.19,0.0,2023-12-31,2.19,0.0,2022-12-13,1.89,15.87
00-806994,69.9,2025-01-01,69.9,0.0,2023-12-31,63.9,9.39,2023-02-02,59.9,16.69
00-965587,2.09,2024-05-23,2.59,-19.31,2023-08-17,2.49,-16.06,2022-12-01,2.49,-16.06
00-445614,6.69,2025-01-24,6.59,1.52,2024-02-01,6.59,1.52,2023-01-29,6.29,6.36
00-782281,1.49,2025-01-01,2.69,-44.61,2024-02-01,2.39,-37.66,2023-02-02,1.99,-25.13
00-16395,3.99,2025-01-30,3.99,0.0,2024-02-01,3.69,8.13,2023-02-02,2.99,33.44
00-393800,5.99,2025-01-24,5.59,7.16,2024-02-01,5.59,7.16,2023-01-29,5.29,13.23
00-1839,2.19,2025-01-30,1.59,37.74,2024-02-01,1.19,84.03,2023-02-02,1.39,57.55
00-751166,1.29,2025-01-30,1.29,0.0,,,,,,
00-416111,3.99,2024-11-28,7.29,-45.27,2024-01-29,7.19,-44.51,2023-01-29,6.99,-42.92
00-751840,1.39,2023-06-21,1.39,0.0,2023-06-21,1.39,0.0,2022-12-16,1.29,7.75
00-631553,1.86,2025-01-30,1.72,8.14,2024-02-01,1.52,22.37,2023-02-02,1.49,24.83
00-729682,6.09,2025-01-24,5.99,1.67,2024-01-19,5.99,1.67,,,
00-402622,5.99,2024-12-01,5.49,9.11,2023-12-01,4.12,45.39,,,
00-724154,4.49,2025-01-19,3.99,12.53,,,,,,
00-421234,3.99,2025-01-30,2.66,50.0,2024-01-18,3.99,0.0,2023-01-29,3.79,5.28
00-825487,5.99,2025-01-24,4.99,20.04,2023-12-07,4.29,39.63,2022-12-20,3.69,62.33
00-720688,1.99,2024-10-10,1.89,5.29,2023-10-25,1.79,11.17,,,
00-706439,2.99,2025-01-05,2.79,7.17,2024-01-06,2.39,25.1,2023-02-07,2.39,25.1
00-868211,1.49,2025-01-24,1.49,0.0,2024-01-19,1.49,0.0,2023-01-26,1.49,0.0
00-261906,1.59,2024-12-01,1.49,6.71,2023-12-07,1.29,23.26,2022-11-27,0.99,60.61
00-441228,1.99,2024-12-16,1.99,0.0,2023-10-25,1.89,5.29,2022-12-08,1.89,5.29
00-723755,4.99,2025-01-24,4.79,4.18,2024-02-01,4.49,11.14,,,
00-316417,0.59,2025-01-24,0.59,0.0,2023-09-28,0.59,0.0,2022-10-06,0.55,7.27
00-308690,18.49,2025-01-01,17.99,2.78,2024-02-01,17.99,2.78,2023-01-01,14.99,23.35
00-944583,2.59,2025-01-16,2.59,0.0,2024-01-11,2.59,0.0,2023-02-02,2.39,8.37
00-713182,0.89,2025-01-24,0.89,0.0,2024-01-06,0.89,0.0,,,
00-724983,2.99,2025-01-24,2.49,20.08,2024-01-29,2.49,20.08,,,
00-6122,64.9,2025-01-01,62.9,3.18,2024-01-02,57.9,12.09,2023-02-02,54.99,18.02
00-758835,2.47,2025-01-24,2.47,0.0,2024-01-11,2.47,0.0,2022-12-23,2.39,3.35
00-608456,8.99,2025-01-30,8.99,0.0,2023-11-09,8.99,0.0,2023-01-31,7.99,12.52
00-421616,1.99,2025-01-24,1.99,0.0,2024-01-19,1.99,0.0,2023-02-04,1.49,33.56
00-482507,9.99,2025-01-01,9.99,0.0,2023-12-31,9.99,0.0,2023-01-22,8.99,11.12
00-766420,3.29,2025-01-30,3.29,0.0,2024-02-01,3.29,0.0,2023-02-02,3.29,0.0
00-439664,4.19,2024-12-19,3.99,5.01,2023-12-24,3.99,5.01,2023-02-02,2.66,57.52
00-300262,14.49,2025-01-01,13.99,3.57,2023-12-31,13.99,3.57,2023-01-01,11.99,20.85
00-717011,6.49,2024-11-07,6.49,0.0,2023-12-27,6.49,0.0,,,
00-428294,3.59,2024-12-18,4.19,-14.32,2024-01-04,2.59,38.61,2022-12-17,2.39,50.21
00-853235,0.99,2024-10-30,0.99,0.0,2023-11-03,0.79,25.32,2022-12-02,0.89,11.24
00-258976,1.99,2023-07-10,1.79,11.17,2023-07-10,1.79,11.17,2022-11-29,1.69,17.75
00-962401,1.87,2025-01-30,2.19,-14.61,2024-02-01,2.19,-14.61,2023-01-12,2.79,-32.97
00-288648,2.99,2025-01-30,2.99,0.0,2024-02-01,2.79,7.17,2023-01-19,2.79,7.17
00-360948,1.09,2024-12-05,1.09,0.0,2023-02-23,1.39,-21.58,2022-11-03,1.49,-26.85
00-715886,7.49,2025-01-24,7.49,0.0,2024-01-19,7.49,0.0,2023-02-04,5.62,33.27
00-500278,1.16,2025-01-16,1.59,-27.04,2024-01-26,1.75,-33.71,,,
00-730449,2.69,2025-01-21,2.49,8.03,,,,,,
00-487587,3.49,2025-01-17,3.49,0.0,2023-12-07,2.59,34.75,2022-12-16,2.49,40.16
00-607831,2.99,2025-01-23,1.99,50.25,2024-01-25,1.99,50.25,,,
00-703762,2.84,2025-01-16,3.69,-23.04,2023-09-27,3.69,-23.04,,,
00-289866,2.19,2025-01-24,2.19,0.0,2023-12-15,2.19,0.0,2023-02-07,1.89,15.87
00-413990,3.99,2025-01-30,3.99,0.0,2024-02-01,3.99,0.0,2023-02-02,3.99,0.0
00-511885,2.99,2024-09-26,3.99,-25.06,2023-11-29,3.99,-25.06,2023-01-19,3.89,-23.14
00-795407,1.89,2025-01-24,1.79,5.59,2024-01-19,1.79,5.59,,,
00-734779,2.39,2024-10-31,2.19,9.13,2023-12-27,2.19,9.13,2022-12-17,2.09,14.35
00-350885,4.19,2025-01-02,4.19,0.0,2024-01-12,3.99,5.01,2022-11-29,2.99,40.13
00-744124,1.89,2025-01-30,1.69,11.83,2024-02-01,1.59,18.87,2023-02-02,1.59,18.87
00-960758,2.49,2025-01-30,2.49,0.0,2024-01-05,2.29,8.73,2023-01-05,2.19,13.7
00-743375,4.99,2024-12-25,4.99,0.0,,,,,,
00-587001,17.99,2025-01-01,17.99,0.0,2023-12-31,17.99,0.0,2023-01-01,15.99,12.51
00-381684,1.99,2025-01-16,1.32,50.76,2024-02-01,1.32,50.76,2022-03-03,1.39,43.17
00-753380,1.99,2025-02-01,1.99,0.0,,,,,,
00-653646,3.32,2025-01-30,3.99,-16.79,,,,,,
00-727508,4.99,2025-01-24,4.99,0.0,2024-02-05,4.89,2.04,2023-02-07,4.59,8.71
00-628326,5.49,2025-01-01,5.49,0.0,2023-12-31,5.49,0.0,,,
00-468152,9.99,2025-01-01,9.99,0.0,2023-12-31,9.99,0.0,2023-01-22,9.99,0.0
00-309123,8.99,2025-01-01,8.99,0.0,2023-12-31,8.99,0.0,2023-01-22,8.99,0.0
00-595770,1.99,2023-01-17,1.99,0.0,2023-01-17,1.99,0.0,2023-01-17,1.99,0.0
00-713079,2.39,2023-05-16,2.39,0.0,2023-05-16,2.39,0.0,2022-11-30,2.29,4.37
00-835716,2.69,2024-12-01,2.69,0.0,2023-12-07,2.69,0.0,,,
00-487972,2.79,2024-12-01,2.59,7.72,2023-12-07,2.69,3.72,2023-02-02,1.99,40.2
00-705777,3.59,2024-12-25,3.59,0.0,,,,,,
00-905397,0.85,2025-02-06,0.85,0.0,2023-06-01,0.99,-14.14,2022-10-20,0.89,-4.49
00-343341,3.19,2024-02-25,3.19,0.0,2024-01-23,3.19,0.0,,,
00-728804,2.09,2025-01-24,1.99,5.03,,,,,,
00-731790,4.19,2025-01-30,2.79,50.18,2024-02-01,4.19,0.0,,,
00-430535,2.99,2025-01-24,2.99,0.0,2024-01-19,2.99,0.0,2022-08-04,2.79,7.17
00-705778,1.69,2024-12-25,1.59,6.29,,,,,,
00-706420,2.99,2025-01-05,2.79,7.17,2024-01-06,2.39,25.1,2023-02-07,2.39,25.1
00-11140,3.39,2025-01-01,3.19,6.27,2024-02-01,2.69,26.02,2023-02-02,2.19,54.79
00-19467,19.99,2025-01-30,12.99,53.89,2023-11-05,17.99,11.12,2023-02-02,10.99,81.89
00-757298,2.66,2025-01-24,3.99,-33.33,,,,,,
00-948261,28.99,2025-01-01,28.99,0.0,2023-12-31,27.99,3.57,,,
00-630323,5.99,2024-12-19,4.99,20.04,2023-12-28,3.79,58.05,2022-12-19,3.29,82.07
00-473266,10.99,2025-01-01,10.99,0.0,2023-12-31,10.99,0.0,2023-01-22,9.99,10.01
00-267265,1.79,2024-12-25,1.79,0.0,2023-12-25,1.79,0.0,2022-11-27,1.59,12.58
00-472112,1.99,2025-01-24,1.99,0.0,2024-01-19,1.99,0.0,,,
00-959548,2.24,2025-01-24,2.99,-25.08,2024-01-12,2.99,-25.08,2023-02-07,2.39,-6.28
00-692921,4.29,2025-01-24,3.39,26.55,2024-01-19,3.39,26.55,2023-01-17,2.49,72.29
00-288065,2.49,2025-01-01,2.49,0.0,2023-12-31,2.49,0.0,2023-01-22,2.49,0.0
00-440785,4.99,2025-01-26,4.79,4.18,2024-02-01,4.79,4.18,2023-01-29,3.99,25.06
00-897363,1.87,2024-12-13,2.49,-24.9,2023-12-15,2.39,-21.76,2023-02-07,2.39,-21.76
00-317822,4.89,2024-01-12,4.29,13.99,2024-01-12,4.29,13.99,2023-02-07,3.99,22.56
00-317544,3.29,2025-01-24,3.19,3.13,2024-01-19,3.19,3.13,2023-02-07,2.99,10.03
00-105498,1.69,2024-01-12,1.69,0.0,2024-01-12,1.69,0.0,,,
00-6107,14.99,2025-01-02,14.99,0.0,2024-01-18,13.99,7.15,2023-01-01,13.99,7.15
00-845133,2.99,2025-01-30,2.79,7.17,2024-01-19,2.99,0.0,2023-02-02,1.49,100.67
00-511808,19.99,2025-01-01,19.99,0.0,2023-12-31,19.99,0.0,2023-01-25,19.99,0.0
00-406402,1.49,2024-10-29,1.29,15.5,2023-06-01,1.29,15.5,2023-01-26,1.39,7.19
00-862282,2.79,2023-12-07,1.99,40.2,2023-12-07,1.99,40.2,2022-12-06,2.39,16.74
00-595942,2.29,2025-01-24,2.29,0.0,2024-01-19,2.29,0.0,2023-02-04,1.49,53.69
00-728596,0.99,2025-01-24,0.99,0.0,2024-01-19,0.99,0.0,,,
00-947917,1.29,2024-12-13,1.29,0.0,2023-12-15,1.29,0.0,,,
00-338679,7.69,2025-01-01,7.69,0.0,2024-01-01,6.99,10.01,2023-02-02,4.99,54.11
00-439616,2.99,2025-02-02,2.99,0.0,2023-11-23,2.89,3.46,2023-01-12,2.99,0.0
00-752184,5.59,2024-02-25,5.39,3.71,2023-11-12,5.39,3.71,2022-11-13,5.39,3.71
00-427234,13.99,2025-01-19,12.49,12.01,2024-01-21,10.49,33.37,2022-12-19,10.49,33.37
00-875649,1.99,2025-01-24,1.99,0.0,2024-01-19,1.99,0.0,2023-02-07,1.99,0.0
00-832787,6.39,2025-01-16,6.29,1.59,2024-01-18,6.29,1.59,2023-02-02,5.29,20.79
00-778506,55.9,2025-01-01,55.9,0.0,2024-01-18,55.9,0.0,2023-01-01,49.9,12.02
00-939512,1.39,2025-01-24,1.39,0.0,2023-12-07,1.29,7.75,2022-12-03,1.19,16.81
00-414820,1.99,2024-12-25,1.79,11.17,2023-12-25,1.59,25.16,2023-01-19,1.29,54.26
00-345125,2.49,2025-01-30,2.49,0.0,2024-02-01,2.49,0.0,2023-01-12,1.87,33.16
00-117446,6.49,2025-02-02,6.19,4.85,2024-01-12,6.19,4.85,2023-02-02,5.99,8.35
00-727849,2.69,2025-01-24,2.69,0.0,2024-01-19,2.49,8.03,,,
00-938246,1.32,2024-12-19,1.59,-16.98,2023-12-28,1.59,-16.98,2022-11-27,1.39,-5.04
00-740038,2.59,2024-12-01,1.99,30.15,2024-01-18,1.99,30.15,2023-01-26,1.89,37.04
00-736918,4.99,2025-01-24,5.99,-16.69,,,,,,
00-825759,3.99,2023-08-17,4.39,-9.11,2023-08-17,4.39,-9.11,2023-02-02,2.99,33.44
00-428607,1.87,2025-01-30,1.99,-6.03,2023-08-31,2.79,-32.97,2022-10-01,2.49,-24.9
00-748320,6.99,2025-01-01,6.99,0.0,,,,,,
00-288997,49.9,2025-01-01,49.9,0.0,2023-12-31,49.9,0.0,2023-01-01,45.99,8.5
00-700581,2.49,2025-01-24,2.49,0.0,2023-12-24,2.39,4.18,2022-12-20,2.29,8.73
00-768035,34.99,2025-01-24,34.99,0.0,,,,,,
00-478867,5.99,2025-01-01,4.99,20.04,2023-12-31,4.99,20.04,2023-02-01,4.99,20.04
00-420754,3.19,2023-12-27,3.19,0.0,2023-12-27,3.19,0.0,2022-12-23,2.99,6.69
00-466721,9.99,2025-01-21,9.99,0.0,,,,,,
00-775038,3.49,2025-01-24,3.99,-12.53,2023-11-22,3.99,-12.53,2023-01-12,3.49,0.0
00-331686,5.29,2024-10-13,5.29,0.0,2024-01-19,5.29,0.0,2022-12-20,4.59,15.25
00-295575,7.49,2025-01-26,7.49,0.0,2024-01-28,6.99,7.15,2023-01-17,6.59,13.66
00-319552,2.89,2024-12-18,2.99,-3.34,2024-01-04,2.59,11.58,2023-01-20,2.49,16.06
00-964479,1.79,2023-12-29,0.99,80.81,2023-12-29,0.99,80.81,,,
00-514832,14.9,2024-09-26,12.9,15.5,2023-11-06,10.9,36.7,2022-11-05,14.9,0.0
00-418947,1.49,2025-01-24,1.99,-25.13,2024-01-19,1.99,-25.13,,,
00-528630,3.49,2023-08-17,3.39,2.95,2023-08-17,3.39,2.95,2023-02-02,3.19,9.4
00-742137,9.99,2025-01-19,13.59,-26.49,,,,,,
00-862763,2.49,2024-10-26,2.49,0.0,2024-02-01,2.49,0.0,2023-02-02,2.29,8.73
00-939455,29.99,2023-07-01,25.99,15.39,2023-07-01,25.99,15.39,2022-07-28,23.99,25.01
00-665881,2.99,2025-01-30,2.79,7.17,2024-02-01,2.49,20.08,2023-02-02,2.39,25.1
00-590286,6.79,2024-11-17,6.79,0.0,2023-11-05,7.29,-6.86,2023-01-29,7.19,-5.56
00-799966,3.49,2025-02-06,3.49,0.0,2023-11-05,4.69,-25.59,2023-01-29,4.49,-22.27
00-715093,1.49,2025-01-24,1.99,-25.13,2024-01-23,1.99,-25.13,,,
00-767124,1.35,2025-01-03,1.25,8.0,,,,,,
00-341774,1.94,2025-01-24,2.59,-25.1,2024-01-19,2.59,-25.1,2023-01-19,2.59,-25.1
00-968446,3.19,2023-05-17,2.65,20.38,2023-05-17,2.65,20.38,2022-05-26,2.79,14.34
00-743295,10.99,2024-09-01,9.99,10.01,,,,,,
00-701424,2.99,2025-01-19,3.69,-18.97,2024-01-21,3.69,-18.97,2023-02-04,2.47,21.05
00-474772,3.19,2025-01-24,3.19,0.0,2024-01-19,3.19,0.0,,,
00-444514,19.99,2025-01-24,14.99,33.36,2023-07-01,12.99,53.89,2022-07-28,12.99,53.89
00-745557,2.99,2025-01-24,2.99,0.0,,,,,,
00-284795,5.99,2025-01-19,5.49,9.11,2024-01-21,5.39,11.13,2022-12-19,5.19,15.41
00-719258,5.49,2024-10-10,5.49,0.0,2023-10-12,5.49,0.0,,,
00-659218,7.99,2025-01-24,7.99,0.0,2022-09-25,7.99,0.0,2022-09-25,7.99,0.0
00-728337,0.99,2025-01-24,0.99,0.0,2024-01-19,0.99,0.0,,,
00-749233,45.9,2025-01-01,45.9,0.0,2023-12-31,45.9,0.0,2023-01-01,45.9,0.0
00-17087,1.99,2024-12-13,1.99,0.0,2024-01-12,1.79,11.17,2023-02-07,1.89,5.29
00-311158,1.29,2025-01-01,1.69,-23.67,2024-02-01,1.69,-23.67,2023-02-04,1.59,-18.87
00-679137,1.99,2025-01-30,1.33,49.62,2024-02-01,1.79,11.17,2022-12-23,1.59,25.16
00-754230,2.19,2025-01-24,2.19,0.0,,,,,,
00-502460,1.89,2025-01-30,1.69,11.83,2024-02-01,1.59,18.87,2023-02-02,1.59,18.87
00-862781,7.29,2023-11-12,7.19,1.39,2023-11-12,7.19,1.39,2022-11-13,6.99,4.29
00-379734,3.29,2025-01-19,3.29,0.0,2024-01-21,3.29,0.0,2023-02-07,3.19,3.13
00-705225,15.99,2025-01-19,14.99,6.67,2024-01-21,14.99,6.67,2023-01-20,14.49,10.35
00-434801,1.79,2025-01-24,1.79,0.0,2024-02-01,1.49,20.13,,,
00-474516,9.99,2025-01-01,9.99,0.0,2023-12-31,9.99,0.0,,,
00-71201,6.99,2025-01-16,6.99,0.0,2023-12-31,6.99,0.0,2023-02-02,6.99,0.0
00-698878,3.97,2024-01-06,5.29,-24.95,2024-01-06,5.29,-24.95,2023-02-07,5.29,-24.95
00-424533,2.99,2025-01-30,2.99,0.0,2024-01-18,1.99,50.25,2023-02-04,1.49,100.67
00-901361,47.9,2025-01-01,47.9,0.0,2023-12-31,47.9,0.0,2023-01-01,39.9,20.05
00-56154,1.49,2025-01-30,0.99,50.51,2024-02-01,0.99,50.51,2023-02-02,0.89,67.42
00-10907,4.19,2025-01-30,2.79,50.18,2024-02-01,4.19,0.0,2023-01-29,3.99,5.01
00-593308,12.99,2024-10-22,12.99,0.0,2024-01-28,11.99,8.34,2023-01-17,12.99,0.0
00-778226,5.39,2025-01-30,3.49,54.44,2024-02-01,3.33,61.86,2022-10-03,4.49,20.04
00-647686,6.99,2025-01-01,7.99,-12.52,2023-12-31,7.99,-12.52,2023-01-25,7.99,-12.52
00-339923,2.99,2025-01-24,2.99,0.0,2024-01-19,2.99,0.0,2023-01-17,2.99,0.0
00-466557,8.49,2025-01-01,8.49,0.0,2023-12-31,7.99,6.26,2023-01-22,7.99,6.26
00-764276,2.99,2025-01-24,3.19,-6.27,,,,,,
00-370965,3.19,2023-11-30,2.99,6.69,2023-11-30,2.99,6.69,,,
00-411185,3.49,2025-01-24,3.49,0.0,,,,,,
00-423174,1.49,2025-01-01,1.49,0.0,2023-12-31,1.49,0.0,2023-01-26,1.49,0.0
00-319558,1.99,2024-01-19,1.99,0.0,2024-01-19,1.99,0.0,2023-01-17,1.99,0.0
00-760249,11.99,2025-01-21,11.99,0.0,,,,,,
00-526942,3.49,2025-02-04,3.79,-7.92,2023-12-31,3.79,-7.92,2022-08-14,2.99,16.72
00-461901,5.99,2025-01-05,5.99,0.0,2024-01-06,5.99,0.0,2023-02-07,5.99,0.0
00-729426,2.99,2025-01-24,2.99,0.0,2024-01-19,2.99,0.0,,,
00-918562,3.99,2025-02-01,3.99,0.0,2023-12-20,4.69,-14.93,2022-12-16,4.29,-6.99
00-677759,3.49,2024-12-05,3.19,9.4,2024-01-19,2.89,20.76,2022-12-06,2.89,20.76
00-769842,2.89,2025-02-01,2.89,0.0,,,,,,
00-292403,1.99,2025-01-30,2.59,-23.17,2023-07-17,2.59,-23.17,2023-01-27,2.49,-20.08
00-871483,2.99,2025-01-30,2.79,7.17,2024-02-01,2.49,20.08,2023-02-02,2.39,25.1
00-467499,2.59,2025-01-24,2.59,0.0,2024-01-19,2.59,0.0,2023-02-04,1.87,38.5
00-3459,3.99,2025-01-30,3.99,0.0,2024-02-01,3.69,8.13,2023-02-02,2.99,33.44
00-89479,1.79,2025-01-05,1.99,-10.05,2024-01-18,2.79,-35.84,2023-02-07,1.89,-5.29
00-402691,5.99,2025-01-02,5.79,3.45,2024-02-01,4.99,20.04,2023-02-02,4.49,33.41
00-963089,5.99,2025-01-02,5.79,3.45,2024-02-01,4.99,20.04,2023-02-02,4.49,33.41
00-425139,2.99,2023-03-15,2.99,0.0,2023-03-15,2.99,0.0,,,
00-672127,5.49,2025-01-16,5.19,5.78,2024-01-18,4.99,10.02,2023-01-19,4.49,22.27
00-883073,3.99,2023-02-15,3.59,11.14,2023-02-15,3.59,11.14,2022-10-20,3.19,25.08
00-738457,1.09,2025-01-05,1.09,0.0,,,,,,
00-899546,49.9,2025-01-01,49.9,0.0,,,,,,
00-761361,4.39,2024-02-15,4.39,0.0,2024-02-01,3.59,22.28,2022-11-24,3.79,15.83
00-793862,14.99,2025-01-26,17.99,-16.68,2024-02-02,14.99,0.0,2022-12-15,11.79,27.14
00-469768,2.99,2024-12-01,2.49,20.08,2023-12-28,2.49,20.08,2022-07-31,2.19,36.53
00-930289,9.99,2025-01-02,9.99,0.0,2023-12-07,8.99,11.12,2022-12-25,7.89,26.62
00-924115,2.84,2023-10-13,3.69,-23.04,2023-10-13,3.69,-23.04,2022-07-14,4.29,-33.8
00-747774,2.77,2024-11-28,3.69,-24.93,,,,,,
00-661094,5.99,2024-06-06,8.99,-33.37,2023-11-12,8.99,-33.37,2022-11-24,8.99,-33.37
00-368879,2.19,2023-12-25,2.49,-12.05,2023-12-25,2.49,-12.05,,,
00-12265,2.99,2025-01-24,2.99,0.0,2023-12-07,2.49,20.08,2022-12-03,2.19,36.53
00-741912,3.49,2025-01-24,3.49,0.0,,,,,,
00-418498,17.99,2025-01-24,17.99,0.0,2024-01-19,17.99,0.0,,,
00-854632,3.89,2025-01-24,3.89,0.0,2024-01-25,3.59,8.36,2023-02-02,3.19,21.94
00-516496,2.49,2025-01-24,2.49,0.0,2024-01-19,2.79,-10.75,2023-02-07,2.99,-16.72
00-537519,4.99,2025-01-05,4.49,11.14,2024-01-06,4.19,19.09,,,
00-482896,3.29,2024-11-21,3.19,3.13,2024-01-02,3.29,0.0,,,
00-459659,1.19,2024-10-26,1.19,0.0,2024-02-01,1.19,0.0,2022-11-27,0.99,20.2
00-398563,2.89,2025-01-24,2.89,0.0,2024-01-19,2.79,3.58,2023-02-07,2.49,16.06
00-317605,2.09,2025-01-24,2.59,-19.31,2023-12-15,2.49,-16.06,2023-02-07,2.29,-8.73
00-921452,1.99,2025-01-24,1.99,0.0,2023-02-20,1.99,0.0,2023-02-05,1.95,2.05
00-719243,5.99,2024-10-10,5.99,0.0,2023-10-12,5.99,0.0,,,
00-622688,4.89,2024-11-17,4.69,4.26,2023-11-09,3.99,22.56,2023-01-29,3.19,53.29
00-169524,2.19,2023-10-01,2.19,0.0,2023-10-01,2.19,0.0,2022-12-07,1.99,10.05
00-439746,4.29,2025-01-24,4.29,0.0,2024-01-01,3.79,13.19,2022-12-25,3.69,16.26
00-317699,2.49,2025-02-01,2.29,8.73,2024-02-01,2.29,8.73,2023-02-04,1.64,51.83
00-649890,2.02,2025-01-30,3.69,-45.26,2024-01-18,3.69,-45.26,2023-01-21,3.69,-45.26
00-454926,3.29,2023-10-01,3.19,3.13,2023-10-01,3.19,3.13,2022-09-24,2.69,22.3
00-490730,9.49,2025-01-01,8.99,5.56,2023-12-31,8.99,5.56,,,
00-424344,31.99,2025-01-05,31.99,0.0,2024-01-06,29.99,6.67,2023-02-07,30.99,3.23
00-589574,3.49,2025-01-01,3.49,0.0,2023-12-31,3.19,9.4,2023-01-22,3.49,0.0
00-11235,3.29,2025-01-30,3.29,0.0,2024-02-01,3.29,0.0,2023-02-02,3.29,0.0
00-370336,1.59,2024-12-25,1.59,0.0,2024-01-04,1.69,-5.92,2022-12-30,1.72,-7.56
00-493415,6.99,2025-01-30,6.99,0.0,2024-02-01,6.99,0.0,2023-02-02,6.49,7.7
00-809324,6.39,2024-01-18,6.29,1.59,2024-01-18,6.29,1.59,2023-02-02,5.29,20.79
00-282214,3.59,2024-12-19,3.59,0.0,2023-11-09,3.59,0.0,2022-12-25,2.49,44.18
00-100709,3.19,2024-05-13,2.99,6.69,2023-11-12,2.99,6.69,,,
00-651936,3.99,2024-10-13,4.19,-4.77,2024-01-12,4.69,-14.93,2023-01-26,4.69,-14.93
00-949726,4.99,2023-06-19,4.49,11.14,2023-06-19,4.49,11.14,2022-07-28,4.39,13.67
00-904453,2.99,2023-11-09,2.99,0.0,2023-11-09,2.99,0.0,2023-02-02,1.99,50.25
00-30690,1.09,2025-01-09,0.99,10.1,2024-02-01,0.95,14.74,2023-02-02,0.66,65.15
00-317665,2.19,2025-01-24,2.15,1.86,2024-01-19,2.15,1.86,2023-02-07,2.15,1.86
00-773284,3.99,2023-07-10,3.99,0.0,2023-07-10,3.99,0.0,2022-04-21,3.99,0.0
00-275290,1.16,2025-01-16,1.59,-27.04,2024-01-26,1.75,-33.71,2023-02-02,1.45,-20.0
00-819637,27.99,2025-01-19,19.99,40.02,2024-01-21,24.49,14.29,2023-02-07,23.59,18.65
00-432528,2.99,2025-01-23,1.99,50.25,2024-01-25,1.99,50.25,,,
00-591422,2.49,2025-01-24,3.99,-37.59,2024-01-19,3.99,-37.59,2023-01-29,3.29,-24.32
00-729543,2.69,2024-07-10,2.69,0.0,2024-01-12,2.59,3.86,,,
00-437655,3.69,2024-11-21,3.69,0.0,2024-01-18,3.49,5.73,2023-02-02,3.49,5.73
00-13126,1.29,2024-11-30,1.29,0.0,2022-12-30,1.49,-13.42,2022-12-30,1.49,-13.42
00-718605,3.49,2025-01-24,2.99,16.72,2024-02-07,3.29,6.08,,,
00-741246,9.99,2025-01-02,9.99,0.0,,,,,,
00-21982,27.6,2025-01-18,27.6,0.0,,,,,,
00-400517,2.49,2024-12-18,2.69,-7.43,2023-12-07,2.39,4.18,2023-01-19,2.39,4.18
00-2788,2.99,2025-01-02,2.99,0.0,2024-01-15,2.79,7.17,2022-12-15,2.49,20.08
00-665887,2.99,2025-01-30,2.79,7.17,2024-02-01,2.49,20.08,2023-02-02,2.39,25.1
00-598136,2.69,2025-01-16,2.69,0.0,2024-02-01,2.59,3.86,2022-12-19,2.29,17.47
00-428543,6.99,2025-01-19,6.79,2.95,2024-01-21,6.79,2.95,2022-12-19,6.29,11.13
00-341994,3.79,2025-01-30,2.49,52.21,2024-01-21,3.39,11.8,2023-02-07,2.99,26.76
00-680559,4.19,2025-01-30,2.79,50.18,2024-02-01,4.19,0.0,2023-02-02,2.66,57.52
00-747738,3.49,2024-12-01,3.49,0.0,,,,,,
00-433752,2.19,2025-01-24,2.19,0.0,2024-01-19,2.19,0.0,2023-01-17,2.19,0.0
00-924097,2.99,2024-11-08,3.99,-25.06,2024-01-18,3.99,-25.06,2022-11-24,3.99,-25.06
00-102707,2.39,2024-12-13,2.39,0.0,2024-01-12,2.29,4.37,,,
00-500317,7.99,2025-01-30,5.99,33.39,2024-02-01,5.49,45.54,2023-02-02,6.49,23.11
00-383697,1.99,2025-01-16,1.99,0.0,2024-02-01,1.99,0.0,2022-11-29,1.79,11.17
00-598760,2.59,2025-01-24,2.59,0.0,2024-01-10,2.59,0.0,2022-12-23,2.49,4.02
00-526091,2.79,2024-11-07,2.79,0.0,2024-02-01,1.99,40.2,2022-11-27,2.49,12.05
00-719297,4.99,2024-10-10,4.99,0.0,2023-10-12,4.99,0.0,,,
00-417726,4.79,2025-01-24,4.19,14.32,2024-01-19,4.79,0.0,2022-05-24,4.39,9.11
00-338324,3.59,2025-01-24,3.59,0.0,2024-01-19,3.59,0.0,2023-02-02,3.59,0.0
00-740929,2.99,2025-01-30,4.19,-28.64,,,,,,
00-489673,9.99,2025-01-01,8.99,11.12,2023-12-31,8.99,11.12,2023-01-22,8.49,17.67
00-900301,2.49,2024-08-12,2.49,0.0,2024-01-06,2.49,0.0,2023-02-07,2.39,4.18
00-816291,6.29,2024-12-01,6.29,0.0,2023-12-07,6.29,0.0,2022-12-08,6.29,0.0
00-482025,8.49,2025-01-01,8.49,0.0,2023-12-31,8.49,0.0,2023-01-22,8.49,0.0
00-514225,3.99,2025-01-24,3.99,0.0,2023-12-07,3.99,0.0,2023-01-19,3.99,0.0
00-792816,1.49,2025-01-30,1.99,-25.13,2024-02-01,1.99,-25.13,2023-02-02,2.49,-40.16
00-478782,1.99,2024-12-25,1.99,0.0,2023-12-25,1.99,0.0,2022-11-29,1.79,11.17
00-945633,5.49,2024-01-12,4.49,22.27,2024-01-12,4.49,22.27,2023-01-05,4.49,22.27
00-293164,3.19,2023-10-01,2.79,14.34,2023-10-01,2.79,14.34,2022-11-29,2.39,33.47
00-735759,1.99,2025-02-02,2.89,-31.14,2023-12-27,2.89,-31.14,2022-12-12,2.99,-33.44
00-767497,1.49,2025-01-24,1.99,-25.13,2023-12-07,1.99,-25.13,2023-02-02,2.19,-31.96
00-8528,1.49,2025-01-30,1.49,0.0,2024-01-19,1.29,15.5,2023-01-17,1.29,15.5
00-741411,4.49,2024-05-23,4.49,0.0,,,,,,
00-632967,1.89,2025-02-02,2.59,-27.03,2024-01-18,2.49,-24.1,2023-01-19,2.35,-19.57
00-593375,14.9,2024-11-22,19.9,-25.13,2024-01-11,19.9,-25.13,2022-10-13,17.9,-16.76
00-413269,2.99,2025-01-24,2.99,0.0,2024-02-05,2.99,0.0,2023-02-04,2.79,7.17
00-755979,2.79,2025-02-04,2.79,0.0,,,,,,
00-72121,13.99,2025-01-01,18.49,-24.34,2023-12-31,16.99,-17.66,2023-01-01,15.99,-12.51
00-428190,7.99,2025-01-30,6.99,14.31,2024-02-01,5.99,33.39,2023-02-02,5.99,33.39
00-317719,2.69,2025-01-24,2.69,0.0,2024-01-28,2.69,0.0,2023-02-07,2.49,8.03
00-536988,2.99,2025-01-02,2.79,7.17,2023-12-31,2.79,7.17,2023-01-22,2.79,7.17
00-602947,4.29,2024-02-25,3.99,7.52,2023-11-12,3.99,7.52,2022-11-13,3.29,30.4
00-875384,16.99,2025-01-19,15.49,9.68,,,,,,
00-502027,5.09,2023-07-10,5.09,0.0,2023-07-10,5.09,0.0,2022-11-20,5.09,0.0
00-297713,2.66,2024-12-05,3.99,-33.33,2024-01-18,3.99,-33.33,2023-02-02,3.99,-33.33
00-743966,1.99,2024-12-25,2.49,-20.08,,,,,,
00-719255,1.29,2025-01-24,1.29,0.0,2024-01-19,1.29,0.0,,,
00-837176,3.39,2018-06-07,2.99,13.38,2018-06-07,2.99,13.38,2018-06-07,2.99,13.38
00-747770,2.77,2024-11-28,3.69,-24.93,,,,,,
00-740371,1.79,2024-12-01,1.79,0.0,,,,,,
00-4520,2.29,2024-02-25,2.29,0.0,2023-11-12,2.29,0.0,2022-05-25,2.29,0.0
00-727746,5.99,2025-01-30,7.19,-16.69,2024-02-01,5.99,0.0,,,
00-89414,2.99,2025-01-02,3.49,-14.33,2023-10-21,2.99,0.0,2022-12-15,2.99,0.0
00-728272,27.9,2025-02-01,39.9,-30.08,,,,,,
00-865743,3.32,2025-01-30,4.69,-29.21,2024-02-01,2.99,11.04,2023-02-02,4.29,-22.61
00-944529,1.49,2024-10-26,1.49,0.0,2023-12-07,1.49,0.0,2022-09-04,1.39,7.19
00-732242,2.99,2025-01-24,3.99,-25.06,2024-01-30,3.99,-25.06,,,
00-464311,3.79,2025-01-24,3.59,5.57,2024-01-19,3.59,5.57,2023-02-07,3.49,8.6
00-409241,1.09,2024-08-08,1.29,-15.5,2023-06-06,1.29,-15.5,2022-10-05,1.49,-26.85
00-397955,1.59,2025-01-24,1.59,0.0,2023-12-25,1.29,23.26,2023-01-28,1.19,33.61
00-12484,2.39,2025-01-24,2.29,4.37,2024-01-02,2.29,4.37,2022-09-19,1.99,20.1
00-422179,3.29,2023-03-23,3.29,0.0,2023-03-23,3.29,0.0,2022-12-08,3.19,3.13
00-70229,2.99,2025-01-24,2.99,0.0,2023-12-07,2.49,20.08,2023-01-03,2.19,36.53
00-348341,11.99,2024-10-13,11.69,2.57,2023-12-30,11.69,2.57,2023-01-19,10.99,9.1
00-775373,0.89,2025-01-30,1.99,-55.28,2023-12-24,1.99,-55.28,,,
00-527060,1.69,2024-10-24,1.69,0.0,2023-10-25,1.69,0.0,2022-11-24,1.59,6.29
00-431660,2.79,2025-01-24,3.69,-24.39,2024-01-19,3.69,-24.39,2023-02-02,2.49,12.05
00-524520,5.29,2025-01-24,5.29,0.0,2024-01-19,5.29,0.0,2022-10-06,4.99,6.01
00-764930,1.79,2025-01-24,1.59,12.58,2024-02-01,1.19,50.42,2023-01-17,1.59,12.58
00-713500,3.49,2025-01-30,3.29,6.08,2024-02-01,3.29,6.08,,,
00-433155,7.49,2025-01-05,7.49,0.0,2024-01-06,7.49,0.0,2023-02-07,7.49,0.0
00-869039,2.39,2025-01-30,1.79,33.52,2023-06-12,2.39,0.0,2022-11-29,2.29,4.37
00-477739,2.99,2025-01-24,2.79,7.17,2023-12-07,2.69,11.15,2023-02-04,1.79,67.04
00-285227,3.37,2023-11-23,3.99,-15.54,2023-11-23,3.99,-15.54,2022-12-17,3.79,-11.08
00-410680,1.69,2024-01-01,1.99,-15.08,2024-01-01,1.99,-15.08,2022-12-30,1.99,-15.08
00-717077,2.99,2025-01-24,2.99,0.0,2024-01-19,3.19,-6.27,,,
00-513306,15.99,2025-01-30,18.99,-15.8,,,,,,
00-928800,3.99,2025-01-01,5.99,-33.39,2023-12-31,4.99,-20.04,2023-01-22,4.99,-20.04
00-461337,1.99,2025-02-01,1.69,17.75,2024-02-01,1.69,17.75,2023-02-07,1.59,25.16
00-478385,1.99,2024-12-05,1.32,50.76,2024-02-01,1.32,50.76,,,
00-757816,1.99,2025-01-24,1.99,0.0,2024-01-19,1.99,0.0,2023-02-07,1.59,25.16
00-11213,2.79,2023-03-02,2.49,12.05,2023-03-02,2.49,12.05,2022-11-13,2.39,16.74
00-739673,5.99,2024-12-19,4.99,20.04,2023-12-28,3.79,58.05,,,
00-1713,8.79,2025-01-19,7.99,10.01,2024-01-21,6.79,29.46,2022-12-11,6.39,37.56
00-269601,5.39,2023-12-07,5.39,0.0,2023-12-07,5.39,0.0,2022-11-13,5.19,3.85
00-716273,1.99,2025-01-30,1.79,11.17,2024-02-01,1.89,5.29,,,
00-8797,6.79,2025-01-19,5.69,19.33,2024-01-21,4.99,36.07,2023-01-26,4.99,36.07
00-300558,1.99,2025-01-26,1.99,0.0,2024-01-28,2.19,-9.13,2023-02-02,1.99,0.0
00-878296,2.79,2025-02-01,2.69,3.72,,,,,,
00-724152,2.19,2024-10-26,2.19,0.0,2023-12-07,2.19,0.0,2022-11-27,1.99,10.05
00-422201,6.49,2025-01-30,5.29,22.68,2023-12-31,6.49,0.0,2023-01-22,6.49,0.0
00-320422,1.29,2024-11-12,1.19,8.4,2023-07-27,1.29,0.0,2023-01-17,1.39,-7.19
00-448750,1.64,2025-01-30,2.49,-34.14,2024-02-01,2.49,-34.14,2023-02-07,2.49,-34.14
00-345889,2.79,2025-01-24,2.79,0.0,2024-01-19,2.99,-6.69,2023-02-02,1.79,55.87
00-411802,2.59,2025-01-30,2.49,4.02,2024-02-01,2.49,4.02,2023-01-17,2.39,8.37
00-402692,5.99,2025-01-02,5.79,3.45,2024-02-01,4.99,20.04,2023-02-02,4.49,33.41
00-649509,3.19,2024-02-25,2.89,10.38,2023-12-14,2.89,10.38,2023-02-03,2.17,47.0
00-406397,3.99,2025-01-30,3.99,0.0,2024-01-18,3.69,8.13,2023-02-02,3.69,8.13
00-723301,9.99,2025-01-16,9.99,0.0,2023-12-27,10.49,-4.77,,,
00-723729,3.89,2025-01-24,3.89,0.0,2024-01-19,3.69,5.42,,,
00-511896,2.99,2024-09-26,3.99,-25.06,2023-11-29,3.99,-25.06,2023-01-19,3.89,-23.14
00-633037,18.99,2024-12-19,18.99,0.0,2023-11-30,18.99,0.0,2023-01-29,17.99,5.56
00-717004,6.49,2024-11-07,6.49,0.0,2023-12-27,6.49,0.0,,,
00-813322,6.59,2023-05-17,6.59,0.0,2023-05-17,6.59,0.0,2022-01-27,6.49,1.54
00-882281,1.39,2024-09-27,1.09,27.52,2022-10-13,1.09,27.52,2022-10-13,1.09,27.52
00-930685,32.99,2025-01-19,30.99,6.45,2024-01-21,22.99,43.5,2023-02-07,20.99,57.17
00-717749,3.99,2024-11-28,7.29,-45.27,2024-01-29,7.19,-44.51,,,
00-482514,2.19,2025-01-24,2.19,0.0,2024-01-02,2.19,0.0,2022-12-23,1.89,15.87
00-290304,68.9,2025-01-01,68.9,0.0,2023-12-31,68.9,0.0,2023-01-26,64.9,6.16
00-493011,1.59,2025-01-24,1.59,0.0,2023-12-07,1.49,6.71,2023-01-01,1.29,23.26
00-472582,5.49,2024-11-17,5.49,0.0,2023-11-09,5.49,0.0,2021-07-29,3.79,44.85
00-370489,2.99,2024-01-12,3.29,-9.12,2024-01-12,3.29,-9.12,2022-05-24,2.79,7.17
00-302227,3.32,2025-01-30,4.69,-29.21,2024-02-01,2.99,11.04,2023-02-02,4.29,-22.61
00-743344,10.99,2024-12-25,9.99,10.01,,,,,,
00-295323,2.39,2025-01-24,2.39,0.0,2024-01-19,2.39,0.0,,,
00-21311,54.99,2025-01-01,54.99,0.0,2024-02-01,53.99,1.85,2023-01-01,51.49,6.8
00-867999,4.99,2025-01-16,4.99,0.0,2024-01-18,4.99,0.0,2023-02-02,4.99,0.0
00-742122,7.99,2025-01-01,8.99,-11.12,,,,,,
00-467923,2.49,2025-01-24,2.49,0.0,2024-01-19,2.29,8.73,2023-02-07,2.19,13.7
00-389038,2.99,2024-01-19,3.99,-25.06,2024-01-19,3.99,-25.06,2023-02-07,3.79,-21.11
00-666656,3.99,2024-10-24,3.99,0.0,2024-01-12,4.59,-13.07,2023-02-02,2.99,33.44
00-433587,4.99,2025-01-01,4.99,0.0,2023-12-31,4.99,0.0,2023-01-22,3.99,25.06
00-392383,3.29,2024-12-19,2.99,10.03,2024-01-18,2.59,27.03,2023-02-02,2.19,50.23
00-643238,15.49,2025-01-01,15.49,0.0,2023-12-31,15.99,-3.13,2023-01-01,14.99,3.34
00-527319,3.69,2025-01-24,3.69,0.0,2024-01-19,3.69,0.0,,,
00-578752,2.99,2025-02-02,2.79,7.17,2023-12-25,2.69,11.15,2022-11-14,2.39,25.1
00-480866,2.24,2024-01-19,2.99,-25.08,2024-01-19,2.99,-25.08,2023-01-19,2.49,-10.04
00-420811,2.15,2025-01-24,2.15,0.0,2024-01-19,2.15,0.0,2023-01-21,1.99,8.04
00-489926,14.49,2025-01-01,14.49,0.0,2023-12-31,13.99,3.57,2023-01-22,13.99,3.57
00-299214,7.99,2024-10-10,7.99,0.0,2023-12-27,7.59,5.27,2022-12-20,7.49,6.68
00-900145,2.79,2025-01-24,2.79,0.0,2024-01-19,2.79,0.0,2023-01-17,2.79,0.0
00-469681,1.99,2025-01-24,1.69,17.75,2024-01-19,1.59,25.16,2023-02-07,1.49,33.56
00-720783,2.49,2025-01-24,2.49,0.0,2024-01-19,2.49,0.0,,,
00-572603,1.99,2025-01-24,1.99,0.0,2024-01-19,1.99,0.0,2023-02-07,1.99,0.0
00-2721,1.99,2025-01-02,2.99,-33.44,2024-01-15,2.79,-28.67,2023-01-02,2.49,-20.08
00-698877,3.97,2024-01-06,5.29,-24.95,2024-01-06,5.29,-24.95,2023-02-07,5.29,-24.95
00-58209,9.99,2025-01-19,9.99,0.0,2024-01-21,8.79,13.65,2022-12-11,7.99,25.03
00-18102,3.99,2024-12-05,3.19,25.08,2024-01-19,2.89,38.06,2022-12-06,2.89,38.06
00-431106,5.99,2025-01-12,6.99,-14.31,2023-11-07,6.99,-14.31,2022-12-18,6.99,-14.31
00-363122,3.29,2025-02-01,3.29,0.0,2024-02-01,3.19,3.13,2023-01-19,3.19,3.13
00-757018,3.49,2025-01-24,4.49,-22.27,,,,,,
00-747107,2.49,2024-12-25,2.49,0.0,,,,,,
00-716876,43.9,2025-01-01,43.9,0.0,2023-12-31,43.9,0.0,2023-01-01,39.9,10.03
00-403065,7.49,2025-01-09,7.49,0.0,2024-01-19,7.49,0.0,2023-02-07,7.49,0.0
00-556301,1.99,2025-01-24,1.99,0.0,2024-02-01,2.19,-9.13,2023-01-20,1.99,0.0
00-434218,0.99,2024-11-28,0.99,0.0,2023-11-03,0.79,25.32,2022-12-02,0.89,11.24
00-297152,18.99,2025-01-02,18.99,0.0,2024-01-02,17.99,5.56,2023-01-01,15.99,18.76
00-618635,2.49,2025-01-30,2.49,0.0,2024-01-11,2.39,4.18,2022-12-23,2.19,13.7
00-72119,19.99,2025-01-30,14.99,33.36,2023-12-31,18.99,5.27,,,
00-743013,2.79,2025-02-01,2.79,0.0,,,,,,
00-404519,1.99,2025-01-24,1.99,0.0,2024-01-11,1.99,0.0,2022-11-27,1.89,5.29
00-596297,2.99,2024-01-19,3.99,-25.06,2024-01-19,3.99,-25.06,2023-01-17,3.49,-14.33
00-411587,1.49,2025-01-01,1.49,0.0,2023-12-31,1.49,0.0,2023-01-26,1.49,0.0
00-425400,4.69,2024-02-03,2.99,56.86,2024-02-03,2.99,56.86,2022-10-05,2.59,81.08
00-723491,2.69,2025-01-30,2.69,0.0,2024-02-01,2.49,8.03,,,
00-877788,1.68,2024-12-25,1.68,0.0,2023-12-25,1.99,-15.58,,,
00-589356,2.69,2024-12-25,2.59,3.86,2023-12-25,2.59,3.86,2023-01-19,2.39,12.55
00-465087,8.99,2025-01-01,8.99,0.0,2023-12-31,8.99,0.0,2023-02-04,8.49,5.89
00-695694,1.49,2025-01-30,1.19,25.21,2024-02-01,1.19,25.21,2022-09-19,1.19,25.21
00-671896,2.49,2025-02-01,2.49,0.0,2024-02-01,2.49,0.0,2023-02-07,2.49,0.0
00-713523,3.99,2025-01-24,3.99,0.0,2024-01-19,3.99,0.0,,,
00-10917,2.99,2025-01-02,2.99,0.0,2024-01-15,2.79,7.17,2022-12-15,2.49,20.08
00-755108,3.59,2025-01-24,3.59,0.0,,,,,,
00-933302,3.69,2024-03-07,3.59,2.79,,,,,,
00-642113,27.9,2024-09-26,26.9,3.72,2024-01-01,26.9,3.72,2023-01-30,24.9,12.05
00-893994,4.99,2024-12-25,4.99,0.0,2024-01-12,4.99,0.0,2023-01-19,4.49,11.14
00-407820,2.89,2025-01-24,2.89,0.0,2024-02-01,2.29,26.2,2022-12-19,2.59,11.58
00-336636,3.99,2024-12-25,3.79,5.28,2023-12-25,4.19,-4.77,2022-07-28,3.99,0.0
00-468468,4.49,2025-01-31,4.99,-10.02,2023-12-31,5.99,-25.04,2023-01-22,5.99,-25.04
00-383026,18.99,2024-12-19,18.99,0.0,2023-11-30,18.99,0.0,2023-01-29,17.99,5.56
00-428774,26.99,2025-01-30,23.99,12.51,2024-01-21,19.99,35.02,2023-02-02,19.99,35.02
00-727561,4.39,2025-01-19,4.39,0.0,,,,,,
00-734424,1.99,2025-01-24,1.99,0.0,2024-01-19,1.99,0.0,,,
00-343035,1.59,2025-01-24,1.59,0.0,2024-01-19,1.59,0.0,2023-01-24,1.55,2.58
00-8343,4.89,2025-01-19,4.89,0.0,2024-01-21,4.89,0.0,2022-12-11,4.89,0.0
00-11415,9.99,2025-01-01,8.99,11.12,2024-02-01,7.99,25.03,2023-02-02,7.99,25.03
00-879956,11.99,2024-01-19,10.99,9.1,2024-01-19,10.99,9.1,2023-02-07,10.99,9.1
00-287926,2.79,2024-12-05,2.99,-6.69,2024-02-01,2.49,12.05,2022-11-27,2.69,3.72
00-777464,1.49,2023-12-25,1.99,-25.13,2023-12-25,1.99,-25.13,,,
00-447448,11.99,2024-11-24,6.97,72.02,2023-12-01,6.74,77.89,,,
00-384572,1.79,2025-01-16,1.79,0.0,2024-01-18,1.89,-5.29,2023-01-26,1.79,0.0
00-2768,2.99,2025-01-02,2.99,0.0,2024-01-15,2.79,7.17,2022-12-15,2.49,20.08
00-354064,2.19,2025-01-23,1.99,10.05,2024-01-04,1.99,10.05,2023-01-19,1.85,18.38
00-310094,2.99,2024-01-10,3.09,-3.24,2024-01-10,3.09,-3.24,,,
00-301850,19.99,2025-01-01,19.99,0.0,2024-01-02,19.99,0.0,2023-01-01,17.99,11.12
00-54309,1.99,2025-01-24,1.99,0.0,2024-01-19,1.99,0.0,2023-01-17,1.49,33.56
00-595944,1.59,2025-01-24,1.59,0.0,2024-01-19,1.59,0.0,2023-02-07,1.39,14.39
00-133710,6.29,2025-01-19,5.89,6.79,2024-01-21,5.89,6.79,2022-12-20,5.89,6.79
00-529171,1.09,2023-03-09,1.09,0.0,2023-03-09,1.09,0.0,2018-10-31,0.99,10.1
00-451139,21.99,2025-01-01,21.99,0.0,2023-12-31,22.49,-2.22,2023-01-01,21.99,0.0
00-613330,1.87,2023-12-31,2.49,-24.9,2023-12-31,2.49,-24.9,2023-02-02,1.99,-6.03
00-280972,2.19,2025-01-01,2.19,0.0,2023-12-31,2.19,0.0,2023-01-22,1.95,12.31
00-317506,2.59,2024-12-13,2.49,4.02,2024-01-12,1.99,30.15,2023-02-07,1.89,37.04
00-514780,1.59,2024-05-14,1.49,6.71,,,,,,
00-733628,2.62,2025-01-05,3.49,-24.93,2024-01-12,3.29,-20.36,,,
00-676120,4.19,2024-10-13,4.19,0.0,2023-10-21,4.19,0.0,2022-11-20,4.19,0.0
00-880323,5.99,2025-01-14,5.99,0.0,2023-12-28,5.69,5.27,2022-12-08,4.69,27.72
00-669731,3.99,2025-01-01,3.99,0.0,2023-12-31,3.99,0.0,2023-01-22,3.49,14.33
00-496923,3.39,2025-02-01,3.19,6.27,2024-02-01,3.19,6.27,2023-01-17,2.99,13.38
00-740484,1.49,2024-10-29,1.29,15.5,,,,,,
00-368905,1.94,2025-01-24,2.49,-22.09,2024-01-19,2.59,-25.1,2023-02-07,2.59,-25.1
00-904201,2.99,2024-01-18,3.69,-18.97,2024-01-18,3.69,-18.97,2023-01-12,3.39,-11.8
00-823305,1.29,2024-01-19,0.99,30.3,2024-01-19,0.99,30.3,2023-01-17,0.79,63.29
00-844071,10.99,2025-01-01,10.99,0.0,2023-12-31,10.99,0.0,2023-02-02,8.99,22.25
00-759523,2.85,2025-01-24,2.79,2.15,,,,,,
00-437683,1.69,2025-01-30,1.39,21.58,2024-02-01,1.39,21.58,2023-02-02,1.29,31.01
00-756272,1.15,2024-11-12,1.15,0.0,,,,,,
00-468977,11.99,2025-01-01,11.99,0.0,2023-12-31,10.99,9.1,2023-01-22,10.99,9.1
00-528227,3.29,2024-12-01,3.29,0.0,2023-12-07,3.29,0.0,2022-09-04,3.29,0.0
00-818896,2.79,2025-01-30,1.86,50.0,2024-02-01,1.79,55.87,2023-01-19,2.59,7.72
00-733535,3.39,2024-01-19,3.39,0.0,2024-01-19,3.39,0.0,2022-11-29,3.19,6.27
00-547641,1.69,2025-01-24,1.69,0.0,2023-12-15,1.69,0.0,2023-02-07,1.59,6.29
00-245327,2.49,2025-01-30,2.29,8.73,2024-01-06,2.45,1.63,2023-02-07,2.49,0.0
00-267210,2.79,2025-02-01,2.79,0.0,2024-02-01,2.79,0.0,2023-02-07,2.79,0.0
00-243639,2.39,2025-01-30,2.39,0.0,2024-02-01,2.29,4.37,2023-02-02,2.29,4.37
00-443000,2.59,2025-02-02,2.56,1.17,2024-02-01,1.99,30.15,2023-02-02,1.99,30.15
00-787068,2.99,2024-12-25,2.99,0.0,2023-12-25,2.99,0.0,,,
00-40978,0.85,2025-01-24,0.79,7.59,2024-01-19,0.85,0.0,2023-02-07,0.75,13.33
00-403749,1.87,2025-01-24,2.39,-21.76,2023-11-23,2.39,-21.76,2022-12-25,2.39,-21.76
00-202192,24.99,2025-01-01,24.99,0.0,2024-01-02,23.99,4.17,2023-02-07,19.99,25.01
00-740866,2.99,2025-01-30,4.19,-28.64,,,,,,
00-853411,2.39,2024-12-13,2.39,0.0,2023-12-15,2.29,4.37,2023-02-07,2.09,14.35
00-693768,2.99,2025-02-02,2.99,0.0,2023-11-23,2.89,3.46,2023-01-12,2.99,0.0
00-918501,11.49,2025-01-19,11.49,0.0,2024-01-21,11.49,0.0,2023-02-07,11.29,1.77
00-444993,3.19,2024-12-01,3.19,0.0,2024-01-11,3.19,0.0,2020-11-11,2.49,28.11
00-347669,3.99,2025-01-01,5.99,-33.39,2024-02-01,3.99,0.0,2023-02-02,5.99,-33.39
00-714105,14.9,2025-01-16,19.9,-25.13,,,,,,
00-402776,3.19,2025-01-30,3.19,0.0,2024-02-01,2.12,50.47,2023-01-29,3.19,0.0
00-58229,15.49,2025-01-30,15.99,-3.13,2024-02-01,8.99,72.3,2023-01-19,13.99,10.72
00-418963,2.47,2025-01-30,3.29,-24.92,2024-01-18,3.29,-24.92,2023-01-19,3.19,-22.57
00-852701,2.79,2024-02-25,2.59,7.72,2023-12-27,2.59,7.72,2023-02-07,2.29,21.83
00-863976,1.87,2024-01-12,2.49,-24.9,2024-01-12,2.49,-24.9,2022-12-01,2.29,-18.34
00-597992,1.49,2025-01-24,1.49,0.0,2024-01-19,1.49,0.0,2023-02-07,1.59,-6.29
00-734521,5.19,2025-01-24,4.99,4.01,2024-01-12,4.99,4.01,2022-10-16,4.69,10.66
00-417700,4.99,2025-01-24,4.99,0.0,2024-01-19,5.29,-5.67,2022-12-16,5.29,-5.67
00-706709,1.89,2025-01-24,1.89,0.0,2024-01-19,1.89,0.0,,,
00-659772,3.99,2025-01-30,2.66,50.0,2024-01-18,3.99,0.0,,,
00-408366,5.19,2025-01-19,5.19,0.0,2024-01-21,4.59,13.07,2022-12-19,4.19,23.87
00-702142,13.99,2025-01-01,13.99,0.0,2023-12-31,13.99,0.0,2023-01-01,12.49,12.01
00-720915,2.79,2023-10-01,2.79,0.0,2023-10-01,2.79,0.0,2022-12-07,2.49,12.05
00-413887,10.99,2025-01-19,13.99,-21.44,2024-01-21,12.99,-15.4,2022-12-11,9.99,10.01
00-905410,3.99,2025-01-24,3.89,2.57,2023-12-28,3.89,2.57,2022-12-20,3.19,25.08
00-23555,15.49,2025-01-30,15.99,-3.13,2024-02-01,8.99,72.3,2023-01-19,13.99,10.72
00-23502,1.49,2025-01-01,1.49,0.0,2023-12-31,1.49,0.0,2023-01-26,1.49,0.0
00-721905,1.87,2024-12-13,2.39,-21.76,2023-05-31,1.99,-6.03,,,
00-480200,22.99,2025-01-01,22.99,0.0,2023-12-31,22.99,0.0,,,
00-832008,3.99,2025-01-30,2.66,50.0,2024-01-18,3.99,0.0,2023-01-19,3.79,5.28
00-766646,1.49,2024-12-01,1.29,15.5,2024-01-11,1.29,15.5,2022-12-03,1.19,25.21
00-3643,25.99,2025-01-01,25.99,0.0,2024-01-02,24.99,4.0,2023-01-02,22.99,13.05
00-869808,2.49,2024-02-25,2.29,8.73,2023-12-14,2.29,8.73,2023-02-07,1.99,25.13
00-250385,3.99,2023-07-12,3.99,0.0,2023-07-12,3.99,0.0,,,
00-180141,2.49,2024-11-07,3.49,-28.65,2023-09-14,3.49,-28.65,2022-12-19,3.49,-28.65
00-317621,1.19,2024-12-13,1.19,0.0,2023-12-15,1.19,0.0,2023-02-07,0.99,20.2
00-936054,3.99,2024-09-01,2.99,33.44,2023-12-01,1.94,105.67,,,
00-736219,3.19,2023-12-12,3.19,0.0,2023-12-12,3.19,0.0,,,
00-750434,1.79,2025-01-24,1.79,0.0,,,,,,
00-417684,3.99,2025-02-01,3.79,5.28,2024-01-18,2.59,54.05,2023-02-02,2.19,82.19
00-663972,1.49,2025-01-30,1.99,-25.13,2024-02-01,1.99,-25.13,2023-02-02,2.49,-40.16
00-575148,2.99,2025-01-01,3.29,-9.12,2023-12-31,2.99,0.0,2023-01-22,2.99,0.0
00-261892,2.09,2025-01-05,2.79,-25.09,2024-01-06,2.79,-25.09,2023-02-07,2.69,-22.3
00-424771,3.39,2024-12-01,2.99,13.38,2023-12-07,2.69,26.02,2022-12-19,2.49,36.14
00-615172,4.59,2025-01-24,4.59,0.0,2024-01-12,4.59,0.0,2023-02-07,4.49,2.23
00-506791,1.16,2024-10-26,1.75,-33.71,2024-01-26,1.75,-33.71,2019-01-10,1.59,-27.04
00-635719,1.12,2025-01-24,1.49,-24.83,2024-01-06,1.49,-24.83,2023-02-07,1.49,-24.83
00-791777,3.99,2025-01-30,2.66,50.0,2024-01-18,3.99,0.0,2023-01-29,3.79,5.28
00-410815,1.99,2024-11-07,1.99,0.0,2024-01-11,1.99,0.0,,,
00-764920,2.49,2024-01-10,2.39,4.18,2024-01-10,2.39,4.18,2023-01-04,2.19,13.7
00-16423,3.29,2023-11-30,3.19,3.13,2023-11-30,3.19,3.13,,,
00-870287,2.79,2025-02-01,2.69,3.72,2024-02-01,2.69,3.72,2023-01-17,2.69,3.72
00-747818,4.99,2025-01-24,3.99,25.06,,,,,,
00-727278,3.99,2025-01-24,3.99,0.0,,,,,,
00-352693,0.35,2024-11-07,0.49,-28.57,2022-08-25,0.45,-22.22,2022-08-25,0.45,-22.22
00-862466,1.99,2025-01-01,2.69,-26.02,2023-12-31,2.69,-26.02,2022-12-25,2.59,-23.17
00-261065,4.99,2025-01-30,4.99,0.0,2024-01-19,5.39,-7.42,2023-02-02,5.39,-7.42
00-514823,34.9,2024-09-26,29.9,16.72,2022-11-09,33.9,2.95,2022-11-09,33.9,2.95
00-502492,3.29,2025-01-19,3.19,3.13,2024-01-21,3.19,3.13,2022-12-11,2.89,13.84
00-742471,1.79,2025-01-24,1.79,0.0,,,,,,
00-902653,2.79,2024-12-05,2.49,12.05,2024-01-18,2.49,12.05,2022-12-06,2.39,16.74
00-575094,19.99,2025-01-30,12.99,53.89,2023-11-05,17.99,11.12,2023-01-29,15.99,25.02
00-521905,2.99,2025-01-24,4.29,-30.3,2024-01-19,4.29,-30.3,2023-02-07,4.29,-30.3
00-408880,2.99,2024-09-20,3.19,-6.27,2024-01-16,2.89,3.46,,,
00-927184,4.49,2025-01-01,4.49,0.0,2023-12-31,4.49,0.0,2023-01-22,3.99,12.53
00-857962,6.99,2025-01-30,4.99,40.08,2024-02-01,4.99,40.08,2023-02-02,4.49,55.68
00-415491,2.99,2025-02-02,2.99,0.0,2023-11-23,2.89,3.46,2023-01-12,2.99,0.0
00-448613,2.99,2025-01-24,2.99,0.0,2024-01-19,3.49,-14.33,2023-02-07,3.39,-11.8
00-627860,3.49,2025-01-02,3.49,0.0,2024-01-12,3.19,9.4,2022-11-29,2.69,29.74
00-732923,4.49,2025-01-24,4.49,0.0,2024-02-01,3.99,12.53,,,
00-356496,2.39,2025-01-30,2.19,9.13,2024-01-19,2.19,9.13,2023-01-17,1.79,33.52
00-960514,2.49,2023-11-14,2.39,4.18,2023-11-14,2.39,4.18,2023-01-26,1.99,25.13
00-914583,2.49,2025-01-24,2.49,0.0,2024-01-19,2.49,0.0,2023-02-07,2.49,0.0
00-252620,4.49,2024-02-16,3.37,33.23,2024-01-19,4.49,0.0,2023-02-07,3.99,12.53
00-878183,2.99,2025-01-24,2.79,7.17,2024-01-19,2.79,7.17,2023-01-17,2.69,11.15
00-703482,0.86,2025-01-24,0.99,-13.13,2024-01-19,0.99,-13.13,2023-02-04,0.99,-13.13
00-189043,8.49,2025-01-30,5.99,41.74,2024-01-21,8.29,2.41,2022-10-26,7.49,13.35
00-699066,0.85,2025-02-06,0.85,0.0,2023-06-01,0.99,-14.14,2022-10-20,0.89,-4.49
00-867912,2.19,2025-01-16,1.99,10.05,2024-02-01,1.79,22.35,2023-02-02,1.79,22.35
00-346983,6.99,2025-01-01,7.99,-12.52,2023-12-31,7.99,-12.52,,,
00-743351,10.99,2024-09-01,9.99,10.01,,,,,,
00-439494,2.49,2023-07-10,2.49,0.0,2023-07-10,2.49,0.0,2022-09-13,2.39,4.18
00-608213,2.79,2025-01-30,2.79,0.0,2024-02-01,2.79,0.0,2023-01-26,2.69,3.72
00-810044,6.49,2025-01-01,7.99,-18.77,2023-12-31,7.99,-18.77,2023-01-22,7.99,-18.77
00-418932,3.29,2025-01-30,3.29,0.0,2024-02-01,3.29,0.0,2023-02-02,3.29,0.0
00-700988,5.99,2025-01-24,5.99,0.0,2024-01-19,5.99,0.0,2023-02-04,4.49,33.41
00-618040,2.99,2025-02-02,4.19,-28.64,,,,,,
00-791194,2.49,2023-09-14,3.49,-28.65,2023-09-14,3.49,-28.65,2022-12-19,3.49,-28.65
00-260971,4.29,2024-09-10,3.99,7.52,2023-11-03,3.99,7.52,2023-01-12,4.99,-14.03
00-291107,2.49,2025-01-24,2.39,4.18,2024-02-01,1.79,39.11,2023-01-17,2.39,4.18
00-561678,2.09,2024-12-13,2.59,-19.31,2023-06-29,2.49,-16.06,2022-09-28,2.19,-4.57
00-905413,7.69,2025-01-01,7.69,0.0,2024-01-01,6.99,10.01,2023-02-02,4.99,54.11
00-686773,2.49,2025-01-01,3.49,-28.65,2024-01-31,3.79,-34.3,2023-01-22,3.49,-28.65
00-618535,2.66,2025-01-09,3.99,-33.33,2024-01-19,3.99,-33.33,2023-02-02,3.99,-33.33
00-473558,12.99,2025-01-01,12.99,0.0,2023-12-31,12.99,0.0,,,
00-18090,1.99,2025-01-30,1.49,33.56,2023-05-13,1.89,5.29,2022-11-24,1.59,25.16
00-707250,2.99,2025-01-24,2.89,3.46,2024-02-01,2.49,20.08,2023-01-23,2.79,7.17
00-730688,9.99,2024-11-26,9.99,0.0,2023-12-12,9.99,0.0,,,
00-961654,2.99,2025-01-24,2.99,0.0,2024-01-19,2.99,0.0,2023-01-17,2.49,20.08
00-751335,9.39,2025-01-21,6.99,34.33,,,,,,
00-314409,12.99,2025-01-01,17.99,-27.79,2023-12-31,17.99,-27.79,2023-01-01,15.99,-18.76
00-701533,2.15,2025-01-24,2.15,0.0,2023-12-07,2.15,0.0,2022-11-27,2.15,0.0
00-255102,7.99,2025-01-01,7.99,0.0,2023-12-31,7.49,6.68,2023-01-22,7.49,6.68
00-353062,5.79,2025-01-30,5.79,0.0,2024-02-01,5.79,0.0,2023-01-26,5.39,7.42
00-452802,3.59,2024-01-19,3.59,0.0,2024-01-19,3.59,0.0,2023-02-07,3.49,2.87
00-630325,5.99,2024-12-19,4.99,20.04,2023-12-28,3.79,58.05,2022-12-19,3.29,82.07
00-965565,4.19,2024-02-25,3.89,7.71,2023-12-07,3.89,7.71,2022-11-13,3.49,20.06
00-594410,7.49,2024-08-08,7.49,0.0,2023-06-13,6.99,7.15,2022-12-16,6.49,15.41
00-471501,2.89,2025-02-01,2.89,0.0,2024-02-01,2.89,0.0,2023-02-07,2.89,0.0
00-13239,1.89,2025-02-02,2.59,-27.03,2024-01-18,2.49,-24.1,2023-01-19,2.35,-19.57
00-303195,19.99,2025-01-01,19.99,0.0,2024-01-02,19.99,0.0,,,
00-863692,1.69,2024-11-08,1.69,0.0,2024-01-01,1.89,-10.58,2022-12-25,1.89,-10.58
00-20190,2.79,2025-01-24,2.59,7.72,2024-01-19,2.59,7.72,2023-01-17,2.39,16.74
00-410245,2.19,2025-01-30,1.59,37.74,2024-02-01,1.19,84.03,2023-02-02,1.39,57.55
00-720554,6.79,2024-01-28,6.79,0.0,2024-01-28,6.79,0.0,2022-11-29,6.79,0.0
00-729699,6.29,2025-01-24,4.99,26.05,2024-01-19,4.99,26.05,,,
00-734759,2.49,2024-12-13,2.49,0.0,2023-12-05,2.49,0.0,,,
00-360196,3.99,2025-02-02,4.89,-18.4,2023-12-27,4.89,-18.4,2022-12-07,4.99,-20.04
00-56205,0.79,2025-01-30,1.19,-33.61,2024-02-01,1.19,-33.61,2023-02-02,1.19,-33.61
00-504169,0.89,2025-01-30,1.99,-55.28,2023-12-24,2.39,-62.76,2022-11-24,2.19,-59.36
00-383593,1.79,2024-12-25,1.79,0.0,2023-12-25,1.79,0.0,2022-11-27,1.59,12.58
00-825370,2.99,2025-01-01,2.99,0.0,2023-12-31,3.49,-14.33,2023-01-01,2.89,3.46
00-716298,6.99,2025-02-01,6.99,0.0,2024-01-19,6.79,2.95,,,
00-598284,5.99,2025-01-26,5.99,0.0,2024-01-28,5.99,0.0,,,
00-872269,1.49,2025-01-24,1.99,-25.13,2023-12-07,1.99,-25.13,2023-02-02,2.19,-31.96
00-749010,1.89,2024-08-21,1.89,0.0,,,,,,
00-284856,2.89,2025-01-24,2.89,0.0,2024-01-19,2.69,7.43,,,
00-474030,2.79,2024-12-25,2.99,-6.69,2024-01-12,2.89,-3.46,2022-11-10,2.69,3.72
00-414327,2.59,2025-01-24,2.59,0.0,2024-01-19,2.59,0.0,2023-01-17,2.39,8.37
00-637975,1.39,2025-01-01,1.29,7.75,2023-12-31,1.49,-6.71,2023-01-01,1.19,16.81
00-251110,3.79,2025-01-24,3.79,0.0,2024-01-19,3.79,0.0,2023-01-17,4.99,-24.05
00-723100,3.49,2025-01-24,3.49,0.0,2024-02-01,3.19,9.4,,,
00-311169,1.29,2025-01-24,1.69,-23.67,2024-02-01,1.69,-23.67,2023-02-02,1.59,-18.87
00-720580,1.89,2024-12-01,1.89,0.0,2024-01-11,1.89,0.0,,,
00-474736,7.99,2025-01-01,7.99,0.0,2023-12-31,7.49,6.68,2023-01-22,6.99,14.31
00-462319,7.99,2025-01-01,7.99,0.0,,,,,,
00-756553,3.99,2024-11-22,6.99,-42.92,,,,,,
00-7798,2.69,2025-01-19,2.59,3.86,2024-01-21,2.49,8.03,2022-12-11,1.99,35.18
00-402782,1.49,2025-01-01,1.49,0.0,2023-12-31,1.49,0.0,2023-01-26,1.49,0.0
00-406235,2.69,2025-01-19,2.59,3.86,2024-01-21,2.49,8.03,2022-12-11,1.99,35.18
00-694960,5.49,2025-02-03,5.49,0.0,2024-02-05,4.79,14.61,2023-02-04,3.22,70.5
00-407852,4.99,2025-01-24,4.99,0.0,2023-12-07,4.79,4.18,2022-11-27,3.99,25.06
00-466548,13.49,2025-01-01,13.49,0.0,2023-12-31,13.49,0.0,2023-01-22,12.49,8.01
00-526852,2.99,2024-12-01,2.49,20.08,2023-12-28,2.49,20.08,2022-09-04,2.19,36.53
00-731938,4.0,2025-01-30,3.96,1.01,2024-01-25,4.0,0.0,2023-02-02,4.6,-13.04
00-733142,1.12,2025-01-24,1.49,-24.83,,,,,,
00-426172,3.19,2025-02-02,2.99,6.69,2023-12-27,2.95,8.14,2022-12-12,2.89,10.38
00-695015,3.99,2025-01-24,3.99,0.0,2024-01-19,3.99,0.0,2022-11-09,2.89,38.06
00-747808,2.49,2025-01-16,2.49,0.0,,,,,,
00-244074,2.47,2025-01-24,3.29,-24.92,2024-01-19,3.29,-24.92,2023-01-17,3.19,-22.57
00-602789,2.19,2025-01-01,2.19,0.0,2023-12-31,2.19,0.0,2022-12-13,1.89,15.87
00-664377,2.15,2025-01-24,2.15,0.0,2024-01-19,2.15,0.0,2023-02-02,1.61,33.54
00-320430,16.99,2025-01-01,16.99,0.0,2023-12-31,16.99,0.0,2023-02-02,15.99,6.25
00-718593,1.99,2025-01-24,1.99,0.0,2024-01-19,1.99,0.0,,,
00-426277,0.97,2025-01-30,1.29,-24.81,2023-07-24,1.29,-24.81,2022-11-30,1.19,-18.49
00-750750,1.29,2024-11-19,1.39,-7.19,,,,,,
00-507234,3.99,2024-12-01,2.69,48.33,2024-01-19,2.79,43.01,2023-01-24,2.49,60.24
00-880728,3.79,2025-01-24,3.79,0.0,2024-01-19,3.79,0.0,2023-01-17,3.29,15.2
00-307054,0.89,2024-09-17,0.99,-10.1,2023-04-29,0.85,4.71,2022-12-26,0.89,0.0
00-608497,10.99,2025-01-30,10.99,0.0,2023-11-09,10.99,0.0,2022-10-02,8.49,29.45
00-356524,2.29,2024-12-25,2.29,0.0,2023-12-25,2.29,0.0,2022-11-30,2.29,0.0
00-862454,2.99,2025-01-30,2.79,7.17,2024-02-01,2.49,20.08,2023-02-02,2.39,25.1
00-384002,4.89,2025-01-19,4.69,4.26,2024-01-21,4.69,4.26,2023-02-07,4.49,8.91
00-552805,1.49,2025-01-24,1.49,0.0,2024-01-19,1.49,0.0,2023-02-07,1.29,15.5
00-8089,5.49,2025-01-26,5.29,3.78,2024-01-28,4.99,10.02,2023-01-29,4.49,22.27
00-685898,2.79,2024-10-18,2.49,12.05,2024-01-10,2.89,-3.46,2022-09-29,2.79,0.0
00-710208,3.89,2024-10-26,3.69,5.42,2024-02-01,3.59,8.36,2022-11-27,3.29,18.24
00-425425,2.85,2024-09-20,2.99,-4.68,2023-12-20,2.79,2.15,2023-02-01,2.79,2.15
00-537082,13.99,2024-09-29,13.99,0.0,2023-12-31,12.99,7.7,2023-01-22,10.99,27.3
00-499871,1.79,2025-01-30,1.99,-10.05,2023-09-14,1.68,6.55,2022-10-06,1.69,5.92
00-418901,1.79,2025-01-24,2.19,-18.26,2024-01-19,2.19,-18.26,2023-01-17,1.89,-5.29
00-476198,9.99,2025-01-01,9.99,0.0,2023-12-31,9.99,0.0,2023-01-22,8.99,11.12
00-462021,14.94,2025-01-30,16.74,-10.75,,,,,,
00-292825,3.99,2025-02-04,2.99,33.44,2024-01-06,3.99,0.0,2023-02-07,3.69,8.13
00-321948,8.99,2025-01-01,8.99,0.0,2023-12-31,8.99,0.0,,,
00-672189,3.99,2025-01-01,5.99,-33.39,2023-12-31,4.99,-20.04,2023-01-22,4.99,-20.04
00-966549,3.49,2023-12-11,2.62,33.21,2023-12-11,2.62,33.21,2023-01-17,2.99,16.72
00-243043,1.99,2025-01-24,1.99,0.0,2024-01-28,1.99,0.0,2023-01-17,1.79,11.17
00-622649,3.49,2023-06-21,2.99,16.72,2023-06-21,2.99,16.72,2022-07-14,2.89,20.76
00-734562,2.79,2024-12-13,2.79,0.0,2023-12-19,2.79,0.0,,,
00-728036,5.29,2025-01-24,5.29,0.0,2024-01-19,5.29,0.0,2022-05-25,4.29,23.31
00-801895,7.49,2025-01-30,5.99,25.04,2024-02-01,5.49,36.43,2023-02-02,6.99,7.15
00-718362,5.99,2025-01-30,5.99,0.0,2023-11-05,5.29,13.23,,,
00-19891,2.47,2025-01-30,3.29,-24.92,2024-01-18,3.29,-24.92,2023-01-19,3.19,-22.57
00-929622,2.79,2025-01-30,1.86,50.0,2024-02-01,1.79,55.87,2023-01-19,2.59,7.72
00-727558,4.39,2025-01-19,4.39,0.0,,,,,,
00-684050,17.99,2025-01-30,12.99,38.49,2024-02-01,12.99,38.49,2023-02-02,15.99,12.51
00-319557,1.99,2025-01-24,1.99,0.0,2024-01-19,1.99,0.0,2023-01-17,1.99,0.0
00-735500,3.99,2023-12-19,3.95,1.01,2023-12-19,3.95,1.01,,,
00-513932,2.69,2025-01-24,2.59,3.86,2023-10-21,2.59,3.86,2022-08-21,2.19,22.83
00-570531,11.99,2025-01-05,11.99,0.0,,,,,,
00-456387,8.49,2025-01-01,8.49,0.0,2024-01-31,8.49,0.0,2023-01-26,5.99,41.74
00-747816,4.99,2025-01-24,3.99,25.06,,,,,,
00-734924,3.99,2025-01-24,3.99,0.0,,,,,,
00-839587,2.19,2025-01-24,1.89,15.87,2024-01-19,0.99,121.21,2023-01-17,0.99,121.21
00-716899,12.99,2025-01-24,12.99,0.0,2023-12-13,12.99,0.0,,,
00-700012,3.79,2024-01-12,3.79,0.0,2024-01-12,3.79,0.0,2022-11-12,3.79,0.0
00-83946,2.19,2025-01-24,2.19,0.0,2023-12-27,2.19,0.0,2022-12-19,2.15,1.86
00-746119,3.49,2025-02-06,3.49,0.0,,,,,,
00-769175,11.49,2025-02-06,10.89,5.51,2024-02-01,8.79,30.72,2023-01-26,9.99,15.02
00-722462,2.79,2024-11-07,2.79,0.0,2024-02-01,1.99,40.2,,,
00-354761,17.99,2025-01-30,14.99,20.01,2024-02-01,17.99,0.0,2023-02-02,17.99,0.0
00-725562,1.99,2025-01-24,1.99,0.0,2024-01-19,1.99,0.0,,,
00-409444,5.99,2025-01-02,5.99,0.0,2024-01-15,5.59,7.16,2022-07-14,4.99,20.04
00-22827,4.99,2025-01-30,3.49,42.98,2024-02-01,3.69,35.23,2023-02-04,2.99,66.89
00-2747,1.99,2025-01-02,2.99,-33.44,2024-01-15,2.79,-28.67,2023-01-02,2.49,-20.08
00-472693,4.99,2025-01-01,4.99,0.0,2024-02-01,6.99,-28.61,2023-02-02,6.49,-23.11
00-898943,3.79,2024-12-24,3.79,0.0,2023-12-07,2.99,26.76,2022-11-30,2.99,26.76
00-584745,1.99,2025-01-24,1.99,0.0,2023-12-25,1.49,33.56,2022-11-16,1.39,43.17
00-634278,16.99,2024-12-01,11.99,41.7,2023-12-24,11.99,41.7,,,
00-444425,2.49,2025-01-26,2.99,-16.72,2024-01-28,3.49,-28.65,,,
00-386786,1.59,2024-12-25,1.59,0.0,2023-12-25,1.59,0.0,2023-01-29,1.49,6.71
00-313,1.49,2025-01-30,0.99,50.51,2024-02-01,0.99,50.51,2023-02-02,0.89,67.42
00-928601,2.19,2024-01-28,2.19,0.0,2024-01-28,2.19,0.0,2022-12-15,1.69,29.59
00-759863,4.49,2025-01-24,4.49,0.0,,,,,,
00-728590,0.99,2025-01-24,0.99,0.0,2024-01-19,0.99,0.0,,,
00-420861,2.99,2025-01-24,2.99,0.0,2023-08-09,2.99,0.0,2022-12-07,2.39,25.1
00-483266,8.49,2025-01-01,8.49,0.0,2023-12-31,8.49,0.0,,,
00-289357,3.69,2024-11-04,2.69,37.17,2023-03-30,3.59,2.79,2022-04-14,3.19,15.67
00-734747,2.39,2024-10-31,2.19,9.13,2023-12-27,2.19,9.13,2022-10-27,1.32,81.06
00-650082,1.87,2025-01-24,2.39,-21.76,2024-01-19,2.59,-27.8,2023-02-07,2.59,-27.8
00-523984,9.99,2025-01-30,8.99,11.12,2024-02-01,7.99,25.03,2023-01-22,9.99,0.0
00-5388,2.89,2025-01-24,2.89,0.0,2024-01-19,2.89,0.0,2023-01-17,2.79,3.58
00-724103,5.49,2024-10-10,5.49,0.0,2023-10-12,5.49,0.0,,,
00-462151,6.49,2025-01-01,6.49,0.0,2023-12-31,6.49,0.0,2023-01-22,5.99,8.35
00-491896,1.49,2025-01-24,1.79,-16.76,2023-12-24,1.89,-21.16,2022-12-07,1.49,0.0
00-503465,6.99,2024-10-13,6.99,0.0,2023-10-21,6.99,0.0,2022-11-20,6.99,0.0
00-654570,5.99,2025-01-24,5.69,5.27,2024-01-10,5.29,13.23,2023-01-22,4.59,30.5
00-402759,3.19,2025-01-30,3.19,0.0,2024-02-01,2.12,50.47,2023-01-29,3.19,0.0
00-890605,2.69,2025-01-24,3.59,-25.07,2024-01-12,3.59,-25.07,2022-11-24,3.29,-18.24
00-337393,3.99,2025-01-24,3.99,0.0,2024-01-19,3.89,2.57,,,
00-339710,4.89,2025-01-19,4.69,4.26,2024-01-21,4.69,4.26,2023-02-07,4.49,8.91
00-401331,4.99,2025-01-30,4.29,16.32,2024-02-01,2.99,66.89,2023-02-02,3.89,28.28
00-41123,1.85,2025-01-24,1.85,0.0,2024-01-19,1.85,0.0,2023-02-07,1.79,3.35
00-415589,2.49,2025-01-24,2.49,0.0,2023-12-07,2.49,0.0,2022-11-27,2.29,8.73
00-728346,0.99,2025-01-24,0.99,0.0,2024-01-19,0.99,0.0,,,
00-743586,8.99,2024-11-28,8.99,0.0,2023-12-27,8.49,5.89,2022-12-01,7.69,16.91
00-707284,8.52,2025-01-01,8.52,0.0,,,,,,
00-720690,14.94,2025-01-30,20.94,-28.65,,,,,,
00-289554,3.29,2024-12-25,3.29,0.0,2024-01-12,3.49,-5.73,2023-01-12,3.49,-5.73
00-750189,3.19,2024-06-04,3.49,-8.6,,,,,,
00-768158,2.99,2025-01-24,2.99,0.0,,,,,,
00-528704,2.69,2025-01-30,1.89,42.33,2024-02-01,1.89,42.33,2023-02-02,1.79,50.28
00-278597,5.49,2025-01-24,5.49,0.0,2024-01-19,5.49,0.0,2023-02-07,4.99,10.02
00-720664,0.79,2025-02-06,0.79,0.0,2023-03-02,0.85,-7.06,2023-01-12,0.99,-20.2
00-249338,2.49,2025-01-01,2.49,0.0,,,,,,
00-1522,3.99,2025-01-02,4.29,-6.99,2023-12-07,2.49,60.24,2022-11-27,2.09,90.91
00-740438,4.99,2025-01-26,4.99,0.0,,,,,,
00-754235,1.89,2025-01-24,1.89,0.0,,,,,,
00-598186,3.49,2025-01-16,3.39,2.95,2024-02-01,3.39,2.95,2022-12-19,2.99,16.72
00-706437,2.99,2025-01-05,2.79,7.17,2024-01-06,2.39,25.1,2023-02-07,2.39,25.1
00-701427,2.99,2025-01-19,3.69,-18.97,2024-01-21,3.69,-18.97,2023-02-07,3.29,-9.12
00-283605,2.39,2024-10-31,2.19,9.13,2023-12-27,2.19,9.13,2022-10-27,1.32,81.06
00-56207,0.79,2025-01-30,1.19,-33.61,2024-02-01,1.19,-33.61,2023-02-02,1.19,-33.61
00-421904,1.99,2024-12-01,1.89,5.29,2024-01-12,1.89,5.29,2022-11-27,1.59,25.16
00-384576,3.99,2025-01-16,3.99,0.0,2023-12-31,2.99,33.44,2023-01-22,2.9925,33.33
00-337643,3.29,2025-01-24,3.29,0.0,2024-01-19,2.99,10.03,,,
00-769115,3.79,2025-01-16,3.69,2.71,2024-01-18,3.49,8.6,2023-01-19,3.19,18.81
00-349818,1.89,2023-06-12,1.89,0.0,2023-06-12,1.89,0.0,2022-11-29,1.79,5.59
00-630657,15.29,2025-01-01,14.69,4.08,2023-12-31,14.69,4.08,2023-01-01,13.49,13.34
00-681710,1.99,2025-01-24,1.99,0.0,2024-01-19,1.99,0.0,2023-01-19,1.49,33.56
00-903362,4.99,2025-01-26,4.99,0.0,2024-01-28,4.99,0.0,2023-01-17,4.99,0.0
00-531135,2.59,2025-01-24,2.49,4.02,2024-01-19,2.49,4.02,,,
00-511872,2.49,2024-12-08,1.49,67.11,2024-01-18,2.79,-10.75,2022-01-09,1.89,31.75
00-900143,2.59,2025-01-24,2.59,0.0,2024-01-19,2.59,0.0,2023-01-17,2.59,0.0
00-522464,2.49,2025-01-24,2.49,0.0,2024-01-19,2.59,-3.86,2022-11-06,2.19,13.7
00-242604,0.75,2025-01-24,0.75,0.0,2023-09-28,0.75,0.0,2022-11-10,0.72,4.17
00-560999,3.99,2025-01-30,3.99,0.0,2024-02-01,3.99,0.0,2023-02-02,3.99,0.0
00-54321,0.84,2025-01-24,0.84,0.0,2024-01-19,0.84,0.0,2023-01-17,0.89,-5.62
00-432391,3.99,2025-01-30,2.66,50.0,2024-01-18,3.99,0.0,2023-01-29,3.79,5.28
00-464635,9.99,2025-01-01,9.99,0.0,2023-12-31,9.99,0.0,2023-02-04,9.39,6.39
00-514757,2.99,2025-01-30,2.99,0.0,2024-01-18,2.49,20.08,,,
00-89825,2.79,2024-12-17,2.99,-6.69,2024-01-06,2.79,0.0,,,
00-718189,2.39,2025-01-24,2.29,4.37,2024-01-19,1.97,21.32,,,
00-176040,3.39,2024-01-18,3.39,0.0,2024-01-18,3.39,0.0,2022-09-22,2.69,26.02
00-648894,2.49,2024-09-26,2.49,0.0,2023-10-30,1.99,25.13,2022-10-27,1.59,56.6
00-346427,1.79,2024-08-27,1.99,-10.05,2024-01-30,2.79,-35.84,2023-02-04,2.99,-40.13
00-722516,2.49,2024-12-13,2.49,0.0,2023-06-14,2.49,0.0,,,
00-735559,2.69,2024-12-13,2.69,0.0,,,,,,
00-410942,3.99,2025-01-30,3.99,0.0,2024-02-01,3.99,0.0,2023-02-02,3.99,0.0
00-438151,19.8,2025-01-01,23.8,-16.81,,,,,,
00-452747,3.49,2024-12-27,3.49,0.0,2023-12-07,2.99,16.72,2023-01-27,2.69,29.74
00-601151,2.49,2025-01-16,1.99,25.13,2024-02-01,1.99,25.13,2023-02-02,1.79,39.11
00-574901,2.99,2025-01-30,2.99,0.0,2024-02-01,2.79,7.17,,,
00-374651,1.19,2025-02-06,1.29,-7.75,2023-03-02,1.69,-29.59,2023-01-19,1.79,-33.52
00-418042,4.49,2024-10-13,4.49,0.0,2024-01-12,4.49,0.0,2023-01-26,4.49,0.0
00-388924,2.99,2025-01-30,2.99,0.0,2024-01-19,2.99,0.0,2023-01-19,2.79,7.17
00-614518,1.99,2025-01-30,1.99,0.0,2024-02-01,1.99,0.0,2022-10-13,1.79,11.17
00-679418,2.99,2024-12-01,2.79,7.17,2024-01-12,2.29,30.57,2022-12-01,2.19,36.53
00-452299,5.69,2024-12-01,4.99,14.03,2023-12-07,4.29,32.63,2022-12-19,4.19,35.8
00-719359,19.74,2025-02-01,19.74,0.0,,,,,,
00-755236,2.49,2024-12-03,2.69,-7.43,,,,,,
00-957021,2.99,2024-11-19,2.99,0.0,,,,,,
00-968208,26.99,2025-01-30,16.99,58.86,2024-01-21,20.99,28.59,2022-12-27,17.99,50.03
00-436134,3.29,2025-01-30,3.29,0.0,2024-02-01,3.29,0.0,2023-02-02,3.29,0.0
00-480249,3.99,2025-01-24,3.99,0.0,2023-07-24,4.19,-4.77,2023-01-19,3.89,2.57
00-905411,3.99,2025-01-24,3.89,2.57,2023-12-28,3.89,2.57,2022-12-20,3.19,25.08
00-927236,3.99,2024-11-28,7.29,-45.27,2024-01-29,7.19,-44.51,2023-01-29,6.99,-42.92
00-501627,8.99,2025-01-01,8.99,0.0,2024-01-18,8.99,0.0,2023-01-19,7.99,12.52
00-612530,4.49,2024-12-01,4.29,4.66,2023-12-07,4.29,4.66,,,
00-568133,6.99,2024-11-17,6.99,0.0,,,,,,
00-721837,2.69,2025-01-30,2.69,0.0,2024-02-01,2.49,8.03,,,
00-57630,1.99,2025-01-24,1.99,0.0,2024-01-12,1.89,5.29,2023-01-19,1.69,17.75
00-870559,1.99,2025-01-30,1.99,0.0,2024-02-01,1.99,0.0,2022-10-02,1.39,43.17
00-768872,5.99,2025-02-04,5.99,0.0,,,,,,
00-722246,2.99,2025-01-01,2.99,0.0,,,,,,
00-877747,2.15,2025-01-30,1.99,8.04,2024-01-19,2.29,-6.11,2023-02-07,2.25,-4.44
00-768018,10.99,2025-01-24,10.99,0.0,,,,,,
00-713172,1.99,2024-02-25,1.89,5.29,2023-11-12,1.89,5.29,2022-11-09,1.99,0.0
00-890542,3.39,2024-12-19,3.39,0.0,2023-12-07,3.19,6.27,2022-11-13,2.99,13.38
00-529120,3.99,2025-01-24,3.99,0.0,2023-11-05,3.99,0.0,2023-01-29,3.99,0.0
00-15154,2.29,2025-01-24,2.99,-23.41,2024-01-19,2.99,-23.41,2023-01-17,2.69,-14.87
00-403871,2.49,2023-08-22,2.19,13.7,2023-08-22,2.19,13.7,2022-11-30,2.69,-7.43
00-967525,7.99,2025-01-30,5.99,33.39,2024-02-01,5.49,45.54,2022-12-25,6.49,23.11
00-22997,3.99,2025-01-14,3.99,0.0,2023-04-06,3.19,25.08,2023-01-10,2.99,33.44
00-289864,2.19,2025-01-24,2.19,0.0,2023-12-15,2.19,0.0,2023-02-07,1.89,15.87
00-708815,2.99,2025-02-02,2.99,0.0,2023-11-23,2.89,3.46,2023-01-12,2.99,0.0
00-461739,7.99,2025-01-01,7.99,0.0,2023-12-31,7.99,0.0,,,
00-181214,5.99,2025-01-02,5.99,0.0,2024-01-15,5.59,7.16,2022-07-14,4.99,20.04
00-134716,6.74,2023-09-27,8.69,-22.44,2023-09-27,8.69,-22.44,2019-09-05,6.99,-3.58
00-864479,4.49,2025-01-24,4.49,0.0,2024-01-19,4.49,0.0,2023-02-04,3.37,33.23
00-481853,7.49,2025-01-24,7.49,0.0,2022-04-22,7.49,0.0,2022-04-22,7.49,0.0
00-763661,2.39,2024-12-17,2.39,0.0,,,,,,
00-819270,29.99,2025-01-30,23.99,25.01,2024-01-21,21.99,36.38,2023-02-02,14.99,100.07
00-724605,1.99,2024-12-19,1.99,0.0,2023-12-07,1.99,0.0,2022-12-07,1.79,11.17
00-82902,5.49,2025-01-26,5.29,3.78,2024-01-28,4.99,10.02,2023-01-29,4.49,22.27
00-4896,2.99,2025-01-02,2.99,0.0,2022-12-19,2.79,7.17,2022-12-19,2.79,7.17
00-717964,6.99,2024-11-17,6.99,0.0,2023-12-27,7.29,-4.12,2023-01-29,6.99,0.0
00-443654,3.29,2025-01-24,3.29,0.0,2024-02-01,3.29,0.0,2023-02-07,2.99,10.03
00-54334,4.99,2025-01-30,4.99,0.0,2024-02-01,4.79,4.18,2023-01-19,4.29,16.32
00-292249,2.29,2025-02-02,2.29,0.0,2024-02-01,2.29,0.0,2023-02-07,2.19,4.57
00-478840,3.99,2024-12-05,3.99,0.0,2024-02-01,3.69,8.13,2022-10-20,3.99,0.0
00-299050,4.49,2023-12-07,3.99,12.53,2023-12-07,3.99,12.53,2022-11-10,3.49,28.65
00-57624,1.49,2025-01-24,1.89,-21.16,2024-01-19,1.89,-21.16,2023-02-06,1.49,0.0
00-932433,2.99,2024-12-26,2.99,0.0,2023-07-13,2.69,11.15,2022-12-25,2.19,36.53
00-730693,9.99,2024-11-17,9.99,0.0,2023-12-12,9.99,0.0,,,
00-580134,24.49,2025-01-01,22.99,6.52,2023-12-31,22.99,6.52,2023-01-01,21.19,15.57
00-432908,2.49,2025-01-24,2.49,0.0,2024-02-01,2.49,0.0,2023-02-02,2.29,8.73
00-769749,1.99,2025-01-30,1.99,0.0,,,,,,
00-775383,2.02,2025-01-30,3.69,-45.26,2024-01-18,3.69,-45.26,2023-01-19,3.69,-45.26
00-723495,2.65,2024-10-24,2.65,0.0,2024-01-02,2.59,2.32,,,
00-365757,7.99,2025-01-01,7.99,0.0,2023-12-31,7.99,0.0,2023-01-22,7.99,0.0
00-371123,1.69,2025-01-24,1.69,0.0,2024-01-19,2.29,-26.2,,,
00-428240,3.99,2024-02-16,2.99,33.44,2024-01-19,3.99,0.0,2023-02-07,3.99,0.0
00-391300,1.66,2025-01-30,2.49,-33.33,2024-02-01,2.49,-33.33,2023-02-02,1.79,-7.26
00-506794,3.99,2025-01-24,3.99,0.0,2024-01-19,3.99,0.0,,,
00-345102,0.79,2025-01-30,1.19,-33.61,2024-02-01,1.19,-33.61,2023-02-04,1.19,-33.61
00-692039,1.99,2025-01-26,1.99,0.0,2024-01-28,1.99,0.0,2022-10-13,1.99,0.0
00-739211,7.99,2025-01-24,6.99,14.31,,,,,,
00-317609,1.79,2025-01-24,1.79,0.0,2024-01-19,2.19,-18.26,2023-02-07,1.99,-10.05
00-3502,19.99,2025-01-01,19.99,0.0,2024-01-02,19.99,0.0,2023-02-04,17.99,11.12
00-727669,2.99,2025-01-01,3.49,-14.33,2024-01-21,3.49,-14.33,,,
00-426155,3.29,2024-11-14,2.79,17.92,2023-11-03,1.79,83.8,2022-12-23,1.49,120.81
00-885548,4.19,2024-12-19,3.99,5.01,2023-12-24,3.99,5.01,2023-02-02,2.66,57.52
00-417999,2.79,2024-12-01,2.49,12.05,2023-12-26,2.49,12.05,,,
00-404191,2.09,2025-01-30,1.99,5.03,2024-02-01,1.89,10.58,2023-01-19,1.59,31.45
00-244517,10.59,2025-01-19,10.59,0.0,2024-01-21,10.59,0.0,2023-01-26,10.19,3.93
00-427222,0.99,2024-11-28,0.99,0.0,2024-02-02,0.69,43.48,2022-12-25,0.99,0.0
00-469800,10.99,2025-01-01,10.99,0.0,2023-12-31,10.99,0.0,2023-02-01,10.99,0.0
00-756822,2.99,2025-01-16,2.99,0.0,,,,,,
00-462682,4.99,2024-12-25,4.99,0.0,2023-12-25,4.99,0.0,2023-01-29,3.99,25.06
00-473235,9.99,2025-01-01,9.99,0.0,2023-12-31,9.99,0.0,2023-02-07,8.99,11.12
00-616875,12.99,2025-01-01,12.99,0.0,2023-12-31,13.99,-7.15,2022-10-30,11.99,8.34
00-420964,3.79,2024-02-25,3.79,0.0,2023-12-27,3.79,0.0,2022-11-13,3.29,15.2
00-573864,5.49,2025-01-16,6.99,-21.46,,,,,,
00-738460,1.09,2025-01-05,1.09,0.0,,,,,,
00-54308,1.29,2024-11-21,1.19,8.4,2022-10-13,1.19,8.4,2022-10-13,1.19,8.4
00-859240,2.12,2025-01-16,3.49,-39.26,2024-01-18,2.99,-29.1,2023-02-02,1.49,42.28
00-9712,1.49,2025-01-24,1.79,-16.76,2024-01-19,1.89,-21.16,2023-01-17,1.49,0.0
00-747246,2.39,2024-12-13,2.39,0.0,2024-01-12,2.29,4.37,2023-02-07,2.09,14.35
00-303086,4.49,2025-01-24,3.99,12.53,2023-12-07,3.69,21.68,,,
00-621940,18.99,2025-01-02,18.99,0.0,2024-01-02,17.99,5.56,2023-01-01,15.99,18.76
00-71113,5.49,2025-01-01,5.49,0.0,2023-12-31,5.49,0.0,2023-01-22,5.49,0.0
00-447748,3.69,2024-11-21,3.69,0.0,2024-01-18,3.49,5.73,2023-02-02,3.49,5.73
00-337654,1.99,2025-01-24,1.99,0.0,2024-01-19,1.99,0.0,,,
00-705770,3.79,2024-12-25,3.59,5.57,,,,,,
00-772348,2.89,2025-01-24,2.79,3.58,2024-01-02,2.79,3.58,2023-02-04,2.29,26.2
00-733141,1.12,2024-12-25,1.49,-24.83,,,,,,
00-878181,2.02,2025-01-30,3.69,-45.26,2024-01-18,3.69,-45.26,2023-01-19,3.69,-45.26
00-730176,2.49,2024-01-02,2.49,0.0,2024-01-02,2.49,0.0,,,
00-626067,2.49,2025-02-02,2.49,0.0,2023-12-24,2.49,0.0,2022-12-01,1.99,25.13
00-10143,3.99,2024-12-18,4.69,-14.93,2024-01-04,2.99,33.44,2023-01-19,2.49,60.24
00-341643,5.99,2025-01-01,5.99,0.0,2023-12-31,5.99,0.0,2023-02-04,5.99,0.0
00-477851,7.99,2025-01-21,6.99,14.31,,,,,,
00-654328,4.99,2025-01-30,3.13,59.42,2024-02-01,2.86,74.48,2023-02-02,2.66,87.59
00-498661,2.49,2024-03-21,2.49,0.0,2023-12-27,2.29,8.73,2022-11-09,1.79,39.11
00-461159,25.99,2025-01-01,25.99,0.0,2023-12-31,25.99,0.0,2023-01-25,24.99,4.0
00-525779,2.99,2025-02-02,2.99,0.0,2023-11-23,2.89,3.46,2022-11-24,2.99,0.0
00-692877,7.49,2025-01-30,5.99,25.04,2024-02-01,5.49,36.43,2023-02-02,6.99,7.15
00-906851,1.69,2025-01-30,1.39,21.58,2024-02-01,1.39,21.58,2023-02-02,1.29,31.01
00-731854,4.99,2025-01-26,4.79,4.18,2024-02-01,4.79,4.18,,,
00-776981,3.59,2025-01-24,3.59,0.0,2024-01-11,3.59,0.0,2023-01-19,3.39,5.9
00-317754,4.49,2025-01-24,3.49,28.65,2024-01-19,2.79,60.93,2023-02-07,2.49,80.32
00-774966,1.99,2025-01-24,1.69,17.75,2024-01-19,1.59,25.16,2023-02-07,1.49,33.56
00-430604,1.49,2025-01-01,1.49,0.0,2023-12-31,1.49,0.0,2023-01-26,1.49,0.0
00-403118,1.99,2024-12-01,1.99,0.0,2024-01-12,1.89,5.29,2023-01-01,1.79,11.17
00-409279,2.99,2022-06-01,2.19,36.53,2022-06-01,2.19,36.53,2022-06-01,2.19,36.53
00-432459,3.99,2025-02-02,3.99,0.0,2023-12-25,3.99,0.0,,,
00-266853,3.99,2025-01-30,2.53,57.71,2024-02-01,2.39,66.95,2022-11-26,3.39,17.7
00-643082,1.29,2024-01-06,1.59,-18.87,2024-01-06,1.59,-18.87,2023-02-04,1.19,8.4
00-474927,14.99,2025-01-01,14.99,0.0,2023-12-31,14.99,0.0,2023-02-07,14.29,4.9
00-652760,1.69,2025-01-24,1.69,0.0,2024-01-19,1.69,0.0,2023-01-17,1.69,0.0
00-452712,9.99,2025-01-01,9.99,0.0,2023-12-31,9.99,0.0,2023-02-04,7.49,33.38
00-272000,9.49,2025-02-02,8.99,5.56,2023-10-25,7.99,18.77,2022-12-15,7.99,18.77
00-400386,3.99,2025-01-24,3.99,0.0,2024-01-19,3.99,0.0,2022-10-05,3.59,11.14
00-839007,4.89,2025-01-19,4.69,4.26,2024-01-21,4.69,4.26,2023-02-07,4.49,8.91
00-935638,1.16,2025-01-16,1.59,-27.04,2024-01-26,1.75,-33.71,2022-12-08,1.25,-7.2
00-744183,3.59,2025-01-26,3.59,0.0,2024-01-28,3.49,2.87,2023-02-04,3.49,2.87
00-579764,19.74,2025-02-01,19.74,0.0,,,,,,
00-705317,2.99,2025-01-21,3.49,-14.33,,,,,,
00-739199,2.58,2025-01-24,2.58,0.0,,,,,,
00-432274,1.49,2025-01-30,1.49,0.0,2024-01-18,1.49,0.0,2023-02-02,1.55,-3.87
00-702650,4.99,2025-01-26,4.99,0.0,2024-02-01,4.79,4.18,2022-10-27,4.49,11.14
00-426381,2.69,2024-12-05,2.69,0.0,2024-01-02,2.69,0.0,2023-02-02,2.49,8.03
00-22476,2.19,2025-01-01,1.99,10.05,2024-01-02,1.79,22.35,2023-02-02,1.65,32.73
00-840116,3.99,2025-01-24,3.69,8.13,2024-01-19,3.69,8.13,2023-01-17,2.99,33.44
00-418971,2.02,2025-01-31,3.69,-45.26,2024-01-18,3.69,-45.26,2023-01-19,3.69,-45.26
00-738378,1.65,2024-10-22,3.69,-55.28,,,,,,
00-388559,1.99,2025-01-24,1.99,0.0,2024-01-19,1.99,0.0,2023-01-17,2.19,-9.13
00-107282,1.87,2025-01-01,2.49,-24.9,2023-12-31,2.49,-24.9,2023-02-02,1.99,-6.03
00-648699,2.99,2022-11-02,2.99,0.0,2022-11-02,2.99,0.0,2022-11-02,2.99,0.0
00-769747,1.99,2025-01-30,1.99,0.0,,,,,,
00-583022,2.79,2025-01-24,2.79,0.0,2024-01-19,2.79,0.0,2023-02-07,2.39,16.74
00-609806,2.29,2024-08-29,2.99,-23.41,2023-10-01,2.99,-23.41,2022-09-22,2.69,-14.87
00-627900,4.99,2024-01-19,4.99,0.0,2024-01-19,4.99,0.0,2023-01-17,4.49,11.14
00-325237,3.99,2025-01-24,3.99,0.0,2024-01-19,3.69,8.13,2023-01-20,3.49,14.33
00-718688,1.29,2025-01-24,1.49,-13.42,2024-01-19,1.49,-13.42,,,
00-303156,2.89,2024-01-12,2.59,11.58,2024-01-12,2.59,11.58,2022-11-29,2.39,20.92
00-719260,4.99,2024-10-10,4.99,0.0,2023-10-12,4.99,0.0,,,
00-847267,4.99,2025-01-30,4.29,16.32,2024-02-01,2.99,66.89,2023-02-02,3.89,28.28
00-582349,29.99,2025-01-30,23.99,25.01,,,,,,
00-274378,19.99,2025-01-01,19.99,0.0,2024-01-25,22.49,-11.12,2023-01-22,20.99,-4.76
00-890961,3.89,2025-01-24,3.89,0.0,2023-12-15,3.49,11.46,2023-02-07,2.99,30.1
00-624541,1.19,2025-01-24,1.19,0.0,2024-01-19,1.19,0.0,2023-02-07,1.19,0.0
00-715321,3.99,2025-01-24,3.69,8.13,2024-01-11,3.69,8.13,2022-12-20,3.19,25.08
00-426256,2.59,2024-12-19,2.59,0.0,2023-08-31,1.59,62.89,2023-01-30,2.49,4.02
00-704780,3.69,2025-01-09,3.79,-2.64,2024-01-11,3.89,-5.14,2022-12-08,3.49,5.73
00-408018,2.79,2024-09-12,2.69,3.72,2024-01-03,2.59,7.72,2022-11-17,2.49,12.05
00-424163,3.99,2025-01-30,3.99,0.0,2024-01-28,3.99,0.0,2023-01-29,3.49,14.33
00-383963,1.39,2024-11-21,1.39,0.0,2024-01-25,1.39,0.0,2023-02-02,1.09,27.52
00-823792,2.79,2024-11-07,3.69,-24.39,2023-10-21,3.69,-24.39,2023-02-02,2.49,12.05
00-565323,1.99,2025-01-26,1.69,17.75,2024-01-28,1.69,17.75,2023-01-29,1.59,25.16
00-672236,11.49,2025-01-23,10.99,4.55,2023-12-07,10.69,7.48,2023-02-02,7.69,49.41
00-501771,1.49,2025-01-30,1.49,0.0,2024-01-18,1.49,0.0,2023-02-02,1.55,-3.87
00-552019,2.49,2025-01-24,2.49,0.0,2024-01-19,2.49,0.0,2023-01-17,1.99,25.13
00-266580,2.79,2024-11-29,3.69,-24.39,2023-10-21,1.74,60.34,2023-02-02,2.49,12.05
00-429996,2.85,2024-09-20,2.99,-4.68,2023-12-20,2.79,2.15,2023-02-01,2.79,2.15
00-317563,1.19,2025-01-24,1.19,0.0,2024-01-19,1.19,0.0,2023-02-07,0.99,20.2
00-732679,3.99,2025-01-24,3.99,0.0,2024-01-19,3.99,0.0,,,
00-749981,1.99,2025-01-30,1.99,0.0,,,,,,
00-4393,2.99,2025-01-24,2.79,7.17,2024-01-19,2.59,15.44,2023-01-17,1.99,50.25
00-718798,3.49,2025-02-06,3.49,0.0,2023-11-05,4.69,-25.59,,,
00-6621,58.99,2025-01-01,58.99,0.0,2024-02-01,56.99,3.51,2023-01-02,53.99,9.26
00-505021,7.79,2024-10-13,7.79,0.0,2023-10-21,7.79,0.0,2022-11-30,7.79,0.0
00-401071,6.49,2024-12-01,6.29,3.18,2023-12-28,5.29,22.68,2022-11-27,5.19,25.05
00-410307,4.19,2025-01-24,4.19,0.0,2024-02-01,3.99,5.01,,,
00-522420,8.64,2024-12-05,8.4,2.86,,,,,,
00-596413,4.29,2024-12-02,3.79,13.19,2024-01-12,3.29,30.4,2022-11-27,2.99,43.48
00-714168,1.89,2025-01-24,1.89,0.0,2024-01-19,1.99,-5.03,,,
00-909740,3.99,2025-01-24,3.99,0.0,2024-01-19,3.99,0.0,2023-01-29,3.99,0.0
00-446499,7.99,2024-12-25,7.99,0.0,2023-12-25,7.99,0.0,,,
00-879872,3.49,2025-01-24,3.49,0.0,2024-01-19,3.49,0.0,2023-01-17,3.45,1.16
00-659500,4.99,2025-01-30,4.99,0.0,2024-02-01,4.79,4.18,2023-01-19,4.29,16.32
00-763167,3.19,2025-01-21,2.99,6.69,,,,,,
00-723171,3.99,2024-01-19,3.99,0.0,2024-01-19,3.99,0.0,,,
00-676207,1.86,2025-01-20,2.79,-33.33,2024-02-01,1.72,8.14,2023-02-02,1.72,8.14
00-410033,1.69,2023-05-13,2.49,-32.13,2023-05-13,2.49,-32.13,2022-11-29,2.29,-26.2
00-657285,3.99,2024-02-25,3.99,0.0,2023-12-27,3.99,0.0,2022-11-13,3.79,5.28
00-408367,3.99,2025-01-30,2.66,50.0,2024-01-18,3.99,0.0,2023-01-29,3.79,5.28
00-890768,2.99,2025-01-24,2.99,0.0,2023-11-05,2.99,0.0,2023-01-29,2.99,0.0
00-271318,1.99,2024-10-26,1.99,0.0,2024-02-01,2.29,-13.1,2022-11-29,2.19,-9.13
00-17772,2.15,2024-12-01,2.15,0.0,2024-01-12,1.95,10.26,2022-11-27,1.95,10.26
00-764928,2.29,2024-08-14,1.99,15.08,2023-06-21,2.19,4.57,2022-12-08,1.99,15.08
00-414883,1.99,2025-01-05,1.99,0.0,2024-01-06,1.99,0.0,,,
00-892452,4.99,2025-01-19,4.89,2.04,2024-01-21,4.89,2.04,2022-12-11,4.69,6.4
00-959530,3.39,2025-01-02,3.39,0.0,2024-01-12,3.19,6.27,2022-09-04,2.59,30.89
00-777764,5.49,2025-01-10,5.49,0.0,2024-02-01,3.99,37.59,2023-02-02,5.49,0.0
00-373286,1.99,2025-01-30,1.79,11.17,2023-11-16,1.79,11.17,,,
00-439492,3.29,2025-01-26,3.29,0.0,2024-01-28,3.29,0.0,2022-11-30,3.19,3.13
00-353928,5.79,2025-01-30,5.79,0.0,2024-02-01,5.79,0.0,2023-01-26,5.39,7.42
00-719928,2.02,2025-01-30,3.69,-45.26,2024-01-18,3.69,-45.26,,,
00-785276,3.89,2025-01-24,3.89,0.0,2024-01-19,3.99,-2.51,2023-01-17,3.59,8.36
00-742527,1.99,2025-02-02,2.89,-31.14,2023-12-27,2.89,-31.14,2022-12-12,2.99,-33.44
00-500828,1.99,2025-01-24,1.99,0.0,2024-01-19,1.99,0.0,2023-02-07,1.99,0.0
00-929535,15.49,2025-01-19,13.59,13.98,,,,,,
00-444649,1.99,2025-01-05,1.99,0.0,2024-01-06,1.79,11.17,2023-02-04,1.34,48.51
00-549134,1.69,2025-01-24,1.69,0.0,2023-12-15,1.69,0.0,2023-02-04,1.19,42.02
00-650143,4.49,2023-06-14,4.39,2.28,2023-06-14,4.39,2.28,2022-05-25,4.49,0.0
00-474794,2.99,2025-01-16,3.69,-18.97,2024-01-18,3.69,-18.97,2023-01-12,3.39,-11.8
00-528165,2.89,2025-02-01,2.89,0.0,2024-02-01,2.99,-3.34,2023-02-07,2.79,3.58
00-529133,3.99,2025-01-24,3.99,0.0,2023-11-05,3.99,0.0,2023-01-29,3.99,0.0
00-393603,4.79,2025-01-24,4.19,14.32,2024-01-19,4.79,0.0,2022-05-24,4.39,9.11
00-371121,3.19,2025-01-24,3.19,0.0,2024-01-19,3.09,3.24,,,
00-965775,1.79,2025-01-24,1.79,0.0,2023-12-25,1.79,0.0,2022-11-20,1.69,5.92
00-247397,2.99,2025-01-16,3.69,-18.97,2024-01-18,3.69,-18.97,,,
00-768868,2.69,2025-01-21,2.69,0.0,,,,,,
00-403244,3.29,2023-05-13,3.29,0.0,2023-05-13,3.29,0.0,2022-11-29,3.19,3.13
00-715174,2.25,2025-01-24,2.19,2.74,2024-01-06,2.15,4.65,,,
00-17185,4.29,2024-12-02,3.79,13.19,2023-12-07,3.29,30.4,2022-11-27,2.99,43.48
00-743364,8.99,2024-12-25,8.49,5.89,,,,,,
00-748972,2.19,2024-12-13,2.19,0.0,,,,,,
00-282824,1.49,2025-02-06,0.92,61.96,2024-02-01,0.9,65.56,2023-01-24,1.35,10.37
00-398481,2.99,2025-01-16,2.39,25.1,2023-12-31,2.39,25.1,2023-02-02,2.19,36.53
00-719225,1.79,2025-01-30,1.19,50.42,2024-02-01,1.19,50.42,,,
00-906161,3.69,2024-11-21,3.69,0.0,2024-01-18,3.49,5.73,2023-02-02,3.49,5.73
00-769767,1.49,2025-01-25,1.42,4.93,,,,,,
00-480128,19.99,2025-01-01,19.99,0.0,2023-12-31,19.99,0.0,,,
00-706737,4.49,2023-07-19,4.49,0.0,2023-07-19,4.49,0.0,,,
00-672230,4.79,2025-01-30,4.69,2.13,2024-02-01,3.49,37.25,2022-12-19,4.19,14.32
00-657831,3.89,2025-01-24,3.89,0.0,2024-01-12,3.99,-2.51,2022-06-01,3.49,11.46
00-696189,3.39,2023-07-10,2.99,13.38,2023-07-10,2.99,13.38,2022-02-24,2.19,54.79
00-434771,2.99,2025-02-02,2.99,0.0,2023-11-23,2.89,3.46,2023-01-12,2.99,0.0
00-325514,9.99,2025-01-01,9.99,0.0,2023-12-31,9.99,0.0,2023-01-18,8.99,11.12
00-370291,1.49,2025-01-30,1.29,15.5,2023-10-12,1.49,0.0,,,
00-295344,2.59,2025-01-24,2.59,0.0,2024-01-19,2.59,0.0,,,
00-737265,7.49,2025-01-24,7.49,0.0,2024-01-19,7.49,0.0,,,
00-438784,4.59,2024-12-01,3.99,15.04,2023-12-07,3.99,15.04,2022-12-19,3.59,27.86
00-180299,2.49,2024-11-07,3.49,-28.65,2023-09-14,3.49,-28.65,2022-12-19,3.49,-28.65
00-904004,6.99,2025-01-30,4.99,40.08,2024-02-01,4.99,40.08,2023-02-04,3.37,107.42
00-407537,1.49,2025-01-01,1.49,0.0,2023-12-31,1.49,0.0,2023-01-26,1.49,0.0
00-466617,9.49,2025-01-01,9.49,0.0,2023-12-31,9.49,0.0,2022-10-30,9.49,0.0
00-852799,2.99,2023-11-09,2.99,0.0,2023-11-09,2.99,0.0,2023-02-02,1.99,50.25
00-261873,4.49,2025-01-01,8.99,-50.06,2023-12-31,8.99,-50.06,2023-01-01,7.99,-43.8
00-469717,6.99,2025-01-01,6.99,0.0,2023-12-31,6.99,0.0,2023-01-19,6.99,0.0
00-288661,2.99,2025-01-30,2.99,0.0,2024-02-01,2.79,7.17,2023-01-01,2.79,7.17
00-699398,9.99,2025-01-02,9.99,0.0,2024-01-28,10.99,-9.1,2022-07-28,10.79,-7.41
00-599435,3.29,2025-02-01,3.29,0.0,2024-02-01,3.29,0.0,2023-02-07,3.25,1.23
00-323652,4.99,2025-01-01,4.99,0.0,2023-12-31,4.99,0.0,2023-01-22,5.99,-16.69
00-412222,1.69,2025-01-30,1.39,21.58,2024-02-01,1.39,21.58,2023-02-02,1.29,31.01
00-697011,14.99,2025-01-24,14.99,0.0,2023-12-31,14.99,0.0,2023-01-22,14.79,1.35
00-732847,6.99,2024-10-06,6.99,0.0,2023-10-24,6.99,0.0,,,
00-744302,9.99,2025-01-24,8.99,11.12,,,,,,
00-426099,4.79,2024-01-12,4.79,0.0,2024-01-12,4.79,0.0,2022-11-29,4.59,4.36
00-253132,3.99,2024-12-05,3.99,0.0,2024-02-01,3.69,8.13,2022-10-20,3.99,0.0
00-372912,2.79,2025-01-24,2.79,0.0,2024-01-19,2.79,0.0,,,
00-372473,6.99,2024-12-25,5.49,27.32,2023-12-25,5.49,27.32,2022-12-01,5.49,27.32
00-726802,1.19,2025-01-30,1.19,0.0,,,,,,
00-863245,6.74,2023-09-27,8.69,-22.44,2023-09-27,8.69,-22.44,2022-05-23,7.59,-11.2
00-323646,2.19,2024-10-13,2.19,0.0,2023-10-21,2.19,0.0,2023-01-19,2.19,0.0
00-731089,2.49,2025-01-24,2.49,0.0,,,,,,
00-182568,1.19,2025-01-16,1.19,0.0,2023-12-30,1.29,-7.75,2022-05-23,1.09,9.17
00-15153,2.29,2025-01-24,2.99,-23.41,2024-01-19,2.99,-23.41,2023-01-17,2.69,-14.87
00-695762,8.99,2023-06-13,7.69,16.91,2023-06-13,7.69,16.91,2022-05-25,6.99,28.61
00-627756,2.99,2024-01-19,3.29,-9.12,2024-01-19,3.29,-9.12,2023-01-17,3.19,-6.27
00-356057,5.99,2025-02-06,5.99,0.0,2024-02-01,5.99,0.0,2023-01-26,3.99,50.13
00-464806,3.49,2025-01-24,3.49,0.0,2024-01-19,3.49,0.0,2022-06-15,3.29,6.08
00-377060,1.16,2025-01-16,1.59,-27.04,2024-01-26,1.75,-33.71,2023-02-02,1.45,-20.0
00-439239,4.19,2025-01-30,2.79,50.18,2024-02-01,4.19,0.0,2023-01-29,3.99,5.01
00-502026,4.59,2024-10-13,4.59,0.0,2023-11-21,4.59,0.0,,,
00-439757,0.99,2024-12-05,1.49,-33.56,2023-12-07,1.49,-33.56,2023-01-19,1.59,-37.74
00-871838,4.99,2025-01-16,4.99,0.0,2024-01-18,4.99,0.0,2023-02-02,4.99,0.0
00-303222,16.99,2025-01-01,16.99,0.0,2023-12-31,16.99,0.0,2023-02-02,16.99,0.0
00-439496,4.79,2025-01-30,4.69,2.13,2024-02-01,3.49,37.25,2022-12-19,4.19,14.32
00-586482,2.49,2025-01-16,1.99,25.13,2024-02-01,1.99,25.13,2023-02-02,1.79,39.11
00-402627,1.99,2024-12-19,1.89,5.29,2024-01-11,2.19,-9.13,2022-05-24,1.29,54.26
00-58253,6.49,2025-01-16,6.49,0.0,2024-01-21,5.49,18.21,2022-12-19,5.19,25.05
00-596660,9.99,2025-01-19,13.59,-26.49,2024-01-21,11.49,-13.05,2023-01-19,10.99,-9.1
00-524014,7.99,2025-01-01,6.99,14.31,,,,,,
00-339867,2.49,2025-01-24,2.29,8.73,2024-01-19,2.29,8.73,,,
00-749011,1.89,2024-08-21,1.89,0.0,,,,,,
00-720396,2.79,2025-02-01,2.79,0.0,2024-02-01,2.79,0.0,,,
00-717335,1.79,2025-01-30,1.79,0.0,2024-01-19,1.79,0.0,,,
00-635255,65.99,2025-01-01,65.99,0.0,2023-12-31,66.99,-1.49,,,
00-550840,1.49,2024-11-12,1.49,0.0,2023-10-05,1.39,7.19,2022-09-29,1.49,0.0
00-838353,2.29,2024-10-26,3.29,-30.4,2023-12-07,2.59,-11.58,2022-12-19,2.59,-11.58
00-481359,9.99,2025-01-01,9.99,0.0,2023-12-31,9.99,0.0,2023-01-22,9.99,0.0
00-309684,1.99,2024-12-25,1.99,0.0,2023-12-25,1.99,0.0,2022-09-04,1.79,11.17
00-438048,2.66,2025-01-01,3.99,-33.33,2024-02-01,2.99,-11.04,2023-01-29,3.59,-25.91
00-303190,29.99,2025-01-01,29.99,0.0,2024-02-01,24.99,20.01,2023-01-01,29.99,0.0
00-516074,1.39,2025-01-24,1.39,0.0,2024-01-19,1.39,0.0,2023-01-17,1.29,7.75
00-243720,2.99,2025-01-30,3.49,-14.33,2024-02-01,3.49,-14.33,2023-02-02,3.29,-9.12
00-467735,2.39,2025-01-24,2.39,0.0,2024-01-19,2.39,0.0,2022-10-16,2.19,9.13
00-716917,9.99,2025-01-16,9.99,0.0,2023-12-27,10.49,-4.77,,,
00-296827,2.99,2025-01-24,2.99,0.0,2024-01-19,2.99,0.0,2023-01-17,3.25,-8.0
00-468520,7.99,2025-01-01,7.99,0.0,2023-12-31,7.99,0.0,2023-01-22,6.99,14.31
00-404113,8.19,2024-02-25,8.19,0.0,2023-11-12,8.19,0.0,2022-11-13,7.49,9.35
00-406837,2.66,2025-01-01,3.99,-33.33,2024-02-01,2.99,-11.04,2023-01-29,3.59,-25.91
00-378293,2.29,2025-01-24,2.29,0.0,2024-01-12,2.29,0.0,2023-02-07,2.19,4.57
00-19577,13.99,2025-01-19,12.49,12.01,2024-01-21,10.49,33.37,2022-12-19,10.49,33.37
00-732433,2.79,2023-12-12,2.69,3.72,2023-12-12,2.69,3.72,,,
00-791057,4.79,2025-01-19,4.69,2.13,2024-02-01,4.59,4.36,2023-02-03,2.99,60.2
00-317266,2.49,2025-01-24,3.99,-37.59,2024-01-19,3.99,-37.59,2023-01-29,3.29,-24.32
00-727525,0.99,2025-01-24,0.99,0.0,,,,,,
00-482512,7.99,2025-01-01,7.99,0.0,2023-12-31,7.99,0.0,2022-10-30,6.99,14.31
00-346357,6.99,2024-12-25,6.99,0.0,,,,,,
00-1245,2.59,2025-01-26,2.59,0.0,2024-01-28,2.59,0.0,2022-12-16,2.49,4.02
00-724635,7.99,2025-01-19,9.99,-20.02,2024-01-21,7.19,11.13,,,
00-461745,3.32,2025-01-05,4.99,-33.47,2024-01-06,4.99,-33.47,2023-02-07,4.99,-33.47
00-722040,5.59,2023-11-09,5.29,5.67,2023-11-09,5.29,5.67,,,
00-927869,3.99,2025-01-24,3.99,0.0,2024-01-19,3.39,17.7,2023-01-17,2.99,33.44
00-68472,3.99,2025-01-01,3.99,0.0,2023-12-31,3.99,0.0,2023-02-02,3.99,0.0
00-435166,2.69,2025-01-30,2.69,0.0,2024-02-01,2.49,8.03,2023-02-02,2.39,12.55
00-5154,2.69,2025-01-24,2.69,0.0,2024-01-19,2.19,22.83,2023-01-17,2.29,17.47
00-429583,1.49,2025-02-06,0.92,61.96,2024-02-01,0.9,65.56,2023-01-19,1.35,10.37
00-490724,9.49,2025-01-01,9.49,0.0,2023-12-31,9.49,0.0,,,
00-956748,2.15,2025-01-24,2.15,0.0,2024-01-19,2.15,0.0,2022-08-27,1.79,20.11
00-911661,5.99,2025-01-30,5.99,0.0,2023-06-21,5.99,0.0,2022-12-19,5.69,5.27
00-650154,4.49,2023-06-24,4.39,2.28,2023-06-24,4.39,2.28,2022-05-25,4.49,0.0
00-7707,2.99,2024-12-01,3.79,-21.11,2023-12-07,3.79,-21.11,2022-11-27,2.69,11.15
00-723777,5.49,2024-10-26,4.99,10.02,2023-10-29,4.79,14.61,,,
00-318179,3.99,2025-01-24,3.99,0.0,2024-01-19,3.99,0.0,2023-02-02,3.99,0.0
00-500316,7.99,2025-01-30,5.99,33.39,2024-02-01,5.49,45.54,2023-02-02,6.49,23.11
00-600075,4.59,2025-01-19,4.59,0.0,,,,,,
00-901611,6.99,2025-01-01,6.99,0.0,2023-12-31,5.99,16.69,2023-01-01,4.99,40.08
00-424518,2.99,2025-01-30,2.99,0.0,2024-01-18,1.99,50.25,2023-02-07,1.99,50.25
00-386326,2.49,2023-09-07,2.69,-7.43,2023-09-07,2.69,-7.43,2023-02-02,2.15,15.81
00-302973,4.99,2025-02-06,4.99,0.0,,,,,,
00-904444,2.79,2025-01-24,2.79,0.0,2024-01-19,2.79,0.0,2023-01-17,2.79,0.0
00-728660,4.99,2024-12-19,4.99,0.0,2024-02-01,4.79,4.18,,,
00-749007,2.99,2024-11-21,2.99,0.0,2023-12-24,2.99,0.0,2023-01-26,2.99,0.0
00-647239,3.69,2025-01-30,3.69,0.0,2024-02-01,2.59,42.47,2022-07-21,3.99,-7.52
00-674914,0.99,2025-01-24,0.99,0.0,2023-12-15,0.99,0.0,2023-02-07,0.99,0.0
00-892455,4.99,2025-01-19,4.89,2.04,2024-01-21,4.89,2.04,2022-12-11,4.69,6.4
00-317768,2.49,2025-01-24,2.39,4.18,2024-01-19,2.39,4.18,2023-02-07,1.99,25.13
00-590678,3.99,2025-01-30,3.99,0.0,2024-02-01,3.99,0.0,2023-02-07,3.99,0.0
00-300355,2.99,2025-01-24,2.99,0.0,,,,,,
00-733528,2.99,2025-01-24,2.99,0.0,2024-01-19,2.99,0.0,,,
00-243913,3.49,2024-12-05,3.39,2.95,2023-12-27,3.39,2.95,2022-07-14,2.79,25.09
00-738754,2.99,2025-01-24,2.99,0.0,2024-02-02,2.99,0.0,2023-02-02,2.89,3.46
00-728877,4.19,2024-12-25,3.99,5.01,2023-12-25,3.99,5.01,2022-07-28,3.95,6.08
00-748499,27.8,2024-11-06,25.8,7.75,,,,,,
00-414502,2.89,2025-01-24,2.89,0.0,2023-06-12,2.89,0.0,2023-02-02,2.79,3.58
00-718506,2.09,2025-01-24,2.09,0.0,2024-01-19,1.99,5.03,,,
00-715831,6.99,2024-10-13,6.99,0.0,2023-10-21,6.99,0.0,,,
00-11738,12.99,2025-01-30,10.99,18.2,2024-02-01,9.49,36.88,2023-02-02,9.49,36.88
00-371111,3.49,2025-01-24,3.49,0.0,2024-01-19,3.49,0.0,,,
00-412525,3.59,2024-11-24,2.24,60.27,2023-11-08,2.99,20.07,,,
00-2797,2.99,2025-01-02,2.99,0.0,2024-01-15,2.79,7.17,2022-12-15,2.49,20.08
00-694725,2.49,2024-11-07,3.49,-28.65,2023-09-14,3.49,-28.65,2022-12-20,3.49,-28.65
00-468962,1.99,2025-01-24,1.89,5.29,2024-01-06,1.89,5.29,2023-02-02,1.42,40.14
00-731592,1.49,2025-02-01,1.49,0.0,2024-02-01,1.49,0.0,,,
00-844076,10.99,2025-01-01,10.99,0.0,2023-12-31,10.99,0.0,2023-02-02,8.99,22.25
00-723552,1.69,2024-12-13,1.69,0.0,2024-01-12,1.59,6.29,,,
00-288594,0.99,2023-08-24,0.89,11.24,2023-08-24,0.89,11.24,2022-10-19,0.55,80.0
00-932844,6.99,2022-04-23,6.99,0.0,2022-04-23,6.99,0.0,2022-04-23,6.99,0.0
00-832528,2.49,2025-01-31,3.19,-21.94,2023-06-29,2.49,0.0,2022-12-07,2.19,13.7
00-274395,12.99,2025-01-01,12.99,0.0,,,,,,
00-759333,2.99,2025-02-01,2.99,0.0,,,,,,
00-593247,2.99,2025-01-30,2.99,0.0,2024-01-19,1.99,50.25,2023-02-07,1.99,50.25
00-520916,2.99,2025-01-19,3.69,-18.97,2024-01-21,3.69,-18.97,2023-02-07,3.29,-9.12
00-731088,2.79,2024-02-27,2.79,0.0,,,,,,
00-742793,2.69,2025-01-24,2.69,0.0,2024-01-19,2.69,0.0,2023-01-17,2.59,3.86
00-961281,27.99,2025-02-06,27.99,0.0,2024-02-01,20.99,33.35,2022-12-11,18.99,47.39
00-923909,4.99,2025-01-01,4.99,0.0,2023-12-31,5.29,-5.67,2023-01-01,5.29,-5.67
00-382027,6.99,2024-11-17,6.99,0.0,2023-12-27,7.29,-4.12,2022-10-16,6.99,0.0
00-801865,2.99,2025-01-23,1.99,50.25,2024-01-25,1.99,50.25,,,
00-811335,3.79,2024-12-05,3.49,8.6,2023-10-21,3.49,8.6,2022-07-01,2.99,26.76
00-242365,2.99,2025-01-19,4.19,-28.64,2024-01-21,4.19,-28.64,2023-02-04,2.99,0.0
00-409821,15.49,2025-01-19,12.49,24.02,2024-01-21,10.49,47.66,2023-01-19,9.99,55.06
00-595931,1.29,2025-01-24,1.29,0.0,2024-01-19,1.29,0.0,2023-02-07,1.09,18.35
00-862296,3.99,2024-01-19,2.89,38.06,2024-01-19,2.89,38.06,2022-12-06,2.89,38.06
00-900971,2.19,2025-01-01,2.19,0.0,2023-12-31,2.19,0.0,2022-12-07,1.89,15.87
00-284644,51.9,2025-02-04,51.9,0.0,,,,,,
00-57519,2.99,2025-01-02,2.99,0.0,2024-01-15,2.79,7.17,2022-12-16,2.49,20.08
00-586511,55.99,2025-01-01,53.99,3.7,2023-12-31,52.99,5.66,2022-10-30,45.99,21.74
00-567606,2.49,2021-04-07,1.49,67.11,2021-04-07,1.49,67.11,2021-04-07,1.49,67.11
00-342867,2.39,2023-10-24,3.19,-25.08,2023-10-24,3.19,-25.08,,,
00-468009,20.99,2025-01-01,20.99,0.0,2023-12-31,20.99,0.0,,,
00-917688,2.79,2025-01-30,3.59,-22.28,2024-01-21,3.59,-22.28,2022-12-11,3.49,-20.06
00-309534,5.49,2025-01-16,5.19,5.78,2024-01-18,4.99,10.02,2023-01-19,4.49,22.27
00-481860,5.99,2023-07-10,5.99,0.0,2023-07-10,5.99,0.0,2022-04-22,5.99,0.0
00-364611,3.99,2025-01-24,3.99,0.0,2024-01-23,3.74,6.68,2022-06-01,5.19,-23.12
00-469628,8.99,2025-01-01,8.99,0.0,2023-12-31,8.99,0.0,2023-02-04,6.74,33.38
00-727786,2.59,2024-12-25,2.59,0.0,2024-01-12,2.49,4.02,,,
00-960464,1.29,2023-12-01,1.29,0.0,2023-12-01,1.29,0.0,,,
00-64303,2.29,2025-01-30,2.29,0.0,2024-02-01,1.79,27.93,2023-01-26,2.29,0.0
00-423198,2.49,2025-01-31,3.19,-21.94,2023-06-29,2.49,0.0,2022-12-07,2.19,13.7
00-471367,6.99,2025-01-01,6.99,0.0,2023-12-31,6.99,0.0,2023-02-01,6.99,0.0
00-252650,4.49,2024-01-19,4.49,0.0,2024-01-19,4.49,0.0,2023-02-04,2.99,50.17
00-89711,1.39,2022-11-27,1.39,0.0,2022-11-27,1.39,0.0,2022-11-27,1.39,0.0
00-14294,1.49,2025-01-30,1.33,12.03,2023-11-09,1.99,-25.13,2023-01-19,1.99,-25.13
00-806484,6.99,2025-01-24,6.99,0.0,2024-01-19,8.29,-15.68,2022-10-17,7.99,-12.52
00-3510,0.69,2024-12-01,0.59,16.95,2023-12-07,0.59,16.95,2022-11-27,0.49,40.82
00-704957,2.79,2025-01-24,2.79,0.0,2023-12-25,2.79,0.0,2023-01-29,2.69,3.72
00-477638,1.24,2021-10-20,1.39,-10.79,2021-10-20,1.39,-10.79,2021-10-20,1.39,-10.79
00-451972,6.89,2025-01-24,6.69,2.99,2023-08-15,6.99,-1.43,2022-08-25,6.99,-1.43
00-723775,5.49,2024-12-01,4.99,10.02,2023-12-18,3.59,52.92,,,
00-910453,3.99,2023-03-16,3.99,0.0,2023-03-16,3.99,0.0,2022-07-21,3.79,5.28
00-249753,4.59,2024-07-04,4.49,2.23,2023-10-12,4.49,2.23,2023-02-04,4.49,2.23
00-821665,4.99,2025-01-24,4.99,0.0,2024-01-11,5.19,-3.85,2022-11-09,4.99,0.0
00-443418,3.29,2025-01-24,3.29,0.0,2024-01-19,3.29,0.0,,,
00-717336,2.89,2025-02-06,1.99,45.23,2024-01-18,2.79,3.58,,,
00-319933,1.27,2024-12-25,1.49,-14.77,2023-12-25,1.09,16.51,2022-07-28,1.09,16.51
00-768864,11.99,2025-02-04,11.99,0.0,,,,,,
00-607860,1.99,2025-01-24,1.99,0.0,2024-01-19,1.89,5.29,2023-01-17,1.69,17.75
00-809843,3.39,2025-01-19,3.39,0.0,2024-01-21,3.39,0.0,2023-02-07,2.89,17.3
00-185926,3.49,2023-05-13,3.49,0.0,2023-05-13,3.49,0.0,2022-11-29,3.19,9.4
00-936952,11.99,2025-01-02,11.99,0.0,2023-11-12,11.49,4.35,2022-11-13,11.29,6.2
00-317743,3.59,2025-01-24,3.59,0.0,2024-01-19,3.59,0.0,2023-02-07,3.39,5.9
00-10827,1.86,2025-01-30,1.72,8.14,2024-02-01,1.52,22.37,2023-02-02,1.49,24.83
00-522471,2.19,2025-01-24,2.19,0.0,2024-01-19,2.19,0.0,2022-09-28,1.99,10.05
00-284774,7.99,2025-01-19,9.99,-20.02,2024-01-21,7.19,11.13,,,
00-721404,2.99,2025-01-08,2.99,0.0,2024-01-15,1.79,67.04,2018-09-01,0.99,202.02
00-412926,8.49,2025-01-01,8.49,0.0,2023-12-31,8.49,0.0,2023-01-01,8.49,0.0
00-438850,2.99,2025-01-02,2.99,0.0,2024-01-15,2.79,7.17,2022-12-15,2.49,20.08
00-414166,3.99,2025-01-30,3.99,0.0,2024-02-01,3.69,8.13,2023-02-04,2.99,33.44
00-176024,3.39,2024-01-18,3.39,0.0,2024-01-18,3.39,0.0,2022-09-22,2.69,26.02
00-418953,1.34,2022-12-17,1.69,-20.71,2022-12-17,1.69,-20.71,2022-12-17,1.69,-20.71
00-927977,2.24,2025-01-30,2.99,-25.08,2024-02-01,2.99,-25.08,2023-02-03,3.69,-39.3
00-590334,6.79,2024-11-17,6.59,3.03,2023-11-05,7.29,-6.86,2022-10-16,6.99,-2.86
00-246083,1.59,2023-10-05,1.49,6.71,2023-10-05,1.49,6.71,2023-02-04,1.49,6.71
00-527022,1.69,2024-10-24,1.69,0.0,2023-10-25,1.69,0.0,2022-11-24,1.59,6.29
00-722496,3.49,2025-01-24,3.49,0.0,2024-01-19,3.49,0.0,,,
00-962398,1.87,2025-01-30,2.19,-14.61,2024-02-01,2.19,-14.61,2023-01-19,2.79,-32.97
00-729038,12.99,2024-11-24,7.49,73.43,,,,,,
00-401640,4.29,2024-12-01,3.99,7.52,2023-12-07,3.99,7.52,2023-02-02,3.69,16.26
00-965525,3.99,2025-01-01,3.99,0.0,2023-12-31,3.99,0.0,2022-10-30,3.99,0.0
00-905568,1.99,2024-12-01,1.99,0.0,2024-02-01,2.19,-9.13,2023-01-19,1.99,0.0
00-755988,2.79,2025-02-04,2.79,0.0,,,,,,
00-722176,2.99,2025-01-16,3.69,-18.97,2024-01-18,3.69,-18.97,,,
00-911646,2.39,2023-07-10,3.19,-25.08,2023-07-10,3.19,-25.08,2022-12-17,3.19,-25.08
00-14441,1.99,2024-12-01,1.99,0.0,2023-12-07,2.19,-9.13,2022-12-20,2.19,-9.13
00-590303,5.89,2024-11-17,5.89,0.0,2023-11-09,5.99,-1.67,2023-02-04,5.79,1.73
00-837672,2.99,2025-01-08,2.99,0.0,2024-01-15,1.79,67.04,2018-04-26,1.49,100.67
00-904465,13.49,2025-01-26,16.99,-20.6,2024-01-28,13.99,-3.57,2023-01-17,8.99,50.06
00-294826,2.79,2025-01-01,2.49,12.05,2023-12-31,2.49,12.05,2023-01-22,2.49,12.05
00-474443,1.79,2024-11-12,1.79,0.0,2023-12-15,1.79,0.0,2023-02-07,1.59,12.58
00-428432,9.37,2025-01-30,6.49,44.38,2024-02-01,6.74,39.02,2023-01-19,8.99,4.23
00-62101,2.99,2025-01-01,3.79,-21.11,2023-12-07,3.79,-21.11,2022-12-20,2.19,36.53
00-471917,4.29,2024-12-19,3.99,7.52,2024-02-01,3.49,22.92,2023-02-02,2.89,48.44
00-339025,4.98,2024-03-31,5.3,-6.04,2024-01-18,5.3,-6.04,,,
00-303607,3.49,2024-12-27,3.49,0.0,2023-12-07,2.99,16.72,2023-02-02,3.19,9.4
00-853721,2.19,2024-10-26,2.19,0.0,2024-02-01,2.19,0.0,2023-01-19,1.99,10.05
00-850944,4.59,2024-02-25,4.59,0.0,2023-12-27,4.59,0.0,2022-11-13,4.29,6.99
00-421359,4.79,2025-01-30,4.69,2.13,2024-02-01,3.49,37.25,2022-12-19,4.19,14.32
00-496474,12.49,2025-01-01,12.49,0.0,2024-01-31,12.49,0.0,2023-02-04,11.99,4.17
00-875888,3.79,2024-10-31,3.79,0.0,2023-05-25,3.29,15.2,2022-12-12,3.49,8.6
00-188250,0.84,2025-01-24,0.84,0.0,2024-01-19,0.84,0.0,2023-01-17,0.99,-15.15
00-723584,4.99,2025-01-24,3.69,35.23,2024-01-19,3.69,35.23,2023-01-17,3.59,39.0
00-909210,1.49,2023-12-31,1.49,0.0,2023-12-31,1.49,0.0,2023-01-26,1.49,0.0
00-369739,19.99,2025-01-01,22.99,-13.05,2023-12-31,22.99,-13.05,,,
00-744382,3.49,2024-10-17,3.99,-12.53,,,,,,
00-745672,5.99,2025-01-01,5.99,0.0,,,,,,
00-346360,4.99,2024-12-05,4.79,4.18,2024-01-25,4.79,4.18,,,
00-530047,2.66,2024-10-26,2.66,0.0,2024-01-19,3.99,-33.33,2023-01-19,3.99,-33.33
00-410657,16.99,2025-01-01,16.99,0.0,2024-01-02,16.99,0.0,2023-02-04,15.99,6.25
00-317542,2.49,2025-01-24,2.39,4.18,2024-01-19,1.69,47.34,2023-02-07,1.59,56.6
00-405995,3.79,2024-12-01,2.89,31.14,2023-12-07,2.59,46.33,,,
00-425737,3.29,2024-08-26,3.29,0.0,2024-01-11,2.99,10.03,2022-04-16,2.99,10.03
00-306052,2.89,2025-01-09,2.49,16.06,2024-01-19,2.49,16.06,2023-02-02,2.49,16.06
00-421071,4.79,2024-02-15,4.39,9.11,2024-02-01,3.49,37.25,2022-12-23,3.99,20.05
00-630447,4.49,2025-01-30,2.79,60.93,2024-02-01,1.89,137.57,2023-02-02,1.79,150.84
00-257320,3.29,2025-01-24,3.29,0.0,2024-01-19,3.29,0.0,2023-01-17,3.49,-5.73
00-360266,5.19,2023-05-16,3.89,33.42,2023-05-16,3.89,33.42,2023-01-26,3.79,36.94
00-931165,3.99,2025-01-24,3.99,0.0,2024-01-19,4.29,-6.99,2023-01-17,4.49,-11.14
00-393230,2.69,2024-10-26,2.59,3.86,2023-12-07,2.59,3.86,2022-11-27,2.49,8.03
00-890771,4.99,2025-01-24,4.89,2.04,2024-02-01,4.89,2.04,2023-01-29,4.69,6.4
00-180539,2.49,2024-11-07,3.49,-28.65,2023-09-14,3.49,-28.65,2023-01-19,3.49,-28.65
00-337636,2.79,2025-01-24,2.79,0.0,2024-01-19,2.59,7.72,,,
00-703453,0.49,2024-12-01,0.39,25.64,2023-12-07,0.39,25.64,2022-11-30,0.39,25.64
00-577671,2.49,2025-01-24,2.49,0.0,2024-01-19,2.49,0.0,2023-02-07,2.49,0.0
00-747939,2.39,2025-01-05,1.99,20.1,,,,,,
00-463580,9.99,2025-01-01,9.99,0.0,2023-12-31,8.99,11.12,2023-01-22,8.99,11.12
00-601369,3.99,2025-01-24,3.79,5.28,2023-12-07,3.49,14.33,2022-12-08,3.39,17.7
00-429553,2.99,2024-04-25,2.99,0.0,2023-12-27,2.99,0.0,2022-11-21,2.39,25.1
00-860464,2.19,2024-02-25,2.19,0.0,2023-11-12,2.19,0.0,2022-11-13,1.99,10.05
00-626085,2.19,2025-01-24,2.19,0.0,2024-01-19,2.19,0.0,,,
00-639801,1.49,2025-01-30,1.33,12.03,2023-11-30,1.99,-25.13,,,
00-724606,1.99,2024-12-19,1.99,0.0,2023-12-07,1.99,0.0,2022-12-07,1.79,11.17
00-733872,1.69,2025-02-01,1.69,0.0,2024-01-19,1.69,0.0,,,
00-875656,2.69,2025-01-24,3.59,-25.07,2024-01-12,3.59,-25.07,2022-11-24,3.29,-18.24
00-11574,5.49,2025-01-26,5.39,1.86,2024-01-28,5.39,1.86,2023-01-29,4.49,22.27
00-719918,3.99,2024-02-25,3.99,0.0,2023-11-12,3.99,0.0,,,
00-420505,2.59,2025-02-06,2.49,4.02,2023-12-27,2.49,4.02,2023-02-02,1.99,30.15
00-893361,1.49,2025-01-30,1.19,25.21,2024-02-01,1.19,25.21,2022-09-19,1.19,25.21
00-20049,1.49,2025-01-01,1.49,0.0,2023-12-31,1.49,0.0,2023-01-26,1.49,0.0
00-723670,4.29,2024-09-05,4.29,0.0,2023-10-01,3.99,7.52,,,
00-735485,5.99,2024-02-25,5.99,0.0,2023-11-12,5.99,0.0,,,
00-435103,3.99,2025-01-30,6.19,-35.54,2024-02-01,5.99,-33.39,2023-02-02,5.99,-33.39
00-962405,1.87,2025-01-30,2.19,-14.61,2024-02-01,2.19,-14.61,2023-01-01,2.79,-32.97
00-397411,11.99,2025-01-01,11.99,0.0,2023-12-31,10.99,9.1,2023-01-25,9.99,20.02
00-940776,4.19,2024-07-17,4.19,0.0,,,,,,
00-251128,2.99,2025-02-01,2.99,0.0,2024-02-01,2.99,0.0,2023-01-17,2.99,0.0
00-621279,0.59,2024-10-29,0.59,0.0,2022-12-27,0.49,20.41,2022-12-27,0.49,20.41
00-464815,3.49,2025-01-24,4.49,-22.27,2024-01-19,4.19,-16.71,2023-01-29,3.99,-12.53
00-745806,4.99,2025-01-19,4.79,4.18,,,,,,
00-528549,9.99,2025-01-19,8.99,11.12,2024-01-21,8.79,13.65,2023-01-19,6.59,51.59
00-748204,3.99,2025-01-24,3.99,0.0,,,,,,
00-716171,2.39,2024-12-10,3.19,-25.08,2023-12-24,2.99,-20.07,,,
00-668636,2.79,2025-01-24,3.69,-24.39,2024-01-19,3.69,-24.39,2023-02-02,2.49,12.05
00-940187,1.49,2025-01-24,1.49,0.0,2024-01-19,1.49,0.0,2023-01-17,1.49,0.0
00-701775,2.39,2024-12-05,2.39,0.0,2023-11-30,2.39,0.0,,,
00-6721,1.19,2024-03-14,1.19,0.0,2023-12-30,1.19,0.0,2022-10-06,1.09,9.17
00-504192,2.79,2024-10-31,1.99,40.2,2023-11-06,2.29,21.83,2022-09-19,2.15,29.77
00-605837,2.99,2025-01-30,2.79,7.17,2024-02-01,2.49,20.08,2023-02-02,2.39,25.1
00-701155,10.99,2025-01-24,10.99,0.0,2024-01-19,10.99,0.0,2023-01-29,9.99,10.01
00-727789,5.79,2024-12-25,5.19,11.56,2023-12-25,5.19,11.56,,,
00-336006,1.49,2025-01-01,1.49,0.0,2023-12-31,1.49,0.0,2023-01-26,1.49,0.0
00-317532,3.79,2025-01-24,3.79,0.0,2023-12-15,3.79,0.0,2023-02-07,3.69,2.71
00-473684,1.39,2025-01-02,1.39,0.0,2023-05-16,1.39,0.0,2023-01-19,1.29,7.75
00-763433,9.99,2023-10-01,8.99,11.12,2023-10-01,8.99,11.12,2022-08-10,7.99,25.03
00-317489,2.49,2025-01-24,2.49,0.0,2024-01-19,1.19,109.24,2023-02-07,1.19,109.24
00-316402,0.6,2025-01-24,0.6,0.0,2023-05-23,0.6,0.0,2022-10-06,0.59,1.69
00-869714,6.99,2025-01-30,6.99,0.0,2023-11-12,6.99,0.0,2022-11-13,5.99,16.69
00-829542,3.29,2025-01-30,3.29,0.0,2024-02-01,3.29,0.0,,,
00-469801,5.29,2025-01-30,5.29,0.0,2024-02-01,5.29,0.0,2023-02-04,5.19,1.93
00-337395,3.99,2025-01-24,3.99,0.0,2024-01-19,3.89,2.57,,,
00-841091,7.99,2024-12-01,7.99,0.0,2023-12-07,6.49,23.11,2022-11-27,6.49,23.11
00-780998,4.19,2024-12-01,3.99,5.01,2023-12-07,3.79,10.55,2023-02-02,3.79,10.55
00-2619,2.99,2025-01-02,2.99,0.0,2024-01-15,2.79,7.17,2022-12-15,2.49,20.08
00-317791,6.99,2024-02-16,4.87,43.53,2024-01-19,6.49,7.7,2023-02-07,6.19,12.92
00-713184,3.19,2025-01-24,3.19,0.0,2024-01-06,3.19,0.0,,,
00-878580,0.99,2024-12-25,0.99,0.0,2023-12-25,1.59,-37.74,2022-11-29,1.49,-33.56
00-586921,2.49,2025-01-01,2.49,0.0,2023-12-31,2.49,0.0,2023-01-01,2.49,0.0
00-719708,2.49,2025-01-24,2.49,0.0,,,,,,
00-411914,1.99,2025-01-24,1.99,0.0,2023-12-07,1.99,0.0,2022-11-30,2.19,-9.13
00-504992,7.99,2024-10-13,7.99,0.0,2023-10-21,7.99,0.0,2022-11-20,7.99,0.0
00-938032,2.29,2024-10-26,2.29,0.0,2024-01-12,2.29,0.0,2023-02-02,2.19,4.57
00-788967,1.49,2025-01-30,1.99,-25.13,2024-02-01,1.99,-25.13,2023-02-02,2.49,-40.16
00-320584,3.99,2025-02-02,4.89,-18.4,2023-12-27,4.89,-18.4,2022-12-07,4.99,-20.04
00-511817,2.99,2024-09-26,3.99,-25.06,2023-11-29,3.99,-25.06,2023-01-20,3.89,-23.14
00-393551,13.49,2025-01-01,13.49,0.0,2023-12-31,13.49,0.0,,,
00-425098,8.99,2025-01-23,8.99,0.0,2024-01-21,7.19,25.03,2023-02-04,5.47,64.35
00-838037,11.99,2023-12-07,9.99,20.02,2023-12-07,9.99,20.02,,,
00-22382,3.79,2024-12-18,4.29,-11.66,2024-01-04,2.59,46.33,2023-02-02,1.46,159.59
00-847173,14.99,2025-01-01,14.99,0.0,2024-01-12,14.99,0.0,,,
00-1942,1.99,2025-01-24,1.99,0.0,2023-06-07,1.99,0.0,2022-11-21,1.85,7.57
00-769748,1.99,2025-01-30,1.99,0.0,,,,,,
00-390504,2.99,2024-01-12,3.29,-9.12,2024-01-12,3.29,-9.12,2022-05-24,2.79,7.17
00-716217,2.39,2024-08-30,3.19,-25.08,2024-01-25,3.19,-25.08,,,
00-541169,4.99,2025-01-30,4.99,0.0,2024-02-01,5.29,-5.67,2022-12-08,5.49,-9.11
00-706409,13.49,2024-10-08,12.99,3.85,,,,,,
00-718644,0.99,2025-01-09,1.49,-33.56,2024-02-01,1.39,-28.78,,,
00-317517,2.19,2025-01-24,2.19,0.0,2024-01-19,2.19,0.0,2023-02-07,1.99,10.05
00-295912,3.99,2024-09-10,3.99,0.0,2023-06-02,3.79,5.28,2023-01-12,3.99,0.0
00-427153,3.59,2025-02-05,3.29,9.12,,,,,,
00-244061,2.47,2024-01-19,3.29,-24.92,2024-01-19,3.29,-24.92,2023-01-17,3.19,-22.57
00-443120,1.49,2025-02-06,0.92,61.96,2024-02-01,0.9,65.56,2023-01-19,1.35,10.37
00-647237,3.69,2025-01-30,3.69,0.0,2024-02-01,2.59,42.47,2022-07-21,1.69,118.34
00-403314,2.49,2025-01-24,2.49,0.0,2024-01-19,2.69,-7.43,2023-01-17,2.59,-3.86
00-516077,17.99,2025-01-01,17.99,0.0,,,,,,
00-23803,4.99,2025-01-01,4.99,0.0,2023-12-31,4.99,0.0,2023-01-01,4.99,0.0
00-5556,1.32,2025-01-30,1.99,-33.67,2024-02-01,1.39,-5.04,2023-02-02,0.99,33.33
00-57524,6.39,2025-01-02,6.39,0.0,2024-01-15,5.99,6.68,2022-12-19,5.49,16.39
00-720629,4.19,2025-01-02,4.19,0.0,2024-01-12,3.79,10.55,,,
00-285224,3.37,2024-11-07,3.99,-15.54,2023-11-23,3.99,-15.54,2022-12-17,3.79,-11.08
00-883980,6.49,2025-01-01,5.99,8.35,,,,,,
00-10231,1.39,2025-01-09,1.39,0.0,2023-12-31,1.29,7.75,2023-01-22,1.29,7.75
00-528245,8.99,2025-01-01,8.49,5.89,2023-12-31,8.49,5.89,2023-02-07,8.49,5.89
00-252636,4.49,2024-01-19,4.49,0.0,2024-01-19,4.49,0.0,2023-02-04,2.99,50.17
00-422532,15.49,2025-01-19,12.49,24.02,2024-01-21,10.49,47.66,2022-12-11,9.99,55.06
00-715984,1.19,2025-01-24,1.19,0.0,2024-01-19,0.99,20.2,2023-02-07,0.99,20.2
00-258081,1.69,2025-01-24,1.29,31.01,2024-01-19,1.49,13.42,2023-01-17,1.49,13.42
00-707938,3.49,2025-01-26,3.49,0.0,2024-01-28,3.49,0.0,,,
00-722287,2.39,2024-10-26,2.39,0.0,2023-12-07,2.39,0.0,,,
00-490771,14.99,2025-01-19,13.49,11.12,2024-01-21,11.39,31.61,2023-01-26,11.19,33.96
00-619165,3.39,2024-02-25,3.19,6.27,2023-12-27,3.19,6.27,2023-02-07,2.99,13.38
00-412694,1.49,2025-01-01,1.49,0.0,2023-12-31,1.49,0.0,2023-01-26,1.49,0.0
00-716105,3.49,2025-01-24,3.49,0.0,2024-01-19,3.49,0.0,2023-02-07,3.49,0.0
00-910855,7.49,2025-01-30,5.99,25.04,2024-02-01,5.49,36.43,2023-02-02,6.99,7.15
00-471385,2.79,2025-01-24,2.79,0.0,2024-01-19,2.79,0.0,2023-02-02,2.79,0.0
00-705437,2.19,2025-01-24,2.19,0.0,2023-12-27,2.19,0.0,2023-01-29,1.79,22.35
00-719713,2.49,2025-01-24,2.59,-3.86,,,,,,
00-756587,2.79,2025-01-30,3.59,-22.28,,,,,,
00-590665,3.99,2025-01-30,3.99,0.0,2024-02-01,3.99,0.0,2023-02-07,3.99,0.0
00-314490,3.79,2023-10-12,3.99,-5.01,2023-10-12,3.99,-5.01,2022-06-08,3.49,8.6
00-594913,2.39,2025-02-02,3.29,-27.36,2023-12-07,3.19,-25.08,2023-01-18,2.79,-14.34
00-403150,3.99,2025-01-16,3.99,0.0,2024-01-18,3.99,0.0,2023-01-22,2.99,33.44
00-464445,11.99,2025-01-01,11.99,0.0,2023-12-31,11.99,0.0,2023-02-04,11.99,0.0
00-407870,1.69,2024-12-01,1.69,0.0,2024-01-11,1.59,6.29,2022-09-04,1.19,42.02
00-435077,2.99,2025-01-24,2.99,0.0,2023-12-25,2.99,0.0,2022-10-04,2.49,20.08
00-89480,3.79,2024-12-05,3.99,-5.01,2023-10-31,2.99,26.76,2022-11-03,2.79,35.84
00-406800,4.99,2025-01-30,4.59,8.71,2024-01-21,3.99,25.06,2023-02-02,2.66,87.59
00-964860,5.49,2025-01-01,5.49,0.0,2023-12-31,5.49,0.0,2023-01-22,5.49,0.0
00-106165,2.99,2025-01-24,2.99,0.0,2024-01-19,2.79,7.17,2023-01-17,2.79,7.17
00-319559,1.99,2025-01-24,1.99,0.0,2024-01-19,1.99,0.0,2023-01-17,1.99,0.0
00-6387,8.99,2025-01-20,8.99,0.0,2023-12-07,7.99,12.52,2022-11-27,7.59,18.45
00-840109,2.79,2025-01-30,1.86,50.0,2024-02-01,1.79,55.87,2023-01-19,2.59,7.72
00-527028,1.69,2024-10-24,1.69,0.0,2023-10-25,1.69,0.0,2022-11-24,1.59,6.29
00-825700,19.49,2025-01-01,18.99,2.63,2023-12-31,18.99,2.63,2022-09-08,15.99,21.89
00-756873,3.89,2025-01-24,4.29,-9.32,,,,,,
00-7323,2.39,2023-10-06,2.29,4.37,2023-10-06,2.29,4.37,2022-12-15,2.19,9.13
00-606123,7.99,2025-01-30,5.99,33.39,2024-02-01,5.49,45.54,2023-02-02,6.49,23.11
00-256934,9.99,2024-12-19,8.97,11.37,2023-12-28,6.87,45.41,2022-12-19,5.67,76.19
00-737531,3.69,2025-01-30,2.49,48.19,,,,,,
00-179069,1.99,2024-01-15,2.79,-28.67,2024-01-15,2.79,-28.67,2023-01-02,2.49,-20.08
00-307355,1.99,2025-01-24,1.99,0.0,2024-01-19,1.99,0.0,2023-02-07,1.99,0.0
00-964375,43.9,2025-01-01,43.9,0.0,2023-12-31,43.9,0.0,2023-02-04,29.93,46.68
00-716818,1.49,2024-11-12,1.49,0.0,2024-01-18,1.39,7.19,,,
00-578866,1.69,2025-01-24,1.69,0.0,2024-01-31,1.69,0.0,2023-01-19,1.59,6.29
00-478399,6.49,2025-01-05,5.99,8.35,2024-01-06,5.99,8.35,2023-01-22,5.99,8.35
00-739803,5.49,2025-01-19,5.29,3.78,2024-01-21,5.29,3.78,2022-12-11,4.39,25.06
00-734561,2.79,2024-12-13,2.79,0.0,2023-12-05,2.79,0.0,,,
00-522406,1.49,2025-01-24,1.49,0.0,2023-11-21,1.49,0.0,,,
00-417729,4.79,2025-01-24,4.19,14.32,2024-01-19,4.79,0.0,2022-05-24,4.39,9.11
00-307399,2.79,2024-08-14,2.69,3.72,2023-02-20,2.69,3.72,2022-06-08,2.49,12.05
00-516200,3.19,2025-01-24,3.19,0.0,2024-01-19,3.19,0.0,2023-01-17,3.25,-1.85
00-724093,13.49,2025-01-09,13.49,0.0,2024-02-01,9.99,35.04,,,
00-757328,5.99,2025-01-24,5.99,0.0,,,,,,
00-814519,17.49,2025-01-01,16.99,2.94,2023-12-31,15.99,9.38,2023-01-01,13.99,25.02
00-653784,9.49,2025-01-01,9.49,0.0,2023-12-31,9.49,0.0,2023-01-22,8.99,5.56
00-901440,4.49,2024-02-25,4.19,7.16,2023-11-12,4.19,7.16,2022-12-20,4.19,7.16
00-498725,19.99,2025-01-01,25.99,-23.09,2023-12-31,25.99,-23.09,2023-01-26,24.99,-20.01
00-467954,2.49,2025-01-01,2.49,0.0,2023-12-31,2.49,0.0,2023-01-22,2.49,0.0
00-474709,8.99,2025-01-01,8.99,0.0,2024-01-12,8.99,0.0,,,
00-872271,1.49,2023-12-07,1.99,-25.13,2023-12-07,1.99,-25.13,2023-02-02,2.19,-31.96
00-961651,2.99,2025-01-24,2.99,0.0,2024-01-19,2.99,0.0,2023-01-17,2.49,20.08
00-337340,3.09,2025-01-24,3.09,0.0,2024-01-19,2.99,3.34,,,
00-852604,16.49,2023-12-27,18.49,-10.82,2023-12-27,18.49,-10.82,2022-05-25,15.19,8.56
00-929532,15.49,2025-01-19,13.59,13.98,,,,,,
00-743340,10.99,2024-09-01,9.99,10.01,,,,,,
00-700787,5.29,2024-12-25,4.99,6.01,2023-12-25,4.99,6.01,,,
00-102422,2.29,2024-12-19,2.29,0.0,2023-11-12,2.19,4.57,2022-11-13,1.79,27.93
00-760909,4.89,2024-12-26,4.79,2.09,2024-01-12,4.49,8.91,2022-12-17,3.89,25.71
00-430530,2.99,2025-01-24,2.99,0.0,2024-01-19,2.99,0.0,2023-01-19,2.59,15.44
00-427978,2.19,2024-12-05,2.59,-15.44,2023-12-07,2.29,-4.37,2022-11-27,2.29,-4.37
00-505629,2.99,2025-01-30,3.49,-14.33,2024-02-01,3.49,-14.33,2023-02-04,3.29,-9.12
00-440804,1.49,2025-01-30,1.49,0.0,2024-01-18,1.49,0.0,2023-02-02,1.55,-3.87
00-708272,1.99,2025-01-24,1.89,5.29,2024-01-19,1.99,0.0,2023-01-17,1.89,5.29
00-707893,2.59,2025-01-24,2.59,0.0,2024-02-01,2.59,0.0,,,
00-686581,2.19,2025-02-03,2.19,0.0,2024-01-19,2.19,0.0,2023-01-03,2.19,0.0
00-270632,3.74,2022-09-28,4.99,-25.05,2022-09-28,4.99,-25.05,2022-09-28,4.99,-25.05
00-250367,2.99,2025-01-24,2.79,7.17,2024-01-19,2.39,25.1,,,
00-705764,3.19,2025-01-24,2.99,6.69,2023-10-21,2.99,6.69,,,
00-806297,25.49,2025-01-16,25.49,0.0,2024-01-18,25.49,0.0,2023-01-19,24.49,4.08
00-446487,6.99,2024-12-25,7.49,-6.68,2023-12-25,7.49,-6.68,,,
00-250373,1.19,2025-01-24,1.19,0.0,2024-01-19,1.19,0.0,2023-02-07,1.19,0.0
00-783531,1.69,2025-01-24,1.59,6.29,2023-12-07,1.59,6.29,2022-11-30,1.49,13.42
00-722588,1.49,2024-12-13,1.39,7.19,2024-01-12,1.29,15.5,,,
00-353069,5.79,2025-01-30,5.79,0.0,2024-02-01,5.79,0.0,2023-01-27,5.39,7.42
00-825921,2.66,2025-01-01,3.99,-33.33,2024-02-01,2.99,-11.04,2023-01-29,3.59,-25.91
00-469617,1.99,2025-01-16,1.99,0.0,2024-02-01,1.99,0.0,2022-11-28,1.79,11.17
00-728593,0.99,2025-01-24,0.99,0.0,2024-01-19,0.99,0.0,,,
00-902654,2.79,2023-12-07,1.99,40.2,2023-12-07,1.99,40.2,2022-12-10,2.39,16.74
00-249908,1.99,2025-01-24,1.99,0.0,2024-01-19,1.99,0.0,2023-01-17,1.79,11.17
00-426276,0.97,2025-01-30,1.29,-24.81,2023-07-24,1.29,-24.81,2022-11-30,1.19,-18.49
00-902986,3.79,2025-01-24,3.49,8.6,2024-01-19,3.29,15.2,2022-12-15,2.69,40.89
00-16672,21.99,2025-01-01,19.99,10.01,2023-12-31,19.99,10.01,2023-01-01,19.99,10.01
00-428578,19.99,2025-01-01,18.49,8.11,2023-12-29,18.49,8.11,2023-02-02,12.99,53.89
00-700608,2.49,2025-01-24,2.49,0.0,2023-12-24,2.39,4.18,2022-12-20,2.29,8.73
00-489912,6.99,2025-01-01,7.99,-12.52,2023-12-31,7.99,-12.52,2023-02-04,7.99,-12.52
00-283509,29.99,2024-12-05,19.99,50.03,2023-12-31,18.99,57.93,2023-01-19,15.99,87.55
00-730501,2.99,2025-01-30,2.79,7.17,2024-02-01,2.49,20.08,,,
00-772535,4.19,2025-01-28,4.19,0.0,,,,,,
00-246189,1.87,2025-01-30,2.49,-24.9,2023-07-24,2.39,-21.76,,,
00-301700,0.99,2024-12-01,0.89,11.24,2023-12-07,0.89,11.24,2022-09-04,0.69,43.48
00-8548,2.19,2025-01-24,2.19,0.0,2024-01-19,2.09,4.78,2023-01-17,1.99,10.05
00-481279,3.49,2024-10-24,3.29,6.08,2023-08-17,3.39,2.95,2023-02-02,3.19,9.4
00-499874,1.79,2024-12-19,1.99,-10.05,2023-08-31,1.68,6.55,2022-10-06,1.69,5.92
00-722513,2.99,2025-01-24,2.99,0.0,2023-06-14,2.99,0.0,,,
00-89536,3.99,2024-10-08,3.99,0.0,2023-01-19,4.49,-11.14,2023-01-19,4.49,-11.14
00-764501,3.19,2024-02-25,2.99,6.69,2023-11-12,2.99,6.69,2023-02-07,3.79,-15.83
00-344626,3.29,2024-12-19,2.99,10.03,2024-01-18,2.59,27.03,2023-02-02,2.19,50.23
00-939582,3.99,2025-01-24,3.99,0.0,2024-01-11,3.99,0.0,2022-12-16,3.19,25.08
00-506934,13.99,2025-01-01,12.99,7.7,2023-12-31,12.49,12.01,2023-01-25,11.49,21.76
00-891913,1.49,2025-01-24,1.49,0.0,2024-01-19,1.49,0.0,2023-01-17,1.49,0.0
00-391424,2.49,2025-01-30,2.49,0.0,2024-01-05,2.29,8.73,2023-01-05,2.19,13.7
00-776081,2.66,2024-12-05,3.99,-33.33,2024-01-18,3.99,-33.33,,,
00-901441,4.49,2024-02-25,4.19,7.16,2023-11-12,4.19,7.16,2022-12-20,4.19,7.16
00-408416,2.99,2025-01-02,2.99,0.0,2024-01-15,2.79,7.17,2022-12-15,2.49,20.08
00-582139,3.89,2025-01-24,3.89,0.0,2024-01-19,3.89,0.0,2023-01-19,3.79,2.64
00-853160,3.19,2025-01-24,3.19,0.0,2024-01-19,3.19,0.0,2023-02-07,2.99,6.69
00-299170,4.99,2025-01-01,4.99,0.0,2024-01-12,4.99,0.0,2023-02-01,5.49,-9.11
00-745440,9.49,2024-12-19,8.99,5.56,,,,,,
00-965501,2.99,2025-01-16,2.99,0.0,2024-01-18,2.79,7.17,2023-01-19,2.49,20.08
00-381637,1.49,2024-02-15,1.29,15.5,2024-02-01,0.99,50.51,2023-02-04,0.89,67.42
00-703339,0.89,2025-01-30,1.99,-55.28,2023-12-24,1.99,-55.28,2022-11-24,1.99,-55.28
00-760597,17.99,2025-01-01,17.99,0.0,,,,,,
00-696191,2.79,2025-01-30,2.79,0.0,2024-02-01,2.79,0.0,2023-01-26,2.69,3.72
00-706421,2.99,2025-01-05,2.79,7.17,2024-01-06,2.39,25.1,2023-02-07,2.39,25.1
00-581768,1.49,2025-01-30,0.99,50.51,2024-02-01,0.99,50.51,2023-02-02,0.89,67.42
00-569168,11.99,2024-11-24,6.97,72.02,,,,,,
00-754936,2.99,2025-01-24,2.95,1.36,2024-01-19,2.95,1.36,2023-01-17,2.69,11.15
00-910725,6.49,2025-01-01,7.99,-18.77,2023-12-31,7.99,-18.77,2023-01-22,7.99,-18.77
00-433762,2.99,2024-01-12,3.29,-9.12,2024-01-12,3.29,-9.12,2023-01-26,3.29,-9.12
00-729927,2.99,2025-01-24,2.99,0.0,2024-01-19,2.99,0.0,,,
00-860707,2.19,2024-02-25,2.19,0.0,2023-11-12,2.19,0.0,2022-11-13,1.99,10.05
00-727860,1.59,2025-01-30,1.39,14.39,2024-01-19,1.59,0.0,,,
00-706189,1.49,2025-01-30,0.99,50.51,2024-02-01,0.99,50.51,2023-02-02,0.89,67.42
00-716807,2.69,2023-05-17,2.69,0.0,2023-05-17,2.69,0.0,2023-02-02,2.59,3.86
00-406802,4.99,2025-01-30,4.59,8.71,2024-01-21,3.99,25.06,2023-02-02,2.66,87.59
00-938805,7.49,2024-12-24,7.49,0.0,2023-12-28,6.99,7.15,2022-09-04,6.39,17.21
00-910176,15.99,2025-01-30,18.99,-15.8,2024-02-01,12.74,25.51,2023-02-02,13.99,14.3
00-549391,1.99,2024-12-13,1.99,0.0,2023-12-15,1.89,5.29,2023-02-07,1.89,5.29
00-643074,1.29,2025-01-05,1.59,-18.87,2024-01-06,1.59,-18.87,2023-02-02,1.27,1.57
00-734520,1.39,2024-12-13,1.39,0.0,2023-12-05,1.39,0.0,,,
00-14058,2.79,2023-11-30,2.79,0.0,2023-11-30,2.79,0.0,,,
00-381748,2.99,2025-01-24,2.99,0.0,2024-01-19,3.49,-14.33,2023-02-07,3.39,-11.8
00-757803,3.69,2024-02-25,3.69,0.0,2023-12-27,3.69,0.0,2023-02-02,3.89,-5.14
00-900088,3.99,2024-12-05,3.19,25.08,2024-01-19,2.89,38.06,2022-12-06,2.89,38.06
00-356934,6.99,2025-01-16,6.99,0.0,2023-12-31,6.99,0.0,2023-02-02,6.99,0.0
00-808701,1.87,2023-07-10,2.49,-24.9,2023-07-10,2.49,-24.9,2022-10-06,2.19,-14.61
00-294409,2.99,2025-01-24,2.99,0.0,2024-01-19,2.79,7.17,,,
00-726198,3.29,2025-01-24,2.88,14.24,2024-01-19,2.88,14.24,,,
00-527326,3.69,2025-01-24,3.69,0.0,2024-01-19,3.69,0.0,,,
00-916395,3.99,2025-01-24,3.99,0.0,2024-01-19,3.99,0.0,2023-02-04,3.99,0.0
00-346053,2.79,2024-11-07,2.79,0.0,2024-02-01,1.99,40.2,2022-11-27,2.49,12.05
00-768880,5.29,2025-02-04,5.29,0.0,,,,,,
00-939330,15.99,2024-12-25,10.99,45.5,2023-12-25,10.99,45.5,,,
00-738260,2.99,2024-12-01,2.99,0.0,2023-12-07,1.89,58.2,2022-12-09,1.69,76.92
00-723779,3.69,2025-01-24,3.69,0.0,2024-01-19,3.49,5.73,,,
00-464408,9.99,2025-01-01,9.99,0.0,2023-12-31,9.49,5.27,2023-01-22,9.99,0.0
00-864485,4.99,2025-01-24,4.99,0.0,2024-01-19,4.99,0.0,2023-02-07,4.99,0.0
00-754868,17.99,2025-01-07,17.99,0.0,,,,,,
00-471342,6.99,2025-01-05,6.99,0.0,2024-01-06,6.99,0.0,2023-02-07,6.99,0.0
00-305028,3.32,2025-01-30,4.69,-29.21,2024-02-01,2.99,11.04,2023-02-02,4.29,-22.61
00-706429,2.99,2025-01-05,2.79,7.17,2024-01-06,2.39,25.1,2023-02-04,1.79,67.04
00-732240,2.99,2025-01-24,3.99,-25.06,2024-01-30,3.99,-25.06,,,
00-800271,3.99,2025-01-30,2.66,50.0,2024-01-18,3.99,0.0,2023-01-29,3.79,5.28
00-757880,1.99,2025-01-24,1.99,0.0,,,,,,
00-289492,1.59,2024-12-01,1.29,23.26,2024-01-11,1.29,23.26,2022-11-27,0.99,60.61
00-641608,1.79,2022-03-17,1.79,0.0,2022-03-17,1.79,0.0,2022-03-17,1.79,0.0
00-737082,4.39,2024-02-25,4.39,0.0,2023-11-12,4.39,0.0,2022-11-13,4.39,0.0
00-337650,2.39,2025-01-24,2.39,0.0,2024-01-19,2.19,9.13,,,
00-762234,8.29,2025-01-24,8.29,0.0,,,,,,
00-401566,3.79,2025-01-16,3.69,2.71,2024-01-18,3.49,8.6,2023-01-19,3.19,18.81
00-272586,5.99,2025-01-01,5.99,0.0,,,,,,
00-707198,3.49,2024-01-28,3.49,0.0,2024-01-28,3.49,0.0,2022-10-13,2.99,16.72
00-404789,2.69,2024-01-19,2.69,0.0,2024-01-19,2.69,0.0,,,
00-581636,6.69,2024-12-25,6.69,0.0,2023-12-25,6.69,0.0,2023-02-04,6.59,1.52
00-666297,5.49,2024-12-19,5.49,0.0,2023-11-12,4.99,10.02,2022-12-20,4.99,10.02
00-504120,8.94,2025-01-30,8.94,0.0,,,,,,
00-740932,2.99,2025-01-30,4.19,-28.64,,,,,,
00-626714,1.29,2025-01-24,1.29,0.0,2023-12-15,1.29,0.0,2023-02-07,1.39,-7.19
00-810262,7.99,2025-01-01,8.99,-11.12,2023-12-31,9.49,-15.81,2023-01-27,9.99,-20.02
00-486038,2.99,2024-02-25,2.79,7.17,2023-11-12,2.79,7.17,2023-02-04,2.09,43.06
00-739028,6.99,2025-01-24,4.99,40.08,2024-01-23,4.99,40.08,,,
00-745676,5.99,2025-01-01,5.99,0.0,,,,,,
00-612123,4.99,2024-12-01,3.99,25.06,2023-11-08,3.49,42.98,,,
00-431804,7.99,2025-01-01,7.99,0.0,2023-12-31,8.49,-5.89,2023-01-22,7.99,0.0
00-464060,16.99,2025-01-01,16.99,0.0,2023-12-31,16.99,0.0,2022-10-30,16.99,0.0
00-1404,2.39,2025-01-30,2.39,0.0,,,,,,
00-738801,3.29,2025-01-24,3.29,0.0,2023-12-05,3.29,0.0,,,
00-717258,2.19,2023-05-13,1.99,10.05,2023-05-13,1.99,10.05,,,
00-249072,1.99,2025-01-24,1.99,0.0,2024-01-19,1.99,0.0,2023-01-17,1.99,0.0
00-907470,2.79,2025-01-30,2.79,0.0,2024-02-01,2.79,0.0,2023-01-26,2.69,3.72
00-749004,2.19,2025-01-16,2.39,-8.37,,,,,,
00-435242,6.99,2025-01-26,6.49,7.7,2024-01-28,6.99,0.0,,,
00-419026,4.49,2024-02-25,4.49,0.0,2023-12-27,4.49,0.0,2022-12-07,3.79,18.47
00-89247,2.99,2024-08-27,2.79,7.17,2022-12-15,2.99,0.0,2022-12-15,2.99,0.0
00-727923,2.79,2024-12-25,2.79,0.0,2024-01-12,2.75,1.45,,,
00-314229,3.32,2025-01-30,4.69,-29.21,2024-02-01,2.99,11.04,2023-02-02,4.29,-22.61
00-389707,4.49,2025-01-01,4.49,0.0,2023-12-31,4.99,-10.02,2023-01-22,4.49,0.0
00-468065,8.49,2025-01-01,8.49,0.0,2023-12-31,8.49,0.0,2023-01-22,7.49,13.35
00-44725,1.99,2024-10-10,1.89,5.29,2023-10-25,1.79,11.17,2022-08-04,1.49,33.56
00-655408,3.99,2023-08-17,4.39,-9.11,2023-08-17,4.39,-9.11,2023-02-02,2.99,33.44
00-464061,9.99,2025-01-30,8.99,11.12,2024-02-01,7.99,25.03,2023-01-22,9.99,0.0
00-481321,14.99,2025-01-01,14.99,0.0,2023-12-31,13.99,7.15,2023-01-22,13.49,11.12
00-905220,3.49,2025-01-24,3.49,0.0,2023-12-07,3.19,9.4,2022-12-16,3.19,9.4
00-568411,7.69,2025-01-30,7.69,0.0,2024-02-01,7.69,0.0,2022-12-07,6.99,10.01
00-737268,1.79,2025-01-30,1.79,0.0,,,,,,
00-256857,19.49,2025-01-01,19.49,0.0,2023-12-31,19.49,0.0,2023-01-22,16.49,18.19
00-347144,3.69,2024-12-19,3.59,2.79,2024-01-18,3.79,-2.64,2023-02-02,2.79,32.26
00-755241,2.49,2024-12-03,2.69,-7.43,,,,,,
00-361677,2.29,2025-01-24,2.19,4.57,2023-11-02,2.19,4.57,2022-09-22,2.29,0.0
00-342265,8.59,2025-01-30,6.99,22.89,2024-02-01,6.79,26.51,2023-02-02,5.99,43.41
00-731128,1.79,2025-01-30,1.79,0.0,,,,,,
00-721036,3.32,2025-01-30,4.69,-29.21,2024-02-01,2.99,11.04,,,
00-286818,7.99,2024-11-24,4.87,64.07,2023-11-08,5.99,33.39,,,
00-436771,2.24,2025-01-30,1.99,12.56,2023-10-05,1.49,50.34,,,
00-362118,3.39,2025-02-01,3.19,6.27,2024-02-01,3.19,6.27,2022-09-28,1.99,70.35
00-476183,2.24,2025-01-24,2.89,-22.49,2023-12-15,2.79,-19.71,2023-02-07,2.39,-6.28
00-647138,4.89,2025-01-19,4.69,4.26,2024-01-21,4.69,4.26,2023-02-07,4.49,8.91
00-862966,2.39,2024-02-25,2.19,9.13,2023-11-12,2.19,9.13,2022-11-13,1.89,26.46
00-471822,7.99,2025-01-30,7.49,6.68,2024-02-01,8.99,-11.12,2023-02-02,7.49,6.68
00-5561,4.19,2024-12-01,3.99,5.01,2023-12-07,3.79,10.55,2023-02-02,3.79,10.55
00-503671,4.19,2025-01-30,2.79,50.18,2024-02-01,4.19,0.0,2023-02-02,2.66,57.52
00-400106,16.99,2025-01-30,16.99,0.0,2024-02-01,16.99,0.0,2023-01-01,13.99,21.44
00-792143,3.79,2025-01-30,2.49,52.21,2024-01-21,3.39,11.8,2023-01-19,2.99,26.76
00-596662,9.99,2025-01-19,13.59,-26.49,2024-01-21,11.49,-13.05,2023-01-20,10.99,-9.1
00-721024,1.19,2025-01-24,1.19,0.0,2024-01-19,1.19,0.0,,,
00-291889,3.99,2025-01-26,3.79,5.28,2023-07-17,3.79,5.28,2022-11-04,3.69,8.13
00-469078,1.69,2025-01-24,1.49,13.42,2022-10-10,1.49,13.42,2022-10-10,1.49,13.42
00-359979,4.99,2025-01-30,4.59,8.71,2024-01-21,3.99,25.06,2023-02-07,2.66,87.59
00-444832,2.99,2024-12-13,2.49,20.08,2024-01-06,2.49,20.08,,,
00-622662,1.49,2024-01-18,1.29,15.5,2024-01-18,1.29,15.5,2023-02-02,0.89,67.42
00-887050,1.79,2024-10-18,1.79,0.0,2023-10-24,1.59,12.58,2022-12-28,1.49,20.13
00-647162,1.99,2025-01-24,1.99,0.0,2023-11-09,1.99,0.0,2022-12-07,1.99,0.0
00-469799,5.29,2025-01-30,5.29,0.0,2024-02-01,5.29,0.0,2023-02-02,5.19,1.93
00-700816,89.9,2025-01-01,89.9,0.0,2023-12-31,65.9,36.42,2023-01-01,57.9,55.27
00-760095,4.49,2025-01-24,1.99,125.63,,,,,,
00-623224,2.19,2024-08-14,2.19,0.0,2022-12-15,2.29,-4.37,2022-12-15,2.29,-4.37
00-716252,2.49,2025-01-24,2.49,0.0,2024-01-19,2.49,0.0,2023-02-04,1.87,33.16
00-958365,5.49,2025-01-16,4.99,10.02,2023-07-20,4.49,22.27,2022-09-08,6.49,-15.41
00-412727,2.99,2025-01-01,3.29,-9.12,2023-12-31,2.99,0.0,2023-01-22,2.99,0.0
00-343636,1.39,2024-10-26,1.39,0.0,2023-12-26,1.39,0.0,,,
00-728595,0.99,2025-01-24,0.99,0.0,2024-01-19,0.99,0.0,,,
00-575545,1.69,2024-12-05,1.69,0.0,2024-01-18,1.76,-3.98,2022-08-05,1.69,0.0
00-784725,7.99,2021-04-07,7.49,6.68,2021-04-07,7.49,6.68,2021-04-07,7.49,6.68
00-386321,2.49,2025-01-24,2.49,0.0,2023-09-07,2.69,-7.43,2023-02-02,2.15,15.81
00-292485,3.39,2025-01-17,3.29,3.04,2024-02-01,2.95,14.92,2023-02-04,2.69,26.02
00-461868,7.59,2025-01-01,7.49,1.34,2023-12-25,7.49,1.34,,,
00-905481,2.19,2024-02-25,2.19,0.0,2023-12-27,2.19,0.0,2022-11-13,2.19,0.0
00-306642,1.49,2025-01-30,2.29,-34.93,2024-01-25,2.39,-37.66,2023-02-02,1.49,0.0
00-4551,3.19,2024-02-25,3.19,0.0,2023-12-27,3.19,0.0,2022-11-13,2.59,23.17
00-389019,4.99,2023-09-27,4.99,0.0,2023-09-27,4.99,0.0,,,
00-742190,2.79,2025-01-24,2.79,0.0,2024-01-19,2.79,0.0,2023-01-17,2.69,3.72
00-575402,2.59,2024-06-20,2.49,4.02,2023-06-06,2.49,4.02,2022-12-01,2.39,8.37
00-117622,2.49,2024-06-20,2.49,0.0,2023-12-27,2.49,0.0,,,
00-906850,1.49,2025-01-24,1.49,0.0,2024-01-19,1.49,0.0,2023-01-26,1.49,0.0
00-736977,1.99,2024-12-01,1.99,0.0,,,,,,
00-491848,6.49,2025-01-16,5.99,8.35,2023-12-07,3.99,62.66,2022-11-27,4.09,58.68
00-23483,1.49,2025-01-24,1.49,0.0,2024-01-19,1.49,0.0,2023-01-26,1.49,0.0
00-606263,1.89,2025-01-24,1.89,0.0,2024-01-19,1.89,0.0,2023-02-07,1.69,11.83
00-393224,2.69,2024-10-26,2.59,3.86,2023-12-07,2.59,3.86,2022-11-27,2.49,8.03
00-832527,2.99,2023-06-12,3.79,-21.11,2023-06-12,3.79,-21.11,2023-01-19,3.69,-18.97
00-447861,2.66,2025-01-26,3.99,-33.33,2024-01-28,3.99,-33.33,2023-02-02,3.99,-33.33
00-732586,5.99,2024-12-25,5.99,0.0,2024-01-12,5.79,3.45,,,
00-721384,3.49,2025-01-05,3.79,-7.92,2024-01-06,3.49,0.0,,,
00-433753,2.19,2025-01-24,2.19,0.0,2023-11-09,2.19,0.0,2022-05-24,2.19,0.0
00-732067,3.99,2025-01-30,6.19,-35.54,2024-02-01,5.99,-33.39,,,
00-292370,3.99,2024-02-25,3.99,0.0,2023-12-27,3.99,0.0,2022-11-13,3.39,17.7
00-345123,2.49,2025-01-30,2.49,0.0,2024-02-01,2.49,0.0,2023-01-12,1.87,33.16
00-418045,3.99,2024-10-13,4.19,-4.77,2023-12-08,4.49,-11.14,,,
00-102421,2.29,2024-12-19,2.29,0.0,2023-11-12,2.19,4.57,2022-11-13,1.79,27.93
00-463737,2.29,2025-01-19,2.29,0.0,2024-01-21,2.29,0.0,,,
00-727139,9.99,2025-01-01,9.99,0.0,2024-01-01,9.99,0.0,,,
00-422289,4.99,2024-12-19,4.99,0.0,2023-12-31,4.99,0.0,2023-02-02,4.99,0.0
00-505902,4.79,2025-01-30,4.69,2.13,2024-02-01,3.49,37.25,2022-12-19,4.19,14.32
00-731559,2.29,2024-10-26,2.29,0.0,2023-12-07,2.29,0.0,,,
00-760632,2.19,2025-01-05,2.49,-12.05,,,,,,
00-398326,2.79,2025-02-06,2.39,16.74,2024-01-19,2.69,3.72,2023-02-07,2.35,18.72
00-301490,4.59,2025-01-24,4.59,0.0,2023-12-15,4.59,0.0,,,
00-758481,1.49,2025-01-21,1.99,-25.13,,,,,,
00-732074,10.99,2025-02-06,9.99,10.01,2023-12-14,10.99,0.0,,,
00-2778,1.99,2025-01-02,2.99,-33.44,2024-01-15,2.79,-28.67,2023-01-02,2.49,-20.08
00-958276,3.29,2024-12-25,3.29,0.0,2024-01-12,3.79,-13.19,2023-01-12,3.49,-5.73
00-961672,0.99,2025-01-24,0.99,0.0,2024-01-19,0.99,0.0,2023-01-17,1.29,-23.26
00-741194,3.99,2025-01-30,6.19,-35.54,2024-02-01,5.99,-33.39,2023-02-02,5.99,-33.39
00-433589,5.99,2025-01-01,5.99,0.0,2023-12-31,5.99,0.0,2023-01-08,5.49,9.11
00-577063,1.79,2025-01-01,1.99,-10.05,2023-12-31,1.69,5.92,2023-01-22,1.65,8.48
00-965583,0.89,2025-01-21,0.89,0.0,2023-11-09,0.89,0.0,2022-12-07,0.79,12.66
00-741909,3.49,2025-01-30,3.49,0.0,,,,,,
00-341025,3.59,2025-01-24,3.59,0.0,2024-01-19,3.59,0.0,2023-02-07,3.99,-10.03
00-593772,14.9,2024-11-21,19.9,-25.13,2024-01-11,19.9,-25.13,2022-10-13,18.9,-21.16
00-723487,2.79,2025-01-24,2.79,0.0,2024-01-19,2.79,0.0,,,
00-417693,4.99,2025-01-24,4.99,0.0,2024-01-19,5.29,-5.67,2022-12-16,5.29,-5.67
00-668835,7.99,2025-01-30,5.99,33.39,2024-02-01,5.49,45.54,2023-02-02,6.49,23.11
00-830113,3.74,2025-01-24,4.79,-21.92,2024-01-19,4.79,-21.92,2023-02-02,4.19,-10.74
00-389584,2.99,2025-01-16,2.39,25.1,2023-12-31,2.39,25.1,2023-02-02,2.19,36.53
00-306123,3.99,2024-12-19,3.95,1.01,2023-09-20,4.49,-11.14,,,
00-528641,3.49,2024-10-24,3.29,6.08,2023-08-17,3.39,2.95,2023-02-02,3.19,9.4
00-792815,2.99,2024-01-18,3.99,-25.06,2024-01-18,3.99,-25.06,2022-11-24,3.99,-25.06
00-317726,0.8,2025-01-24,1.49,-46.31,2024-01-19,1.39,-42.45,2023-02-07,1.29,-37.98
00-6671,1.87,2024-05-23,2.29,-18.34,2023-11-09,2.19,-14.61,2022-12-01,2.19,-14.61
00-468649,19.99,2024-12-13,19.99,0.0,2023-12-15,19.99,0.0,2023-02-04,14.24,40.38
00-869038,2.19,2025-01-24,1.79,22.35,2024-01-19,1.79,22.35,2023-01-19,1.69,29.59
00-721359,4.99,2025-01-01,4.99,0.0,2024-02-06,5.49,-9.11,,,
00-454868,9.99,2025-01-01,9.99,0.0,2023-12-31,9.99,0.0,2023-01-22,8.99,11.12
00-609810,2.99,2024-04-25,2.99,0.0,2023-12-27,2.99,0.0,,,
00-679528,3.49,2025-01-30,2.79,25.09,,,,,,
00-580397,3.69,2024-12-19,3.59,2.79,2024-01-18,3.79,-2.64,2023-02-04,2.79,32.26
00-890742,3.99,2025-01-24,3.69,8.13,2024-02-01,3.69,8.13,2023-01-29,3.49,14.33
00-381842,2.59,2024-10-24,2.39,8.37,2023-11-23,2.39,8.37,,,
00-747940,2.39,2025-01-24,1.99,20.1,,,,,,
00-713177,0.89,2025-01-23,0.89,0.0,2024-01-06,0.89,0.0,,,
00-7275,2.12,2025-01-16,3.49,-39.26,2024-01-18,2.99,-29.1,2023-02-02,1.49,42.28
00-460607,1.89,2025-02-01,1.79,5.59,,,,,,
00-401326,2.19,2025-01-01,1.99,10.05,2023-12-31,2.19,0.0,2023-01-22,1.99,10.05
00-249464,5.49,2024-12-01,4.29,27.97,2023-12-01,2.99,83.61,,,
00-426394,2.79,2024-11-12,2.69,3.72,,,,,,
00-507309,2.66,2025-01-24,3.99,-33.33,2023-12-07,3.99,-33.33,2023-01-20,3.99,-33.33
00-733634,1.99,2025-01-24,1.99,0.0,,,,,,
00-513169,6.99,2024-12-25,6.99,0.0,2023-12-25,6.99,0.0,,,
00-701927,2.49,2025-01-24,1.66,50.0,2024-01-19,2.49,0.0,,,
00-387511,2.19,2023-10-21,2.19,0.0,2023-10-21,2.19,0.0,2022-11-20,2.19,0.0
00-730948,3.99,2025-01-30,6.19,-35.54,2024-02-01,5.99,-33.39,,,
00-739626,1.89,2025-01-24,1.69,11.83,,,,,,
00-89511,2.49,2021-10-23,2.49,0.0,2021-10-23,2.49,0.0,2021-10-23,2.49,0.0
00-486486,2.09,2024-12-13,2.59,-19.31,2023-12-15,2.49,-16.06,2023-02-07,2.19,-4.57
00-397814,2.19,2025-01-14,1.89,15.87,2022-12-01,1.89,15.87,2022-12-01,1.89,15.87
00-726267,1.99,2025-01-30,1.89,5.29,2024-01-25,1.89,5.29,,,
00-607880,36.99,2024-12-05,29.99,23.34,2024-02-01,29.99,23.34,2023-02-07,31.49,17.47
00-430707,2.99,2024-11-24,2.24,33.48,2023-11-08,2.99,0.0,,,
00-717951,6.49,2025-01-24,5.99,8.35,2024-01-19,5.99,8.35,,,
00-600871,1.72,2025-01-24,2.29,-24.89,2023-04-22,2.29,-24.89,2022-12-01,2.19,-21.46
00-718247,2.29,2025-01-24,2.29,0.0,2023-12-07,2.29,0.0,,,
00-385014,2.59,2025-01-30,1.32,96.21,2024-02-01,1.49,73.83,2023-02-04,1.23,110.57
00-372436,3.49,2024-12-25,4.29,-18.65,2024-01-12,4.29,-18.65,2023-02-02,3.99,-12.53
00-735503,5.99,2024-11-21,5.99,0.0,2023-12-07,6.15,-2.6,,,
00-284769,19.99,2025-01-30,12.99,53.89,2024-02-01,9.99,100.1,,,
00-696599,1.45,2024-12-25,1.39,4.32,2023-12-25,1.39,4.32,2023-01-29,1.39,4.32
00-859803,1.99,2024-12-13,1.99,0.0,2023-12-15,1.89,5.29,2023-02-07,1.79,11.17
00-458672,6.49,2025-01-05,6.49,0.0,2024-01-06,6.49,0.0,2023-01-02,5.99,8.35
00-584786,3.49,2025-01-24,3.49,0.0,2024-01-19,2.99,16.72,2023-01-19,2.99,16.72
00-428014,2.99,2023-06-21,2.99,0.0,2023-06-21,2.99,0.0,2022-11-30,2.89,3.46
00-288669,2.99,2025-01-30,2.99,0.0,2024-02-01,2.79,7.17,2023-01-01,2.79,7.17
00-742144,2.99,2025-01-01,2.99,0.0,,,,,,
00-196949,1.49,2023-03-02,1.99,-25.13,2023-03-02,1.99,-25.13,2022-10-06,1.79,-16.76
00-417950,9.99,2024-12-19,8.99,11.12,2023-12-28,6.29,58.82,2023-02-02,4.49,122.49
00-414901,1.79,2024-12-25,1.19,50.42,2023-12-25,1.19,50.42,2022-10-06,1.29,38.76
00-619012,2.49,2025-01-24,2.49,0.0,2023-12-07,2.49,0.0,2022-11-27,2.39,4.18
00-418801,3.99,2025-01-30,3.99,0.0,2024-01-18,3.69,8.13,2023-02-02,3.69,8.13
00-906353,2.29,2025-01-24,2.29,0.0,2023-12-07,2.29,0.0,2022-12-20,2.29,0.0
00-508963,14.99,2024-12-01,14.99,0.0,2023-12-07,11.99,25.02,,,
00-964664,2.49,2024-01-10,2.39,4.18,2024-01-10,2.39,4.18,2023-01-04,2.19,13.7
00-439641,22.5,2025-02-02,21.9,2.74,2023-09-22,20.9,7.66,2022-11-10,21.9,2.74
00-960223,2.49,2025-01-16,2.49,0.0,2023-10-21,2.49,0.0,,,
00-465667,3.99,2024-11-28,7.29,-45.27,2024-01-29,7.19,-44.51,2023-01-29,6.99,-42.92
00-435846,9.99,2024-12-19,8.97,11.37,2023-12-28,6.87,45.41,2022-12-19,5.67,76.19
00-469834,3.19,2025-01-24,3.19,0.0,2024-01-19,3.19,0.0,2023-01-17,3.19,0.0
00-838349,2.29,2025-01-24,2.29,0.0,2023-06-21,2.29,0.0,2022-12-19,2.09,9.57
00-693076,6.99,2024-11-17,6.99,0.0,2023-12-27,7.29,-4.12,2023-01-29,6.99,0.0
00-311187,5.99,2025-01-01,5.99,0.0,2023-12-31,5.99,0.0,2023-01-22,5.99,0.0
00-482894,3.29,2024-11-21,3.19,3.13,2024-01-02,3.29,0.0,2023-01-06,2.99,10.03
00-848810,1.99,2025-01-24,1.99,0.0,2024-01-19,2.19,-9.13,2023-01-19,1.79,11.17
00-487050,16.99,2025-01-01,16.99,0.0,2023-12-31,16.99,0.0,2023-02-04,16.99,0.0
00-250376,4.79,2025-01-24,3.99,20.05,2024-01-19,3.99,20.05,2023-02-07,3.39,41.3
00-621110,5.39,2025-01-30,3.49,54.44,2024-02-01,3.33,61.86,2023-02-04,2.99,80.27
00-893889,11.99,2025-01-26,14.49,-17.25,2024-01-28,11.99,0.0,2022-07-27,8.49,41.22
00-708861,4.79,2024-12-19,4.99,-4.01,2023-12-24,4.89,-2.04,2022-12-25,3.99,20.05
00-300552,11.99,2025-01-01,11.99,0.0,2023-12-31,11.99,0.0,2023-01-22,11.99,0.0
00-866002,2.69,2024-02-25,2.49,8.03,2023-12-14,2.49,8.03,2023-02-07,1.99,35.18
00-932443,2.99,2024-12-26,2.99,0.0,2023-07-13,2.69,11.15,2022-12-25,2.19,36.53
00-703364,2.85,2025-01-05,2.79,2.15,2024-01-06,2.69,5.95,2023-02-07,2.29,24.45
00-609474,3.99,2025-02-06,5.59,-28.62,2023-11-09,5.39,-25.97,2022-12-07,4.99,-20.04
00-939231,1.34,2023-11-16,1.69,-20.71,2023-11-16,1.69,-20.71,2022-12-30,1.69,-20.71
00-779304,3.79,2025-01-24,3.49,8.6,2024-01-19,3.49,8.6,2023-01-17,3.19,18.81
00-181040,5.99,2025-01-02,5.99,0.0,2024-01-15,5.59,7.16,2022-07-14,4.99,20.04
00-475370,1.39,2025-01-09,1.39,0.0,2023-09-25,1.39,0.0,2023-02-06,1.39,0.0
00-947979,3.69,2024-12-13,3.69,0.0,2024-01-12,3.59,2.79,,,
00-747932,3.99,2025-01-19,3.99,0.0,,,,,,
00-404151,2.19,2024-12-25,2.19,0.0,2023-12-25,2.19,0.0,2022-07-30,1.79,22.35
00-821772,11.69,2024-07-14,11.69,0.0,2023-12-30,12.79,-8.6,2023-02-04,12.49,-6.41
00-160796,3.99,2024-01-19,3.99,0.0,2024-01-19,3.99,0.0,2023-01-17,3.49,14.33
00-379919,5.49,2024-12-19,5.49,0.0,2023-11-12,4.99,10.02,2022-12-20,4.99,10.02
00-443642,3.29,2025-01-24,3.29,0.0,2024-02-01,3.29,0.0,2023-01-17,2.99,10.03
00-539063,1.29,2025-01-24,1.29,0.0,2024-02-05,1.29,0.0,2023-01-26,1.29,0.0
00-299053,23.99,2025-01-30,23.99,0.0,2024-02-01,23.99,0.0,2023-01-01,22.99,4.35
00-722495,3.49,2025-01-24,3.49,0.0,2024-01-12,3.49,0.0,,,
00-858429,1.99,2023-08-10,1.99,0.0,2023-08-10,1.99,0.0,2018-10-03,1.99,0.0
00-303805,2.29,2025-01-24,2.29,0.0,2024-01-19,2.29,0.0,2023-02-07,2.19,4.57
00-666666,4.99,2025-01-16,4.99,0.0,2024-01-18,4.99,0.0,2023-02-02,2.49,100.4
00-247049,2.59,2024-10-26,2.49,4.02,2024-01-05,2.49,4.02,,,
00-610682,2.49,2025-01-30,2.49,0.0,2024-01-19,2.39,4.18,2023-01-17,2.19,13.7
00-577686,2.49,2025-01-24,2.49,0.0,2024-01-19,2.49,0.0,2023-02-07,2.49,0.0
00-644876,3.19,2025-02-04,2.99,6.69,2024-01-12,2.69,18.59,2017-04-05,1.59,100.63
00-749619,2.69,2025-01-24,2.69,0.0,,,,,,
00-682312,14.99,2025-01-01,14.99,0.0,2023-12-31,14.99,0.0,2023-02-02,8.66,73.09
00-823791,2.79,2025-01-24,3.69,-24.39,2024-01-19,1.85,50.81,2021-03-18,2.49,12.05
00-875453,4.99,2025-01-26,4.99,0.0,2024-02-01,4.79,4.18,2023-01-29,4.49,11.14
00-738461,0.85,2025-01-24,0.85,0.0,,,,,,
00-411657,1.69,2025-01-24,1.69,0.0,,,,,,
00-868292,2.99,2024-08-30,2.99,0.0,2023-05-13,2.69,11.15,2022-11-29,2.59,15.44
00-389582,6.49,2025-01-24,6.29,3.18,2024-02-01,6.29,3.18,2023-01-29,5.99,8.35
00-872071,3.29,2025-01-30,3.29,0.0,2024-02-01,3.29,0.0,2023-02-02,3.29,0.0
00-828374,1.64,2025-01-16,2.19,-25.11,2023-12-01,1.99,-17.59,,,
00-618862,2.79,2023-12-07,2.79,0.0,2023-12-07,2.79,0.0,2023-02-04,2.79,0.0
00-491618,2.47,2025-01-24,3.29,-24.92,2024-01-19,3.29,-24.92,2023-01-17,3.19,-22.57
00-406847,3.99,2025-01-24,3.99,0.0,2023-11-05,3.99,0.0,2023-01-29,3.89,2.57
00-1317,5.49,2025-01-01,5.49,0.0,2023-12-31,5.99,-8.35,2023-01-26,5.49,0.0
00-350876,3.89,2024-01-19,3.89,0.0,2024-01-19,3.89,0.0,2023-01-17,3.49,11.46
00-503232,4.39,2024-10-13,3.99,10.03,2024-01-12,4.39,0.0,2023-01-26,4.39,0.0
00-572271,2.24,2023-09-27,2.99,-25.08,2023-09-27,2.99,-25.08,,,
00-735494,5.99,2024-11-22,5.99,0.0,2023-12-07,6.15,-2.6,,,
00-965115,12.99,2024-02-16,8.99,44.49,2024-01-28,11.99,8.34,2023-02-07,12.99,0.0
00-959625,3.99,2025-01-24,3.99,0.0,2024-01-19,3.79,5.28,2023-01-17,3.39,17.7
00-426279,2.39,2025-01-24,2.39,0.0,2023-07-10,2.39,0.0,2022-05-31,2.29,4.37
00-728021,3.19,2025-01-24,2.99,6.69,,,,,,
00-742576,3.99,2025-01-30,3.99,0.0,,,,,,
00-719832,5.99,2018-09-20,4.99,20.04,2018-09-20,4.99,20.04,2018-09-20,4.99,20.04
00-438788,3.49,2025-01-24,3.29,6.08,2024-01-19,2.99,16.72,2022-12-01,2.79,25.09
00-346882,29.99,2024-12-05,19.99,50.03,2023-12-31,18.99,57.93,2023-01-01,15.99,87.55
00-317827,2.62,2024-01-19,3.49,-24.93,2024-01-19,3.49,-24.93,2023-02-04,2.39,9.62
00-474937,5.99,2025-01-01,5.99,0.0,2023-12-31,5.99,0.0,,,
00-721023,1.29,2025-01-05,1.29,0.0,2024-01-06,1.19,8.4,,,
00-317927,1.99,2025-01-30,1.99,0.0,2024-02-01,1.99,0.0,2023-02-04,2.69,-26.02
00-857974,4.99,2025-01-26,6.99,-28.61,2024-01-28,5.99,-16.69,2022-12-15,3.99,25.06
00-432072,2.65,2024-01-02,2.49,6.43,2024-01-02,2.49,6.43,2023-01-26,2.29,15.72
00-658640,2.59,2024-12-13,2.49,4.02,2024-01-12,1.79,44.69,2023-02-07,1.69,53.25
00-517509,2.99,2025-01-30,2.79,7.17,2024-02-01,2.49,20.08,2023-02-04,2.39,25.1
00-451715,14.99,2025-01-01,14.99,0.0,2023-12-31,14.99,0.0,,,
00-905420,6.39,2025-01-16,6.29,1.59,2024-01-18,6.29,1.59,2023-02-02,5.29,20.79
00-424772,3.89,2024-12-01,3.19,21.94,2023-12-07,3.19,21.94,2022-11-27,2.69,44.61
00-715991,1.69,2025-01-24,1.69,0.0,2024-01-19,1.49,13.42,2023-02-07,1.49,13.42
00-756880,4.99,2025-01-26,5.99,-16.69,,,,,,
00-606627,3.99,2024-02-18,3.89,2.57,2023-02-09,3.89,2.57,2022-06-20,3.49,14.33
00-912453,29.99,2025-01-01,29.99,0.0,2023-12-31,29.99,0.0,2023-01-26,29.99,0.0
00-2396,3.29,2025-01-30,3.29,0.0,2024-02-01,3.29,0.0,2023-02-02,3.29,0.0
00-897422,7.99,2024-12-19,7.99,0.0,2023-12-27,8.49,-5.89,2022-12-01,7.99,0.0
00-317711,1.49,2025-01-24,1.49,0.0,2024-01-19,1.69,-11.83,2023-02-07,1.69,-11.83
00-595783,1.59,2025-01-24,1.59,0.0,2024-01-19,1.59,0.0,,,
00-19876,1.87,2025-01-01,2.49,-24.9,2023-12-31,2.49,-24.9,2023-02-02,1.99,-6.03
00-614516,1.99,2025-01-30,1.99,0.0,2024-02-01,1.99,0.0,2022-10-13,1.79,11.17
00-584785,3.49,2025-01-24,3.49,0.0,2024-01-19,2.99,16.72,2023-01-17,2.99,16.72
00-400134,16.99,2025-01-01,16.99,0.0,2024-01-22,15.99,6.25,2023-02-02,14.99,13.34
00-383205,2.99,2025-01-16,2.39,25.1,2023-12-31,2.39,25.1,2023-02-02,2.19,36.53
00-818754,3.59,2025-01-24,3.49,2.87,2023-10-25,3.49,2.87,2023-01-01,3.49,2.87
00-812750,3.69,2025-01-19,3.69,0.0,2024-01-21,3.69,0.0,2023-02-07,3.59,2.79
00-388605,1.99,2022-07-07,1.99,0.0,2022-07-07,1.99,0.0,2022-07-07,1.99,0.0
00-966091,8.49,2025-01-24,8.49,0.0,2023-12-27,8.49,0.0,2023-01-29,7.99,6.26
00-9655,7.99,2025-01-01,6.99,14.31,,,,,,
00-740930,2.99,2025-01-30,4.19,-28.64,,,,,,
00-721832,2.69,2025-01-30,2.69,0.0,2024-02-01,2.49,8.03,,,
00-665314,6.99,2025-01-01,6.99,0.0,2024-01-01,6.99,0.0,2023-02-02,6.99,0.0
00-6198,1.49,2025-01-01,1.49,0.0,2023-12-31,1.49,0.0,2023-01-26,1.49,0.0
00-466447,2.99,2025-01-30,3.49,-14.33,2023-12-27,3.99,-25.06,2023-02-02,2.69,11.15
00-1841,2.19,2025-01-30,1.59,37.74,2024-02-01,1.19,84.03,2023-02-02,1.39,57.55
00-490047,4.19,2025-01-24,4.19,0.0,2024-01-19,4.19,0.0,2023-02-07,3.99,5.01
00-729425,2.99,2025-01-24,2.99,0.0,2024-01-19,2.99,0.0,,,
00-247262,0.79,2025-01-24,0.79,0.0,2024-02-05,0.79,0.0,2022-11-30,0.66,19.7
00-6719,13.49,2025-01-01,13.49,0.0,2024-02-01,9.99,35.04,2023-01-01,12.49,8.01
00-633140,2.66,2024-12-05,3.99,-33.33,2024-01-18,3.99,-33.33,2023-02-02,3.99,-33.33
00-461791,12.99,2025-01-01,12.99,0.0,2023-12-31,11.99,8.34,2023-02-03,8.24,57.65
00-395824,2.59,2025-01-02,2.59,0.0,2023-10-25,2.79,-7.17,2023-01-26,2.69,-3.72
00-242344,3.79,2025-01-30,2.49,52.21,2024-01-21,3.39,11.8,2023-01-19,2.99,26.76
00-713178,0.89,2025-01-24,0.89,0.0,2024-01-06,0.89,0.0,,,
00-939568,3.99,2025-01-24,4.29,-6.99,2024-01-11,4.29,-6.99,2022-12-30,4.19,-4.77
00-300197,3.49,2025-01-24,3.49,0.0,2024-01-12,3.49,0.0,2022-11-20,2.69,29.74
00-319375,4.99,2025-01-30,4.29,16.32,2024-02-01,2.99,66.89,2023-02-02,3.89,28.28
00-320031,1.49,2024-12-25,2.19,-31.96,2023-12-30,2.19,-31.96,2022-12-07,1.99,-25.13
00-439995,31.9,2024-06-20,31.9,0.0,2024-02-01,29.9,6.69,2022-12-25,29.9,6.69
00-742250,2.69,2025-01-24,2.49,8.03,,,,,,
00-724884,1.49,2025-01-24,1.49,0.0,2024-02-06,1.29,15.5,,,
00-429180,11.49,2025-01-30,8.99,27.81,2024-01-18,5.99,91.82,2023-02-02,7.99,43.8
00-904480,1.99,2023-02-23,1.99,0.0,2023-02-23,1.99,0.0,2022-10-13,1.89,5.29
00-742520,3.39,2024-12-19,3.49,-2.87,,,,,,
00-307583,6.99,2025-01-16,6.99,0.0,2023-12-31,6.99,0.0,2023-02-02,6.99,0.0
00-376202,2.99,2024-04-25,2.99,0.0,2023-12-27,2.99,0.0,2022-11-21,2.39,25.1
00-72372,19.99,2025-01-01,18.99,5.27,2023-12-31,18.99,5.27,2023-01-01,15.99,25.02
00-464810,3.49,2025-01-24,3.49,0.0,2024-01-19,3.49,0.0,2022-06-15,3.29,6.08
00-866693,6.99,2024-11-17,6.99,0.0,2023-12-27,7.29,-4.12,2023-01-29,6.99,0.0
00-4951,3.39,2025-01-02,3.39,0.0,2018-06-07,2.99,13.38,2018-06-07,2.99,13.38
00-736271,3.99,2025-01-30,3.99,0.0,2024-02-01,3.99,0.0,2023-02-02,3.99,0.0
00-304679,8.49,2025-01-01,8.49,0.0,2023-12-31,8.99,-5.56,2023-01-22,8.99,-5.56
00-700464,2.19,2025-01-24,2.19,0.0,2024-01-19,2.19,0.0,2023-01-12,1.34,63.43
00-439136,11.99,2024-12-01,9.29,29.06,2023-12-24,8.99,33.37,,,
00-706432,2.99,2025-01-05,2.79,7.17,2024-01-06,2.39,25.1,2023-02-07,2.39,25.1
00-542989,0.99,2025-01-24,0.99,0.0,2023-05-28,0.99,0.0,2022-10-13,1.09,-9.17
00-741898,15.49,2025-01-19,12.49,24.02,,,,,,
00-946064,2.29,2024-10-26,2.19,4.57,2023-12-07,2.19,4.57,2022-11-29,2.19,4.57
00-779391,1.99,2025-01-30,1.99,0.0,2024-02-01,1.99,0.0,2022-10-02,1.39,43.17
00-504424,4.19,2024-12-01,3.89,7.71,2024-01-08,3.69,13.55,2023-01-19,3.19,31.35
00-480798,7.99,2025-01-01,7.99,0.0,2023-12-31,7.99,0.0,2023-02-02,7.99,0.0
00-425413,1.59,2024-10-08,2.79,-43.01,2024-01-18,1.99,-20.1,2023-01-19,2.39,-33.47
00-727217,3.49,2025-01-24,3.49,0.0,2024-01-19,3.49,0.0,,,
00-610842,1.99,2023-12-14,1.99,0.0,2023-12-14,1.99,0.0,2022-12-07,1.99,0.0
00-482868,22.99,2025-01-01,22.99,0.0,2023-12-31,22.99,0.0,2023-02-01,21.99,4.55
00-615090,4.49,2025-01-30,2.79,60.93,2024-02-01,1.89,137.57,2023-02-02,1.79,150.84
00-964079,2.69,2024-01-19,2.69,0.0,2024-01-19,2.69,0.0,2021-08-04,2.69,0.0
00-716139,1.69,2025-01-24,1.69,0.0,,,,,,
00-478231,11.99,2025-01-01,10.99,9.1,2023-12-31,10.99,9.1,,,
00-21399,3.39,2025-01-30,3.99,-15.04,2024-02-01,3.49,-2.87,2023-02-02,3.29,3.04
00-747893,6.39,2024-01-18,6.29,1.59,2024-01-18,6.29,1.59,2023-02-02,5.29,20.79
00-505645,16.99,2024-12-01,11.99,41.7,,,,,,
00-409610,3.99,2024-12-01,3.29,21.28,2023-12-01,2.24,78.12,,,
00-728253,1.99,2025-01-24,1.99,0.0,2024-01-19,1.99,0.0,,,
00-961694,2.99,2025-01-24,2.99,0.0,2024-01-19,2.99,0.0,2022-10-06,2.99,0.0
00-435076,2.99,2025-01-24,2.99,0.0,2023-12-25,2.99,0.0,2022-10-04,2.49,20.08
00-750772,1.79,2024-11-08,1.79,0.0,,,,,,
00-572931,3.49,2025-01-17,3.49,0.0,2024-01-25,2.79,25.09,2022-12-16,2.49,40.16
00-614745,3.99,2025-01-01,4.99,-20.04,2024-01-01,4.99,-20.04,2023-01-22,4.99,-20.04
00-646295,2.66,2024-12-05,3.99,-33.33,2024-01-18,3.99,-33.33,2023-02-02,3.99,-33.33
00-480834,2.99,2025-01-01,2.99,0.0,2023-12-31,2.99,0.0,2023-01-22,2.99,0.0
00-437684,1.69,2025-01-30,1.39,21.58,2024-02-01,1.39,21.58,2023-02-02,1.29,31.01
00-531109,23.99,2025-01-01,29.99,-20.01,2024-02-01,25.99,-7.7,2023-01-01,27.99,-14.29
00-338994,2.79,2025-01-02,2.79,0.0,2024-01-01,2.49,12.05,2023-01-01,1.89,47.62
00-733944,2.99,2025-01-24,2.99,0.0,2024-01-19,2.99,0.0,,,
00-699649,1.49,2022-05-26,1.49,0.0,2022-05-26,1.49,0.0,2022-05-26,1.49,0.0
00-738458,1.09,2025-01-05,1.09,0.0,,,,,,
00-469926,3.49,2025-01-30,3.29,6.08,2024-02-01,3.29,6.08,,,
00-451841,2.29,2024-08-29,2.99,-23.41,2023-10-01,2.99,-23.41,2022-09-22,2.69,-14.87
00-410943,3.99,2025-01-30,3.99,0.0,2024-02-01,3.99,0.0,2023-02-02,3.99,0.0
00-775377,2.47,2025-01-30,3.29,-24.92,2024-01-18,3.29,-24.92,2023-01-19,3.19,-22.57
00-722497,3.49,2025-01-24,3.49,0.0,2024-01-19,3.49,0.0,,,
00-264548,3.99,2025-01-30,2.66,50.0,2024-01-18,3.99,0.0,,,
00-725638,17.99,2025-01-30,14.99,20.01,2024-02-07,17.99,0.0,,,
00-381847,3.99,2025-01-30,4.99,-20.04,2023-10-01,4.99,-20.04,,,
00-715254,2.99,2025-01-24,3.99,-25.06,2023-02-09,3.99,-25.06,,,
00-769828,1.69,2025-01-30,1.69,0.0,,,,,,
00-565261,2.69,2025-01-16,2.69,0.0,2024-02-01,2.59,3.86,2022-12-19,2.29,17.47
00-876425,2.79,2024-12-25,2.69,3.72,2024-01-12,2.59,7.72,2022-07-28,2.99,-6.69
00-595510,3.49,2025-01-17,3.49,0.0,2024-01-25,2.79,25.09,2023-01-03,2.49,40.16
00-289762,2.24,2025-02-06,2.99,-25.08,2024-01-12,3.49,-35.82,2022-12-17,2.99,-25.08
00-516764,3.99,2024-02-25,3.99,0.0,2023-11-12,3.99,0.0,2022-11-13,3.99,0.0
00-797818,2.19,2025-01-30,1.59,37.74,2024-02-01,1.19,84.03,2023-02-02,1.39,57.55
00-730543,12.99,2024-10-24,25.99,-50.02,2023-10-21,25.99,-50.02,,,
00-29766,10.49,2025-01-30,7.99,31.29,2024-02-01,5.24,100.19,2023-02-02,6.99,50.07
00-864945,7.79,2025-01-23,7.39,5.41,2023-11-12,3.14,148.09,2022-11-13,3.14,148.09
00-902655,2.79,2024-12-05,2.49,12.05,2024-01-18,2.49,12.05,2022-12-06,2.39,16.74
00-643067,1.29,2025-01-05,1.59,-18.87,2024-01-06,1.59,-18.87,2023-02-02,1.27,1.57
00-337992,7.99,2025-01-01,7.49,6.68,,,,,,
00-527330,3.69,2025-01-24,3.69,0.0,2024-01-19,3.69,0.0,,,
00-500719,5.99,2024-12-19,4.99,20.04,2023-12-28,3.79,58.05,2022-09-04,3.19,87.77
00-492386,9.49,2025-01-01,9.49,0.0,2024-01-18,9.49,0.0,2023-01-25,8.79,7.96
00-872697,5.49,2025-01-24,5.49,0.0,2024-01-19,5.49,0.0,2023-02-07,4.99,10.02
00-714967,2.99,2025-01-16,2.99,0.0,2024-01-18,2.99,0.0,2023-01-19,2.89,3.46
00-713536,1.19,2025-01-24,1.19,0.0,2024-01-19,0.99,20.2,,,
00-719929,2.02,2025-01-30,3.69,-45.26,2024-01-18,3.69,-45.26,,,
00-89743,1.39,2024-12-17,1.49,-6.71,2023-11-21,1.49,-6.71,,,
00-530139,2.55,2024-12-25,2.49,2.41,2023-12-25,2.99,-14.72,2023-01-29,2.59,-1.54
00-737301,7.49,2025-01-24,7.49,0.0,2024-01-19,7.49,0.0,,,
00-402626,3.39,2025-01-01,3.19,6.27,2024-02-01,2.69,26.02,2023-02-02,2.19,54.79
00-791,2.99,2025-01-30,2.79,7.17,2024-02-01,2.49,20.08,2023-02-02,2.39,25.1
00-406518,2.99,2025-01-05,2.99,0.0,2024-01-06,2.99,0.0,,,
00-567345,3.79,2025-01-24,3.39,11.8,2024-01-19,2.69,40.89,2022-10-28,2.49,52.21
00-462735,1.89,2025-01-30,1.69,11.83,2024-02-01,1.59,18.87,2023-02-04,1.59,18.87
00-22692,3.29,2025-01-30,3.29,0.0,2024-02-01,3.29,0.0,2023-02-02,3.29,0.0
00-295927,2.49,2025-02-02,2.49,0.0,2023-12-24,2.49,0.0,2023-01-19,1.99,25.13
00-339438,2.79,2025-01-02,2.79,0.0,2023-12-07,2.49,12.05,2022-11-09,1.99,40.2
00-429938,4.99,2023-12-07,5.79,-13.82,2023-12-07,5.79,-13.82,2022-12-08,5.49,-9.11
00-596519,31.99,2025-01-19,29.99,6.67,2024-01-21,21.99,45.48,2023-01-19,20.99,52.41
00-869636,8.99,2023-11-12,7.99,12.52,2023-11-12,7.99,12.52,2022-11-13,7.99,12.52
00-393035,2.29,2025-01-24,2.19,4.57,2023-11-09,2.39,-4.18,2022-12-01,2.39,-4.18
00-267686,2.99,2025-01-30,3.49,-14.33,2023-12-27,3.99,-25.06,2023-02-02,2.69,11.15
00-98204,4.19,2024-12-12,4.19,0.0,2024-01-12,3.99,5.01,2023-02-02,2.79,50.18
00-647235,3.69,2025-01-30,3.69,0.0,2024-02-01,2.59,42.47,2022-07-21,3.99,-7.52
00-504383,2.39,2024-12-18,2.49,-4.02,2023-12-28,2.19,9.13,2022-11-27,1.99,20.1
00-729368,4.69,2025-01-30,4.49,4.45,2024-02-01,4.49,4.45,,,
00-422994,1.39,2025-01-24,1.39,0.0,2023-12-07,1.19,16.81,2022-12-23,1.19,16.81
00-401617,15.99,2025-01-23,11.99,33.36,2024-01-21,10.99,45.5,2023-01-19,11.59,37.96
00-23801,1.49,2025-01-01,1.49,0.0,2023-12-31,1.49,0.0,2023-01-26,1.49,0.0
00-723744,3.69,2025-01-24,3.69,0.0,2024-01-19,3.49,5.73,,,
00-609850,13.49,2025-01-26,13.49,0.0,2024-01-28,13.49,0.0,2022-12-07,9.99,35.04
00-606922,1.99,2024-12-19,1.89,5.29,2023-10-04,1.49,33.56,,,
00-520200,1.49,2025-01-30,1.99,-25.13,2024-02-01,1.99,-25.13,2023-02-02,2.49,-40.16
00-632126,6.39,2025-01-27,5.99,6.68,2024-01-18,5.49,16.39,2022-11-03,4.99,28.06
00-257588,2.66,2025-01-09,3.99,-33.33,2024-01-19,3.99,-33.33,2023-02-02,3.99,-33.33
00-904442,3.29,2025-01-30,3.29,0.0,2024-02-01,3.29,0.0,2023-02-02,3.29,0.0
00-714691,2.19,2025-01-30,1.59,37.74,2024-02-01,1.19,84.03,2023-02-02,1.39,57.55
00-929629,2.79,2025-01-30,1.86,50.0,2024-02-01,1.79,55.87,2023-01-19,2.59,7.72
00-432813,4.89,2025-01-19,4.69,4.26,2024-01-21,4.69,4.26,2023-02-07,4.49,8.91
00-724004,5.99,2024-12-01,5.99,0.0,2023-12-28,3.79,58.05,2022-12-19,3.39,76.7
00-422912,3.25,2025-01-09,3.59,-9.47,2024-01-11,3.89,-16.45,2022-04-16,3.19,1.88
00-717603,4.99,2025-01-01,4.99,0.0,2023-12-31,4.99,0.0,2023-02-02,4.99,0.0
00-723668,3.99,2024-05-13,3.99,0.0,2023-11-12,3.99,0.0,,,
00-903616,2.79,2024-02-25,2.59,7.72,2023-11-12,2.59,7.72,2023-02-07,2.29,21.83
00-770488,0.85,2025-02-03,0.89,-4.49,,,,,,
00-289766,2.24,2025-02-06,2.99,-25.08,2024-01-19,3.49,-35.82,2023-01-19,2.99,-25.08
00-685017,8.94,2025-01-30,8.94,0.0,,,,,,
00-716512,12.99,2025-01-30,16.99,-23.54,,,,,,
00-393076,7.49,2025-01-30,5.99,25.04,2024-02-01,5.49,36.43,2023-02-02,6.99,7.15
00-448751,1.64,2025-01-30,2.49,-34.14,2024-02-01,2.49,-34.14,2023-02-07,2.49,-34.14
00-418402,2.99,2025-01-16,2.99,0.0,2024-01-18,2.79,7.17,2023-01-19,2.49,20.08
00-728135,1.99,2025-01-24,1.99,0.0,2024-01-19,1.99,0.0,,,
00-472472,3.19,2025-02-02,2.39,33.47,2024-02-01,1.99,60.3,2023-02-02,1.99,60.3
00-717744,6.79,2025-01-24,6.79,0.0,2024-01-29,6.79,0.0,,,
00-731525,2.79,2024-12-19,2.59,7.72,2023-11-16,2.39,16.74,2022-12-01,1.99,40.2
00-294406,2.99,2025-01-24,2.99,0.0,2024-01-19,2.79,7.17,,,
00-409022,2.24,2023-11-23,2.79,-19.71,2023-11-23,2.79,-19.71,2022-12-25,2.49,-10.04
00-891111,7.99,2025-01-30,5.99,33.39,2024-02-01,5.49,45.54,2023-02-02,6.49,23.11
00-478212,11.99,2025-01-01,9.99,20.02,2023-12-31,9.99,20.02,2023-01-22,9.99,20.02
00-323137,4.49,2025-01-30,2.99,50.17,2024-02-01,3.29,36.47,2023-02-02,2.99,50.17
00-422666,6.99,2025-01-16,6.99,0.0,2023-12-31,6.99,0.0,,,
00-339929,2.99,2025-01-24,2.99,0.0,2024-01-19,2.99,0.0,2023-01-17,2.99,0.0
00-504851,4.15,2025-02-03,4.15,0.0,2024-01-19,3.99,4.01,2023-02-07,3.99,4.01
00-419001,1.87,2023-04-06,2.29,-18.34,2023-04-06,2.29,-18.34,2022-06-01,1.99,-6.03
00-866791,2.49,2024-07-04,2.59,-3.86,2023-06-21,2.59,-3.86,2022-12-19,2.29,8.73
00-775370,0.89,2025-01-30,1.99,-55.28,2023-12-24,1.99,-55.28,2022-11-24,1.99,-55.28
00-713222,2.79,2025-01-24,2.49,12.05,,,,,,
00-404645,1.09,2025-01-09,0.99,10.1,2024-02-01,0.95,14.74,2023-02-02,0.66,65.15
00-434890,1.99,2025-01-01,1.99,0.0,2023-12-31,1.99,0.0,2023-01-22,1.69,17.75
00-416089,2.99,2025-01-15,1.99,50.25,2023-12-25,1.59,88.05,2022-11-27,1.39,115.11
00-419122,5.49,2025-01-24,5.49,0.0,2024-01-19,4.39,25.06,2023-02-07,4.1,33.9
00-870066,4.29,2023-06-19,4.19,2.39,2023-06-19,4.19,2.39,2022-12-16,3.89,10.28
00-7290,2.99,2024-01-15,2.79,7.17,2024-01-15,2.79,7.17,2022-12-15,2.49,20.08
00-719208,1.79,2025-01-30,1.19,50.42,2024-02-01,1.19,50.42,,,
00-737330,1.99,2024-12-25,1.99,0.0,,,,,,
00-674133,3.49,2025-01-24,3.49,0.0,2024-01-19,3.49,0.0,2023-01-17,3.39,2.95
00-507335,6.99,2024-12-25,6.99,0.0,2023-12-25,6.79,2.95,2022-10-06,5.99,16.69
00-604053,1.49,2025-01-30,1.99,-25.13,2024-02-01,1.99,-25.13,2023-02-02,2.49,-40.16
00-300147,1.59,2025-01-24,1.59,0.0,2023-12-15,1.59,0.0,,,
00-877789,1.68,2024-12-25,1.68,0.0,2023-12-25,1.99,-15.58,2022-12-07,1.89,-11.11
00-721008,6.99,2025-01-19,6.99,0.0,2024-01-21,6.59,6.07,,,
00-255641,1.29,2025-01-24,1.29,0.0,2024-01-19,1.29,0.0,,,
00-884822,7.89,2024-12-01,6.99,12.88,2023-12-07,5.99,31.72,2022-11-27,5.99,31.72
00-464160,9.99,2025-01-01,9.99,0.0,2023-12-31,9.99,0.0,,,
00-306598,1.49,2025-01-30,2.29,-34.93,2024-01-25,2.39,-37.66,2023-02-02,1.49,0.0
00-467911,12.99,2025-01-01,12.99,0.0,2023-12-31,12.99,0.0,,,
00-269147,3.99,2024-01-19,3.99,0.0,2024-01-19,3.99,0.0,2023-01-17,3.49,14.33
00-469830,3.59,2025-01-24,3.59,0.0,2024-01-19,3.59,0.0,2023-01-17,3.55,1.13
00-721381,2.49,2025-01-24,2.49,0.0,2024-01-19,2.29,8.73,,,
00-403232,3.29,2025-01-30,3.29,0.0,2024-01-18,2.99,10.03,2023-01-19,2.39,37.66
00-423194,1.69,2025-01-30,1.39,21.58,2024-02-01,1.39,21.58,2023-02-02,1.29,31.01
00-468988,17.49,2025-01-09,17.49,0.0,2024-01-19,17.49,0.0,2023-01-25,18.49,-5.41
00-308989,2.59,2024-10-24,2.39,8.37,2023-11-23,2.39,8.37,2022-10-07,2.29,13.1
00-257334,3.29,2025-01-24,3.29,0.0,2024-01-19,3.29,0.0,2023-01-17,3.19,3.13
00-797555,5.99,2025-02-06,5.99,0.0,2024-02-01,5.99,0.0,2023-02-04,3.99,50.13
00-727739,5.99,2025-01-30,7.19,-16.69,2024-02-01,5.99,0.0,,,
00-343366,4.99,2025-01-01,4.79,4.18,2023-12-31,4.49,11.14,2022-09-13,4.59,8.71
00-3357,3.69,2025-01-01,3.69,0.0,2023-12-31,3.69,0.0,2023-01-01,3.29,12.16
00-249706,2.29,2024-12-18,2.29,0.0,2024-01-12,2.19,4.57,2022-05-21,1.69,35.5
00-389406,1.99,2024-12-16,1.99,0.0,2023-10-25,1.89,5.29,2022-12-08,1.89,5.29
00-290313,59.9,2025-01-01,59.9,0.0,2023-12-31,61.9,-3.23,2023-01-01,59.9,0.0
00-89517,3.99,2024-10-08,3.99,0.0,2023-01-19,4.49,-11.14,2023-01-19,4.49,-11.14
00-494299,0.89,2025-01-24,0.89,0.0,2023-06-13,0.89,0.0,2022-10-20,0.79,12.66
00-938421,3.99,2025-01-30,3.99,0.0,2024-01-18,3.69,8.13,2023-02-06,3.69,8.13
00-66433,8.59,2025-01-01,7.99,7.51,2024-02-01,5.99,43.41,2023-02-02,5.49,56.47
00-743299,22.99,2024-12-25,21.99,4.55,,,,,,
00-933797,2.79,2025-01-25,2.59,7.72,2023-08-31,2.69,3.72,2022-11-18,2.49,12.05
00-899803,2.19,2025-01-01,2.19,0.0,2023-12-31,2.19,0.0,2022-12-14,1.89,15.87
00-715147,5.29,2025-01-24,5.29,0.0,2024-01-19,5.29,0.0,2022-11-09,4.99,6.01
00-249972,1.99,2025-01-24,1.99,0.0,2024-01-19,1.99,0.0,2023-01-17,1.79,11.17
00-757411,2.99,2025-01-24,2.99,0.0,,,,,,
00-742529,3.99,2024-11-28,7.29,-45.27,,,,,,
00-589728,21.99,2025-01-19,19.49,12.83,2024-01-21,15.99,37.52,2023-02-02,16.29,34.99
00-723361,3.59,2025-01-16,3.59,0.0,2023-12-07,3.49,2.87,,,
00-394877,2.79,2025-02-01,2.89,-3.46,2024-02-01,2.89,-3.46,2023-01-17,2.59,7.72
00-503454,8.39,2024-10-13,8.39,0.0,2023-10-21,8.39,0.0,2022-11-20,8.39,0.0
00-728233,1.99,2025-01-24,1.99,0.0,2024-01-19,1.99,0.0,,,
00-723369,3.59,2025-01-16,3.59,0.0,2023-12-07,3.49,2.87,,,
00-726495,7.99,2025-01-30,5.99,33.39,2024-02-01,5.49,45.54,2023-02-02,6.49,23.11
00-390266,3.89,2023-12-07,3.89,0.0,2023-12-07,3.89,0.0,2022-12-30,3.29,18.24
00-852821,6.49,2024-02-25,5.69,14.06,2023-11-12,5.69,14.06,2022-12-28,5.89,10.19
00-504060,4.89,2024-10-13,4.89,0.0,2023-10-21,4.89,0.0,2022-11-20,4.89,0.0
00-753756,8.99,2024-11-24,5.09,76.62,,,,,,
00-735523,1.99,2024-02-20,1.69,17.75,,,,,,
00-723827,1.89,2025-01-24,1.89,0.0,2024-01-19,1.69,11.83,,,
00-420590,3.49,2025-01-24,3.49,0.0,2023-12-24,3.39,2.95,2022-10-11,2.69,29.74
00-317469,3.29,2025-01-24,3.29,0.0,2024-01-19,3.29,0.0,2023-02-07,3.19,3.13
00-295340,2.59,2025-01-24,2.59,0.0,2024-01-19,2.59,0.0,,,
00-797981,2.19,2023-06-12,2.19,0.0,2023-06-12,2.19,0.0,2022-07-02,2.59,-15.44
00-699035,0.85,2025-02-06,0.85,0.0,2023-10-04,0.99,-14.14,,,
00-514859,1.99,2024-03-31,2.99,-33.44,2024-01-12,2.99,-33.44,2022-12-25,2.49,-20.08
00-400385,3.99,2025-01-24,3.99,0.0,2024-01-19,3.99,0.0,2022-11-29,2.99,33.44
00-626061,2.49,2025-02-02,2.49,0.0,2023-12-24,2.49,0.0,2022-12-01,1.99,25.13
00-413991,3.99,2025-01-30,3.99,0.0,2024-02-01,3.99,0.0,2023-02-02,3.99,0.0
00-735501,5.99,2024-11-21,5.99,0.0,2023-12-19,6.15,-2.6,,,
00-723362,3.59,2025-01-16,3.59,0.0,2023-12-07,3.49,2.87,,,
00-557846,2.79,2025-01-24,2.69,3.72,2024-01-11,2.69,3.72,2022-11-27,2.39,16.74
00-759126,6.74,2023-09-27,8.69,-22.44,2023-09-27,8.69,-22.44,,,
00-608016,2.69,2025-01-24,2.69,0.0,2024-01-19,2.69,0.0,2023-01-17,2.59,3.86
00-741896,1.79,2025-01-24,1.79,0.0,2024-01-19,1.79,0.0,2023-02-07,1.79,0.0
00-937548,2.29,2025-01-26,2.29,0.0,2024-01-28,2.29,0.0,2022-10-13,1.99,15.08
00-716349,2.19,2025-01-24,2.19,0.0,2023-06-28,2.19,0.0,,,
00-722214,2.69,2024-12-19,2.99,-10.03,2023-12-28,2.99,-10.03,,,
00-648506,7.49,2024-11-07,7.19,4.17,2023-09-27,7.19,4.17,2021-03-18,6.99,7.15
00-728271,21.9,2025-02-01,34.9,-37.25,,,,,,
00-429423,0.89,2024-11-07,0.89,0.0,2023-11-09,0.89,0.0,2022-12-07,0.79,12.66
00-446495,6.99,2024-12-25,7.99,-12.52,2023-12-25,7.99,-12.52,,,
00-346046,3.99,2024-12-05,3.99,0.0,2024-02-01,3.69,8.13,2022-10-20,3.99,0.0
00-548904,2.89,2025-01-24,3.19,-9.4,2024-01-19,2.99,-3.34,2023-02-07,2.69,7.43
00-714965,2.99,2025-01-16,2.99,0.0,2024-01-18,2.99,0.0,2023-01-19,2.89,3.46
00-332,2.69,2025-01-19,2.59,3.86,2024-01-21,2.49,8.03,2022-12-11,1.99,35.18
00-876111,5.99,2023-11-12,5.59,7.16,2023-11-12,5.59,7.16,2022-11-13,5.49,9.11
00-738329,2.99,2025-01-24,2.99,0.0,2024-01-19,2.99,0.0,,,
00-435021,14.49,2025-01-19,11.49,26.11,2024-01-21,12.99,11.55,2023-02-07,12.59,15.09
00-777738,2.69,2025-01-01,2.69,0.0,2023-12-31,2.69,0.0,2023-02-02,2.79,-3.58
00-483264,10.99,2025-01-01,10.99,0.0,2023-12-31,10.99,0.0,2023-01-22,9.99,10.01
00-308982,2.59,2024-10-24,2.39,8.37,2023-11-23,2.39,8.37,2022-10-09,2.29,13.1
00-100840,2.24,2025-01-30,2.99,-25.08,2024-02-01,2.99,-25.08,2023-02-03,3.69,-39.3
00-12486,3.49,2025-01-01,3.49,0.0,2023-12-31,3.49,0.0,2023-01-22,2.99,16.72
00-963739,2.19,2024-12-13,2.19,0.0,2023-12-15,1.99,10.05,2023-02-07,1.89,15.87
00-842673,9.79,2025-01-24,7.99,22.53,2023-12-31,7.29,34.29,2023-01-22,7.19,36.16
00-300574,2.19,2025-01-26,2.19,0.0,2024-01-28,2.19,0.0,2023-01-19,1.99,10.05
00-726593,1.49,2025-02-01,1.49,0.0,2024-02-01,1.49,0.0,,,
00-443512,1.49,2024-12-13,1.49,0.0,2024-01-12,1.49,0.0,,,
00-22553,4.99,2024-12-19,4.99,0.0,2023-12-14,4.99,0.0,2023-02-02,3.49,42.98
00-895114,1.27,2023-07-10,1.69,-24.85,2023-07-10,1.69,-24.85,2022-12-07,1.69,-24.85
00-522089,3.99,2025-01-24,3.99,0.0,2024-01-19,3.99,0.0,2023-02-04,2.99,33.44
00-2799,2.99,2025-01-02,2.99,0.0,2024-01-15,2.79,7.17,2022-12-15,2.49,20.08
00-196899,2.99,2023-06-12,3.99,-25.06,2023-06-12,3.99,-25.06,2022-10-06,3.29,-9.12
00-719534,18.99,2024-10-29,16.99,11.77,,,,,,
00-900338,1.49,2025-01-24,1.99,-25.13,2023-12-07,1.99,-25.13,2023-02-02,2.19,-31.96
00-368878,1.49,2025-01-24,1.79,-16.76,2024-01-19,2.19,-31.96,2023-02-07,2.19,-31.96
00-961680,3.49,2025-01-24,3.49,0.0,2024-01-19,3.49,0.0,2023-01-17,2.99,16.72
00-960446,5.89,2023-05-13,5.89,0.0,2023-05-13,5.89,0.0,2022-06-01,5.79,1.73
00-685379,5.99,2025-01-16,5.99,0.0,2024-01-18,5.99,0.0,2023-01-22,4.79,25.05
00-1952,5.79,2025-01-26,5.49,5.46,2024-01-28,5.99,-3.34,2023-01-17,6.29,-7.95
00-346054,3.99,2024-12-25,3.99,0.0,2023-12-25,3.99,0.0,,,
00-11379,46.9,2025-01-01,44.9,4.45,2024-01-02,43.9,6.83,,,
00-368807,2.79,2025-01-24,2.79,0.0,2024-01-28,2.79,0.0,2022-06-23,2.29,21.83
00-870294,1.69,2025-01-24,1.69,0.0,2024-01-19,1.69,0.0,2023-01-17,1.69,0.0
00-473994,12.49,2025-01-01,12.49,0.0,,,,,,
00-850895,6.59,2024-02-25,6.59,0.0,2023-11-12,6.59,0.0,2022-11-13,6.49,1.54
00-368864,1.49,2025-01-24,1.79,-16.76,2024-01-19,2.19,-31.96,2023-02-07,2.19,-31.96
00-533251,3.99,2024-10-10,3.89,2.57,,,,,,
00-435152,2.69,2025-01-30,2.69,0.0,2024-02-01,2.49,8.03,2023-02-02,2.39,12.55
00-7322,1.99,2024-12-19,1.89,5.29,2024-01-11,2.19,-9.13,2022-05-24,1.29,54.26
00-875467,8.99,2025-01-23,8.99,0.0,2024-01-21,7.19,25.03,2023-02-07,7.19,25.03
00-22556,4.99,2024-12-19,4.99,0.0,2023-12-14,4.99,0.0,2023-02-02,3.49,42.98
00-381735,2.99,2025-01-24,2.99,0.0,2024-01-19,3.49,-14.33,2023-02-07,3.39,-11.8
00-791008,1.29,2025-01-24,0.86,50.0,2024-02-01,0.99,30.3,2023-02-02,0.99,30.3
00-531645,1.99,2025-01-02,1.99,0.0,2023-06-19,1.89,5.29,2022-05-25,2.09,-4.78
00-101068,2.99,2025-01-24,2.79,7.17,,,,,,
00-506792,3.99,2025-01-24,3.99,0.0,2024-01-19,3.99,0.0,,,
00-701429,5.49,2025-01-19,5.29,3.78,2024-01-21,5.29,3.78,2023-01-19,4.79,14.61
