2025-10-13 21:59:45,923 - INFO - ============================================================
2025-10-13 21:59:45,923 - INFO - Billa Price Scraper - Starting
2025-10-13 21:59:45,923 - INFO - ============================================================
2025-10-13 21:59:47,661 - INFO - Completed: 100 / To go: 12164
2025-10-13 21:59:47,661 - INFO - Records in product_list: 100
2025-10-13 21:59:50,904 - INFO - Completed: 200 / To go: 12064
2025-10-13 21:59:50,904 - INFO - Records in product_list: 200
2025-10-13 21:59:54,139 - INFO - Completed: 300 / To go: 11964
2025-10-13 21:59:54,139 - INFO - Records in product_list: 300
2025-10-13 21:59:57,457 - INFO - Completed: 400 / To go: 11864
2025-10-13 21:59:57,457 - INFO - Records in product_list: 400
2025-10-13 22:00:00,597 - INFO - Completed: 500 / To go: 11764
2025-10-13 22:00:00,597 - INFO - Records in product_list: 500
2025-10-13 22:00:04,075 - INFO - Completed: 600 / To go: 11664
2025-10-13 22:00:04,075 - INFO - Records in product_list: 600
2025-10-13 22:00:07,376 - INFO - Completed: 700 / To go: 11564
2025-10-13 22:00:07,377 - INFO - Records in product_list: 700
2025-10-13 22:00:10,511 - INFO - Completed: 800 / To go: 11464
2025-10-13 22:00:10,511 - INFO - Records in product_list: 800
2025-10-13 22:00:13,774 - INFO - Completed: 900 / To go: 11364
2025-10-13 22:00:13,775 - INFO - Records in product_list: 900
2025-10-13 22:00:17,019 - INFO - Completed: 1000 / To go: 11264
2025-10-13 22:00:17,019 - INFO - Records in product_list: 1000
2025-10-13 22:00:20,047 - INFO - Completed: 1100 / To go: 11164
2025-10-13 22:00:20,048 - INFO - Records in product_list: 1100
2025-10-13 22:00:22,939 - INFO - Completed: 1200 / To go: 11064
2025-10-13 22:00:22,939 - INFO - Records in product_list: 1200
2025-10-13 22:00:26,075 - INFO - Completed: 1300 / To go: 10964
2025-10-13 22:00:26,076 - INFO - Records in product_list: 1300
2025-10-13 22:00:29,398 - INFO - Completed: 1400 / To go: 10864
2025-10-13 22:00:29,398 - INFO - Records in product_list: 1400
2025-10-13 22:00:32,581 - INFO - Completed: 1500 / To go: 10764
2025-10-13 22:00:32,581 - INFO - Records in product_list: 1500
2025-10-13 22:00:35,723 - INFO - Completed: 1600 / To go: 10664
2025-10-13 22:00:35,723 - INFO - Records in product_list: 1600
2025-10-13 22:00:38,953 - INFO - Completed: 1700 / To go: 10564
2025-10-13 22:00:38,953 - INFO - Records in product_list: 1700
2025-10-13 22:00:41,906 - INFO - Completed: 1800 / To go: 10464
2025-10-13 22:00:41,906 - INFO - Records in product_list: 1800
2025-10-13 22:00:44,894 - INFO - Completed: 1900 / To go: 10364
2025-10-13 22:00:44,894 - INFO - Records in product_list: 1900
2025-10-13 22:00:47,936 - INFO - Completed: 2000 / To go: 10264
2025-10-13 22:00:47,936 - INFO - Records in product_list: 2000
2025-10-13 22:00:51,120 - INFO - Completed: 2100 / To go: 10164
2025-10-13 22:00:51,120 - INFO - Records in product_list: 2100
2025-10-13 22:00:54,885 - INFO - Completed: 2200 / To go: 10064
2025-10-13 22:00:54,885 - INFO - Records in product_list: 2200
2025-10-13 22:00:57,852 - INFO - Completed: 2300 / To go: 9964
2025-10-13 22:00:57,853 - INFO - Records in product_list: 2300
2025-10-13 22:01:01,951 - INFO - Completed: 2400 / To go: 9864
2025-10-13 22:01:01,951 - INFO - Records in product_list: 2400
2025-10-13 22:01:04,913 - INFO - Completed: 2500 / To go: 9764
2025-10-13 22:01:04,914 - INFO - Records in product_list: 2500
2025-10-13 22:01:07,860 - INFO - Completed: 2600 / To go: 9664
2025-10-13 22:01:07,860 - INFO - Records in product_list: 2600
2025-10-13 22:01:11,885 - INFO - Completed: 2700 / To go: 9564
2025-10-13 22:01:11,885 - INFO - Records in product_list: 2700
2025-10-13 22:01:14,899 - INFO - Completed: 2800 / To go: 9464
2025-10-13 22:01:14,899 - INFO - Records in product_list: 2800
2025-10-13 22:01:18,015 - INFO - Completed: 2900 / To go: 9364
2025-10-13 22:01:18,015 - INFO - Records in product_list: 2900
2025-10-13 22:01:21,159 - INFO - Completed: 3000 / To go: 9264
2025-10-13 22:01:21,159 - INFO - Records in product_list: 3000
2025-10-13 22:01:24,418 - INFO - Completed: 3100 / To go: 9164
2025-10-13 22:01:24,418 - INFO - Records in product_list: 3100
2025-10-13 22:01:27,372 - INFO - Completed: 3200 / To go: 9064
2025-10-13 22:01:27,372 - INFO - Records in product_list: 3200
2025-10-13 22:01:30,215 - INFO - Completed: 3300 / To go: 8964
2025-10-13 22:01:30,215 - INFO - Records in product_list: 3300
2025-10-13 22:01:33,516 - INFO - Completed: 3400 / To go: 8864
2025-10-13 22:01:33,516 - INFO - Records in product_list: 3400
2025-10-13 22:01:36,708 - INFO - Completed: 3500 / To go: 8764
2025-10-13 22:01:36,708 - INFO - Records in product_list: 3500
2025-10-13 22:01:39,735 - INFO - Completed: 3600 / To go: 8664
2025-10-13 22:01:39,735 - INFO - Records in product_list: 3600
2025-10-13 22:01:42,986 - INFO - Completed: 3700 / To go: 8564
2025-10-13 22:01:42,986 - INFO - Records in product_list: 3700
2025-10-13 22:01:45,942 - INFO - Completed: 3800 / To go: 8464
2025-10-13 22:01:45,943 - INFO - Records in product_list: 3800
2025-10-13 22:01:48,956 - INFO - Completed: 3900 / To go: 8364
2025-10-13 22:01:48,956 - INFO - Records in product_list: 3900
2025-10-13 22:01:51,787 - INFO - Completed: 4000 / To go: 8264
2025-10-13 22:01:51,788 - INFO - Records in product_list: 4000
2025-10-13 22:01:54,856 - INFO - Completed: 4100 / To go: 8164
2025-10-13 22:01:54,856 - INFO - Records in product_list: 4100
2025-10-13 22:01:57,746 - INFO - Completed: 4200 / To go: 8064
2025-10-13 22:01:57,746 - INFO - Records in product_list: 4200
2025-10-13 22:02:00,860 - INFO - Completed: 4300 / To go: 7964
2025-10-13 22:02:00,860 - INFO - Records in product_list: 4300
2025-10-13 22:02:03,749 - INFO - Completed: 4400 / To go: 7864
2025-10-13 22:02:03,749 - INFO - Records in product_list: 4400
2025-10-13 22:02:06,705 - INFO - Completed: 4500 / To go: 7764
2025-10-13 22:02:06,705 - INFO - Records in product_list: 4500
2025-10-13 22:02:09,619 - INFO - Completed: 4600 / To go: 7664
2025-10-13 22:02:09,619 - INFO - Records in product_list: 4600
2025-10-13 22:02:12,565 - INFO - Completed: 4700 / To go: 7564
2025-10-13 22:02:12,565 - INFO - Records in product_list: 4700
2025-10-13 22:02:15,447 - INFO - Completed: 4800 / To go: 7464
2025-10-13 22:02:15,447 - INFO - Records in product_list: 4800
2025-10-13 22:02:18,468 - INFO - Completed: 4900 / To go: 7364
2025-10-13 22:02:18,468 - INFO - Records in product_list: 4900
2025-10-13 22:02:21,342 - INFO - Completed: 5000 / To go: 7264
2025-10-13 22:02:21,342 - INFO - Records in product_list: 5000
2025-10-13 22:02:24,203 - INFO - Completed: 5100 / To go: 7164
2025-10-13 22:02:24,203 - INFO - Records in product_list: 5100
2025-10-13 22:02:27,074 - INFO - Completed: 5200 / To go: 7064
2025-10-13 22:02:27,074 - INFO - Records in product_list: 5200
2025-10-13 22:02:29,862 - INFO - Completed: 5300 / To go: 6964
2025-10-13 22:02:29,862 - INFO - Records in product_list: 5300
2025-10-13 22:02:33,465 - INFO - Completed: 5400 / To go: 6864
2025-10-13 22:02:33,465 - INFO - Records in product_list: 5400
2025-10-13 22:02:36,523 - INFO - Completed: 5500 / To go: 6764
2025-10-13 22:02:36,523 - INFO - Records in product_list: 5500
2025-10-13 22:02:39,355 - INFO - Completed: 5600 / To go: 6664
2025-10-13 22:02:39,356 - INFO - Records in product_list: 5600
2025-10-13 22:02:42,183 - INFO - Completed: 5700 / To go: 6564
2025-10-13 22:02:42,184 - INFO - Records in product_list: 5700
2025-10-13 22:02:45,324 - INFO - Completed: 5800 / To go: 6464
2025-10-13 22:02:45,325 - INFO - Records in product_list: 5800
2025-10-13 22:02:48,194 - INFO - Completed: 5900 / To go: 6364
2025-10-13 22:02:48,194 - INFO - Records in product_list: 5900
2025-10-13 22:02:51,093 - INFO - Completed: 6000 / To go: 6264
2025-10-13 22:02:51,093 - INFO - Records in product_list: 6000
2025-10-13 22:02:53,968 - INFO - Completed: 6100 / To go: 6164
2025-10-13 22:02:53,968 - INFO - Records in product_list: 6100
2025-10-13 22:02:56,769 - INFO - Completed: 6200 / To go: 6064
2025-10-13 22:02:56,769 - INFO - Records in product_list: 6200
2025-10-13 22:02:59,537 - INFO - Completed: 6300 / To go: 5964
2025-10-13 22:02:59,537 - INFO - Records in product_list: 6300
2025-10-13 22:03:02,284 - INFO - Completed: 6400 / To go: 5864
2025-10-13 22:03:02,284 - INFO - Records in product_list: 6400
2025-10-13 22:03:05,044 - INFO - Completed: 6500 / To go: 5764
2025-10-13 22:03:05,044 - INFO - Records in product_list: 6500
2025-10-13 22:03:07,901 - INFO - Completed: 6600 / To go: 5664
2025-10-13 22:03:07,901 - INFO - Records in product_list: 6600
2025-10-13 22:03:10,671 - INFO - Completed: 6700 / To go: 5564
2025-10-13 22:03:10,671 - INFO - Records in product_list: 6700
2025-10-13 22:03:13,451 - INFO - Completed: 6800 / To go: 5464
2025-10-13 22:03:13,451 - INFO - Records in product_list: 6800
2025-10-13 22:03:16,227 - INFO - Completed: 6900 / To go: 5364
2025-10-13 22:03:16,227 - INFO - Records in product_list: 6900
2025-10-13 22:03:19,038 - INFO - Completed: 7000 / To go: 5264
2025-10-13 22:03:19,039 - INFO - Records in product_list: 7000
2025-10-13 22:03:21,832 - INFO - Completed: 7100 / To go: 5164
2025-10-13 22:03:21,832 - INFO - Records in product_list: 7100
2025-10-13 22:03:24,834 - INFO - Completed: 7200 / To go: 5064
2025-10-13 22:03:24,834 - INFO - Records in product_list: 7200
2025-10-13 22:03:27,536 - INFO - Completed: 7300 / To go: 4964
2025-10-13 22:03:27,536 - INFO - Records in product_list: 7300
2025-10-13 22:03:30,452 - INFO - Completed: 7400 / To go: 4864
2025-10-13 22:03:30,452 - INFO - Records in product_list: 7400
2025-10-13 22:03:33,188 - INFO - Completed: 7500 / To go: 4764
2025-10-13 22:03:33,188 - INFO - Records in product_list: 7500
2025-10-13 22:03:35,949 - INFO - Completed: 7600 / To go: 4664
2025-10-13 22:03:35,949 - INFO - Records in product_list: 7600
2025-10-13 22:03:38,672 - INFO - Completed: 7700 / To go: 4564
2025-10-13 22:03:38,672 - INFO - Records in product_list: 7700
2025-10-13 22:03:41,667 - INFO - Completed: 7800 / To go: 4464
2025-10-13 22:03:41,668 - INFO - Records in product_list: 7800
2025-10-13 22:03:44,382 - INFO - Completed: 7900 / To go: 4364
2025-10-13 22:03:44,382 - INFO - Records in product_list: 7900
2025-10-13 22:03:47,091 - INFO - Completed: 8000 / To go: 4264
2025-10-13 22:03:47,091 - INFO - Records in product_list: 8000
2025-10-13 22:03:49,857 - INFO - Completed: 8100 / To go: 4164
2025-10-13 22:03:49,857 - INFO - Records in product_list: 8100
2025-10-13 22:03:52,640 - INFO - Completed: 8200 / To go: 4064
2025-10-13 22:03:52,640 - INFO - Records in product_list: 8200
2025-10-13 22:03:55,309 - INFO - Completed: 8300 / To go: 3964
2025-10-13 22:03:55,309 - INFO - Records in product_list: 8300
2025-10-13 22:03:58,056 - INFO - Completed: 8400 / To go: 3864
2025-10-13 22:03:58,057 - INFO - Records in product_list: 8400
2025-10-13 22:04:00,771 - INFO - Completed: 8500 / To go: 3764
2025-10-13 22:04:00,772 - INFO - Records in product_list: 8500
2025-10-13 22:04:03,546 - INFO - Completed: 8600 / To go: 3664
2025-10-13 22:04:03,546 - INFO - Records in product_list: 8600
2025-10-13 22:04:06,347 - INFO - Completed: 8700 / To go: 3564
2025-10-13 22:04:06,347 - INFO - Records in product_list: 8700
2025-10-13 22:04:09,038 - INFO - Completed: 8800 / To go: 3464
2025-10-13 22:04:09,038 - INFO - Records in product_list: 8800
2025-10-13 22:04:11,729 - INFO - Completed: 8900 / To go: 3364
2025-10-13 22:04:11,729 - INFO - Records in product_list: 8900
2025-10-13 22:04:14,583 - INFO - Completed: 9000 / To go: 3264
2025-10-13 22:04:14,583 - INFO - Records in product_list: 9000
2025-10-13 22:04:17,250 - INFO - Completed: 9100 / To go: 3164
2025-10-13 22:04:17,250 - INFO - Records in product_list: 9100
2025-10-13 22:04:19,932 - INFO - Completed: 9200 / To go: 3064
2025-10-13 22:04:19,932 - INFO - Records in product_list: 9200
2025-10-13 22:04:22,580 - INFO - Completed: 9300 / To go: 2964
2025-10-13 22:04:22,580 - INFO - Records in product_list: 9300
2025-10-13 22:04:25,262 - INFO - Completed: 9400 / To go: 2864
2025-10-13 22:04:25,262 - INFO - Records in product_list: 9400
2025-10-13 22:04:27,933 - INFO - Completed: 9500 / To go: 2764
2025-10-13 22:04:27,933 - INFO - Records in product_list: 9500
2025-10-13 22:04:30,661 - INFO - Completed: 9600 / To go: 2664
2025-10-13 22:04:30,662 - INFO - Records in product_list: 9600
2025-10-13 22:04:33,438 - INFO - Completed: 9700 / To go: 2564
2025-10-13 22:04:33,438 - INFO - Records in product_list: 9700
2025-10-13 22:04:36,157 - INFO - Completed: 9800 / To go: 2464
2025-10-13 22:04:36,157 - INFO - Records in product_list: 9800
2025-10-13 22:04:38,903 - INFO - Completed: 9900 / To go: 2364
2025-10-13 22:04:38,903 - INFO - Records in product_list: 9900
2025-10-13 22:04:41,645 - INFO - Completed: 10000 / To go: 2264
2025-10-13 22:04:41,645 - INFO - Records in product_list: 10000
2025-10-13 22:04:44,341 - INFO - Completed: 10100 / To go: 2164
2025-10-13 22:04:44,341 - INFO - Records in product_list: 10100
2025-10-13 22:04:47,187 - INFO - Completed: 10200 / To go: 2064
2025-10-13 22:04:47,187 - INFO - Records in product_list: 10200
2025-10-13 22:04:50,110 - INFO - Completed: 10300 / To go: 1964
2025-10-13 22:04:50,110 - INFO - Records in product_list: 10300
2025-10-13 22:04:52,803 - INFO - Completed: 10400 / To go: 1864
2025-10-13 22:04:52,804 - INFO - Records in product_list: 10400
2025-10-13 22:04:55,548 - INFO - Completed: 10500 / To go: 1764
2025-10-13 22:04:55,549 - INFO - Records in product_list: 10500
2025-10-13 22:04:58,228 - INFO - Completed: 10600 / To go: 1664
2025-10-13 22:04:58,228 - INFO - Records in product_list: 10600
2025-10-13 22:05:01,021 - INFO - Completed: 10700 / To go: 1564
2025-10-13 22:05:01,021 - INFO - Records in product_list: 10700
2025-10-13 22:05:04,000 - INFO - Completed: 10800 / To go: 1464
2025-10-13 22:05:04,000 - INFO - Records in product_list: 10800
2025-10-13 22:05:06,824 - INFO - Completed: 10900 / To go: 1364
2025-10-13 22:05:06,824 - INFO - Records in product_list: 10900
2025-10-13 22:05:09,744 - INFO - Completed: 11000 / To go: 1264
2025-10-13 22:05:09,744 - INFO - Records in product_list: 11000
2025-10-13 22:05:12,625 - INFO - Completed: 11100 / To go: 1164
2025-10-13 22:05:12,625 - INFO - Records in product_list: 11100
2025-10-13 22:05:15,483 - INFO - Completed: 11200 / To go: 1064
2025-10-13 22:05:15,483 - INFO - Records in product_list: 11200
2025-10-13 22:05:18,260 - INFO - Completed: 11300 / To go: 964
2025-10-13 22:05:18,260 - INFO - Records in product_list: 11300
2025-10-13 22:05:20,972 - INFO - Completed: 11400 / To go: 864
2025-10-13 22:05:20,973 - INFO - Records in product_list: 11400
2025-10-13 22:05:24,747 - INFO - Completed: 11500 / To go: 764
2025-10-13 22:05:24,747 - INFO - Records in product_list: 11500
2025-10-13 22:05:27,607 - INFO - Completed: 11600 / To go: 664
2025-10-13 22:05:27,607 - INFO - Records in product_list: 11600
2025-10-13 22:05:30,289 - INFO - Completed: 11700 / To go: 564
2025-10-13 22:05:30,290 - INFO - Records in product_list: 11700
2025-10-13 22:05:33,151 - INFO - Completed: 11800 / To go: 464
2025-10-13 22:05:33,151 - INFO - Records in product_list: 11800
2025-10-13 22:05:35,890 - INFO - Completed: 11900 / To go: 364
2025-10-13 22:05:35,890 - INFO - Records in product_list: 11900
2025-10-13 22:05:38,734 - INFO - Completed: 12000 / To go: 264
2025-10-13 22:05:38,734 - INFO - Records in product_list: 12000
2025-10-13 22:05:41,524 - INFO - Completed: 12100 / To go: 164
2025-10-13 22:05:41,524 - INFO - Records in product_list: 12100
2025-10-13 22:05:44,319 - INFO - Completed: 12200 / To go: 64
2025-10-13 22:05:44,319 - INFO - Records in product_list: 12200
2025-10-13 22:05:46,912 - INFO - Completed: 12264 / To go: 0
2025-10-13 22:05:46,912 - INFO - Records in product_list: 12264
2025-10-13 22:05:49,285 - INFO - Loading combined dataframe from local file: updated_combined_dataframe.csv
2025-10-14 09:06:31,906 - INFO - ============================================================
2025-10-14 09:06:31,906 - INFO - Billa Price Scraper - Starting
2025-10-14 09:06:31,906 - INFO - ============================================================
2025-10-14 09:06:33,869 - INFO - Completed: 100 / To go: 12254
2025-10-14 09:06:33,869 - INFO - Records in product_list: 100
2025-10-14 09:06:36,584 - INFO - Completed: 200 / To go: 12154
2025-10-14 09:06:36,584 - INFO - Records in product_list: 200
2025-10-14 09:06:39,308 - INFO - Completed: 300 / To go: 12054
2025-10-14 09:06:39,308 - INFO - Records in product_list: 300
2025-10-14 09:06:41,776 - INFO - Completed: 400 / To go: 11954
2025-10-14 09:06:41,776 - INFO - Records in product_list: 400
2025-10-14 09:06:44,175 - INFO - Completed: 500 / To go: 11854
2025-10-14 09:06:44,175 - INFO - Records in product_list: 500
2025-10-14 09:06:46,976 - INFO - Completed: 600 / To go: 11754
2025-10-14 09:06:46,976 - INFO - Records in product_list: 600
2025-10-14 09:06:49,287 - INFO - Completed: 700 / To go: 11654
2025-10-14 09:06:49,287 - INFO - Records in product_list: 700
2025-10-14 09:06:51,788 - INFO - Completed: 800 / To go: 11554
2025-10-14 09:06:51,789 - INFO - Records in product_list: 800
2025-10-14 09:06:54,120 - INFO - Completed: 900 / To go: 11454
2025-10-14 09:06:54,120 - INFO - Records in product_list: 900
2025-10-14 09:06:56,571 - INFO - Completed: 1000 / To go: 11354
2025-10-14 09:06:56,571 - INFO - Records in product_list: 1000
2025-10-14 09:06:59,129 - INFO - Completed: 1100 / To go: 11254
2025-10-14 09:06:59,129 - INFO - Records in product_list: 1100
2025-10-14 09:07:01,551 - WARNING - Error fetching data from https://shop.billa.at/api/products?sortBy=relevance&page=11&pageSize=100: 503 Server Error: Service Unavailable for url: https://shop.billa.at/api/products?sortBy=relevance&page=11&pageSize=100. Retrying in 3 seconds... (Attempt 1/5)
2025-10-14 09:07:05,268 - INFO - Completed: 1200 / To go: 11154
2025-10-14 09:07:05,268 - INFO - Records in product_list: 1200
2025-10-14 09:07:08,073 - INFO - Completed: 1300 / To go: 11054
2025-10-14 09:07:08,073 - INFO - Records in product_list: 1300
2025-10-14 09:07:10,630 - INFO - Completed: 1400 / To go: 10954
2025-10-14 09:07:10,630 - INFO - Records in product_list: 1400
2025-10-14 09:07:13,812 - INFO - Completed: 1500 / To go: 10854
2025-10-14 09:07:13,812 - INFO - Records in product_list: 1500
2025-10-14 09:07:16,111 - INFO - Completed: 1600 / To go: 10754
2025-10-14 09:07:16,112 - INFO - Records in product_list: 1600
2025-10-14 09:07:18,443 - INFO - Completed: 1700 / To go: 10654
2025-10-14 09:07:18,443 - INFO - Records in product_list: 1700
2025-10-14 09:07:21,023 - INFO - Completed: 1800 / To go: 10554
2025-10-14 09:07:21,023 - INFO - Records in product_list: 1800
2025-10-14 09:07:23,589 - INFO - Completed: 1900 / To go: 10454
2025-10-14 09:07:23,589 - INFO - Records in product_list: 1900
2025-10-14 09:07:26,594 - INFO - Completed: 2000 / To go: 10354
2025-10-14 09:07:26,594 - INFO - Records in product_list: 2000
2025-10-14 09:07:29,011 - INFO - Completed: 2100 / To go: 10254
2025-10-14 09:07:29,012 - INFO - Records in product_list: 2100
2025-10-14 09:07:31,355 - INFO - Completed: 2200 / To go: 10154
2025-10-14 09:07:31,355 - INFO - Records in product_list: 2200
2025-10-14 09:07:33,762 - INFO - Completed: 2300 / To go: 10054
2025-10-14 09:07:33,763 - INFO - Records in product_list: 2300
2025-10-14 09:07:36,209 - INFO - Completed: 2400 / To go: 9954
2025-10-14 09:07:36,209 - INFO - Records in product_list: 2400
2025-10-14 09:07:38,574 - INFO - Completed: 2500 / To go: 9854
2025-10-14 09:07:38,574 - INFO - Records in product_list: 2500
2025-10-14 09:07:40,946 - INFO - Completed: 2600 / To go: 9754
2025-10-14 09:07:40,946 - INFO - Records in product_list: 2600
2025-10-14 09:07:44,035 - INFO - Completed: 2700 / To go: 9654
2025-10-14 09:07:44,035 - INFO - Records in product_list: 2700
2025-10-14 09:07:46,337 - INFO - Completed: 2800 / To go: 9554
2025-10-14 09:07:46,337 - INFO - Records in product_list: 2800
2025-10-14 09:07:49,042 - INFO - Completed: 2900 / To go: 9454
2025-10-14 09:07:49,042 - INFO - Records in product_list: 2900
2025-10-14 09:07:51,451 - INFO - Completed: 3000 / To go: 9354
2025-10-14 09:07:51,451 - INFO - Records in product_list: 3000
2025-10-14 09:07:53,774 - INFO - Completed: 3100 / To go: 9254
2025-10-14 09:07:53,774 - INFO - Records in product_list: 3100
2025-10-14 09:07:56,067 - INFO - Completed: 3200 / To go: 9154
2025-10-14 09:07:56,067 - INFO - Records in product_list: 3200
2025-10-14 09:07:58,390 - INFO - Completed: 3300 / To go: 9054
2025-10-14 09:07:58,390 - INFO - Records in product_list: 3300
2025-10-14 09:08:00,678 - INFO - Completed: 3400 / To go: 8954
2025-10-14 09:08:00,678 - INFO - Records in product_list: 3400
2025-10-14 09:08:02,994 - INFO - Completed: 3500 / To go: 8854
2025-10-14 09:08:02,994 - INFO - Records in product_list: 3500
2025-10-14 09:08:05,444 - INFO - Completed: 3600 / To go: 8754
2025-10-14 09:08:05,444 - INFO - Records in product_list: 3600
2025-10-14 09:08:07,786 - INFO - Completed: 3700 / To go: 8654
2025-10-14 09:08:07,786 - INFO - Records in product_list: 3700
2025-10-14 09:08:10,328 - INFO - Completed: 3800 / To go: 8554
2025-10-14 09:08:10,328 - INFO - Records in product_list: 3800
2025-10-14 09:08:12,647 - INFO - Completed: 3900 / To go: 8454
2025-10-14 09:08:12,648 - INFO - Records in product_list: 3900
2025-10-14 09:08:14,933 - INFO - Completed: 4000 / To go: 8354
2025-10-14 09:08:14,933 - INFO - Records in product_list: 4000
2025-10-14 09:08:17,349 - INFO - Completed: 4100 / To go: 8254
2025-10-14 09:08:17,349 - INFO - Records in product_list: 4100
2025-10-14 09:08:19,674 - INFO - Completed: 4200 / To go: 8154
2025-10-14 09:08:19,674 - INFO - Records in product_list: 4200
2025-10-14 09:08:22,616 - INFO - Completed: 4300 / To go: 8054
2025-10-14 09:08:22,616 - INFO - Records in product_list: 4300
2025-10-14 09:08:25,129 - INFO - Completed: 4400 / To go: 7954
2025-10-14 09:08:25,129 - INFO - Records in product_list: 4400
2025-10-14 09:08:27,466 - INFO - Completed: 4500 / To go: 7854
2025-10-14 09:08:27,466 - INFO - Records in product_list: 4500
2025-10-14 09:08:30,586 - INFO - Completed: 4600 / To go: 7754
2025-10-14 09:08:30,586 - INFO - Records in product_list: 4600
2025-10-14 09:08:33,217 - INFO - Completed: 4700 / To go: 7654
2025-10-14 09:08:33,217 - INFO - Records in product_list: 4700
2025-10-14 09:08:35,500 - INFO - Completed: 4800 / To go: 7554
2025-10-14 09:08:35,500 - INFO - Records in product_list: 4800
2025-10-14 09:08:37,822 - INFO - Completed: 4900 / To go: 7454
2025-10-14 09:08:37,822 - INFO - Records in product_list: 4900
2025-10-14 09:08:40,122 - INFO - Completed: 5000 / To go: 7354
2025-10-14 09:08:40,122 - INFO - Records in product_list: 5000
2025-10-14 09:08:43,512 - INFO - Completed: 5100 / To go: 7254
2025-10-14 09:08:43,512 - INFO - Records in product_list: 5100
2025-10-14 09:08:45,818 - INFO - Completed: 5200 / To go: 7154
2025-10-14 09:08:45,818 - INFO - Records in product_list: 5200
2025-10-14 09:08:48,168 - INFO - Completed: 5300 / To go: 7054
2025-10-14 09:08:48,168 - INFO - Records in product_list: 5300
2025-10-14 09:08:50,465 - INFO - Completed: 5400 / To go: 6954
2025-10-14 09:08:50,466 - INFO - Records in product_list: 5400
2025-10-14 09:08:52,782 - INFO - Completed: 5500 / To go: 6854
2025-10-14 09:08:52,782 - INFO - Records in product_list: 5500
2025-10-14 09:08:56,447 - INFO - Completed: 5600 / To go: 6754
2025-10-14 09:08:56,447 - INFO - Records in product_list: 5600
2025-10-14 09:08:58,828 - INFO - Completed: 5700 / To go: 6654
2025-10-14 09:08:58,828 - INFO - Records in product_list: 5700
2025-10-14 09:09:01,135 - INFO - Completed: 5800 / To go: 6554
2025-10-14 09:09:01,135 - INFO - Records in product_list: 5800
2025-10-14 09:09:03,458 - INFO - Completed: 5900 / To go: 6454
2025-10-14 09:09:03,458 - INFO - Records in product_list: 5900
2025-10-14 09:09:05,761 - INFO - Completed: 6000 / To go: 6354
2025-10-14 09:09:05,761 - INFO - Records in product_list: 6000
2025-10-14 09:09:08,090 - INFO - Completed: 6100 / To go: 6254
2025-10-14 09:09:08,090 - INFO - Records in product_list: 6100
2025-10-14 09:09:10,390 - INFO - Completed: 6200 / To go: 6154
2025-10-14 09:09:10,390 - INFO - Records in product_list: 6200
2025-10-14 09:09:12,717 - INFO - Completed: 6300 / To go: 6054
2025-10-14 09:09:12,717 - INFO - Records in product_list: 6300
2025-10-14 09:09:16,227 - INFO - Completed: 6400 / To go: 5954
2025-10-14 09:09:16,227 - INFO - Records in product_list: 6400
2025-10-14 09:09:18,543 - INFO - Completed: 6500 / To go: 5854
2025-10-14 09:09:18,544 - INFO - Records in product_list: 6500
2025-10-14 09:09:20,846 - INFO - Completed: 6600 / To go: 5754
2025-10-14 09:09:20,846 - INFO - Records in product_list: 6600
2025-10-14 09:09:23,171 - INFO - Completed: 6700 / To go: 5654
2025-10-14 09:09:23,171 - INFO - Records in product_list: 6700
2025-10-14 09:09:25,450 - INFO - Completed: 6800 / To go: 5554
2025-10-14 09:09:25,450 - INFO - Records in product_list: 6800
2025-10-14 09:09:27,790 - INFO - Completed: 6900 / To go: 5454
2025-10-14 09:09:27,790 - INFO - Records in product_list: 6900
2025-10-14 09:09:30,077 - INFO - Completed: 7000 / To go: 5354
2025-10-14 09:09:30,078 - INFO - Records in product_list: 7000
2025-10-14 09:09:32,444 - INFO - Completed: 7100 / To go: 5254
2025-10-14 09:09:32,445 - INFO - Records in product_list: 7100
2025-10-14 09:09:34,726 - INFO - Completed: 7200 / To go: 5154
2025-10-14 09:09:34,726 - INFO - Records in product_list: 7200
2025-10-14 09:09:37,316 - INFO - Completed: 7300 / To go: 5054
2025-10-14 09:09:37,317 - INFO - Records in product_list: 7300
2025-10-14 09:09:39,624 - INFO - Completed: 7400 / To go: 4954
2025-10-14 09:09:39,624 - INFO - Records in product_list: 7400
2025-10-14 09:09:41,947 - INFO - Completed: 7500 / To go: 4854
2025-10-14 09:09:41,947 - INFO - Records in product_list: 7500
2025-10-14 09:09:44,239 - INFO - Completed: 7600 / To go: 4754
2025-10-14 09:09:44,239 - INFO - Records in product_list: 7600
2025-10-14 09:09:46,564 - INFO - Completed: 7700 / To go: 4654
2025-10-14 09:09:46,564 - INFO - Records in product_list: 7700
2025-10-14 09:09:48,864 - INFO - Completed: 7800 / To go: 4554
2025-10-14 09:09:48,864 - INFO - Records in product_list: 7800
2025-10-14 09:09:52,047 - INFO - Completed: 7900 / To go: 4454
2025-10-14 09:09:52,047 - INFO - Records in product_list: 7900
2025-10-14 09:09:54,333 - INFO - Completed: 8000 / To go: 4354
2025-10-14 09:09:54,333 - INFO - Records in product_list: 8000
2025-10-14 09:09:56,663 - INFO - Completed: 8100 / To go: 4254
2025-10-14 09:09:56,663 - INFO - Records in product_list: 8100
2025-10-14 09:09:58,947 - INFO - Completed: 8200 / To go: 4154
2025-10-14 09:09:58,947 - INFO - Records in product_list: 8200
2025-10-14 09:10:01,280 - INFO - Completed: 8300 / To go: 4054
2025-10-14 09:10:01,280 - INFO - Records in product_list: 8300
2025-10-14 09:10:03,560 - INFO - Completed: 8400 / To go: 3954
2025-10-14 09:10:03,560 - INFO - Records in product_list: 8400
2025-10-14 09:10:05,879 - INFO - Completed: 8500 / To go: 3854
2025-10-14 09:10:05,879 - INFO - Records in product_list: 8500
2025-10-14 09:10:08,168 - INFO - Completed: 8600 / To go: 3754
2025-10-14 09:10:08,169 - INFO - Records in product_list: 8600
2025-10-14 09:10:10,496 - INFO - Completed: 8700 / To go: 3654
2025-10-14 09:10:10,496 - INFO - Records in product_list: 8700
2025-10-14 09:10:12,778 - INFO - Completed: 8800 / To go: 3554
2025-10-14 09:10:12,778 - INFO - Records in product_list: 8800
2025-10-14 09:10:15,246 - INFO - Completed: 8900 / To go: 3454
2025-10-14 09:10:15,246 - INFO - Records in product_list: 8900
2025-10-14 09:10:17,551 - INFO - Completed: 9000 / To go: 3354
2025-10-14 09:10:17,551 - INFO - Records in product_list: 9000
2025-10-14 09:10:19,874 - INFO - Completed: 9100 / To go: 3254
2025-10-14 09:10:19,874 - INFO - Records in product_list: 9100
2025-10-14 09:10:22,157 - INFO - Completed: 9200 / To go: 3154
2025-10-14 09:10:22,157 - INFO - Records in product_list: 9200
2025-10-14 09:10:24,600 - INFO - Completed: 9300 / To go: 3054
2025-10-14 09:10:24,600 - INFO - Records in product_list: 9300
2025-10-14 09:10:26,919 - INFO - Completed: 9400 / To go: 2954
2025-10-14 09:10:26,919 - INFO - Records in product_list: 9400
2025-10-14 09:10:29,257 - INFO - Completed: 9500 / To go: 2854
2025-10-14 09:10:29,258 - INFO - Records in product_list: 9500
2025-10-14 09:10:31,949 - INFO - Completed: 9600 / To go: 2754
2025-10-14 09:10:31,949 - INFO - Records in product_list: 9600
2025-10-14 09:10:34,285 - INFO - Completed: 9700 / To go: 2654
2025-10-14 09:10:34,285 - INFO - Records in product_list: 9700
2025-10-14 09:10:36,567 - INFO - Completed: 9800 / To go: 2554
2025-10-14 09:10:36,567 - INFO - Records in product_list: 9800
2025-10-14 09:10:38,902 - INFO - Completed: 9900 / To go: 2454
2025-10-14 09:10:38,902 - INFO - Records in product_list: 9900
2025-10-14 09:10:41,186 - INFO - Completed: 10000 / To go: 2354
2025-10-14 09:10:41,186 - INFO - Records in product_list: 10000
2025-10-14 09:10:43,507 - INFO - Completed: 10100 / To go: 2254
2025-10-14 09:10:43,507 - INFO - Records in product_list: 10100
2025-10-14 09:10:45,823 - INFO - Completed: 10200 / To go: 2154
2025-10-14 09:10:45,823 - INFO - Records in product_list: 10200
2025-10-14 09:10:48,188 - INFO - Completed: 10300 / To go: 2054
2025-10-14 09:10:48,188 - INFO - Records in product_list: 10300
2025-10-14 09:10:50,462 - INFO - Completed: 10400 / To go: 1954
2025-10-14 09:10:50,462 - INFO - Records in product_list: 10400
2025-10-14 09:10:52,779 - INFO - Completed: 10500 / To go: 1854
2025-10-14 09:10:52,780 - INFO - Records in product_list: 10500
2025-10-14 09:10:55,075 - INFO - Completed: 10600 / To go: 1754
2025-10-14 09:10:55,075 - INFO - Records in product_list: 10600
2025-10-14 09:10:57,391 - INFO - Completed: 10700 / To go: 1654
2025-10-14 09:10:57,391 - INFO - Records in product_list: 10700
2025-10-14 09:11:00,114 - INFO - Completed: 10800 / To go: 1554
2025-10-14 09:11:00,114 - INFO - Records in product_list: 10800
2025-10-14 09:11:02,434 - INFO - Completed: 10900 / To go: 1454
2025-10-14 09:11:02,434 - INFO - Records in product_list: 10900
2025-10-14 09:11:04,720 - INFO - Completed: 11000 / To go: 1354
2025-10-14 09:11:04,720 - INFO - Records in product_list: 11000
2025-10-14 09:11:07,037 - INFO - Completed: 11100 / To go: 1254
2025-10-14 09:11:07,038 - INFO - Records in product_list: 11100
2025-10-14 09:11:09,869 - INFO - Completed: 11200 / To go: 1154
2025-10-14 09:11:09,869 - INFO - Records in product_list: 11200
2025-10-14 09:11:12,198 - INFO - Completed: 11300 / To go: 1054
2025-10-14 09:11:12,199 - INFO - Records in product_list: 11300
2025-10-14 09:11:14,506 - INFO - Completed: 11400 / To go: 954
2025-10-14 09:11:14,506 - INFO - Records in product_list: 11400
2025-10-14 09:11:16,841 - INFO - Completed: 11500 / To go: 854
2025-10-14 09:11:16,841 - INFO - Records in product_list: 11500
2025-10-14 09:11:19,125 - INFO - Completed: 11600 / To go: 754
2025-10-14 09:11:19,125 - INFO - Records in product_list: 11600
2025-10-14 09:11:22,092 - INFO - Completed: 11700 / To go: 654
2025-10-14 09:11:22,092 - INFO - Records in product_list: 11700
2025-10-14 09:11:24,396 - INFO - Completed: 11800 / To go: 554
2025-10-14 09:11:24,396 - INFO - Records in product_list: 11800
2025-10-14 09:11:26,729 - INFO - Completed: 11900 / To go: 454
2025-10-14 09:11:26,729 - INFO - Records in product_list: 11900
2025-10-14 09:11:29,014 - INFO - Completed: 12000 / To go: 354
2025-10-14 09:11:29,014 - INFO - Records in product_list: 12000
2025-10-14 09:11:31,785 - INFO - Completed: 12100 / To go: 254
2025-10-14 09:11:31,785 - INFO - Records in product_list: 12100
2025-10-14 09:11:34,089 - INFO - Completed: 12200 / To go: 154
2025-10-14 09:11:34,089 - INFO - Records in product_list: 12200
2025-10-14 09:11:36,402 - INFO - Completed: 12300 / To go: 54
2025-10-14 09:11:36,403 - INFO - Records in product_list: 12300
2025-10-14 09:11:38,666 - INFO - Completed: 12354 / To go: 0
2025-10-14 09:11:38,666 - INFO - Records in product_list: 12354
2025-10-14 09:11:41,021 - INFO - Loading combined dataframe from local file: updated_combined_dataframe.csv
2025-10-14 09:22:14,944 - INFO - ============================================================
2025-10-14 09:22:14,944 - INFO - Billa Price Scraper - Starting
2025-10-14 09:22:14,944 - INFO - ============================================================
2025-10-14 09:22:16,667 - INFO - Completed: 100 / To go: 12254
2025-10-14 09:22:16,667 - INFO - Records in product_list: 100
2025-10-14 09:22:19,005 - INFO - Completed: 200 / To go: 12154
2025-10-14 09:22:19,005 - INFO - Records in product_list: 200
2025-10-14 09:22:21,715 - INFO - Completed: 300 / To go: 12054
2025-10-14 09:22:21,715 - INFO - Records in product_list: 300
2025-10-14 09:22:24,327 - INFO - Completed: 400 / To go: 11954
2025-10-14 09:22:24,328 - INFO - Records in product_list: 400
2025-10-14 09:22:26,712 - INFO - Completed: 500 / To go: 11854
2025-10-14 09:22:26,712 - INFO - Records in product_list: 500
2025-10-14 09:22:29,257 - INFO - Completed: 600 / To go: 11754
2025-10-14 09:22:29,257 - INFO - Records in product_list: 600
2025-10-14 09:22:31,933 - INFO - Completed: 700 / To go: 11654
2025-10-14 09:22:31,933 - INFO - Records in product_list: 700
2025-10-14 09:22:34,354 - INFO - Completed: 800 / To go: 11554
2025-10-14 09:22:34,354 - INFO - Records in product_list: 800
2025-10-14 09:22:36,652 - INFO - Completed: 900 / To go: 11454
2025-10-14 09:22:36,652 - INFO - Records in product_list: 900
2025-10-14 09:22:38,987 - INFO - Completed: 1000 / To go: 11354
2025-10-14 09:22:38,987 - INFO - Records in product_list: 1000
2025-10-14 09:22:41,477 - INFO - Completed: 1100 / To go: 11254
2025-10-14 09:22:41,477 - INFO - Records in product_list: 1100
2025-10-14 09:22:43,907 - INFO - Completed: 1200 / To go: 11154
2025-10-14 09:22:43,907 - INFO - Records in product_list: 1200
2025-10-14 09:22:46,247 - INFO - Completed: 1300 / To go: 11054
2025-10-14 09:22:46,247 - INFO - Records in product_list: 1300
2025-10-14 09:22:49,159 - INFO - Completed: 1400 / To go: 10954
2025-10-14 09:22:49,160 - INFO - Records in product_list: 1400
2025-10-14 09:22:51,904 - INFO - Completed: 1500 / To go: 10854
2025-10-14 09:22:51,904 - INFO - Records in product_list: 1500
2025-10-14 09:22:54,391 - INFO - Completed: 1600 / To go: 10754
2025-10-14 09:22:54,391 - INFO - Records in product_list: 1600
2025-10-14 09:22:56,999 - INFO - Completed: 1700 / To go: 10654
2025-10-14 09:22:56,999 - INFO - Records in product_list: 1700
2025-10-14 09:22:59,321 - INFO - Completed: 1800 / To go: 10554
2025-10-14 09:22:59,321 - INFO - Records in product_list: 1800
2025-10-14 09:23:01,781 - INFO - Completed: 1900 / To go: 10454
2025-10-14 09:23:01,781 - INFO - Records in product_list: 1900
2025-10-14 09:23:04,041 - INFO - Completed: 2000 / To go: 10354
2025-10-14 09:23:04,042 - INFO - Records in product_list: 2000
2025-10-14 09:23:06,337 - INFO - Completed: 2100 / To go: 10254
2025-10-14 09:23:06,338 - INFO - Records in product_list: 2100
2025-10-14 09:23:08,570 - INFO - Completed: 2200 / To go: 10154
2025-10-14 09:23:08,570 - INFO - Records in product_list: 2200
2025-10-14 09:23:11,116 - INFO - Completed: 2300 / To go: 10054
2025-10-14 09:23:11,116 - INFO - Records in product_list: 2300
2025-10-14 09:23:13,578 - INFO - Completed: 2400 / To go: 9954
2025-10-14 09:23:13,578 - INFO - Records in product_list: 2400
2025-10-14 09:23:16,067 - INFO - Completed: 2500 / To go: 9854
2025-10-14 09:23:16,067 - INFO - Records in product_list: 2500
2025-10-14 09:23:18,320 - INFO - Completed: 2600 / To go: 9754
2025-10-14 09:23:18,320 - INFO - Records in product_list: 2600
2025-10-14 09:23:20,644 - INFO - Completed: 2700 / To go: 9654
2025-10-14 09:23:20,644 - INFO - Records in product_list: 2700
2025-10-14 09:23:22,922 - INFO - Completed: 2800 / To go: 9554
2025-10-14 09:23:22,922 - INFO - Records in product_list: 2800
2025-10-14 09:23:25,424 - INFO - Completed: 2900 / To go: 9454
2025-10-14 09:23:25,425 - INFO - Records in product_list: 2900
2025-10-14 09:23:27,777 - INFO - Completed: 3000 / To go: 9354
2025-10-14 09:23:27,777 - INFO - Records in product_list: 3000
2025-10-14 09:23:30,106 - INFO - Completed: 3100 / To go: 9254
2025-10-14 09:23:30,106 - INFO - Records in product_list: 3100
2025-10-14 09:23:32,524 - INFO - Completed: 3200 / To go: 9154
2025-10-14 09:23:32,524 - INFO - Records in product_list: 3200
2025-10-14 09:23:34,947 - INFO - Completed: 3300 / To go: 9054
2025-10-14 09:23:34,947 - INFO - Records in product_list: 3300
2025-10-14 09:23:37,242 - INFO - Completed: 3400 / To go: 8954
2025-10-14 09:23:37,242 - INFO - Records in product_list: 3400
2025-10-14 09:23:39,714 - INFO - Completed: 3500 / To go: 8854
2025-10-14 09:23:39,714 - INFO - Records in product_list: 3500
2025-10-14 09:23:41,974 - INFO - Completed: 3600 / To go: 8754
2025-10-14 09:23:41,974 - INFO - Records in product_list: 3600
2025-10-14 09:23:44,226 - INFO - Completed: 3700 / To go: 8654
2025-10-14 09:23:44,226 - INFO - Records in product_list: 3700
2025-10-14 09:23:46,577 - INFO - Completed: 3800 / To go: 8554
2025-10-14 09:23:46,577 - INFO - Records in product_list: 3800
2025-10-14 09:23:48,931 - INFO - Completed: 3900 / To go: 8454
2025-10-14 09:23:48,931 - INFO - Records in product_list: 3900
2025-10-14 09:23:51,231 - INFO - Completed: 4000 / To go: 8354
2025-10-14 09:23:51,231 - INFO - Records in product_list: 4000
2025-10-14 09:23:53,496 - INFO - Completed: 4100 / To go: 8254
2025-10-14 09:23:53,496 - INFO - Records in product_list: 4100
2025-10-14 09:23:55,741 - INFO - Completed: 4200 / To go: 8154
2025-10-14 09:23:55,741 - INFO - Records in product_list: 4200
2025-10-14 09:23:58,652 - INFO - Completed: 4300 / To go: 8054
2025-10-14 09:23:58,652 - INFO - Records in product_list: 4300
2025-10-14 09:24:00,903 - INFO - Completed: 4400 / To go: 7954
2025-10-14 09:24:00,904 - INFO - Records in product_list: 4400
2025-10-14 09:24:03,163 - INFO - Completed: 4500 / To go: 7854
2025-10-14 09:24:03,163 - INFO - Records in product_list: 4500
2025-10-14 09:24:05,426 - INFO - Completed: 4600 / To go: 7754
2025-10-14 09:24:05,426 - INFO - Records in product_list: 4600
2025-10-14 09:24:07,690 - INFO - Completed: 4700 / To go: 7654
2025-10-14 09:24:07,690 - INFO - Records in product_list: 4700
2025-10-14 09:24:09,948 - INFO - Completed: 4800 / To go: 7554
2025-10-14 09:24:09,948 - INFO - Records in product_list: 4800
2025-10-14 09:24:12,274 - INFO - Completed: 4900 / To go: 7454
2025-10-14 09:24:12,274 - INFO - Records in product_list: 4900
2025-10-14 09:24:14,694 - INFO - Completed: 5000 / To go: 7354
2025-10-14 09:24:14,694 - INFO - Records in product_list: 5000
2025-10-14 09:24:18,124 - INFO - Completed: 5100 / To go: 7254
2025-10-14 09:24:18,125 - INFO - Records in product_list: 5100
2025-10-14 09:24:20,384 - INFO - Completed: 5200 / To go: 7154
2025-10-14 09:24:20,384 - INFO - Records in product_list: 5200
2025-10-14 09:24:22,653 - INFO - Completed: 5300 / To go: 7054
2025-10-14 09:24:22,653 - INFO - Records in product_list: 5300
2025-10-14 09:24:24,912 - INFO - Completed: 5400 / To go: 6954
2025-10-14 09:24:24,912 - INFO - Records in product_list: 5400
2025-10-14 09:24:27,160 - INFO - Completed: 5500 / To go: 6854
2025-10-14 09:24:27,160 - INFO - Records in product_list: 5500
2025-10-14 09:24:29,431 - INFO - Completed: 5600 / To go: 6754
2025-10-14 09:24:29,431 - INFO - Records in product_list: 5600
2025-10-14 09:24:31,765 - INFO - Completed: 5700 / To go: 6654
2025-10-14 09:24:31,765 - INFO - Records in product_list: 5700
2025-10-14 09:24:33,992 - INFO - Completed: 5800 / To go: 6554
2025-10-14 09:24:33,992 - INFO - Records in product_list: 5800
2025-10-14 09:24:36,236 - INFO - Completed: 5900 / To go: 6454
2025-10-14 09:24:36,236 - INFO - Records in product_list: 5900
2025-10-14 09:24:38,495 - INFO - Completed: 6000 / To go: 6354
2025-10-14 09:24:38,495 - INFO - Records in product_list: 6000
2025-10-14 09:24:40,748 - INFO - Completed: 6100 / To go: 6254
2025-10-14 09:24:40,748 - INFO - Records in product_list: 6100
2025-10-14 09:24:43,063 - INFO - Completed: 6200 / To go: 6154
2025-10-14 09:24:43,063 - INFO - Records in product_list: 6200
2025-10-14 09:24:45,310 - INFO - Completed: 6300 / To go: 6054
2025-10-14 09:24:45,310 - INFO - Records in product_list: 6300
2025-10-14 09:24:48,135 - INFO - Completed: 6400 / To go: 5954
2025-10-14 09:24:48,135 - INFO - Records in product_list: 6400
2025-10-14 09:24:50,384 - INFO - Completed: 6500 / To go: 5854
2025-10-14 09:24:50,385 - INFO - Records in product_list: 6500
2025-10-14 09:24:52,649 - INFO - Completed: 6600 / To go: 5754
2025-10-14 09:24:52,649 - INFO - Records in product_list: 6600
2025-10-14 09:24:54,955 - INFO - Completed: 6700 / To go: 5654
2025-10-14 09:24:54,955 - INFO - Records in product_list: 6700
2025-10-14 09:24:57,230 - INFO - Completed: 6800 / To go: 5554
2025-10-14 09:24:57,230 - INFO - Records in product_list: 6800
2025-10-14 09:24:59,739 - INFO - Completed: 6900 / To go: 5454
2025-10-14 09:24:59,739 - INFO - Records in product_list: 6900
2025-10-14 09:25:02,016 - INFO - Completed: 7000 / To go: 5354
2025-10-14 09:25:02,016 - INFO - Records in product_list: 7000
2025-10-14 09:25:04,307 - INFO - Completed: 7100 / To go: 5254
2025-10-14 09:25:04,307 - INFO - Records in product_list: 7100
2025-10-14 09:25:06,567 - INFO - Completed: 7200 / To go: 5154
2025-10-14 09:25:06,567 - INFO - Records in product_list: 7200
2025-10-14 09:25:08,896 - INFO - Completed: 7300 / To go: 5054
2025-10-14 09:25:08,896 - INFO - Records in product_list: 7300
2025-10-14 09:25:11,817 - INFO - Completed: 7400 / To go: 4954
2025-10-14 09:25:11,817 - INFO - Records in product_list: 7400
2025-10-14 09:25:14,064 - INFO - Completed: 7500 / To go: 4854
2025-10-14 09:25:14,064 - INFO - Records in product_list: 7500
2025-10-14 09:25:16,322 - INFO - Completed: 7600 / To go: 4754
2025-10-14 09:25:16,323 - INFO - Records in product_list: 7600
2025-10-14 09:25:18,809 - INFO - Completed: 7700 / To go: 4654
2025-10-14 09:25:18,809 - INFO - Records in product_list: 7700
2025-10-14 09:25:21,084 - INFO - Completed: 7800 / To go: 4554
2025-10-14 09:25:21,084 - INFO - Records in product_list: 7800
2025-10-14 09:25:23,946 - INFO - Completed: 7900 / To go: 4454
2025-10-14 09:25:23,946 - INFO - Records in product_list: 7900
2025-10-14 09:25:26,516 - INFO - Completed: 8000 / To go: 4354
2025-10-14 09:25:26,516 - INFO - Records in product_list: 8000
2025-10-14 09:25:28,841 - INFO - Completed: 8100 / To go: 4254
2025-10-14 09:25:28,841 - INFO - Records in product_list: 8100
2025-10-14 09:25:31,104 - INFO - Completed: 8200 / To go: 4154
2025-10-14 09:25:31,104 - INFO - Records in product_list: 8200
2025-10-14 09:25:33,356 - INFO - Completed: 8300 / To go: 4054
2025-10-14 09:25:33,356 - INFO - Records in product_list: 8300
2025-10-14 09:25:35,891 - INFO - Completed: 8400 / To go: 3954
2025-10-14 09:25:35,891 - INFO - Records in product_list: 8400
2025-10-14 09:25:38,188 - INFO - Completed: 8500 / To go: 3854
2025-10-14 09:25:38,188 - INFO - Records in product_list: 8500
2025-10-14 09:25:40,442 - INFO - Completed: 8600 / To go: 3754
2025-10-14 09:25:40,442 - INFO - Records in product_list: 8600
2025-10-14 09:25:42,689 - INFO - Completed: 8700 / To go: 3654
2025-10-14 09:25:42,689 - INFO - Records in product_list: 8700
2025-10-14 09:25:44,957 - INFO - Completed: 8800 / To go: 3554
2025-10-14 09:25:44,957 - INFO - Records in product_list: 8800
2025-10-14 09:25:47,995 - INFO - Completed: 8900 / To go: 3454
2025-10-14 09:25:47,995 - INFO - Records in product_list: 8900
2025-10-14 09:25:50,254 - INFO - Completed: 9000 / To go: 3354
2025-10-14 09:25:50,254 - INFO - Records in product_list: 9000
2025-10-14 09:25:52,504 - INFO - Completed: 9100 / To go: 3254
2025-10-14 09:25:52,504 - INFO - Records in product_list: 9100
2025-10-14 09:25:54,764 - INFO - Completed: 9200 / To go: 3154
2025-10-14 09:25:54,765 - INFO - Records in product_list: 9200
2025-10-14 09:25:57,021 - INFO - Completed: 9300 / To go: 3054
2025-10-14 09:25:57,021 - INFO - Records in product_list: 9300
2025-10-14 09:25:59,253 - INFO - Completed: 9400 / To go: 2954
2025-10-14 09:25:59,253 - INFO - Records in product_list: 9400
2025-10-14 09:26:01,939 - INFO - Completed: 9500 / To go: 2854
2025-10-14 09:26:01,939 - INFO - Records in product_list: 9500
2025-10-14 09:26:04,671 - INFO - Completed: 9600 / To go: 2754
2025-10-14 09:26:04,672 - INFO - Records in product_list: 9600
2025-10-14 09:26:06,925 - INFO - Completed: 9700 / To go: 2654
2025-10-14 09:26:06,925 - INFO - Records in product_list: 9700
2025-10-14 09:26:09,179 - INFO - Completed: 9800 / To go: 2554
2025-10-14 09:26:09,180 - INFO - Records in product_list: 9800
2025-10-14 09:26:11,435 - INFO - Completed: 9900 / To go: 2454
2025-10-14 09:26:11,435 - INFO - Records in product_list: 9900
2025-10-14 09:26:13,699 - INFO - Completed: 10000 / To go: 2354
2025-10-14 09:26:13,699 - INFO - Records in product_list: 10000
2025-10-14 09:26:16,438 - INFO - Completed: 10100 / To go: 2254
2025-10-14 09:26:16,438 - INFO - Records in product_list: 10100
2025-10-14 09:26:19,355 - INFO - Completed: 10200 / To go: 2154
2025-10-14 09:26:19,355 - INFO - Records in product_list: 10200
2025-10-14 09:26:21,647 - INFO - Completed: 10300 / To go: 2054
2025-10-14 09:26:21,647 - INFO - Records in product_list: 10300
2025-10-14 09:26:23,885 - INFO - Completed: 10400 / To go: 1954
2025-10-14 09:26:23,885 - INFO - Records in product_list: 10400
2025-10-14 09:26:26,132 - INFO - Completed: 10500 / To go: 1854
2025-10-14 09:26:26,132 - INFO - Records in product_list: 10500
2025-10-14 09:26:28,378 - INFO - Completed: 10600 / To go: 1754
2025-10-14 09:26:28,378 - INFO - Records in product_list: 10600
2025-10-14 09:26:30,630 - INFO - Completed: 10700 / To go: 1654
2025-10-14 09:26:30,630 - INFO - Records in product_list: 10700
2025-10-14 09:26:32,891 - INFO - Completed: 10800 / To go: 1554
2025-10-14 09:26:32,892 - INFO - Records in product_list: 10800
2025-10-14 09:26:35,148 - INFO - Completed: 10900 / To go: 1454
2025-10-14 09:26:35,148 - INFO - Records in product_list: 10900
2025-10-14 09:26:37,903 - INFO - Completed: 11000 / To go: 1354
2025-10-14 09:26:37,903 - INFO - Records in product_list: 11000
2025-10-14 09:26:40,160 - INFO - Completed: 11100 / To go: 1254
2025-10-14 09:26:40,160 - INFO - Records in product_list: 11100
2025-10-14 09:26:42,956 - INFO - Completed: 11200 / To go: 1154
2025-10-14 09:26:42,956 - INFO - Records in product_list: 11200
2025-10-14 09:26:45,208 - INFO - Completed: 11300 / To go: 1054
2025-10-14 09:26:45,208 - INFO - Records in product_list: 11300
2025-10-14 09:26:47,458 - INFO - Completed: 11400 / To go: 954
2025-10-14 09:26:47,458 - INFO - Records in product_list: 11400
2025-10-14 09:26:49,714 - INFO - Completed: 11500 / To go: 854
2025-10-14 09:26:49,714 - INFO - Records in product_list: 11500
2025-10-14 09:26:51,962 - INFO - Completed: 11600 / To go: 754
2025-10-14 09:26:51,962 - INFO - Records in product_list: 11600
2025-10-14 09:26:54,276 - INFO - Completed: 11700 / To go: 654
2025-10-14 09:26:54,276 - INFO - Records in product_list: 11700
2025-10-14 09:26:56,516 - INFO - Completed: 11800 / To go: 554
2025-10-14 09:26:56,516 - INFO - Records in product_list: 11800
2025-10-14 09:26:58,754 - INFO - Completed: 11900 / To go: 454
2025-10-14 09:26:58,754 - INFO - Records in product_list: 11900
2025-10-14 09:27:01,015 - INFO - Completed: 12000 / To go: 354
2025-10-14 09:27:01,015 - INFO - Records in product_list: 12000
2025-10-14 09:27:03,859 - INFO - Completed: 12100 / To go: 254
2025-10-14 09:27:03,860 - INFO - Records in product_list: 12100
2025-10-14 09:27:06,097 - INFO - Completed: 12200 / To go: 154
2025-10-14 09:27:06,097 - INFO - Records in product_list: 12200
2025-10-14 09:27:08,341 - INFO - Completed: 12300 / To go: 54
2025-10-14 09:27:08,341 - INFO - Records in product_list: 12300
2025-10-14 09:27:11,279 - INFO - Completed: 12354 / To go: 0
2025-10-14 09:27:11,279 - INFO - Records in product_list: 12354
2025-10-14 09:27:13,666 - INFO - Loading combined dataframe from local file: updated_combined_dataframe.csv
2025-10-15 03:42:55,477 - INFO - ============================================================
2025-10-15 03:42:55,477 - INFO - Billa Price Scraper - Starting
2025-10-15 03:42:55,477 - INFO - ============================================================
2025-10-15 03:42:57,671 - INFO - Completed: 100 / To go: 12244
2025-10-15 03:42:57,672 - INFO - Records in product_list: 100
2025-10-15 03:43:01,032 - INFO - Completed: 200 / To go: 12144
2025-10-15 03:43:01,032 - INFO - Records in product_list: 200
2025-10-15 03:43:04,266 - INFO - Completed: 300 / To go: 12044
2025-10-15 03:43:04,267 - INFO - Records in product_list: 300
2025-10-15 03:43:07,706 - INFO - Completed: 400 / To go: 11944
2025-10-15 03:43:07,706 - INFO - Records in product_list: 400
2025-10-15 03:43:10,985 - INFO - Completed: 500 / To go: 11844
2025-10-15 03:43:10,986 - INFO - Records in product_list: 500
2025-10-15 03:43:14,378 - INFO - Completed: 600 / To go: 11744
2025-10-15 03:43:14,378 - INFO - Records in product_list: 600
2025-10-15 03:43:17,343 - INFO - Completed: 700 / To go: 11644
2025-10-15 03:43:17,343 - INFO - Records in product_list: 700
2025-10-15 03:43:20,730 - INFO - Completed: 800 / To go: 11544
2025-10-15 03:43:20,730 - INFO - Records in product_list: 800
2025-10-15 03:43:23,840 - INFO - Completed: 900 / To go: 11444
2025-10-15 03:43:23,840 - INFO - Records in product_list: 900
2025-10-15 03:43:26,834 - WARNING - Error fetching data from https://shop.billa.at/api/products?sortBy=relevance&page=9&pageSize=100: 503 Server Error: Service Unavailable for url: https://shop.billa.at/api/products?sortBy=relevance&page=9&pageSize=100. Retrying in 3 seconds... (Attempt 1/5)
2025-10-15 03:43:31,233 - INFO - Completed: 1000 / To go: 11344
2025-10-15 03:43:31,233 - INFO - Records in product_list: 1000
2025-10-15 03:43:34,677 - INFO - Completed: 1100 / To go: 11244
2025-10-15 03:43:34,677 - INFO - Records in product_list: 1100
2025-10-15 03:43:37,769 - INFO - Completed: 1200 / To go: 11144
2025-10-15 03:43:37,769 - INFO - Records in product_list: 1200
2025-10-15 03:43:40,907 - INFO - Completed: 1300 / To go: 11044
2025-10-15 03:43:40,907 - INFO - Records in product_list: 1300
2025-10-15 03:43:44,171 - INFO - Completed: 1400 / To go: 10944
2025-10-15 03:43:44,171 - INFO - Records in product_list: 1400
2025-10-15 03:43:47,630 - INFO - Completed: 1500 / To go: 10844
2025-10-15 03:43:47,630 - INFO - Records in product_list: 1500
2025-10-15 03:43:50,869 - INFO - Completed: 1600 / To go: 10744
2025-10-15 03:43:50,869 - INFO - Records in product_list: 1600
2025-10-15 03:43:54,230 - INFO - Completed: 1700 / To go: 10644
2025-10-15 03:43:54,230 - INFO - Records in product_list: 1700
2025-10-15 03:43:57,208 - INFO - Completed: 1800 / To go: 10544
2025-10-15 03:43:57,208 - INFO - Records in product_list: 1800
2025-10-15 03:44:00,301 - INFO - Completed: 1900 / To go: 10444
2025-10-15 03:44:00,301 - INFO - Records in product_list: 1900
2025-10-15 03:44:03,569 - INFO - Completed: 2000 / To go: 10344
2025-10-15 03:44:03,569 - INFO - Records in product_list: 2000
2025-10-15 03:44:06,542 - INFO - Completed: 2100 / To go: 10244
2025-10-15 03:44:06,542 - INFO - Records in product_list: 2100
2025-10-15 03:44:09,946 - INFO - Completed: 2200 / To go: 10144
2025-10-15 03:44:09,946 - INFO - Records in product_list: 2200
2025-10-15 03:44:13,077 - INFO - Completed: 2300 / To go: 10044
2025-10-15 03:44:13,078 - INFO - Records in product_list: 2300
2025-10-15 03:44:16,044 - INFO - Completed: 2400 / To go: 9944
2025-10-15 03:44:16,044 - INFO - Records in product_list: 2400
2025-10-15 03:44:19,176 - INFO - Completed: 2500 / To go: 9844
2025-10-15 03:44:19,177 - INFO - Records in product_list: 2500
2025-10-15 03:44:22,191 - INFO - Completed: 2600 / To go: 9744
2025-10-15 03:44:22,191 - INFO - Records in product_list: 2600
2025-10-15 03:44:25,194 - INFO - Completed: 2700 / To go: 9644
2025-10-15 03:44:25,195 - INFO - Records in product_list: 2700
2025-10-15 03:44:28,202 - INFO - Completed: 2800 / To go: 9544
2025-10-15 03:44:28,202 - INFO - Records in product_list: 2800
2025-10-15 03:44:31,326 - INFO - Completed: 2900 / To go: 9444
2025-10-15 03:44:31,326 - INFO - Records in product_list: 2900
2025-10-15 03:44:35,583 - INFO - Completed: 3000 / To go: 9344
2025-10-15 03:44:35,584 - INFO - Records in product_list: 3000
2025-10-15 03:44:38,795 - INFO - Completed: 3100 / To go: 9244
2025-10-15 03:44:38,795 - INFO - Records in product_list: 3100
2025-10-15 03:44:41,835 - INFO - Completed: 3200 / To go: 9144
2025-10-15 03:44:41,835 - INFO - Records in product_list: 3200
2025-10-15 03:44:44,925 - INFO - Completed: 3300 / To go: 9044
2025-10-15 03:44:44,925 - INFO - Records in product_list: 3300
2025-10-15 03:44:47,892 - INFO - Completed: 3400 / To go: 8944
2025-10-15 03:44:47,892 - INFO - Records in product_list: 3400
2025-10-15 03:44:50,830 - INFO - Completed: 3500 / To go: 8844
2025-10-15 03:44:50,831 - INFO - Records in product_list: 3500
2025-10-15 03:44:53,791 - INFO - Completed: 3600 / To go: 8744
2025-10-15 03:44:53,791 - INFO - Records in product_list: 3600
2025-10-15 03:44:56,726 - INFO - Completed: 3700 / To go: 8644
2025-10-15 03:44:56,726 - INFO - Records in product_list: 3700
2025-10-15 03:44:59,655 - INFO - Completed: 3800 / To go: 8544
2025-10-15 03:44:59,656 - INFO - Records in product_list: 3800
2025-10-15 03:45:02,581 - INFO - Completed: 3900 / To go: 8444
2025-10-15 03:45:02,581 - INFO - Records in product_list: 3900
2025-10-15 03:45:05,546 - INFO - Completed: 4000 / To go: 8344
2025-10-15 03:45:05,546 - INFO - Records in product_list: 4000
2025-10-15 03:45:08,517 - INFO - Completed: 4100 / To go: 8244
2025-10-15 03:45:08,517 - INFO - Records in product_list: 4100
2025-10-15 03:45:11,429 - INFO - Completed: 4200 / To go: 8144
2025-10-15 03:45:11,429 - INFO - Records in product_list: 4200
2025-10-15 03:45:15,169 - INFO - Completed: 4300 / To go: 8044
2025-10-15 03:45:15,169 - INFO - Records in product_list: 4300
2025-10-15 03:45:18,536 - INFO - Completed: 4400 / To go: 7944
2025-10-15 03:45:18,536 - INFO - Records in product_list: 4400
2025-10-15 03:45:21,405 - INFO - Completed: 4500 / To go: 7844
2025-10-15 03:45:21,406 - INFO - Records in product_list: 4500
2025-10-15 03:45:24,381 - INFO - Completed: 4600 / To go: 7744
2025-10-15 03:45:24,381 - INFO - Records in product_list: 4600
2025-10-15 03:45:27,288 - INFO - Completed: 4700 / To go: 7644
2025-10-15 03:45:27,288 - INFO - Records in product_list: 4700
2025-10-15 03:45:30,631 - INFO - Completed: 4800 / To go: 7544
2025-10-15 03:45:30,631 - INFO - Records in product_list: 4800
2025-10-15 03:45:33,528 - INFO - Completed: 4900 / To go: 7444
2025-10-15 03:45:33,528 - INFO - Records in product_list: 4900
2025-10-15 03:45:37,173 - INFO - Completed: 5000 / To go: 7344
2025-10-15 03:45:37,174 - INFO - Records in product_list: 5000
2025-10-15 03:45:40,094 - INFO - Completed: 5100 / To go: 7244
2025-10-15 03:45:40,095 - INFO - Records in product_list: 5100
2025-10-15 03:45:43,002 - INFO - Completed: 5200 / To go: 7144
2025-10-15 03:45:43,003 - INFO - Records in product_list: 5200
2025-10-15 03:45:45,955 - INFO - Completed: 5300 / To go: 7044
2025-10-15 03:45:45,955 - INFO - Records in product_list: 5300
2025-10-15 03:45:48,837 - INFO - Completed: 5400 / To go: 6944
2025-10-15 03:45:48,837 - INFO - Records in product_list: 5400
2025-10-15 03:45:52,115 - INFO - Completed: 5500 / To go: 6844
2025-10-15 03:45:52,115 - INFO - Records in product_list: 5500
2025-10-15 03:45:55,053 - INFO - Completed: 5600 / To go: 6744
2025-10-15 03:45:55,053 - INFO - Records in product_list: 5600
2025-10-15 03:45:58,148 - INFO - Completed: 5700 / To go: 6644
2025-10-15 03:45:58,148 - INFO - Records in product_list: 5700
2025-10-15 03:46:01,150 - INFO - Completed: 5800 / To go: 6544
2025-10-15 03:46:01,150 - INFO - Records in product_list: 5800
2025-10-15 03:46:04,057 - INFO - Completed: 5900 / To go: 6444
2025-10-15 03:46:04,058 - INFO - Records in product_list: 5900
2025-10-15 03:46:07,022 - INFO - Completed: 6000 / To go: 6344
2025-10-15 03:46:07,022 - INFO - Records in product_list: 6000
2025-10-15 03:46:09,821 - INFO - Completed: 6100 / To go: 6244
2025-10-15 03:46:09,821 - INFO - Records in product_list: 6100
2025-10-15 03:46:12,706 - INFO - Completed: 6200 / To go: 6144
2025-10-15 03:46:12,706 - INFO - Records in product_list: 6200
2025-10-15 03:46:15,586 - INFO - Completed: 6300 / To go: 6044
2025-10-15 03:46:15,586 - INFO - Records in product_list: 6300
2025-10-15 03:46:18,805 - INFO - Completed: 6400 / To go: 5944
2025-10-15 03:46:18,805 - INFO - Records in product_list: 6400
2025-10-15 03:46:22,212 - INFO - Completed: 6500 / To go: 5844
2025-10-15 03:46:22,213 - INFO - Records in product_list: 6500
2025-10-15 03:46:25,130 - INFO - Completed: 6600 / To go: 5744
2025-10-15 03:46:25,130 - INFO - Records in product_list: 6600
2025-10-15 03:46:27,971 - INFO - Completed: 6700 / To go: 5644
2025-10-15 03:46:27,971 - INFO - Records in product_list: 6700
2025-10-15 03:46:30,720 - INFO - Completed: 6800 / To go: 5544
2025-10-15 03:46:30,721 - INFO - Records in product_list: 6800
2025-10-15 03:46:33,584 - INFO - Completed: 6900 / To go: 5444
2025-10-15 03:46:33,584 - INFO - Records in product_list: 6900
2025-10-15 03:46:36,626 - INFO - Completed: 7000 / To go: 5344
2025-10-15 03:46:36,626 - INFO - Records in product_list: 7000
2025-10-15 03:46:40,429 - INFO - Completed: 7100 / To go: 5244
2025-10-15 03:46:40,429 - INFO - Records in product_list: 7100
2025-10-15 03:46:43,837 - INFO - Completed: 7200 / To go: 5144
2025-10-15 03:46:43,838 - INFO - Records in product_list: 7200
2025-10-15 03:46:46,620 - INFO - Completed: 7300 / To go: 5044
2025-10-15 03:46:46,621 - INFO - Records in product_list: 7300
2025-10-15 03:46:49,455 - INFO - Completed: 7400 / To go: 4944
2025-10-15 03:46:49,455 - INFO - Records in product_list: 7400
2025-10-15 03:46:52,242 - INFO - Completed: 7500 / To go: 4844
2025-10-15 03:46:52,243 - INFO - Records in product_list: 7500
2025-10-15 03:46:55,053 - INFO - Completed: 7600 / To go: 4744
2025-10-15 03:46:55,053 - INFO - Records in product_list: 7600
2025-10-15 03:46:57,812 - INFO - Completed: 7700 / To go: 4644
2025-10-15 03:46:57,813 - INFO - Records in product_list: 7700
2025-10-15 03:47:00,741 - INFO - Completed: 7800 / To go: 4544
2025-10-15 03:47:00,741 - INFO - Records in product_list: 7800
2025-10-15 03:47:03,635 - INFO - Completed: 7900 / To go: 4444
2025-10-15 03:47:03,635 - INFO - Records in product_list: 7900
2025-10-15 03:47:06,418 - INFO - Completed: 8000 / To go: 4344
2025-10-15 03:47:06,419 - INFO - Records in product_list: 8000
2025-10-15 03:47:09,205 - INFO - Completed: 8100 / To go: 4244
2025-10-15 03:47:09,205 - INFO - Records in product_list: 8100
2025-10-15 03:47:12,004 - INFO - Completed: 8200 / To go: 4144
2025-10-15 03:47:12,005 - INFO - Records in product_list: 8200
2025-10-15 03:47:14,768 - INFO - Completed: 8300 / To go: 4044
2025-10-15 03:47:14,768 - INFO - Records in product_list: 8300
2025-10-15 03:47:17,498 - INFO - Completed: 8400 / To go: 3944
2025-10-15 03:47:17,498 - INFO - Records in product_list: 8400
2025-10-15 03:47:20,195 - INFO - Completed: 8500 / To go: 3844
2025-10-15 03:47:20,195 - INFO - Records in product_list: 8500
2025-10-15 03:47:22,933 - INFO - Completed: 8600 / To go: 3744
2025-10-15 03:47:22,933 - INFO - Records in product_list: 8600
2025-10-15 03:47:25,728 - INFO - Completed: 8700 / To go: 3644
2025-10-15 03:47:25,728 - INFO - Records in product_list: 8700
2025-10-15 03:47:28,369 - INFO - Completed: 8800 / To go: 3544
2025-10-15 03:47:28,369 - INFO - Records in product_list: 8800
2025-10-15 03:47:31,090 - INFO - Completed: 8900 / To go: 3444
2025-10-15 03:47:31,090 - INFO - Records in product_list: 8900
2025-10-15 03:47:33,876 - INFO - Completed: 9000 / To go: 3344
2025-10-15 03:47:33,876 - INFO - Records in product_list: 9000
2025-10-15 03:47:36,629 - INFO - Completed: 9100 / To go: 3244
2025-10-15 03:47:36,630 - INFO - Records in product_list: 9100
2025-10-15 03:47:39,356 - INFO - Completed: 9200 / To go: 3144
2025-10-15 03:47:39,356 - INFO - Records in product_list: 9200
2025-10-15 03:47:42,002 - INFO - Completed: 9300 / To go: 3044
2025-10-15 03:47:42,002 - INFO - Records in product_list: 9300
2025-10-15 03:47:44,758 - INFO - Completed: 9400 / To go: 2944
2025-10-15 03:47:44,758 - INFO - Records in product_list: 9400
2025-10-15 03:47:47,611 - INFO - Completed: 9500 / To go: 2844
2025-10-15 03:47:47,611 - INFO - Records in product_list: 9500
2025-10-15 03:47:50,362 - INFO - Completed: 9600 / To go: 2744
2025-10-15 03:47:50,363 - INFO - Records in product_list: 9600
2025-10-15 03:47:53,189 - INFO - Completed: 9700 / To go: 2644
2025-10-15 03:47:53,190 - INFO - Records in product_list: 9700
2025-10-15 03:47:55,975 - INFO - Completed: 9800 / To go: 2544
2025-10-15 03:47:55,975 - INFO - Records in product_list: 9800
2025-10-15 03:47:58,714 - INFO - Completed: 9900 / To go: 2444
2025-10-15 03:47:58,714 - INFO - Records in product_list: 9900
2025-10-15 03:48:01,490 - INFO - Completed: 10000 / To go: 2344
2025-10-15 03:48:01,490 - INFO - Records in product_list: 10000
2025-10-15 03:48:04,317 - INFO - Completed: 10100 / To go: 2244
2025-10-15 03:48:04,317 - INFO - Records in product_list: 10100
2025-10-15 03:48:07,246 - INFO - Completed: 10200 / To go: 2144
2025-10-15 03:48:07,246 - INFO - Records in product_list: 10200
2025-10-15 03:48:10,089 - INFO - Completed: 10300 / To go: 2044
2025-10-15 03:48:10,090 - INFO - Records in product_list: 10300
2025-10-15 03:48:12,857 - INFO - Completed: 10400 / To go: 1944
2025-10-15 03:48:12,857 - INFO - Records in product_list: 10400
2025-10-15 03:48:15,808 - INFO - Completed: 10500 / To go: 1844
2025-10-15 03:48:15,808 - INFO - Records in product_list: 10500
2025-10-15 03:48:18,606 - INFO - Completed: 10600 / To go: 1744
2025-10-15 03:48:18,607 - INFO - Records in product_list: 10600
2025-10-15 03:48:21,443 - INFO - Completed: 10700 / To go: 1644
2025-10-15 03:48:21,444 - INFO - Records in product_list: 10700
2025-10-15 03:48:24,246 - INFO - Completed: 10800 / To go: 1544
2025-10-15 03:48:24,246 - INFO - Records in product_list: 10800
2025-10-15 03:48:27,077 - INFO - Completed: 10900 / To go: 1444
2025-10-15 03:48:27,077 - INFO - Records in product_list: 10900
2025-10-15 03:48:29,922 - INFO - Completed: 11000 / To go: 1344
2025-10-15 03:48:29,922 - INFO - Records in product_list: 11000
2025-10-15 03:48:32,821 - INFO - Completed: 11100 / To go: 1244
2025-10-15 03:48:32,821 - INFO - Records in product_list: 11100
2025-10-15 03:48:35,702 - INFO - Completed: 11200 / To go: 1144
2025-10-15 03:48:35,702 - INFO - Records in product_list: 11200
2025-10-15 03:48:39,482 - INFO - Completed: 11300 / To go: 1044
2025-10-15 03:48:39,482 - INFO - Records in product_list: 11300
2025-10-15 03:48:42,360 - INFO - Completed: 11400 / To go: 944
2025-10-15 03:48:42,360 - INFO - Records in product_list: 11400
2025-10-15 03:48:45,222 - INFO - Completed: 11500 / To go: 844
2025-10-15 03:48:45,222 - INFO - Records in product_list: 11500
2025-10-15 03:48:48,406 - INFO - Completed: 11600 / To go: 744
2025-10-15 03:48:48,406 - INFO - Records in product_list: 11600
2025-10-15 03:48:51,287 - INFO - Completed: 11700 / To go: 644
2025-10-15 03:48:51,287 - INFO - Records in product_list: 11700
2025-10-15 03:48:54,132 - INFO - Completed: 11800 / To go: 544
2025-10-15 03:48:54,132 - INFO - Records in product_list: 11800
2025-10-15 03:48:56,973 - INFO - Completed: 11900 / To go: 444
2025-10-15 03:48:56,973 - INFO - Records in product_list: 11900
2025-10-15 03:49:00,284 - INFO - Completed: 12000 / To go: 344
2025-10-15 03:49:00,284 - INFO - Records in product_list: 12000
2025-10-15 03:49:02,977 - INFO - Completed: 12100 / To go: 244
2025-10-15 03:49:02,977 - INFO - Records in product_list: 12100
2025-10-15 03:49:05,823 - INFO - Completed: 12200 / To go: 144
2025-10-15 03:49:05,823 - INFO - Records in product_list: 12200
2025-10-15 03:49:08,565 - INFO - Completed: 12300 / To go: 44
2025-10-15 03:49:08,565 - INFO - Records in product_list: 12300
2025-10-15 03:49:11,035 - INFO - Completed: 12344 / To go: 0
2025-10-15 03:49:11,035 - INFO - Records in product_list: 12344
2025-10-15 03:49:13,399 - INFO - Loading combined dataframe from local file: updated_combined_dataframe.csv
2025-10-15 12:02:43,305 - INFO - ============================================================
2025-10-15 12:02:43,305 - INFO - Billa Price Scraper - Starting
2025-10-15 12:02:43,305 - INFO - ============================================================
2025-10-15 12:02:43,758 - ERROR - Error fetching initial data: 404 Client Error: Not Found for url: https://shop.billa.at/api/products?sortBy=relevance&page=0&pageSize=100
2025-10-15 12:18:07,553 - INFO - ============================================================
2025-10-15 12:18:07,553 - INFO - Billa Price Scraper - Starting
2025-10-15 12:18:07,553 - INFO - ============================================================
2025-10-15 12:18:09,425 - INFO - Completed: 100 / To go: 12245
2025-10-15 12:18:09,425 - INFO - Records in product_list: 100
2025-10-15 12:18:12,625 - INFO - Completed: 200 / To go: 12145
2025-10-15 12:18:12,625 - INFO - Records in product_list: 200
2025-10-15 12:18:15,613 - INFO - Completed: 300 / To go: 12045
2025-10-15 12:18:15,613 - INFO - Records in product_list: 300
2025-10-15 12:18:18,857 - INFO - Completed: 400 / To go: 11945
2025-10-15 12:18:18,857 - INFO - Records in product_list: 400
2025-10-15 12:18:22,160 - INFO - Completed: 500 / To go: 11845
2025-10-15 12:18:22,160 - INFO - Records in product_list: 500
2025-10-15 12:18:25,355 - INFO - Completed: 600 / To go: 11745
2025-10-15 12:18:25,355 - INFO - Records in product_list: 600
2025-10-15 12:18:28,443 - INFO - Completed: 700 / To go: 11645
2025-10-15 12:18:28,443 - INFO - Records in product_list: 700
2025-10-15 12:18:31,616 - INFO - Completed: 800 / To go: 11545
2025-10-15 12:18:31,616 - INFO - Records in product_list: 800
2025-10-15 12:18:34,958 - INFO - Completed: 900 / To go: 11445
2025-10-15 12:18:34,958 - INFO - Records in product_list: 900
2025-10-15 12:18:37,932 - INFO - Completed: 1000 / To go: 11345
2025-10-15 12:18:37,932 - INFO - Records in product_list: 1000
2025-10-15 12:18:40,931 - INFO - Completed: 1100 / To go: 11245
2025-10-15 12:18:40,931 - INFO - Records in product_list: 1100
2025-10-15 12:18:44,183 - INFO - Completed: 1200 / To go: 11145
2025-10-15 12:18:44,183 - INFO - Records in product_list: 1200
2025-10-15 12:18:47,381 - INFO - Completed: 1300 / To go: 11045
2025-10-15 12:18:47,381 - INFO - Records in product_list: 1300
2025-10-15 12:18:50,365 - INFO - Completed: 1400 / To go: 10945
2025-10-15 12:18:50,365 - INFO - Records in product_list: 1400
2025-10-15 12:18:53,642 - INFO - Completed: 1500 / To go: 10845
2025-10-15 12:18:53,642 - INFO - Records in product_list: 1500
2025-10-15 12:18:56,768 - INFO - Completed: 1600 / To go: 10745
2025-10-15 12:18:56,768 - INFO - Records in product_list: 1600
2025-10-15 12:19:00,091 - INFO - Completed: 1700 / To go: 10645
2025-10-15 12:19:00,091 - INFO - Records in product_list: 1700
2025-10-15 12:19:03,430 - INFO - Completed: 1800 / To go: 10545
2025-10-15 12:19:03,430 - INFO - Records in product_list: 1800
2025-10-15 12:19:06,510 - INFO - Completed: 1900 / To go: 10445
2025-10-15 12:19:06,510 - INFO - Records in product_list: 1900
2025-10-15 12:19:09,528 - INFO - Completed: 2000 / To go: 10345
2025-10-15 12:19:09,528 - INFO - Records in product_list: 2000
2025-10-15 12:19:12,654 - INFO - Completed: 2100 / To go: 10245
2025-10-15 12:19:12,654 - INFO - Records in product_list: 2100
2025-10-15 12:19:15,779 - INFO - Completed: 2200 / To go: 10145
2025-10-15 12:19:15,779 - INFO - Records in product_list: 2200
2025-10-15 12:19:18,758 - INFO - Completed: 2300 / To go: 10045
2025-10-15 12:19:18,758 - INFO - Records in product_list: 2300
2025-10-15 12:19:21,773 - INFO - Completed: 2400 / To go: 9945
2025-10-15 12:19:21,773 - INFO - Records in product_list: 2400
2025-10-15 12:19:24,813 - INFO - Completed: 2500 / To go: 9845
2025-10-15 12:19:24,813 - INFO - Records in product_list: 2500
2025-10-15 12:19:27,941 - INFO - Completed: 2600 / To go: 9745
2025-10-15 12:19:27,941 - INFO - Records in product_list: 2600
2025-10-15 12:19:30,855 - INFO - Completed: 2700 / To go: 9645
2025-10-15 12:19:30,855 - INFO - Records in product_list: 2700
2025-10-15 12:19:33,944 - INFO - Completed: 2800 / To go: 9545
2025-10-15 12:19:33,944 - INFO - Records in product_list: 2800
2025-10-15 12:19:36,858 - INFO - Completed: 2900 / To go: 9445
2025-10-15 12:19:36,858 - INFO - Records in product_list: 2900
2025-10-15 12:19:39,749 - INFO - Completed: 3000 / To go: 9345
2025-10-15 12:19:39,749 - INFO - Records in product_list: 3000
2025-10-15 12:19:42,696 - INFO - Completed: 3100 / To go: 9245
2025-10-15 12:19:42,696 - INFO - Records in product_list: 3100
2025-10-15 12:19:45,751 - INFO - Completed: 3200 / To go: 9145
2025-10-15 12:19:45,751 - INFO - Records in product_list: 3200
2025-10-15 12:19:48,790 - INFO - Completed: 3300 / To go: 9045
2025-10-15 12:19:48,790 - INFO - Records in product_list: 3300
2025-10-15 12:19:51,750 - INFO - Completed: 3400 / To go: 8945
2025-10-15 12:19:51,751 - INFO - Records in product_list: 3400
2025-10-15 12:19:54,845 - INFO - Completed: 3500 / To go: 8845
2025-10-15 12:19:54,845 - INFO - Records in product_list: 3500
2025-10-15 12:19:57,730 - INFO - Completed: 3600 / To go: 8745
2025-10-15 12:19:57,730 - INFO - Records in product_list: 3600
2025-10-15 12:20:00,566 - INFO - Completed: 3700 / To go: 8645
2025-10-15 12:20:00,566 - INFO - Records in product_list: 3700
2025-10-15 12:20:03,469 - INFO - Completed: 3800 / To go: 8545
2025-10-15 12:20:03,469 - INFO - Records in product_list: 3800
2025-10-15 12:20:06,366 - INFO - Completed: 3900 / To go: 8445
2025-10-15 12:20:06,367 - INFO - Records in product_list: 3900
2025-10-15 12:20:09,287 - INFO - Completed: 4000 / To go: 8345
2025-10-15 12:20:09,287 - INFO - Records in product_list: 4000
2025-10-15 12:20:12,248 - INFO - Completed: 4100 / To go: 8245
2025-10-15 12:20:12,248 - INFO - Records in product_list: 4100
2025-10-15 12:20:15,081 - INFO - Completed: 4200 / To go: 8145
2025-10-15 12:20:15,081 - INFO - Records in product_list: 4200
2025-10-15 12:20:17,989 - INFO - Completed: 4300 / To go: 8045
2025-10-15 12:20:17,990 - INFO - Records in product_list: 4300
2025-10-15 12:20:21,020 - INFO - Completed: 4400 / To go: 7945
2025-10-15 12:20:21,020 - INFO - Records in product_list: 4400
2025-10-15 12:20:24,013 - INFO - Completed: 4500 / To go: 7845
2025-10-15 12:20:24,014 - INFO - Records in product_list: 4500
2025-10-15 12:20:27,104 - INFO - Completed: 4600 / To go: 7745
2025-10-15 12:20:27,104 - INFO - Records in product_list: 4600
2025-10-15 12:20:29,944 - INFO - Completed: 4700 / To go: 7645
2025-10-15 12:20:29,945 - INFO - Records in product_list: 4700
2025-10-15 12:20:32,798 - INFO - Completed: 4800 / To go: 7545
2025-10-15 12:20:32,798 - INFO - Records in product_list: 4800
2025-10-15 12:20:35,642 - INFO - Completed: 4900 / To go: 7445
2025-10-15 12:20:35,642 - INFO - Records in product_list: 4900
2025-10-15 12:20:38,590 - INFO - Completed: 5000 / To go: 7345
2025-10-15 12:20:38,590 - INFO - Records in product_list: 5000
2025-10-15 12:20:41,418 - INFO - Completed: 5100 / To go: 7245
2025-10-15 12:20:41,418 - INFO - Records in product_list: 5100
2025-10-15 12:20:44,319 - INFO - Completed: 5200 / To go: 7145
2025-10-15 12:20:44,319 - INFO - Records in product_list: 5200
2025-10-15 12:20:47,147 - INFO - Completed: 5300 / To go: 7045
2025-10-15 12:20:47,147 - INFO - Records in product_list: 5300
2025-10-15 12:20:49,956 - INFO - Completed: 5400 / To go: 6945
2025-10-15 12:20:49,957 - INFO - Records in product_list: 5400
2025-10-15 12:20:52,807 - INFO - Completed: 5500 / To go: 6845
2025-10-15 12:20:52,807 - INFO - Records in product_list: 5500
2025-10-15 12:20:55,890 - INFO - Completed: 5600 / To go: 6745
2025-10-15 12:20:55,890 - INFO - Records in product_list: 5600
2025-10-15 12:20:59,027 - INFO - Completed: 5700 / To go: 6645
2025-10-15 12:20:59,027 - INFO - Records in product_list: 5700
2025-10-15 12:21:01,902 - INFO - Completed: 5800 / To go: 6545
2025-10-15 12:21:01,902 - INFO - Records in product_list: 5800
2025-10-15 12:21:04,736 - INFO - Completed: 5900 / To go: 6445
2025-10-15 12:21:04,736 - INFO - Records in product_list: 5900
2025-10-15 12:21:07,533 - INFO - Completed: 6000 / To go: 6345
2025-10-15 12:21:07,533 - INFO - Records in product_list: 6000
2025-10-15 12:21:10,392 - INFO - Completed: 6100 / To go: 6245
2025-10-15 12:21:10,392 - INFO - Records in product_list: 6100
2025-10-15 12:21:13,361 - INFO - Completed: 6200 / To go: 6145
2025-10-15 12:21:13,361 - INFO - Records in product_list: 6200
2025-10-15 12:21:16,246 - INFO - Completed: 6300 / To go: 6045
2025-10-15 12:21:16,246 - INFO - Records in product_list: 6300
2025-10-15 12:21:19,201 - INFO - Completed: 6400 / To go: 5945
2025-10-15 12:21:19,201 - INFO - Records in product_list: 6400
2025-10-15 12:21:22,022 - INFO - Completed: 6500 / To go: 5845
2025-10-15 12:21:22,022 - INFO - Records in product_list: 6500
2025-10-15 12:21:24,880 - INFO - Completed: 6600 / To go: 5745
2025-10-15 12:21:24,880 - INFO - Records in product_list: 6600
2025-10-15 12:21:27,946 - INFO - Completed: 6700 / To go: 5645
2025-10-15 12:21:27,946 - INFO - Records in product_list: 6700
2025-10-15 12:21:30,904 - INFO - Completed: 6800 / To go: 5545
2025-10-15 12:21:30,904 - INFO - Records in product_list: 6800
2025-10-15 12:21:33,782 - INFO - Completed: 6900 / To go: 5445
2025-10-15 12:21:33,782 - INFO - Records in product_list: 6900
2025-10-15 12:21:36,601 - INFO - Completed: 7000 / To go: 5345
2025-10-15 12:21:36,601 - INFO - Records in product_list: 7000
2025-10-15 12:21:39,395 - INFO - Completed: 7100 / To go: 5245
2025-10-15 12:21:39,395 - INFO - Records in product_list: 7100
2025-10-15 12:21:42,180 - INFO - Completed: 7200 / To go: 5145
2025-10-15 12:21:42,180 - INFO - Records in product_list: 7200
2025-10-15 12:21:44,906 - INFO - Completed: 7300 / To go: 5045
2025-10-15 12:21:44,906 - INFO - Records in product_list: 7300
2025-10-15 12:21:47,656 - INFO - Completed: 7400 / To go: 4945
2025-10-15 12:21:47,656 - INFO - Records in product_list: 7400
2025-10-15 12:21:50,454 - INFO - Completed: 7500 / To go: 4845
2025-10-15 12:21:50,454 - INFO - Records in product_list: 7500
2025-10-15 12:21:53,341 - INFO - Completed: 7600 / To go: 4745
2025-10-15 12:21:53,341 - INFO - Records in product_list: 7600
2025-10-15 12:21:56,041 - INFO - Completed: 7700 / To go: 4645
2025-10-15 12:21:56,041 - INFO - Records in product_list: 7700
2025-10-15 12:21:58,748 - INFO - Completed: 7800 / To go: 4545
2025-10-15 12:21:58,748 - INFO - Records in product_list: 7800
2025-10-15 12:22:01,444 - INFO - Completed: 7900 / To go: 4445
2025-10-15 12:22:01,444 - INFO - Records in product_list: 7900
2025-10-15 12:22:04,152 - INFO - Completed: 8000 / To go: 4345
2025-10-15 12:22:04,153 - INFO - Records in product_list: 8000
2025-10-15 12:22:06,872 - INFO - Completed: 8100 / To go: 4245
2025-10-15 12:22:06,872 - INFO - Records in product_list: 8100
2025-10-15 12:22:09,603 - INFO - Completed: 8200 / To go: 4145
2025-10-15 12:22:09,603 - INFO - Records in product_list: 8200
2025-10-15 12:22:12,265 - INFO - Completed: 8300 / To go: 4045
2025-10-15 12:22:12,265 - INFO - Records in product_list: 8300
2025-10-15 12:22:15,952 - INFO - Completed: 8400 / To go: 3945
2025-10-15 12:22:15,952 - INFO - Records in product_list: 8400
2025-10-15 12:22:18,630 - INFO - Completed: 8500 / To go: 3845
2025-10-15 12:22:18,630 - INFO - Records in product_list: 8500
2025-10-15 12:22:21,576 - INFO - Completed: 8600 / To go: 3745
2025-10-15 12:22:21,576 - INFO - Records in product_list: 8600
2025-10-15 12:22:24,316 - INFO - Completed: 8700 / To go: 3645
2025-10-15 12:22:24,316 - INFO - Records in product_list: 8700
2025-10-15 12:22:27,072 - INFO - Completed: 8800 / To go: 3545
2025-10-15 12:22:27,073 - INFO - Records in product_list: 8800
2025-10-15 12:22:29,781 - INFO - Completed: 8900 / To go: 3445
2025-10-15 12:22:29,781 - INFO - Records in product_list: 8900
2025-10-15 12:22:32,597 - INFO - Completed: 9000 / To go: 3345
2025-10-15 12:22:32,597 - INFO - Records in product_list: 9000
2025-10-15 12:22:35,404 - INFO - Completed: 9100 / To go: 3245
2025-10-15 12:22:35,405 - INFO - Records in product_list: 9100
2025-10-15 12:22:38,144 - INFO - Completed: 9200 / To go: 3145
2025-10-15 12:22:38,144 - INFO - Records in product_list: 9200
2025-10-15 12:22:40,819 - INFO - Completed: 9300 / To go: 3045
2025-10-15 12:22:40,819 - INFO - Records in product_list: 9300
2025-10-15 12:22:43,476 - INFO - Completed: 9400 / To go: 2945
2025-10-15 12:22:43,476 - INFO - Records in product_list: 9400
2025-10-15 12:22:46,139 - INFO - Completed: 9500 / To go: 2845
2025-10-15 12:22:46,139 - INFO - Records in product_list: 9500
2025-10-15 12:22:49,125 - INFO - Completed: 9600 / To go: 2745
2025-10-15 12:22:49,125 - INFO - Records in product_list: 9600
2025-10-15 12:22:51,916 - INFO - Completed: 9700 / To go: 2645
2025-10-15 12:22:51,916 - INFO - Records in product_list: 9700
2025-10-15 12:22:54,601 - INFO - Completed: 9800 / To go: 2545
2025-10-15 12:22:54,601 - INFO - Records in product_list: 9800
2025-10-15 12:22:57,318 - INFO - Completed: 9900 / To go: 2445
2025-10-15 12:22:57,318 - INFO - Records in product_list: 9900
2025-10-15 12:23:00,224 - INFO - Completed: 10000 / To go: 2345
2025-10-15 12:23:00,224 - INFO - Records in product_list: 10000
2025-10-15 12:23:03,046 - INFO - Completed: 10100 / To go: 2245
2025-10-15 12:23:03,046 - INFO - Records in product_list: 10100
2025-10-15 12:23:05,885 - INFO - Completed: 10200 / To go: 2145
2025-10-15 12:23:05,885 - INFO - Records in product_list: 10200
2025-10-15 12:23:08,546 - INFO - Completed: 10300 / To go: 2045
2025-10-15 12:23:08,547 - INFO - Records in product_list: 10300
2025-10-15 12:23:11,228 - INFO - Completed: 10400 / To go: 1945
2025-10-15 12:23:11,228 - INFO - Records in product_list: 10400
2025-10-15 12:23:13,979 - INFO - Completed: 10500 / To go: 1845
2025-10-15 12:23:13,979 - INFO - Records in product_list: 10500
2025-10-15 12:23:16,685 - INFO - Completed: 10600 / To go: 1745
2025-10-15 12:23:16,685 - INFO - Records in product_list: 10600
2025-10-15 12:23:19,459 - INFO - Completed: 10700 / To go: 1645
2025-10-15 12:23:19,459 - INFO - Records in product_list: 10700
2025-10-15 12:23:22,277 - INFO - Completed: 10800 / To go: 1545
2025-10-15 12:23:22,277 - INFO - Records in product_list: 10800
2025-10-15 12:23:25,077 - INFO - Completed: 10900 / To go: 1445
2025-10-15 12:23:25,077 - INFO - Records in product_list: 10900
2025-10-15 12:23:27,929 - INFO - Completed: 11000 / To go: 1345
2025-10-15 12:23:27,929 - INFO - Records in product_list: 11000
2025-10-15 12:23:30,834 - INFO - Completed: 11100 / To go: 1245
2025-10-15 12:23:30,835 - INFO - Records in product_list: 11100
2025-10-15 12:23:33,686 - INFO - Completed: 11200 / To go: 1145
2025-10-15 12:23:33,686 - INFO - Records in product_list: 11200
2025-10-15 12:23:36,629 - INFO - Completed: 11300 / To go: 1045
2025-10-15 12:23:36,629 - INFO - Records in product_list: 11300
2025-10-15 12:23:39,409 - INFO - Completed: 11400 / To go: 945
2025-10-15 12:23:39,409 - INFO - Records in product_list: 11400
2025-10-15 12:23:42,178 - INFO - Completed: 11500 / To go: 845
2025-10-15 12:23:42,178 - INFO - Records in product_list: 11500
2025-10-15 12:23:44,966 - INFO - Completed: 11600 / To go: 745
2025-10-15 12:23:44,966 - INFO - Records in product_list: 11600
2025-10-15 12:23:47,758 - INFO - Completed: 11700 / To go: 645
2025-10-15 12:23:47,759 - INFO - Records in product_list: 11700
2025-10-15 12:23:50,593 - INFO - Completed: 11800 / To go: 545
2025-10-15 12:23:50,593 - INFO - Records in product_list: 11800
2025-10-15 12:23:53,378 - INFO - Completed: 11900 / To go: 445
2025-10-15 12:23:53,378 - INFO - Records in product_list: 11900
2025-10-15 12:23:56,361 - INFO - Completed: 12000 / To go: 345
2025-10-15 12:23:56,361 - INFO - Records in product_list: 12000
2025-10-15 12:23:59,065 - INFO - Completed: 12100 / To go: 245
2025-10-15 12:23:59,065 - INFO - Records in product_list: 12100
2025-10-15 12:24:01,895 - INFO - Completed: 12200 / To go: 145
2025-10-15 12:24:01,896 - INFO - Records in product_list: 12200
2025-10-15 12:24:04,588 - INFO - Completed: 12300 / To go: 45
2025-10-15 12:24:04,588 - INFO - Records in product_list: 12300
2025-10-15 12:24:07,038 - INFO - Completed: 12345 / To go: 0
2025-10-15 12:24:07,038 - INFO - Records in product_list: 12345
2025-10-15 12:24:10,241 - INFO - Loading combined dataframe from local file: updated_combined_dataframe.csv
2025-10-16 03:43:51,051 - INFO - ============================================================
2025-10-16 03:43:51,051 - INFO - Billa Price Scraper - Starting
2025-10-16 03:43:51,051 - INFO - ============================================================
2025-10-16 03:43:52,942 - INFO - Completed: 100 / To go: 12272
2025-10-16 03:43:52,942 - INFO - Records in product_list: 100
2025-10-16 03:43:56,111 - INFO - Completed: 200 / To go: 12172
2025-10-16 03:43:56,111 - INFO - Records in product_list: 200
2025-10-16 03:43:59,300 - INFO - Completed: 300 / To go: 12072
2025-10-16 03:43:59,301 - INFO - Records in product_list: 300
2025-10-16 03:44:02,451 - INFO - Completed: 400 / To go: 11972
2025-10-16 03:44:02,451 - INFO - Records in product_list: 400
2025-10-16 03:44:05,463 - INFO - Completed: 500 / To go: 11872
2025-10-16 03:44:05,463 - INFO - Records in product_list: 500
2025-10-16 03:44:08,488 - INFO - Completed: 600 / To go: 11772
2025-10-16 03:44:08,488 - INFO - Records in product_list: 600
2025-10-16 03:44:12,600 - INFO - Completed: 700 / To go: 11672
2025-10-16 03:44:12,600 - INFO - Records in product_list: 700
2025-10-16 03:44:15,848 - INFO - Completed: 800 / To go: 11572
2025-10-16 03:44:15,848 - INFO - Records in product_list: 800
2025-10-16 03:44:20,574 - INFO - Completed: 900 / To go: 11472
2025-10-16 03:44:20,574 - INFO - Records in product_list: 900
2025-10-16 03:44:23,667 - INFO - Completed: 1000 / To go: 11372
2025-10-16 03:44:23,667 - INFO - Records in product_list: 1000
2025-10-16 03:44:26,863 - INFO - Completed: 1100 / To go: 11272
2025-10-16 03:44:26,863 - INFO - Records in product_list: 1100
2025-10-16 03:44:30,087 - INFO - Completed: 1200 / To go: 11172
2025-10-16 03:44:30,088 - INFO - Records in product_list: 1200
2025-10-16 03:44:33,419 - INFO - Completed: 1300 / To go: 11072
2025-10-16 03:44:33,419 - INFO - Records in product_list: 1300
2025-10-16 03:44:36,628 - INFO - Completed: 1400 / To go: 10972
2025-10-16 03:44:36,628 - INFO - Records in product_list: 1400
2025-10-16 03:44:39,778 - INFO - Completed: 1500 / To go: 10872
2025-10-16 03:44:39,778 - INFO - Records in product_list: 1500
2025-10-16 03:44:42,993 - INFO - Completed: 1600 / To go: 10772
2025-10-16 03:44:42,994 - INFO - Records in product_list: 1600
2025-10-16 03:44:45,964 - INFO - Completed: 1700 / To go: 10672
2025-10-16 03:44:45,965 - INFO - Records in product_list: 1700
2025-10-16 03:44:48,959 - INFO - Completed: 1800 / To go: 10572
2025-10-16 03:44:48,959 - INFO - Records in product_list: 1800
2025-10-16 03:44:52,172 - INFO - Completed: 1900 / To go: 10472
2025-10-16 03:44:52,172 - INFO - Records in product_list: 1900
2025-10-16 03:44:55,094 - INFO - Completed: 2000 / To go: 10372
2025-10-16 03:44:55,094 - INFO - Records in product_list: 2000
2025-10-16 03:44:57,981 - INFO - Completed: 2100 / To go: 10272
2025-10-16 03:44:57,982 - INFO - Records in product_list: 2100
2025-10-16 03:45:01,175 - INFO - Completed: 2200 / To go: 10172
2025-10-16 03:45:01,175 - INFO - Records in product_list: 2200
2025-10-16 03:45:04,123 - INFO - Completed: 2300 / To go: 10072
2025-10-16 03:45:04,123 - INFO - Records in product_list: 2300
2025-10-16 03:45:07,071 - INFO - Completed: 2400 / To go: 9972
2025-10-16 03:45:07,071 - INFO - Records in product_list: 2400
2025-10-16 03:45:10,008 - INFO - Completed: 2500 / To go: 9872
2025-10-16 03:45:10,008 - INFO - Records in product_list: 2500
2025-10-16 03:45:13,121 - INFO - Completed: 2600 / To go: 9772
2025-10-16 03:45:13,122 - INFO - Records in product_list: 2600
2025-10-16 03:45:16,114 - INFO - Completed: 2700 / To go: 9672
2025-10-16 03:45:16,114 - INFO - Records in product_list: 2700
2025-10-16 03:45:19,122 - INFO - Completed: 2800 / To go: 9572
2025-10-16 03:45:19,123 - INFO - Records in product_list: 2800
2025-10-16 03:45:22,038 - INFO - Completed: 2900 / To go: 9472
2025-10-16 03:45:22,039 - INFO - Records in product_list: 2900
2025-10-16 03:45:25,004 - INFO - Completed: 3000 / To go: 9372
2025-10-16 03:45:25,004 - INFO - Records in product_list: 3000
2025-10-16 03:45:27,965 - INFO - Completed: 3100 / To go: 9272
2025-10-16 03:45:27,965 - INFO - Records in product_list: 3100
2025-10-16 03:45:31,033 - INFO - Completed: 3200 / To go: 9172
2025-10-16 03:45:31,033 - INFO - Records in product_list: 3200
2025-10-16 03:45:33,931 - INFO - Completed: 3300 / To go: 9072
2025-10-16 03:45:33,931 - INFO - Records in product_list: 3300
2025-10-16 03:45:37,021 - INFO - Completed: 3400 / To go: 8972
2025-10-16 03:45:37,021 - INFO - Records in product_list: 3400
2025-10-16 03:45:40,589 - INFO - Completed: 3500 / To go: 8872
2025-10-16 03:45:40,589 - INFO - Records in product_list: 3500
2025-10-16 03:45:43,664 - INFO - Completed: 3600 / To go: 8772
2025-10-16 03:45:43,664 - INFO - Records in product_list: 3600
2025-10-16 03:45:46,583 - INFO - Completed: 3700 / To go: 8672
2025-10-16 03:45:46,583 - INFO - Records in product_list: 3700
2025-10-16 03:45:49,464 - INFO - Completed: 3800 / To go: 8572
2025-10-16 03:45:49,464 - INFO - Records in product_list: 3800
2025-10-16 03:45:52,344 - INFO - Completed: 3900 / To go: 8472
2025-10-16 03:45:52,344 - INFO - Records in product_list: 3900
2025-10-16 03:45:55,257 - INFO - Completed: 4000 / To go: 8372
2025-10-16 03:45:55,257 - INFO - Records in product_list: 4000
2025-10-16 03:45:58,167 - INFO - Completed: 4100 / To go: 8272
2025-10-16 03:45:58,167 - INFO - Records in product_list: 4100
2025-10-16 03:46:01,066 - INFO - Completed: 4200 / To go: 8172
2025-10-16 03:46:01,066 - INFO - Records in product_list: 4200
2025-10-16 03:46:03,943 - INFO - Completed: 4300 / To go: 8072
2025-10-16 03:46:03,944 - INFO - Records in product_list: 4300
2025-10-16 03:46:06,804 - INFO - Completed: 4400 / To go: 7972
2025-10-16 03:46:06,805 - INFO - Records in product_list: 4400
2025-10-16 03:46:09,689 - INFO - Completed: 4500 / To go: 7872
2025-10-16 03:46:09,689 - INFO - Records in product_list: 4500
2025-10-16 03:46:12,603 - INFO - Completed: 4600 / To go: 7772
2025-10-16 03:46:12,603 - INFO - Records in product_list: 4600
2025-10-16 03:46:15,503 - INFO - Completed: 4700 / To go: 7672
2025-10-16 03:46:15,503 - INFO - Records in product_list: 4700
2025-10-16 03:46:18,550 - INFO - Completed: 4800 / To go: 7572
2025-10-16 03:46:18,550 - INFO - Records in product_list: 4800
2025-10-16 03:46:21,437 - INFO - Completed: 4900 / To go: 7472
2025-10-16 03:46:21,437 - INFO - Records in product_list: 4900
2025-10-16 03:46:24,256 - INFO - Completed: 5000 / To go: 7372
2025-10-16 03:46:24,256 - INFO - Records in product_list: 5000
2025-10-16 03:46:27,148 - INFO - Completed: 5100 / To go: 7272
2025-10-16 03:46:27,148 - INFO - Records in product_list: 5100
2025-10-16 03:46:30,008 - INFO - Completed: 5200 / To go: 7172
2025-10-16 03:46:30,008 - INFO - Records in product_list: 5200
2025-10-16 03:46:32,807 - INFO - Completed: 5300 / To go: 7072
2025-10-16 03:46:32,807 - INFO - Records in product_list: 5300
2025-10-16 03:46:35,644 - INFO - Completed: 5400 / To go: 6972
2025-10-16 03:46:35,644 - INFO - Records in product_list: 5400
2025-10-16 03:46:38,432 - INFO - Completed: 5500 / To go: 6872
2025-10-16 03:46:38,433 - INFO - Records in product_list: 5500
2025-10-16 03:46:41,259 - INFO - Completed: 5600 / To go: 6772
2025-10-16 03:46:41,259 - INFO - Records in product_list: 5600
2025-10-16 03:46:44,092 - INFO - Completed: 5700 / To go: 6672
2025-10-16 03:46:44,092 - INFO - Records in product_list: 5700
2025-10-16 03:46:46,903 - INFO - Completed: 5800 / To go: 6572
2025-10-16 03:46:46,903 - INFO - Records in product_list: 5800
2025-10-16 03:46:49,720 - INFO - Completed: 5900 / To go: 6472
2025-10-16 03:46:49,720 - INFO - Records in product_list: 5900
2025-10-16 03:46:52,541 - INFO - Completed: 6000 / To go: 6372
2025-10-16 03:46:52,541 - INFO - Records in product_list: 6000
2025-10-16 03:46:55,326 - INFO - Completed: 6100 / To go: 6272
2025-10-16 03:46:55,327 - INFO - Records in product_list: 6100
2025-10-16 03:46:58,086 - INFO - Completed: 6200 / To go: 6172
2025-10-16 03:46:58,086 - INFO - Records in product_list: 6200
2025-10-16 03:47:00,928 - INFO - Completed: 6300 / To go: 6072
2025-10-16 03:47:00,928 - INFO - Records in product_list: 6300
2025-10-16 03:47:03,669 - INFO - Completed: 6400 / To go: 5972
2025-10-16 03:47:03,669 - INFO - Records in product_list: 6400
2025-10-16 03:47:06,514 - INFO - Completed: 6500 / To go: 5872
2025-10-16 03:47:06,514 - INFO - Records in product_list: 6500
2025-10-16 03:47:09,317 - INFO - Completed: 6600 / To go: 5772
2025-10-16 03:47:09,317 - INFO - Records in product_list: 6600
2025-10-16 03:47:12,070 - INFO - Completed: 6700 / To go: 5672
2025-10-16 03:47:12,070 - INFO - Records in product_list: 6700
2025-10-16 03:47:14,800 - INFO - Completed: 6800 / To go: 5572
2025-10-16 03:47:14,800 - INFO - Records in product_list: 6800
2025-10-16 03:47:17,593 - INFO - Completed: 6900 / To go: 5472
2025-10-16 03:47:17,593 - INFO - Records in product_list: 6900
2025-10-16 03:47:20,484 - INFO - Completed: 7000 / To go: 5372
2025-10-16 03:47:20,484 - INFO - Records in product_list: 7000
2025-10-16 03:47:23,308 - INFO - Completed: 7100 / To go: 5272
2025-10-16 03:47:23,308 - INFO - Records in product_list: 7100
2025-10-16 03:47:26,020 - INFO - Completed: 7200 / To go: 5172
2025-10-16 03:47:26,020 - INFO - Records in product_list: 7200
2025-10-16 03:47:28,917 - INFO - Completed: 7300 / To go: 5072
2025-10-16 03:47:28,917 - INFO - Records in product_list: 7300
2025-10-16 03:47:31,690 - INFO - Completed: 7400 / To go: 4972
2025-10-16 03:47:31,690 - INFO - Records in product_list: 7400
2025-10-16 03:47:34,522 - INFO - Completed: 7500 / To go: 4872
2025-10-16 03:47:34,522 - INFO - Records in product_list: 7500
2025-10-16 03:47:37,328 - INFO - Completed: 7600 / To go: 4772
2025-10-16 03:47:37,328 - INFO - Records in product_list: 7600
2025-10-16 03:47:40,012 - INFO - Completed: 7700 / To go: 4672
2025-10-16 03:47:40,012 - INFO - Records in product_list: 7700
2025-10-16 03:47:42,730 - INFO - Completed: 7800 / To go: 4572
2025-10-16 03:47:42,730 - INFO - Records in product_list: 7800
2025-10-16 03:47:45,562 - INFO - Completed: 7900 / To go: 4472
2025-10-16 03:47:45,562 - INFO - Records in product_list: 7900
2025-10-16 03:47:48,274 - INFO - Completed: 8000 / To go: 4372
2025-10-16 03:47:48,275 - INFO - Records in product_list: 8000
2025-10-16 03:47:50,971 - INFO - Completed: 8100 / To go: 4272
2025-10-16 03:47:50,971 - INFO - Records in product_list: 8100
2025-10-16 03:47:53,660 - INFO - Completed: 8200 / To go: 4172
2025-10-16 03:47:53,660 - INFO - Records in product_list: 8200
2025-10-16 03:47:56,373 - INFO - Completed: 8300 / To go: 4072
2025-10-16 03:47:56,373 - INFO - Records in product_list: 8300
2025-10-16 03:47:59,051 - INFO - Completed: 8400 / To go: 3972
2025-10-16 03:47:59,051 - INFO - Records in product_list: 8400
2025-10-16 03:48:01,687 - INFO - Completed: 8500 / To go: 3872
2025-10-16 03:48:01,687 - INFO - Records in product_list: 8500
2025-10-16 03:48:04,358 - INFO - Completed: 8600 / To go: 3772
2025-10-16 03:48:04,359 - INFO - Records in product_list: 8600
2025-10-16 03:48:07,059 - INFO - Completed: 8700 / To go: 3672
2025-10-16 03:48:07,059 - INFO - Records in product_list: 8700
2025-10-16 03:48:09,769 - INFO - Completed: 8800 / To go: 3572
2025-10-16 03:48:09,769 - INFO - Records in product_list: 8800
2025-10-16 03:48:12,502 - INFO - Completed: 8900 / To go: 3472
2025-10-16 03:48:12,502 - INFO - Records in product_list: 8900
2025-10-16 03:48:15,257 - INFO - Completed: 9000 / To go: 3372
2025-10-16 03:48:15,257 - INFO - Records in product_list: 9000
2025-10-16 03:48:17,977 - INFO - Completed: 9100 / To go: 3272
2025-10-16 03:48:17,977 - INFO - Records in product_list: 9100
2025-10-16 03:48:20,725 - INFO - Completed: 9200 / To go: 3172
2025-10-16 03:48:20,725 - INFO - Records in product_list: 9200
2025-10-16 03:48:23,354 - INFO - Completed: 9300 / To go: 3072
2025-10-16 03:48:23,354 - INFO - Records in product_list: 9300
2025-10-16 03:48:26,043 - INFO - Completed: 9400 / To go: 2972
2025-10-16 03:48:26,043 - INFO - Records in product_list: 9400
2025-10-16 03:48:28,717 - INFO - Completed: 9500 / To go: 2872
2025-10-16 03:48:28,717 - INFO - Records in product_list: 9500
2025-10-16 03:48:31,384 - INFO - Completed: 9600 / To go: 2772
2025-10-16 03:48:31,384 - INFO - Records in product_list: 9600
2025-10-16 03:48:34,095 - INFO - Completed: 9700 / To go: 2672
2025-10-16 03:48:34,095 - INFO - Records in product_list: 9700
2025-10-16 03:48:36,857 - INFO - Completed: 9800 / To go: 2572
2025-10-16 03:48:36,857 - INFO - Records in product_list: 9800
2025-10-16 03:48:39,541 - INFO - Completed: 9900 / To go: 2472
2025-10-16 03:48:39,541 - INFO - Records in product_list: 9900
2025-10-16 03:48:42,214 - INFO - Completed: 10000 / To go: 2372
2025-10-16 03:48:42,214 - INFO - Records in product_list: 10000
2025-10-16 03:48:44,886 - INFO - Completed: 10100 / To go: 2272
2025-10-16 03:48:44,887 - INFO - Records in product_list: 10100
2025-10-16 03:48:47,702 - INFO - Completed: 10200 / To go: 2172
2025-10-16 03:48:47,702 - INFO - Records in product_list: 10200
2025-10-16 03:48:50,410 - INFO - Completed: 10300 / To go: 2072
2025-10-16 03:48:50,410 - INFO - Records in product_list: 10300
2025-10-16 03:48:53,034 - INFO - Completed: 10400 / To go: 1972
2025-10-16 03:48:53,034 - INFO - Records in product_list: 10400
2025-10-16 03:48:55,728 - INFO - Completed: 10500 / To go: 1872
2025-10-16 03:48:55,728 - INFO - Records in product_list: 10500
2025-10-16 03:48:58,546 - INFO - Completed: 10600 / To go: 1772
2025-10-16 03:48:58,546 - INFO - Records in product_list: 10600
2025-10-16 03:49:01,358 - INFO - Completed: 10700 / To go: 1672
2025-10-16 03:49:01,358 - INFO - Records in product_list: 10700
2025-10-16 03:49:04,100 - INFO - Completed: 10800 / To go: 1572
2025-10-16 03:49:04,100 - INFO - Records in product_list: 10800
2025-10-16 03:49:06,876 - INFO - Completed: 10900 / To go: 1472
2025-10-16 03:49:06,876 - INFO - Records in product_list: 10900
2025-10-16 03:49:09,648 - INFO - Completed: 11000 / To go: 1372
2025-10-16 03:49:09,648 - INFO - Records in product_list: 11000
2025-10-16 03:49:12,566 - INFO - Completed: 11100 / To go: 1272
2025-10-16 03:49:12,566 - INFO - Records in product_list: 11100
2025-10-16 03:49:15,356 - INFO - Completed: 11200 / To go: 1172
2025-10-16 03:49:15,356 - INFO - Records in product_list: 11200
2025-10-16 03:49:18,203 - INFO - Completed: 11300 / To go: 1072
2025-10-16 03:49:18,203 - INFO - Records in product_list: 11300
2025-10-16 03:49:21,379 - INFO - Completed: 11400 / To go: 972
2025-10-16 03:49:21,379 - INFO - Records in product_list: 11400
2025-10-16 03:49:24,217 - INFO - Completed: 11500 / To go: 872
2025-10-16 03:49:24,217 - INFO - Records in product_list: 11500
2025-10-16 03:49:26,450 - WARNING - Error fetching data from https://shop.billa.at/api/product-discovery/products?sortBy=relevance&page=115&pageSize=100: 503 Server Error: Service Unavailable for url: https://shop.billa.at/api/product-discovery/products?sortBy=relevance&page=115&pageSize=100. Retrying in 3 seconds... (Attempt 1/5)
2025-10-16 03:49:30,240 - INFO - Completed: 11600 / To go: 772
2025-10-16 03:49:30,240 - INFO - Records in product_list: 11600
2025-10-16 03:49:33,131 - INFO - Completed: 11700 / To go: 672
2025-10-16 03:49:33,132 - INFO - Records in product_list: 11700
2025-10-16 03:49:35,887 - INFO - Completed: 11800 / To go: 572
2025-10-16 03:49:35,887 - INFO - Records in product_list: 11800
2025-10-16 03:49:38,718 - INFO - Completed: 11900 / To go: 472
2025-10-16 03:49:38,718 - INFO - Records in product_list: 11900
2025-10-16 03:49:41,525 - INFO - Completed: 12000 / To go: 372
2025-10-16 03:49:41,526 - INFO - Records in product_list: 12000
2025-10-16 03:49:44,235 - INFO - Completed: 12100 / To go: 272
2025-10-16 03:49:44,235 - INFO - Records in product_list: 12100
2025-10-16 03:49:47,018 - INFO - Completed: 12200 / To go: 172
2025-10-16 03:49:47,018 - INFO - Records in product_list: 12200
2025-10-16 03:49:49,801 - INFO - Completed: 12300 / To go: 72
2025-10-16 03:49:49,801 - INFO - Records in product_list: 12300
2025-10-16 03:49:52,369 - INFO - Completed: 12372 / To go: 0
2025-10-16 03:49:52,369 - INFO - Records in product_list: 12372
2025-10-16 03:49:55,755 - INFO - Loading combined dataframe from local file: updated_combined_dataframe.csv
2025-10-17 03:38:31,919 - INFO - ============================================================
2025-10-17 03:38:31,919 - INFO - Billa Price Scraper - Starting
2025-10-17 03:38:31,919 - INFO - ============================================================
2025-10-17 03:38:33,945 - INFO - Completed: 100 / To go: 12267
2025-10-17 03:38:33,945 - INFO - Records in product_list: 100
2025-10-17 03:38:37,172 - INFO - Completed: 200 / To go: 12167
2025-10-17 03:38:37,172 - INFO - Records in product_list: 200
2025-10-17 03:38:40,244 - INFO - Completed: 300 / To go: 12067
2025-10-17 03:38:40,244 - INFO - Records in product_list: 300
2025-10-17 03:38:43,667 - INFO - Completed: 400 / To go: 11967
2025-10-17 03:38:43,667 - INFO - Records in product_list: 400
2025-10-17 03:38:46,871 - INFO - Completed: 500 / To go: 11867
2025-10-17 03:38:46,871 - INFO - Records in product_list: 500
2025-10-17 03:38:50,323 - INFO - Completed: 600 / To go: 11767
2025-10-17 03:38:50,323 - INFO - Records in product_list: 600
2025-10-17 03:38:53,666 - INFO - Completed: 700 / To go: 11667
2025-10-17 03:38:53,666 - INFO - Records in product_list: 700
2025-10-17 03:38:57,144 - INFO - Completed: 800 / To go: 11567
2025-10-17 03:38:57,144 - INFO - Records in product_list: 800
2025-10-17 03:39:00,151 - INFO - Completed: 900 / To go: 11467
2025-10-17 03:39:00,151 - INFO - Records in product_list: 900
2025-10-17 03:39:03,293 - INFO - Completed: 1000 / To go: 11367
2025-10-17 03:39:03,294 - INFO - Records in product_list: 1000
2025-10-17 03:39:06,218 - INFO - Completed: 1100 / To go: 11267
2025-10-17 03:39:06,218 - INFO - Records in product_list: 1100
2025-10-17 03:39:09,169 - INFO - Completed: 1200 / To go: 11167
2025-10-17 03:39:09,170 - INFO - Records in product_list: 1200
2025-10-17 03:39:12,668 - INFO - Completed: 1300 / To go: 11067
2025-10-17 03:39:12,668 - INFO - Records in product_list: 1300
2025-10-17 03:39:15,810 - INFO - Completed: 1400 / To go: 10967
2025-10-17 03:39:15,810 - INFO - Records in product_list: 1400
2025-10-17 03:39:19,012 - INFO - Completed: 1500 / To go: 10867
2025-10-17 03:39:19,012 - INFO - Records in product_list: 1500
2025-10-17 03:39:22,070 - INFO - Completed: 1600 / To go: 10767
2025-10-17 03:39:22,070 - INFO - Records in product_list: 1600
2025-10-17 03:39:25,124 - INFO - Completed: 1700 / To go: 10667
2025-10-17 03:39:25,124 - INFO - Records in product_list: 1700
2025-10-17 03:39:28,235 - INFO - Completed: 1800 / To go: 10567
2025-10-17 03:39:28,235 - INFO - Records in product_list: 1800
2025-10-17 03:39:31,252 - INFO - Completed: 1900 / To go: 10467
2025-10-17 03:39:31,252 - INFO - Records in product_list: 1900
2025-10-17 03:39:34,287 - INFO - Completed: 2000 / To go: 10367
2025-10-17 03:39:34,287 - INFO - Records in product_list: 2000
2025-10-17 03:39:37,302 - INFO - Completed: 2100 / To go: 10267
2025-10-17 03:39:37,302 - INFO - Records in product_list: 2100
2025-10-17 03:39:40,415 - INFO - Completed: 2200 / To go: 10167
2025-10-17 03:39:40,415 - INFO - Records in product_list: 2200
2025-10-17 03:39:43,778 - INFO - Completed: 2300 / To go: 10067
2025-10-17 03:39:43,778 - INFO - Records in product_list: 2300
2025-10-17 03:39:46,879 - INFO - Completed: 2400 / To go: 9967
2025-10-17 03:39:46,879 - INFO - Records in product_list: 2400
2025-10-17 03:39:49,884 - INFO - Completed: 2500 / To go: 9867
2025-10-17 03:39:49,884 - INFO - Records in product_list: 2500
2025-10-17 03:39:52,901 - INFO - Completed: 2600 / To go: 9767
2025-10-17 03:39:52,901 - INFO - Records in product_list: 2600
2025-10-17 03:39:55,903 - INFO - Completed: 2700 / To go: 9667
2025-10-17 03:39:55,903 - INFO - Records in product_list: 2700
2025-10-17 03:39:59,021 - INFO - Completed: 2800 / To go: 9567
2025-10-17 03:39:59,021 - INFO - Records in product_list: 2800
2025-10-17 03:40:02,013 - INFO - Completed: 2900 / To go: 9467
2025-10-17 03:40:02,013 - INFO - Records in product_list: 2900
2025-10-17 03:40:05,197 - INFO - Completed: 3000 / To go: 9367
2025-10-17 03:40:05,197 - INFO - Records in product_list: 3000
2025-10-17 03:40:08,236 - INFO - Completed: 3100 / To go: 9267
2025-10-17 03:40:08,236 - INFO - Records in product_list: 3100
2025-10-17 03:40:11,251 - INFO - Completed: 3200 / To go: 9167
2025-10-17 03:40:11,251 - INFO - Records in product_list: 3200
2025-10-17 03:40:14,178 - INFO - Completed: 3300 / To go: 9067
2025-10-17 03:40:14,178 - INFO - Records in product_list: 3300
2025-10-17 03:40:17,160 - INFO - Completed: 3400 / To go: 8967
2025-10-17 03:40:17,161 - INFO - Records in product_list: 3400
2025-10-17 03:40:20,061 - INFO - Completed: 3500 / To go: 8867
2025-10-17 03:40:20,061 - INFO - Records in product_list: 3500
2025-10-17 03:40:23,102 - INFO - Completed: 3600 / To go: 8767
2025-10-17 03:40:23,103 - INFO - Records in product_list: 3600
2025-10-17 03:40:26,150 - INFO - Completed: 3700 / To go: 8667
2025-10-17 03:40:26,150 - INFO - Records in product_list: 3700
2025-10-17 03:40:29,775 - INFO - Completed: 3800 / To go: 8567
2025-10-17 03:40:29,775 - INFO - Records in product_list: 3800
2025-10-17 03:40:32,701 - INFO - Completed: 3900 / To go: 8467
2025-10-17 03:40:32,701 - INFO - Records in product_list: 3900
2025-10-17 03:40:35,622 - INFO - Completed: 4000 / To go: 8367
2025-10-17 03:40:35,622 - INFO - Records in product_list: 4000
2025-10-17 03:40:38,538 - INFO - Completed: 4100 / To go: 8267
2025-10-17 03:40:38,538 - INFO - Records in product_list: 4100
2025-10-17 03:40:41,469 - INFO - Completed: 4200 / To go: 8167
2025-10-17 03:40:41,469 - INFO - Records in product_list: 4200
2025-10-17 03:40:44,337 - INFO - Completed: 4300 / To go: 8067
2025-10-17 03:40:44,337 - INFO - Records in product_list: 4300
2025-10-17 03:40:47,327 - INFO - Completed: 4400 / To go: 7967
2025-10-17 03:40:47,327 - INFO - Records in product_list: 4400
2025-10-17 03:40:50,372 - INFO - Completed: 4500 / To go: 7867
2025-10-17 03:40:50,372 - INFO - Records in product_list: 4500
2025-10-17 03:40:53,352 - INFO - Completed: 4600 / To go: 7767
2025-10-17 03:40:53,352 - INFO - Records in product_list: 4600
2025-10-17 03:40:56,283 - INFO - Completed: 4700 / To go: 7667
2025-10-17 03:40:56,283 - INFO - Records in product_list: 4700
2025-10-17 03:40:59,179 - INFO - Completed: 4800 / To go: 7567
2025-10-17 03:40:59,179 - INFO - Records in product_list: 4800
2025-10-17 03:41:02,172 - INFO - Completed: 4900 / To go: 7467
2025-10-17 03:41:02,172 - INFO - Records in product_list: 4900
2025-10-17 03:41:05,061 - INFO - Completed: 5000 / To go: 7367
2025-10-17 03:41:05,061 - INFO - Records in product_list: 5000
2025-10-17 03:41:07,939 - INFO - Completed: 5100 / To go: 7267
2025-10-17 03:41:07,939 - INFO - Records in product_list: 5100
2025-10-17 03:41:10,873 - INFO - Completed: 5200 / To go: 7167
2025-10-17 03:41:10,873 - INFO - Records in product_list: 5200
2025-10-17 03:41:13,794 - INFO - Completed: 5300 / To go: 7067
2025-10-17 03:41:13,794 - INFO - Records in product_list: 5300
2025-10-17 03:41:17,212 - INFO - Completed: 5400 / To go: 6967
2025-10-17 03:41:17,212 - INFO - Records in product_list: 5400
2025-10-17 03:41:20,141 - INFO - Completed: 5500 / To go: 6867
2025-10-17 03:41:20,141 - INFO - Records in product_list: 5500
2025-10-17 03:41:23,208 - INFO - Completed: 5600 / To go: 6767
2025-10-17 03:41:23,208 - INFO - Records in product_list: 5600
2025-10-17 03:41:26,349 - INFO - Completed: 5700 / To go: 6667
2025-10-17 03:41:26,349 - INFO - Records in product_list: 5700
2025-10-17 03:41:29,359 - INFO - Completed: 5800 / To go: 6567
2025-10-17 03:41:29,359 - INFO - Records in product_list: 5800
2025-10-17 03:41:32,385 - INFO - Completed: 5900 / To go: 6467
2025-10-17 03:41:32,385 - INFO - Records in product_list: 5900
2025-10-17 03:41:35,209 - INFO - Completed: 6000 / To go: 6367
2025-10-17 03:41:35,209 - INFO - Records in product_list: 6000
2025-10-17 03:41:38,053 - INFO - Completed: 6100 / To go: 6267
2025-10-17 03:41:38,053 - INFO - Records in product_list: 6100
2025-10-17 03:41:40,926 - INFO - Completed: 6200 / To go: 6167
2025-10-17 03:41:40,926 - INFO - Records in product_list: 6200
2025-10-17 03:41:43,727 - INFO - Completed: 6300 / To go: 6067
2025-10-17 03:41:43,727 - INFO - Records in product_list: 6300
2025-10-17 03:41:46,593 - INFO - Completed: 6400 / To go: 5967
2025-10-17 03:41:46,593 - INFO - Records in product_list: 6400
2025-10-17 03:41:49,454 - INFO - Completed: 6500 / To go: 5867
2025-10-17 03:41:49,454 - INFO - Records in product_list: 6500
2025-10-17 03:41:52,351 - INFO - Completed: 6600 / To go: 5767
2025-10-17 03:41:52,351 - INFO - Records in product_list: 6600
2025-10-17 03:41:55,262 - INFO - Completed: 6700 / To go: 5667
2025-10-17 03:41:55,262 - INFO - Records in product_list: 6700
2025-10-17 03:41:58,067 - INFO - Completed: 6800 / To go: 5567
2025-10-17 03:41:58,067 - INFO - Records in product_list: 6800
2025-10-17 03:42:01,315 - INFO - Completed: 6900 / To go: 5467
2025-10-17 03:42:01,315 - INFO - Records in product_list: 6900
2025-10-17 03:42:04,235 - INFO - Completed: 7000 / To go: 5367
2025-10-17 03:42:04,235 - INFO - Records in product_list: 7000
2025-10-17 03:42:07,035 - INFO - Completed: 7100 / To go: 5267
2025-10-17 03:42:07,036 - INFO - Records in product_list: 7100
2025-10-17 03:42:09,790 - INFO - Completed: 7200 / To go: 5167
2025-10-17 03:42:09,790 - INFO - Records in product_list: 7200
2025-10-17 03:42:12,599 - INFO - Completed: 7300 / To go: 5067
2025-10-17 03:42:12,599 - INFO - Records in product_list: 7300
2025-10-17 03:42:15,380 - INFO - Completed: 7400 / To go: 4967
2025-10-17 03:42:15,380 - INFO - Records in product_list: 7400
2025-10-17 03:42:18,352 - INFO - Completed: 7500 / To go: 4867
2025-10-17 03:42:18,353 - INFO - Records in product_list: 7500
2025-10-17 03:42:21,169 - INFO - Completed: 7600 / To go: 4767
2025-10-17 03:42:21,169 - INFO - Records in product_list: 7600
2025-10-17 03:42:23,954 - INFO - Completed: 7700 / To go: 4667
2025-10-17 03:42:23,955 - INFO - Records in product_list: 7700
2025-10-17 03:42:26,780 - INFO - Completed: 7800 / To go: 4567
2025-10-17 03:42:26,781 - INFO - Records in product_list: 7800
2025-10-17 03:42:29,529 - INFO - Completed: 7900 / To go: 4467
2025-10-17 03:42:29,529 - INFO - Records in product_list: 7900
2025-10-17 03:42:32,257 - INFO - Completed: 8000 / To go: 4367
2025-10-17 03:42:32,257 - INFO - Records in product_list: 8000
2025-10-17 03:42:35,033 - INFO - Completed: 8100 / To go: 4267
2025-10-17 03:42:35,033 - INFO - Records in product_list: 8100
2025-10-17 03:42:37,828 - INFO - Completed: 8200 / To go: 4167
2025-10-17 03:42:37,829 - INFO - Records in product_list: 8200
2025-10-17 03:42:40,539 - INFO - Completed: 8300 / To go: 4067
2025-10-17 03:42:40,540 - INFO - Records in product_list: 8300
2025-10-17 03:42:43,360 - INFO - Completed: 8400 / To go: 3967
2025-10-17 03:42:43,360 - INFO - Records in product_list: 8400
2025-10-17 03:42:46,097 - INFO - Completed: 8500 / To go: 3867
2025-10-17 03:42:46,098 - INFO - Records in product_list: 8500
2025-10-17 03:42:48,885 - INFO - Completed: 8600 / To go: 3767
2025-10-17 03:42:48,885 - INFO - Records in product_list: 8600
2025-10-17 03:42:51,653 - INFO - Completed: 8700 / To go: 3667
2025-10-17 03:42:51,653 - INFO - Records in product_list: 8700
2025-10-17 03:42:54,366 - INFO - Completed: 8800 / To go: 3567
2025-10-17 03:42:54,366 - INFO - Records in product_list: 8800
2025-10-17 03:42:57,493 - INFO - Completed: 8900 / To go: 3467
2025-10-17 03:42:57,493 - INFO - Records in product_list: 8900
2025-10-17 03:43:00,334 - INFO - Completed: 9000 / To go: 3367
2025-10-17 03:43:00,334 - INFO - Records in product_list: 9000
2025-10-17 03:43:03,048 - INFO - Completed: 9100 / To go: 3267
2025-10-17 03:43:03,048 - INFO - Records in product_list: 9100
2025-10-17 03:43:05,760 - INFO - Completed: 9200 / To go: 3167
2025-10-17 03:43:05,760 - INFO - Records in product_list: 9200
2025-10-17 03:43:08,494 - INFO - Completed: 9300 / To go: 3067
2025-10-17 03:43:08,494 - INFO - Records in product_list: 9300
2025-10-17 03:43:11,261 - INFO - Completed: 9400 / To go: 2967
2025-10-17 03:43:11,261 - INFO - Records in product_list: 9400
2025-10-17 03:43:13,973 - INFO - Completed: 9500 / To go: 2867
2025-10-17 03:43:13,973 - INFO - Records in product_list: 9500
2025-10-17 03:43:16,734 - INFO - Completed: 9600 / To go: 2767
2025-10-17 03:43:16,734 - INFO - Records in product_list: 9600
2025-10-17 03:43:19,610 - INFO - Completed: 9700 / To go: 2667
2025-10-17 03:43:19,610 - INFO - Records in product_list: 9700
2025-10-17 03:43:22,424 - INFO - Completed: 9800 / To go: 2567
2025-10-17 03:43:22,424 - INFO - Records in product_list: 9800
2025-10-17 03:43:25,108 - INFO - Completed: 9900 / To go: 2467
2025-10-17 03:43:25,108 - INFO - Records in product_list: 9900
2025-10-17 03:43:27,946 - INFO - Completed: 10000 / To go: 2367
2025-10-17 03:43:27,946 - INFO - Records in product_list: 10000
2025-10-17 03:43:30,728 - INFO - Completed: 10100 / To go: 2267
2025-10-17 03:43:30,728 - INFO - Records in product_list: 10100
2025-10-17 03:43:33,577 - INFO - Completed: 10200 / To go: 2167
2025-10-17 03:43:33,577 - INFO - Records in product_list: 10200
2025-10-17 03:43:36,412 - INFO - Completed: 10300 / To go: 2067
2025-10-17 03:43:36,412 - INFO - Records in product_list: 10300
2025-10-17 03:43:39,056 - INFO - Completed: 10400 / To go: 1967
2025-10-17 03:43:39,056 - INFO - Records in product_list: 10400
2025-10-17 03:43:41,869 - INFO - Completed: 10500 / To go: 1867
2025-10-17 03:43:41,869 - INFO - Records in product_list: 10500
2025-10-17 03:43:44,644 - INFO - Completed: 10600 / To go: 1767
2025-10-17 03:43:44,644 - INFO - Records in product_list: 10600
2025-10-17 03:43:47,526 - INFO - Completed: 10700 / To go: 1667
2025-10-17 03:43:47,526 - INFO - Records in product_list: 10700
2025-10-17 03:43:50,403 - INFO - Completed: 10800 / To go: 1567
2025-10-17 03:43:50,403 - INFO - Records in product_list: 10800
2025-10-17 03:43:53,281 - INFO - Completed: 10900 / To go: 1467
2025-10-17 03:43:53,281 - INFO - Records in product_list: 10900
2025-10-17 03:43:56,120 - INFO - Completed: 11000 / To go: 1367
2025-10-17 03:43:56,120 - INFO - Records in product_list: 11000
2025-10-17 03:43:59,101 - INFO - Completed: 11100 / To go: 1267
2025-10-17 03:43:59,102 - INFO - Records in product_list: 11100
2025-10-17 03:44:01,978 - INFO - Completed: 11200 / To go: 1167
2025-10-17 03:44:01,978 - INFO - Records in product_list: 11200
2025-10-17 03:44:04,814 - INFO - Completed: 11300 / To go: 1067
2025-10-17 03:44:04,815 - INFO - Records in product_list: 11300
2025-10-17 03:44:07,737 - INFO - Completed: 11400 / To go: 967
2025-10-17 03:44:07,737 - INFO - Records in product_list: 11400
2025-10-17 03:44:10,567 - INFO - Completed: 11500 / To go: 867
2025-10-17 03:44:10,567 - INFO - Records in product_list: 11500
2025-10-17 03:44:13,484 - INFO - Completed: 11600 / To go: 767
2025-10-17 03:44:13,484 - INFO - Records in product_list: 11600
2025-10-17 03:44:16,502 - INFO - Completed: 11700 / To go: 667
2025-10-17 03:44:16,502 - INFO - Records in product_list: 11700
2025-10-17 03:44:19,258 - INFO - Completed: 11800 / To go: 567
2025-10-17 03:44:19,258 - INFO - Records in product_list: 11800
2025-10-17 03:44:22,073 - INFO - Completed: 11900 / To go: 467
2025-10-17 03:44:22,073 - INFO - Records in product_list: 11900
2025-10-17 03:44:25,000 - INFO - Completed: 12000 / To go: 367
2025-10-17 03:44:25,000 - INFO - Records in product_list: 12000
2025-10-17 03:44:27,788 - INFO - Completed: 12100 / To go: 267
2025-10-17 03:44:27,788 - INFO - Records in product_list: 12100
2025-10-17 03:44:30,714 - INFO - Completed: 12200 / To go: 167
2025-10-17 03:44:30,714 - INFO - Records in product_list: 12200
2025-10-17 03:44:33,553 - INFO - Completed: 12300 / To go: 67
2025-10-17 03:44:33,553 - INFO - Records in product_list: 12300
2025-10-17 03:44:36,219 - INFO - Completed: 12367 / To go: 0
2025-10-17 03:44:36,220 - INFO - Records in product_list: 12367
2025-10-17 03:44:39,409 - INFO - Loading combined dataframe from local file: updated_combined_dataframe.csv
2025-10-18 03:20:17,249 - INFO - ============================================================
2025-10-18 03:20:17,249 - INFO - Billa Price Scraper - Starting
2025-10-18 03:20:17,249 - INFO - ============================================================
2025-10-18 03:20:19,663 - INFO - Completed: 100 / To go: 12197
2025-10-18 03:20:19,663 - INFO - Records in product_list: 100
2025-10-18 03:20:22,968 - INFO - Completed: 200 / To go: 12097
2025-10-18 03:20:22,968 - INFO - Records in product_list: 200
2025-10-18 03:20:26,653 - INFO - Completed: 300 / To go: 11997
2025-10-18 03:20:26,654 - INFO - Records in product_list: 300
2025-10-18 03:20:29,994 - INFO - Completed: 400 / To go: 11897
2025-10-18 03:20:29,994 - INFO - Records in product_list: 400
2025-10-18 03:20:33,370 - INFO - Completed: 500 / To go: 11797
2025-10-18 03:20:33,370 - INFO - Records in product_list: 500
2025-10-18 03:20:36,694 - INFO - Completed: 600 / To go: 11697
2025-10-18 03:20:36,694 - INFO - Records in product_list: 600
2025-10-18 03:20:40,143 - INFO - Completed: 700 / To go: 11597
2025-10-18 03:20:40,144 - INFO - Records in product_list: 700
2025-10-18 03:20:43,565 - INFO - Completed: 800 / To go: 11497
2025-10-18 03:20:43,565 - INFO - Records in product_list: 800
2025-10-18 03:20:46,883 - INFO - Completed: 900 / To go: 11397
2025-10-18 03:20:46,883 - INFO - Records in product_list: 900
2025-10-18 03:20:50,362 - INFO - Completed: 1000 / To go: 11297
2025-10-18 03:20:50,362 - INFO - Records in product_list: 1000
2025-10-18 03:20:53,704 - INFO - Completed: 1100 / To go: 11197
2025-10-18 03:20:53,704 - INFO - Records in product_list: 1100
2025-10-18 03:20:56,914 - INFO - Completed: 1200 / To go: 11097
2025-10-18 03:20:56,915 - INFO - Records in product_list: 1200
2025-10-18 03:21:00,248 - INFO - Completed: 1300 / To go: 10997
2025-10-18 03:21:00,248 - INFO - Records in product_list: 1300
2025-10-18 03:21:03,567 - INFO - Completed: 1400 / To go: 10897
2025-10-18 03:21:03,567 - INFO - Records in product_list: 1400
2025-10-18 03:21:06,932 - INFO - Completed: 1500 / To go: 10797
2025-10-18 03:21:06,932 - INFO - Records in product_list: 1500
2025-10-18 03:21:10,017 - INFO - Completed: 1600 / To go: 10697
2025-10-18 03:21:10,017 - INFO - Records in product_list: 1600
2025-10-18 03:21:13,299 - INFO - Completed: 1700 / To go: 10597
2025-10-18 03:21:13,299 - INFO - Records in product_list: 1700
2025-10-18 03:21:16,819 - INFO - Completed: 1800 / To go: 10497
2025-10-18 03:21:16,819 - INFO - Records in product_list: 1800
2025-10-18 03:21:20,097 - INFO - Completed: 1900 / To go: 10397
2025-10-18 03:21:20,097 - INFO - Records in product_list: 1900
2025-10-18 03:21:23,137 - INFO - Completed: 2000 / To go: 10297
2025-10-18 03:21:23,137 - INFO - Records in product_list: 2000
2025-10-18 03:21:26,480 - INFO - Completed: 2100 / To go: 10197
2025-10-18 03:21:26,480 - INFO - Records in product_list: 2100
2025-10-18 03:21:29,759 - INFO - Completed: 2200 / To go: 10097
2025-10-18 03:21:29,759 - INFO - Records in product_list: 2200
2025-10-18 03:21:33,070 - INFO - Completed: 2300 / To go: 9997
2025-10-18 03:21:33,070 - INFO - Records in product_list: 2300
2025-10-18 03:21:36,380 - INFO - Completed: 2400 / To go: 9897
2025-10-18 03:21:36,380 - INFO - Records in product_list: 2400
2025-10-18 03:21:39,460 - INFO - Completed: 2500 / To go: 9797
2025-10-18 03:21:39,460 - INFO - Records in product_list: 2500
2025-10-18 03:21:42,972 - INFO - Completed: 2600 / To go: 9697
2025-10-18 03:21:42,973 - INFO - Records in product_list: 2600
2025-10-18 03:21:46,264 - INFO - Completed: 2700 / To go: 9597
2025-10-18 03:21:46,264 - INFO - Records in product_list: 2700
2025-10-18 03:21:49,526 - INFO - Completed: 2800 / To go: 9497
2025-10-18 03:21:49,527 - INFO - Records in product_list: 2800
2025-10-18 03:21:52,787 - INFO - Completed: 2900 / To go: 9397
2025-10-18 03:21:52,787 - INFO - Records in product_list: 2900
2025-10-18 03:21:56,059 - INFO - Completed: 3000 / To go: 9297
2025-10-18 03:21:56,059 - INFO - Records in product_list: 3000
2025-10-18 03:21:59,380 - INFO - Completed: 3100 / To go: 9197
2025-10-18 03:21:59,380 - INFO - Records in product_list: 3100
2025-10-18 03:22:02,799 - INFO - Completed: 3200 / To go: 9097
2025-10-18 03:22:02,799 - INFO - Records in product_list: 3200
2025-10-18 03:22:05,793 - INFO - Completed: 3300 / To go: 8997
2025-10-18 03:22:05,794 - INFO - Records in product_list: 3300
2025-10-18 03:22:09,142 - INFO - Completed: 3400 / To go: 8897
2025-10-18 03:22:09,143 - INFO - Records in product_list: 3400
2025-10-18 03:22:12,471 - INFO - Completed: 3500 / To go: 8797
2025-10-18 03:22:12,471 - INFO - Records in product_list: 3500
2025-10-18 03:22:15,513 - INFO - Completed: 3600 / To go: 8697
2025-10-18 03:22:15,513 - INFO - Records in product_list: 3600
2025-10-18 03:22:18,759 - INFO - Completed: 3700 / To go: 8597
2025-10-18 03:22:18,759 - INFO - Records in product_list: 3700
2025-10-18 03:22:22,071 - INFO - Completed: 3800 / To go: 8497
2025-10-18 03:22:22,071 - INFO - Records in product_list: 3800
2025-10-18 03:22:25,345 - INFO - Completed: 3900 / To go: 8397
2025-10-18 03:22:25,345 - INFO - Records in product_list: 3900
2025-10-18 03:22:28,676 - INFO - Completed: 4000 / To go: 8297
2025-10-18 03:22:28,676 - INFO - Records in product_list: 4000
2025-10-18 03:22:31,718 - INFO - Completed: 4100 / To go: 8197
2025-10-18 03:22:31,718 - INFO - Records in product_list: 4100
2025-10-18 03:22:34,983 - INFO - Completed: 4200 / To go: 8097
2025-10-18 03:22:34,983 - INFO - Records in product_list: 4200
2025-10-18 03:22:38,247 - INFO - Completed: 4300 / To go: 7997
2025-10-18 03:22:38,247 - INFO - Records in product_list: 4300
2025-10-18 03:22:41,219 - INFO - Completed: 4400 / To go: 7897
2025-10-18 03:22:41,219 - INFO - Records in product_list: 4400
2025-10-18 03:22:44,103 - INFO - Completed: 4500 / To go: 7797
2025-10-18 03:22:44,103 - INFO - Records in product_list: 4500
2025-10-18 03:22:47,060 - INFO - Completed: 4600 / To go: 7697
2025-10-18 03:22:47,060 - INFO - Records in product_list: 4600
2025-10-18 03:22:50,196 - INFO - Completed: 4700 / To go: 7597
2025-10-18 03:22:50,196 - INFO - Records in product_list: 4700
2025-10-18 03:22:53,199 - INFO - Completed: 4800 / To go: 7497
2025-10-18 03:22:53,199 - INFO - Records in product_list: 4800
2025-10-18 03:22:56,201 - INFO - Completed: 4900 / To go: 7397
2025-10-18 03:22:56,201 - INFO - Records in product_list: 4900
2025-10-18 03:22:59,272 - INFO - Completed: 5000 / To go: 7297
2025-10-18 03:22:59,272 - INFO - Records in product_list: 5000
2025-10-18 03:23:02,286 - INFO - Completed: 5100 / To go: 7197
2025-10-18 03:23:02,286 - INFO - Records in product_list: 5100
2025-10-18 03:23:05,350 - INFO - Completed: 5200 / To go: 7097
2025-10-18 03:23:05,350 - INFO - Records in product_list: 5200
2025-10-18 03:23:08,337 - INFO - Completed: 5300 / To go: 6997
2025-10-18 03:23:08,337 - INFO - Records in product_list: 5300
2025-10-18 03:23:11,262 - INFO - Completed: 5400 / To go: 6897
2025-10-18 03:23:11,262 - INFO - Records in product_list: 5400
2025-10-18 03:23:14,428 - INFO - Completed: 5500 / To go: 6797
2025-10-18 03:23:14,429 - INFO - Records in product_list: 5500
2025-10-18 03:23:17,438 - INFO - Completed: 5600 / To go: 6697
2025-10-18 03:23:17,438 - INFO - Records in product_list: 5600
2025-10-18 03:23:20,415 - INFO - Completed: 5700 / To go: 6597
2025-10-18 03:23:20,415 - INFO - Records in product_list: 5700
2025-10-18 03:23:23,296 - INFO - Completed: 5800 / To go: 6497
2025-10-18 03:23:23,296 - INFO - Records in product_list: 5800
2025-10-18 03:23:26,162 - INFO - Completed: 5900 / To go: 6397
2025-10-18 03:23:26,162 - INFO - Records in product_list: 5900
2025-10-18 03:23:29,012 - INFO - Completed: 6000 / To go: 6297
2025-10-18 03:23:29,013 - INFO - Records in product_list: 6000
2025-10-18 03:23:31,971 - INFO - Completed: 6100 / To go: 6197
2025-10-18 03:23:31,971 - INFO - Records in product_list: 6100
2025-10-18 03:23:35,013 - INFO - Completed: 6200 / To go: 6097
2025-10-18 03:23:35,013 - INFO - Records in product_list: 6200
2025-10-18 03:23:37,911 - INFO - Completed: 6300 / To go: 5997
2025-10-18 03:23:37,911 - INFO - Records in product_list: 6300
2025-10-18 03:23:40,795 - INFO - Completed: 6400 / To go: 5897
2025-10-18 03:23:40,795 - INFO - Records in product_list: 6400
2025-10-18 03:23:43,720 - INFO - Completed: 6500 / To go: 5797
2025-10-18 03:23:43,720 - INFO - Records in product_list: 6500
2025-10-18 03:23:46,927 - INFO - Completed: 6600 / To go: 5697
2025-10-18 03:23:46,927 - INFO - Records in product_list: 6600
2025-10-18 03:23:50,099 - INFO - Completed: 6700 / To go: 5597
2025-10-18 03:23:50,099 - INFO - Records in product_list: 6700
2025-10-18 03:23:52,961 - INFO - Completed: 6800 / To go: 5497
2025-10-18 03:23:52,962 - INFO - Records in product_list: 6800
2025-10-18 03:23:55,817 - INFO - Completed: 6900 / To go: 5397
2025-10-18 03:23:55,817 - INFO - Records in product_list: 6900
2025-10-18 03:23:58,744 - INFO - Completed: 7000 / To go: 5297
2025-10-18 03:23:58,744 - INFO - Records in product_list: 7000
2025-10-18 03:24:01,960 - INFO - Completed: 7100 / To go: 5197
2025-10-18 03:24:01,961 - INFO - Records in product_list: 7100
2025-10-18 03:24:04,721 - INFO - Completed: 7200 / To go: 5097
2025-10-18 03:24:04,721 - INFO - Records in product_list: 7200
2025-10-18 03:24:07,784 - INFO - Completed: 7300 / To go: 4997
2025-10-18 03:24:07,784 - INFO - Records in product_list: 7300
2025-10-18 03:24:10,937 - INFO - Completed: 7400 / To go: 4897
2025-10-18 03:24:10,937 - INFO - Records in product_list: 7400
2025-10-18 03:24:13,760 - INFO - Completed: 7500 / To go: 4797
2025-10-18 03:24:13,760 - INFO - Records in product_list: 7500
2025-10-18 03:24:16,885 - INFO - Completed: 7600 / To go: 4697
2025-10-18 03:24:16,885 - INFO - Records in product_list: 7600
2025-10-18 03:24:19,751 - INFO - Completed: 7700 / To go: 4597
2025-10-18 03:24:19,751 - INFO - Records in product_list: 7700
2025-10-18 03:24:22,653 - INFO - Completed: 7800 / To go: 4497
2025-10-18 03:24:22,653 - INFO - Records in product_list: 7800
2025-10-18 03:24:25,538 - INFO - Completed: 7900 / To go: 4397
2025-10-18 03:24:25,538 - INFO - Records in product_list: 7900
2025-10-18 03:24:28,286 - INFO - Completed: 8000 / To go: 4297
2025-10-18 03:24:28,286 - INFO - Records in product_list: 8000
2025-10-18 03:24:31,401 - INFO - Completed: 8100 / To go: 4197
2025-10-18 03:24:31,401 - INFO - Records in product_list: 8100
2025-10-18 03:24:34,371 - INFO - Completed: 8200 / To go: 4097
2025-10-18 03:24:34,372 - INFO - Records in product_list: 8200
2025-10-18 03:24:37,189 - INFO - Completed: 8300 / To go: 3997
2025-10-18 03:24:37,189 - INFO - Records in product_list: 8300
2025-10-18 03:24:39,928 - INFO - Completed: 8400 / To go: 3897
2025-10-18 03:24:39,928 - INFO - Records in product_list: 8400
2025-10-18 03:24:42,999 - INFO - Completed: 8500 / To go: 3797
2025-10-18 03:24:42,999 - INFO - Records in product_list: 8500
2025-10-18 03:24:46,016 - INFO - Completed: 8600 / To go: 3697
2025-10-18 03:24:46,016 - INFO - Records in product_list: 8600
2025-10-18 03:24:49,091 - INFO - Completed: 8700 / To go: 3597
2025-10-18 03:24:49,091 - INFO - Records in product_list: 8700
2025-10-18 03:24:52,123 - INFO - Completed: 8800 / To go: 3497
2025-10-18 03:24:52,123 - INFO - Records in product_list: 8800
2025-10-18 03:24:54,997 - INFO - Completed: 8900 / To go: 3397
2025-10-18 03:24:54,997 - INFO - Records in product_list: 8900
2025-10-18 03:24:57,891 - INFO - Completed: 9000 / To go: 3297
2025-10-18 03:24:57,891 - INFO - Records in product_list: 9000
2025-10-18 03:25:00,992 - INFO - Completed: 9100 / To go: 3197
2025-10-18 03:25:00,992 - INFO - Records in product_list: 9100
2025-10-18 03:25:03,910 - INFO - Completed: 9200 / To go: 3097
2025-10-18 03:25:03,910 - INFO - Records in product_list: 9200
2025-10-18 03:25:06,909 - INFO - Completed: 9300 / To go: 2997
2025-10-18 03:25:06,909 - INFO - Records in product_list: 9300
2025-10-18 03:25:10,066 - INFO - Completed: 9400 / To go: 2897
2025-10-18 03:25:10,067 - INFO - Records in product_list: 9400
2025-10-18 03:25:13,118 - INFO - Completed: 9500 / To go: 2797
2025-10-18 03:25:13,118 - INFO - Records in product_list: 9500
2025-10-18 03:25:15,933 - INFO - Completed: 9600 / To go: 2697
2025-10-18 03:25:15,933 - INFO - Records in product_list: 9600
2025-10-18 03:25:19,080 - INFO - Completed: 9700 / To go: 2597
2025-10-18 03:25:19,080 - INFO - Records in product_list: 9700
2025-10-18 03:25:21,828 - INFO - Completed: 9800 / To go: 2497
2025-10-18 03:25:21,828 - INFO - Records in product_list: 9800
2025-10-18 03:25:24,914 - INFO - Completed: 9900 / To go: 2397
2025-10-18 03:25:24,915 - INFO - Records in product_list: 9900
2025-10-18 03:25:28,012 - INFO - Completed: 10000 / To go: 2297
2025-10-18 03:25:28,012 - INFO - Records in product_list: 10000
2025-10-18 03:25:31,449 - INFO - Completed: 10100 / To go: 2197
2025-10-18 03:25:31,449 - INFO - Records in product_list: 10100
2025-10-18 03:25:34,358 - INFO - Completed: 10200 / To go: 2097
2025-10-18 03:25:34,358 - INFO - Records in product_list: 10200
2025-10-18 03:25:37,485 - INFO - Completed: 10300 / To go: 1997
2025-10-18 03:25:37,485 - INFO - Records in product_list: 10300
2025-10-18 03:25:40,343 - INFO - Completed: 10400 / To go: 1897
2025-10-18 03:25:40,343 - INFO - Records in product_list: 10400
2025-10-18 03:25:43,294 - INFO - Completed: 10500 / To go: 1797
2025-10-18 03:25:43,294 - INFO - Records in product_list: 10500
2025-10-18 03:25:46,094 - INFO - Completed: 10600 / To go: 1697
2025-10-18 03:25:46,095 - INFO - Records in product_list: 10600
2025-10-18 03:25:49,056 - INFO - Completed: 10700 / To go: 1597
2025-10-18 03:25:49,056 - INFO - Records in product_list: 10700
2025-10-18 03:25:51,932 - INFO - Completed: 10800 / To go: 1497
2025-10-18 03:25:51,932 - INFO - Records in product_list: 10800
2025-10-18 03:25:55,285 - INFO - Completed: 10900 / To go: 1397
2025-10-18 03:25:55,285 - INFO - Records in product_list: 10900
2025-10-18 03:25:58,240 - INFO - Completed: 11000 / To go: 1297
2025-10-18 03:25:58,240 - INFO - Records in product_list: 11000
2025-10-18 03:26:01,465 - INFO - Completed: 11100 / To go: 1197
2025-10-18 03:26:01,466 - INFO - Records in product_list: 11100
2025-10-18 03:26:04,759 - INFO - Completed: 11200 / To go: 1097
2025-10-18 03:26:04,759 - INFO - Records in product_list: 11200
2025-10-18 03:26:07,922 - INFO - Completed: 11300 / To go: 997
2025-10-18 03:26:07,923 - INFO - Records in product_list: 11300
2025-10-18 03:26:10,790 - INFO - Completed: 11400 / To go: 897
2025-10-18 03:26:10,790 - INFO - Records in product_list: 11400
2025-10-18 03:26:14,033 - INFO - Completed: 11500 / To go: 797
2025-10-18 03:26:14,033 - INFO - Records in product_list: 11500
2025-10-18 03:26:17,221 - INFO - Completed: 11600 / To go: 697
2025-10-18 03:26:17,221 - INFO - Records in product_list: 11600
2025-10-18 03:26:20,362 - INFO - Completed: 11700 / To go: 597
2025-10-18 03:26:20,362 - INFO - Records in product_list: 11700
2025-10-18 03:26:23,609 - INFO - Completed: 11800 / To go: 497
2025-10-18 03:26:23,609 - INFO - Records in product_list: 11800
2025-10-18 03:26:26,390 - INFO - Completed: 11900 / To go: 397
2025-10-18 03:26:26,390 - INFO - Records in product_list: 11900
2025-10-18 03:26:29,741 - INFO - Completed: 12000 / To go: 297
2025-10-18 03:26:29,742 - INFO - Records in product_list: 12000
2025-10-18 03:26:32,685 - INFO - Completed: 12100 / To go: 197
2025-10-18 03:26:32,685 - INFO - Records in product_list: 12100
2025-10-18 03:26:35,869 - INFO - Completed: 12200 / To go: 97
2025-10-18 03:26:35,869 - INFO - Records in product_list: 12200
2025-10-18 03:26:38,577 - INFO - Completed: 12297 / To go: 0
2025-10-18 03:26:38,577 - INFO - Records in product_list: 12297
2025-10-18 03:26:41,683 - INFO - Loading combined dataframe from local file: updated_combined_dataframe.csv
2025-10-19 03:53:57,213 - INFO - ============================================================
2025-10-19 03:53:57,213 - INFO - Billa Price Scraper - Starting
2025-10-19 03:53:57,213 - INFO - ============================================================
2025-10-19 03:53:58,956 - INFO - Completed: 100 / To go: 12186
2025-10-19 03:53:58,956 - INFO - Records in product_list: 100
2025-10-19 03:54:02,139 - INFO - Completed: 200 / To go: 12086
2025-10-19 03:54:02,139 - INFO - Records in product_list: 200
2025-10-19 03:54:05,458 - INFO - Completed: 300 / To go: 11986
2025-10-19 03:54:05,459 - INFO - Records in product_list: 300
2025-10-19 03:54:08,630 - INFO - Completed: 400 / To go: 11886
2025-10-19 03:54:08,631 - INFO - Records in product_list: 400
2025-10-19 03:54:11,593 - INFO - Completed: 500 / To go: 11786
2025-10-19 03:54:11,593 - INFO - Records in product_list: 500
2025-10-19 03:54:16,284 - INFO - Completed: 600 / To go: 11686
2025-10-19 03:54:16,284 - INFO - Records in product_list: 600
2025-10-19 03:54:19,495 - INFO - Completed: 700 / To go: 11586
2025-10-19 03:54:19,495 - INFO - Records in product_list: 700
2025-10-19 03:54:22,721 - INFO - Completed: 800 / To go: 11486
2025-10-19 03:54:22,721 - INFO - Records in product_list: 800
2025-10-19 03:54:25,741 - INFO - Completed: 900 / To go: 11386
2025-10-19 03:54:25,742 - INFO - Records in product_list: 900
2025-10-19 03:54:28,865 - INFO - Completed: 1000 / To go: 11286
2025-10-19 03:54:28,865 - INFO - Records in product_list: 1000
2025-10-19 03:54:32,228 - INFO - Completed: 1100 / To go: 11186
2025-10-19 03:54:32,228 - INFO - Records in product_list: 1100
2025-10-19 03:54:35,310 - INFO - Completed: 1200 / To go: 11086
2025-10-19 03:54:35,310 - INFO - Records in product_list: 1200
2025-10-19 03:54:38,460 - INFO - Completed: 1300 / To go: 10986
2025-10-19 03:54:38,461 - INFO - Records in product_list: 1300
2025-10-19 03:54:42,063 - INFO - Completed: 1400 / To go: 10886
2025-10-19 03:54:42,063 - INFO - Records in product_list: 1400
2025-10-19 03:54:44,958 - INFO - Completed: 1500 / To go: 10786
2025-10-19 03:54:44,958 - INFO - Records in product_list: 1500
2025-10-19 03:54:48,136 - INFO - Completed: 1600 / To go: 10686
2025-10-19 03:54:48,137 - INFO - Records in product_list: 1600
2025-10-19 03:54:50,965 - INFO - Completed: 1700 / To go: 10586
2025-10-19 03:54:50,965 - INFO - Records in product_list: 1700
2025-10-19 03:54:53,970 - INFO - Completed: 1800 / To go: 10486
2025-10-19 03:54:53,970 - INFO - Records in product_list: 1800
2025-10-19 03:54:56,950 - INFO - Completed: 1900 / To go: 10386
2025-10-19 03:54:56,950 - INFO - Records in product_list: 1900
2025-10-19 03:55:00,197 - INFO - Completed: 2000 / To go: 10286
2025-10-19 03:55:00,197 - INFO - Records in product_list: 2000
2025-10-19 03:55:03,151 - INFO - Completed: 2100 / To go: 10186
2025-10-19 03:55:03,152 - INFO - Records in product_list: 2100
2025-10-19 03:55:06,238 - INFO - Completed: 2200 / To go: 10086
2025-10-19 03:55:06,238 - INFO - Records in product_list: 2200
2025-10-19 03:55:09,179 - INFO - Completed: 2300 / To go: 9986
2025-10-19 03:55:09,179 - INFO - Records in product_list: 2300
2025-10-19 03:55:12,430 - INFO - Completed: 2400 / To go: 9886
2025-10-19 03:55:12,430 - INFO - Records in product_list: 2400
2025-10-19 03:55:15,398 - INFO - Completed: 2500 / To go: 9786
2025-10-19 03:55:15,398 - INFO - Records in product_list: 2500
2025-10-19 03:55:18,503 - INFO - Completed: 2600 / To go: 9686
2025-10-19 03:55:18,503 - INFO - Records in product_list: 2600
2025-10-19 03:55:21,804 - INFO - Completed: 2700 / To go: 9586
2025-10-19 03:55:21,804 - INFO - Records in product_list: 2700
2025-10-19 03:55:24,789 - INFO - Completed: 2800 / To go: 9486
2025-10-19 03:55:24,789 - INFO - Records in product_list: 2800
2025-10-19 03:55:27,677 - INFO - Completed: 2900 / To go: 9386
2025-10-19 03:55:27,677 - INFO - Records in product_list: 2900
2025-10-19 03:55:30,565 - INFO - Completed: 3000 / To go: 9286
2025-10-19 03:55:30,565 - INFO - Records in product_list: 3000
2025-10-19 03:55:33,502 - INFO - Completed: 3100 / To go: 9186
2025-10-19 03:55:33,502 - INFO - Records in product_list: 3100
2025-10-19 03:55:36,652 - INFO - Completed: 3200 / To go: 9086
2025-10-19 03:55:36,652 - INFO - Records in product_list: 3200
2025-10-19 03:55:39,549 - INFO - Completed: 3300 / To go: 8986
2025-10-19 03:55:39,549 - INFO - Records in product_list: 3300
2025-10-19 03:55:42,664 - INFO - Completed: 3400 / To go: 8886
2025-10-19 03:55:42,664 - INFO - Records in product_list: 3400
2025-10-19 03:55:45,762 - INFO - Completed: 3500 / To go: 8786
2025-10-19 03:55:45,762 - INFO - Records in product_list: 3500
2025-10-19 03:55:48,737 - INFO - Completed: 3600 / To go: 8686
2025-10-19 03:55:48,737 - INFO - Records in product_list: 3600
2025-10-19 03:55:51,554 - INFO - Completed: 3700 / To go: 8586
2025-10-19 03:55:51,554 - INFO - Records in product_list: 3700
2025-10-19 03:55:54,427 - INFO - Completed: 3800 / To go: 8486
2025-10-19 03:55:54,427 - INFO - Records in product_list: 3800
2025-10-19 03:55:57,315 - INFO - Completed: 3900 / To go: 8386
2025-10-19 03:55:57,315 - INFO - Records in product_list: 3900
2025-10-19 03:56:00,507 - INFO - Completed: 4000 / To go: 8286
2025-10-19 03:56:00,508 - INFO - Records in product_list: 4000
2025-10-19 03:56:03,410 - INFO - Completed: 4100 / To go: 8186
2025-10-19 03:56:03,410 - INFO - Records in product_list: 4100
2025-10-19 03:56:06,270 - INFO - Completed: 4200 / To go: 8086
2025-10-19 03:56:06,270 - INFO - Records in product_list: 4200
2025-10-19 03:56:09,189 - INFO - Completed: 4300 / To go: 7986
2025-10-19 03:56:09,189 - INFO - Records in product_list: 4300
2025-10-19 03:56:12,047 - INFO - Completed: 4400 / To go: 7886
2025-10-19 03:56:12,047 - INFO - Records in product_list: 4400
2025-10-19 03:56:14,913 - INFO - Completed: 4500 / To go: 7786
2025-10-19 03:56:14,913 - INFO - Records in product_list: 4500
2025-10-19 03:56:17,821 - INFO - Completed: 4600 / To go: 7686
2025-10-19 03:56:17,821 - INFO - Records in product_list: 4600
2025-10-19 03:56:20,866 - INFO - Completed: 4700 / To go: 7586
2025-10-19 03:56:20,866 - INFO - Records in product_list: 4700
2025-10-19 03:56:23,623 - INFO - Completed: 4800 / To go: 7486
2025-10-19 03:56:23,623 - INFO - Records in product_list: 4800
2025-10-19 03:56:26,451 - INFO - Completed: 4900 / To go: 7386
2025-10-19 03:56:26,451 - INFO - Records in product_list: 4900
2025-10-19 03:56:29,278 - INFO - Completed: 5000 / To go: 7286
2025-10-19 03:56:29,278 - INFO - Records in product_list: 5000
2025-10-19 03:56:32,117 - INFO - Completed: 5100 / To go: 7186
2025-10-19 03:56:32,117 - INFO - Records in product_list: 5100
2025-10-19 03:56:35,648 - INFO - Completed: 5200 / To go: 7086
2025-10-19 03:56:35,649 - INFO - Records in product_list: 5200
2025-10-19 03:56:38,486 - INFO - Completed: 5300 / To go: 6986
2025-10-19 03:56:38,486 - INFO - Records in product_list: 5300
2025-10-19 03:56:41,530 - INFO - Completed: 5400 / To go: 6886
2025-10-19 03:56:41,530 - INFO - Records in product_list: 5400
2025-10-19 03:56:44,589 - INFO - Completed: 5500 / To go: 6786
2025-10-19 03:56:44,590 - INFO - Records in product_list: 5500
2025-10-19 03:56:47,401 - INFO - Completed: 5600 / To go: 6686
2025-10-19 03:56:47,401 - INFO - Records in product_list: 5600
2025-10-19 03:56:50,347 - INFO - Completed: 5700 / To go: 6586
2025-10-19 03:56:50,347 - INFO - Records in product_list: 5700
2025-10-19 03:56:53,144 - INFO - Completed: 5800 / To go: 6486
2025-10-19 03:56:53,144 - INFO - Records in product_list: 5800
2025-10-19 03:56:56,145 - INFO - Completed: 5900 / To go: 6386
2025-10-19 03:56:56,145 - INFO - Records in product_list: 5900
2025-10-19 03:56:58,948 - INFO - Completed: 6000 / To go: 6286
2025-10-19 03:56:58,948 - INFO - Records in product_list: 6000
2025-10-19 03:57:01,740 - INFO - Completed: 6100 / To go: 6186
2025-10-19 03:57:01,740 - INFO - Records in product_list: 6100
2025-10-19 03:57:04,494 - INFO - Completed: 6200 / To go: 6086
2025-10-19 03:57:04,494 - INFO - Records in product_list: 6200
2025-10-19 03:57:07,306 - INFO - Completed: 6300 / To go: 5986
2025-10-19 03:57:07,306 - INFO - Records in product_list: 6300
2025-10-19 03:57:10,267 - INFO - Completed: 6400 / To go: 5886
2025-10-19 03:57:10,267 - INFO - Records in product_list: 6400
2025-10-19 03:57:13,093 - INFO - Completed: 6500 / To go: 5786
2025-10-19 03:57:13,093 - INFO - Records in product_list: 6500
2025-10-19 03:57:15,842 - INFO - Completed: 6600 / To go: 5686
2025-10-19 03:57:15,843 - INFO - Records in product_list: 6600
2025-10-19 03:57:18,657 - INFO - Completed: 6700 / To go: 5586
2025-10-19 03:57:18,658 - INFO - Records in product_list: 6700
2025-10-19 03:57:21,521 - INFO - Completed: 6800 / To go: 5486
2025-10-19 03:57:21,521 - INFO - Records in product_list: 6800
2025-10-19 03:57:24,298 - INFO - Completed: 6900 / To go: 5386
2025-10-19 03:57:24,298 - INFO - Records in product_list: 6900
2025-10-19 03:57:27,211 - INFO - Completed: 7000 / To go: 5286
2025-10-19 03:57:27,211 - INFO - Records in product_list: 7000
2025-10-19 03:57:30,030 - INFO - Completed: 7100 / To go: 5186
2025-10-19 03:57:30,030 - INFO - Records in product_list: 7100
2025-10-19 03:57:32,797 - INFO - Completed: 7200 / To go: 5086
2025-10-19 03:57:32,797 - INFO - Records in product_list: 7200
2025-10-19 03:57:35,504 - INFO - Completed: 7300 / To go: 4986
2025-10-19 03:57:35,504 - INFO - Records in product_list: 7300
2025-10-19 03:57:38,299 - INFO - Completed: 7400 / To go: 4886
2025-10-19 03:57:38,299 - INFO - Records in product_list: 7400
2025-10-19 03:57:41,147 - INFO - Completed: 7500 / To go: 4786
2025-10-19 03:57:41,147 - INFO - Records in product_list: 7500
2025-10-19 03:57:43,837 - INFO - Completed: 7600 / To go: 4686
2025-10-19 03:57:43,838 - INFO - Records in product_list: 7600
2025-10-19 03:57:46,538 - INFO - Completed: 7700 / To go: 4586
2025-10-19 03:57:46,538 - INFO - Records in product_list: 7700
2025-10-19 03:57:49,264 - INFO - Completed: 7800 / To go: 4486
2025-10-19 03:57:49,264 - INFO - Records in product_list: 7800
2025-10-19 03:57:52,000 - INFO - Completed: 7900 / To go: 4386
2025-10-19 03:57:52,001 - INFO - Records in product_list: 7900
2025-10-19 03:57:54,745 - INFO - Completed: 8000 / To go: 4286
2025-10-19 03:57:54,745 - INFO - Records in product_list: 8000
2025-10-19 03:57:57,636 - INFO - Completed: 8100 / To go: 4186
2025-10-19 03:57:57,636 - INFO - Records in product_list: 8100
2025-10-19 03:58:00,409 - INFO - Completed: 8200 / To go: 4086
2025-10-19 03:58:00,409 - INFO - Records in product_list: 8200
2025-10-19 03:58:03,075 - INFO - Completed: 8300 / To go: 3986
2025-10-19 03:58:03,075 - INFO - Records in product_list: 8300
2025-10-19 03:58:05,745 - INFO - Completed: 8400 / To go: 3886
2025-10-19 03:58:05,745 - INFO - Records in product_list: 8400
2025-10-19 03:58:08,384 - INFO - Completed: 8500 / To go: 3786
2025-10-19 03:58:08,385 - INFO - Records in product_list: 8500
2025-10-19 03:58:11,077 - INFO - Completed: 8600 / To go: 3686
2025-10-19 03:58:11,077 - INFO - Records in product_list: 8600
2025-10-19 03:58:13,730 - INFO - Completed: 8700 / To go: 3586
2025-10-19 03:58:13,730 - INFO - Records in product_list: 8700
2025-10-19 03:58:16,472 - INFO - Completed: 8800 / To go: 3486
2025-10-19 03:58:16,472 - INFO - Records in product_list: 8800
2025-10-19 03:58:19,208 - INFO - Completed: 8900 / To go: 3386
2025-10-19 03:58:19,209 - INFO - Records in product_list: 8900
2025-10-19 03:58:21,898 - INFO - Completed: 9000 / To go: 3286
2025-10-19 03:58:21,898 - INFO - Records in product_list: 9000
2025-10-19 03:58:24,625 - INFO - Completed: 9100 / To go: 3186
2025-10-19 03:58:24,625 - INFO - Records in product_list: 9100
2025-10-19 03:58:27,333 - INFO - Completed: 9200 / To go: 3086
2025-10-19 03:58:27,333 - INFO - Records in product_list: 9200
2025-10-19 03:58:29,940 - INFO - Completed: 9300 / To go: 2986
2025-10-19 03:58:29,940 - INFO - Records in product_list: 9300
2025-10-19 03:58:32,615 - INFO - Completed: 9400 / To go: 2886
2025-10-19 03:58:32,615 - INFO - Records in product_list: 9400
2025-10-19 03:58:35,554 - INFO - Completed: 9500 / To go: 2786
2025-10-19 03:58:35,554 - INFO - Records in product_list: 9500
2025-10-19 03:58:38,423 - INFO - Completed: 9600 / To go: 2686
2025-10-19 03:58:38,423 - INFO - Records in product_list: 9600
2025-10-19 03:58:41,129 - INFO - Completed: 9700 / To go: 2586
2025-10-19 03:58:41,129 - INFO - Records in product_list: 9700
2025-10-19 03:58:43,819 - INFO - Completed: 9800 / To go: 2486
2025-10-19 03:58:43,819 - INFO - Records in product_list: 9800
2025-10-19 03:58:46,540 - INFO - Completed: 9900 / To go: 2386
2025-10-19 03:58:46,540 - INFO - Records in product_list: 9900
2025-10-19 03:58:49,213 - INFO - Completed: 10000 / To go: 2286
2025-10-19 03:58:49,213 - INFO - Records in product_list: 10000
2025-10-19 03:58:52,023 - INFO - Completed: 10100 / To go: 2186
2025-10-19 03:58:52,023 - INFO - Records in product_list: 10100
2025-10-19 03:58:54,784 - INFO - Completed: 10200 / To go: 2086
2025-10-19 03:58:54,784 - INFO - Records in product_list: 10200
2025-10-19 03:58:57,508 - INFO - Completed: 10300 / To go: 1986
2025-10-19 03:58:57,508 - INFO - Records in product_list: 10300
2025-10-19 03:59:00,222 - INFO - Completed: 10400 / To go: 1886
2025-10-19 03:59:00,222 - INFO - Records in product_list: 10400
2025-10-19 03:59:02,904 - INFO - Completed: 10500 / To go: 1786
2025-10-19 03:59:02,904 - INFO - Records in product_list: 10500
2025-10-19 03:59:05,612 - INFO - Completed: 10600 / To go: 1686
2025-10-19 03:59:05,612 - INFO - Records in product_list: 10600
2025-10-19 03:59:08,443 - INFO - Completed: 10700 / To go: 1586
2025-10-19 03:59:08,443 - INFO - Records in product_list: 10700
2025-10-19 03:59:11,273 - INFO - Completed: 10800 / To go: 1486
2025-10-19 03:59:11,273 - INFO - Records in product_list: 10800
2025-10-19 03:59:14,004 - INFO - Completed: 10900 / To go: 1386
2025-10-19 03:59:14,004 - INFO - Records in product_list: 10900
2025-10-19 03:59:16,803 - INFO - Completed: 11000 / To go: 1286
2025-10-19 03:59:16,803 - INFO - Records in product_list: 11000
2025-10-19 03:59:19,606 - INFO - Completed: 11100 / To go: 1186
2025-10-19 03:59:19,606 - INFO - Records in product_list: 11100
2025-10-19 03:59:22,431 - INFO - Completed: 11200 / To go: 1086
2025-10-19 03:59:22,431 - INFO - Records in product_list: 11200
2025-10-19 03:59:25,198 - INFO - Completed: 11300 / To go: 986
2025-10-19 03:59:25,198 - INFO - Records in product_list: 11300
2025-10-19 03:59:27,985 - INFO - Completed: 11400 / To go: 886
2025-10-19 03:59:27,985 - INFO - Records in product_list: 11400
2025-10-19 03:59:30,786 - INFO - Completed: 11500 / To go: 786
2025-10-19 03:59:30,786 - INFO - Records in product_list: 11500
2025-10-19 03:59:33,599 - INFO - Completed: 11600 / To go: 686
2025-10-19 03:59:33,600 - INFO - Records in product_list: 11600
2025-10-19 03:59:36,305 - INFO - Completed: 11700 / To go: 586
2025-10-19 03:59:36,306 - INFO - Records in product_list: 11700
2025-10-19 03:59:39,042 - INFO - Completed: 11800 / To go: 486
2025-10-19 03:59:39,042 - INFO - Records in product_list: 11800
2025-10-19 03:59:41,813 - INFO - Completed: 11900 / To go: 386
2025-10-19 03:59:41,813 - INFO - Records in product_list: 11900
2025-10-19 03:59:44,616 - INFO - Completed: 12000 / To go: 286
2025-10-19 03:59:44,616 - INFO - Records in product_list: 12000
2025-10-19 03:59:47,337 - INFO - Completed: 12100 / To go: 186
2025-10-19 03:59:47,338 - INFO - Records in product_list: 12100
2025-10-19 03:59:50,055 - INFO - Completed: 12200 / To go: 86
2025-10-19 03:59:50,055 - INFO - Records in product_list: 12200
2025-10-19 03:59:52,668 - INFO - Completed: 12286 / To go: 0
2025-10-19 03:59:52,668 - INFO - Records in product_list: 12286
2025-10-19 03:59:55,971 - INFO - Loading combined dataframe from local file: updated_combined_dataframe.csv
2025-10-20 03:56:33,811 - INFO - ============================================================
2025-10-20 03:56:33,811 - INFO - Billa Price Scraper - Starting
2025-10-20 03:56:33,811 - INFO - ============================================================
2025-10-20 03:56:35,871 - INFO - Completed: 100 / To go: 12190
2025-10-20 03:56:35,871 - INFO - Records in product_list: 100
2025-10-20 03:56:39,194 - INFO - Completed: 200 / To go: 12090
2025-10-20 03:56:39,194 - INFO - Records in product_list: 200
2025-10-20 03:56:42,599 - INFO - Completed: 300 / To go: 11990
2025-10-20 03:56:42,599 - INFO - Records in product_list: 300
2025-10-20 03:56:46,050 - INFO - Completed: 400 / To go: 11890
2025-10-20 03:56:46,050 - INFO - Records in product_list: 400
2025-10-20 03:56:49,595 - INFO - Completed: 500 / To go: 11790
2025-10-20 03:56:49,595 - INFO - Records in product_list: 500
2025-10-20 03:56:52,705 - INFO - Completed: 600 / To go: 11690
2025-10-20 03:56:52,705 - INFO - Records in product_list: 600
2025-10-20 03:56:55,918 - INFO - Completed: 700 / To go: 11590
2025-10-20 03:56:55,918 - INFO - Records in product_list: 700
2025-10-20 03:56:59,206 - INFO - Completed: 800 / To go: 11490
2025-10-20 03:56:59,206 - INFO - Records in product_list: 800
2025-10-20 03:57:02,369 - INFO - Completed: 900 / To go: 11390
2025-10-20 03:57:02,369 - INFO - Records in product_list: 900
2025-10-20 03:57:05,473 - INFO - Completed: 1000 / To go: 11290
2025-10-20 03:57:05,473 - INFO - Records in product_list: 1000
2025-10-20 03:57:08,600 - INFO - Completed: 1100 / To go: 11190
2025-10-20 03:57:08,600 - INFO - Records in product_list: 1100
2025-10-20 03:57:12,034 - INFO - Completed: 1200 / To go: 11090
2025-10-20 03:57:12,034 - INFO - Records in product_list: 1200
2025-10-20 03:57:15,221 - INFO - Completed: 1300 / To go: 10990
2025-10-20 03:57:15,221 - INFO - Records in product_list: 1300
2025-10-20 03:57:18,321 - INFO - Completed: 1400 / To go: 10890
2025-10-20 03:57:18,321 - INFO - Records in product_list: 1400
2025-10-20 03:57:21,328 - INFO - Completed: 1500 / To go: 10790
2025-10-20 03:57:21,328 - INFO - Records in product_list: 1500
2025-10-20 03:57:24,462 - INFO - Completed: 1600 / To go: 10690
2025-10-20 03:57:24,462 - INFO - Records in product_list: 1600
2025-10-20 03:57:27,494 - INFO - Completed: 1700 / To go: 10590
2025-10-20 03:57:27,495 - INFO - Records in product_list: 1700
2025-10-20 03:57:30,710 - INFO - Completed: 1800 / To go: 10490
2025-10-20 03:57:30,710 - INFO - Records in product_list: 1800
2025-10-20 03:57:33,737 - INFO - Completed: 1900 / To go: 10390
2025-10-20 03:57:33,737 - INFO - Records in product_list: 1900
2025-10-20 03:57:36,665 - INFO - Completed: 2000 / To go: 10290
2025-10-20 03:57:36,666 - INFO - Records in product_list: 2000
2025-10-20 03:57:39,876 - INFO - Completed: 2100 / To go: 10190
2025-10-20 03:57:39,876 - INFO - Records in product_list: 2100
2025-10-20 03:57:43,385 - INFO - Completed: 2200 / To go: 10090
2025-10-20 03:57:43,385 - INFO - Records in product_list: 2200
2025-10-20 03:57:46,480 - INFO - Completed: 2300 / To go: 9990
2025-10-20 03:57:46,480 - INFO - Records in product_list: 2300
2025-10-20 03:57:49,485 - INFO - Completed: 2400 / To go: 9890
2025-10-20 03:57:49,485 - INFO - Records in product_list: 2400
2025-10-20 03:57:52,603 - INFO - Completed: 2500 / To go: 9790
2025-10-20 03:57:52,603 - INFO - Records in product_list: 2500
2025-10-20 03:57:55,828 - INFO - Completed: 2600 / To go: 9690
2025-10-20 03:57:55,828 - INFO - Records in product_list: 2600
2025-10-20 03:57:58,771 - INFO - Completed: 2700 / To go: 9590
2025-10-20 03:57:58,771 - INFO - Records in product_list: 2700
2025-10-20 03:58:01,914 - INFO - Completed: 2800 / To go: 9490
2025-10-20 03:58:01,914 - INFO - Records in product_list: 2800
2025-10-20 03:58:04,927 - INFO - Completed: 2900 / To go: 9390
2025-10-20 03:58:04,927 - INFO - Records in product_list: 2900
2025-10-20 03:58:07,835 - INFO - Completed: 3000 / To go: 9290
2025-10-20 03:58:07,835 - INFO - Records in product_list: 3000
2025-10-20 03:58:10,827 - INFO - Completed: 3100 / To go: 9190
2025-10-20 03:58:10,827 - INFO - Records in product_list: 3100
2025-10-20 03:58:13,769 - INFO - Completed: 3200 / To go: 9090
2025-10-20 03:58:13,769 - INFO - Records in product_list: 3200
2025-10-20 03:58:16,787 - INFO - Completed: 3300 / To go: 8990
2025-10-20 03:58:16,787 - INFO - Records in product_list: 3300
2025-10-20 03:58:19,915 - INFO - Completed: 3400 / To go: 8890
2025-10-20 03:58:19,915 - INFO - Records in product_list: 3400
2025-10-20 03:58:23,284 - INFO - Completed: 3500 / To go: 8790
2025-10-20 03:58:23,284 - INFO - Records in product_list: 3500
2025-10-20 03:58:26,146 - INFO - Completed: 3600 / To go: 8690
2025-10-20 03:58:26,146 - INFO - Records in product_list: 3600
2025-10-20 03:58:29,365 - INFO - Completed: 3700 / To go: 8590
2025-10-20 03:58:29,365 - INFO - Records in product_list: 3700
2025-10-20 03:58:32,265 - INFO - Completed: 3800 / To go: 8490
2025-10-20 03:58:32,265 - INFO - Records in product_list: 3800
2025-10-20 03:58:35,359 - INFO - Completed: 3900 / To go: 8390
2025-10-20 03:58:35,359 - INFO - Records in product_list: 3900
2025-10-20 03:58:38,527 - INFO - Completed: 4000 / To go: 8290
2025-10-20 03:58:38,527 - INFO - Records in product_list: 4000
2025-10-20 03:58:41,907 - INFO - Completed: 4100 / To go: 8190
2025-10-20 03:58:41,907 - INFO - Records in product_list: 4100
2025-10-20 03:58:44,810 - INFO - Completed: 4200 / To go: 8090
2025-10-20 03:58:44,810 - INFO - Records in product_list: 4200
2025-10-20 03:58:47,736 - INFO - Completed: 4300 / To go: 7990
2025-10-20 03:58:47,736 - INFO - Records in product_list: 4300
2025-10-20 03:58:50,971 - INFO - Completed: 4400 / To go: 7890
2025-10-20 03:58:50,971 - INFO - Records in product_list: 4400
2025-10-20 03:58:53,861 - INFO - Completed: 4500 / To go: 7790
2025-10-20 03:58:53,861 - INFO - Records in product_list: 4500
2025-10-20 03:58:56,908 - INFO - Completed: 4600 / To go: 7690
2025-10-20 03:58:56,908 - INFO - Records in product_list: 4600
2025-10-20 03:58:59,735 - INFO - Completed: 4700 / To go: 7590
2025-10-20 03:58:59,735 - INFO - Records in product_list: 4700
2025-10-20 03:59:02,945 - INFO - Completed: 4800 / To go: 7490
2025-10-20 03:59:02,945 - INFO - Records in product_list: 4800
2025-10-20 03:59:05,886 - INFO - Completed: 4900 / To go: 7390
2025-10-20 03:59:05,886 - INFO - Records in product_list: 4900
2025-10-20 03:59:08,926 - INFO - Completed: 5000 / To go: 7290
2025-10-20 03:59:08,927 - INFO - Records in product_list: 5000
2025-10-20 03:59:11,826 - INFO - Completed: 5100 / To go: 7190
2025-10-20 03:59:11,826 - INFO - Records in product_list: 5100
2025-10-20 03:59:14,756 - INFO - Completed: 5200 / To go: 7090
2025-10-20 03:59:14,757 - INFO - Records in product_list: 5200
2025-10-20 03:59:17,836 - INFO - Completed: 5300 / To go: 6990
2025-10-20 03:59:17,836 - INFO - Records in product_list: 5300
2025-10-20 03:59:20,884 - INFO - Completed: 5400 / To go: 6890
2025-10-20 03:59:20,884 - INFO - Records in product_list: 5400
2025-10-20 03:59:23,717 - INFO - Completed: 5500 / To go: 6790
2025-10-20 03:59:23,717 - INFO - Records in product_list: 5500
2025-10-20 03:59:26,532 - INFO - Completed: 5600 / To go: 6690
2025-10-20 03:59:26,533 - INFO - Records in product_list: 5600
2025-10-20 03:59:30,148 - INFO - Completed: 5700 / To go: 6590
2025-10-20 03:59:30,148 - INFO - Records in product_list: 5700
2025-10-20 03:59:33,080 - INFO - Completed: 5800 / To go: 6490
2025-10-20 03:59:33,081 - INFO - Records in product_list: 5800
2025-10-20 03:59:35,977 - INFO - Completed: 5900 / To go: 6390
2025-10-20 03:59:35,977 - INFO - Records in product_list: 5900
2025-10-20 03:59:38,810 - INFO - Completed: 6000 / To go: 6290
2025-10-20 03:59:38,810 - INFO - Records in product_list: 6000
2025-10-20 03:59:41,669 - INFO - Completed: 6100 / To go: 6190
2025-10-20 03:59:41,669 - INFO - Records in product_list: 6100
2025-10-20 03:59:44,506 - INFO - Completed: 6200 / To go: 6090
2025-10-20 03:59:44,506 - INFO - Records in product_list: 6200
2025-10-20 03:59:47,490 - INFO - Completed: 6300 / To go: 5990
2025-10-20 03:59:47,491 - INFO - Records in product_list: 6300
2025-10-20 03:59:50,503 - INFO - Completed: 6400 / To go: 5890
2025-10-20 03:59:50,503 - INFO - Records in product_list: 6400
2025-10-20 03:59:53,366 - INFO - Completed: 6500 / To go: 5790
2025-10-20 03:59:53,366 - INFO - Records in product_list: 6500
2025-10-20 03:59:56,329 - INFO - Completed: 6600 / To go: 5690
2025-10-20 03:59:56,329 - INFO - Records in product_list: 6600
2025-10-20 03:59:59,364 - INFO - Completed: 6700 / To go: 5590
2025-10-20 03:59:59,364 - INFO - Records in product_list: 6700
2025-10-20 04:00:02,249 - INFO - Completed: 6800 / To go: 5490
2025-10-20 04:00:02,249 - INFO - Records in product_list: 6800
2025-10-20 04:00:05,186 - INFO - Completed: 6900 / To go: 5390
2025-10-20 04:00:05,186 - INFO - Records in product_list: 6900
2025-10-20 04:00:08,103 - INFO - Completed: 7000 / To go: 5290
2025-10-20 04:00:08,103 - INFO - Records in product_list: 7000
2025-10-20 04:00:11,072 - INFO - Completed: 7100 / To go: 5190
2025-10-20 04:00:11,072 - INFO - Records in product_list: 7100
2025-10-20 04:00:13,856 - INFO - Completed: 7200 / To go: 5090
2025-10-20 04:00:13,856 - INFO - Records in product_list: 7200
2025-10-20 04:00:16,636 - INFO - Completed: 7300 / To go: 4990
2025-10-20 04:00:16,636 - INFO - Records in product_list: 7300
2025-10-20 04:00:19,487 - INFO - Completed: 7400 / To go: 4890
2025-10-20 04:00:19,487 - INFO - Records in product_list: 7400
2025-10-20 04:00:22,388 - INFO - Completed: 7500 / To go: 4790
2025-10-20 04:00:22,389 - INFO - Records in product_list: 7500
2025-10-20 04:00:25,190 - INFO - Completed: 7600 / To go: 4690
2025-10-20 04:00:25,190 - INFO - Records in product_list: 7600
2025-10-20 04:00:28,022 - INFO - Completed: 7700 / To go: 4590
2025-10-20 04:00:28,022 - INFO - Records in product_list: 7700
2025-10-20 04:00:30,881 - INFO - Completed: 7800 / To go: 4490
2025-10-20 04:00:30,881 - INFO - Records in product_list: 7800
2025-10-20 04:00:33,608 - INFO - Completed: 7900 / To go: 4390
2025-10-20 04:00:33,608 - INFO - Records in product_list: 7900
2025-10-20 04:00:36,546 - INFO - Completed: 8000 / To go: 4290
2025-10-20 04:00:36,547 - INFO - Records in product_list: 8000
2025-10-20 04:00:39,443 - INFO - Completed: 8100 / To go: 4190
2025-10-20 04:00:39,443 - INFO - Records in product_list: 8100
2025-10-20 04:00:42,245 - INFO - Completed: 8200 / To go: 4090
2025-10-20 04:00:42,246 - INFO - Records in product_list: 8200
2025-10-20 04:00:44,987 - INFO - Completed: 8300 / To go: 3990
2025-10-20 04:00:44,987 - INFO - Records in product_list: 8300
2025-10-20 04:00:47,725 - INFO - Completed: 8400 / To go: 3890
2025-10-20 04:00:47,725 - INFO - Records in product_list: 8400
2025-10-20 04:00:50,468 - INFO - Completed: 8500 / To go: 3790
2025-10-20 04:00:50,469 - INFO - Records in product_list: 8500
2025-10-20 04:00:53,335 - INFO - Completed: 8600 / To go: 3690
2025-10-20 04:00:53,335 - INFO - Records in product_list: 8600
2025-10-20 04:00:56,020 - INFO - Completed: 8700 / To go: 3590
2025-10-20 04:00:56,020 - INFO - Records in product_list: 8700
2025-10-20 04:00:58,789 - INFO - Completed: 8800 / To go: 3490
2025-10-20 04:00:58,789 - INFO - Records in product_list: 8800
2025-10-20 04:01:01,662 - INFO - Completed: 8900 / To go: 3390
2025-10-20 04:01:01,662 - INFO - Records in product_list: 8900
2025-10-20 04:01:04,562 - INFO - Completed: 9000 / To go: 3290
2025-10-20 04:01:04,562 - INFO - Records in product_list: 9000
2025-10-20 04:01:07,324 - INFO - Completed: 9100 / To go: 3190
2025-10-20 04:01:07,324 - INFO - Records in product_list: 9100
2025-10-20 04:01:10,089 - INFO - Completed: 9200 / To go: 3090
2025-10-20 04:01:10,089 - INFO - Records in product_list: 9200
2025-10-20 04:01:12,841 - INFO - Completed: 9300 / To go: 2990
2025-10-20 04:01:12,841 - INFO - Records in product_list: 9300
2025-10-20 04:01:15,616 - INFO - Completed: 9400 / To go: 2890
2025-10-20 04:01:15,617 - INFO - Records in product_list: 9400
2025-10-20 04:01:18,318 - INFO - Completed: 9500 / To go: 2790
2025-10-20 04:01:18,319 - INFO - Records in product_list: 9500
2025-10-20 04:01:21,040 - INFO - Completed: 9600 / To go: 2690
2025-10-20 04:01:21,041 - INFO - Records in product_list: 9600
2025-10-20 04:01:23,894 - INFO - Completed: 9700 / To go: 2590
2025-10-20 04:01:23,894 - INFO - Records in product_list: 9700
2025-10-20 04:01:26,634 - INFO - Completed: 9800 / To go: 2490
2025-10-20 04:01:26,634 - INFO - Records in product_list: 9800
2025-10-20 04:01:29,418 - INFO - Completed: 9900 / To go: 2390
2025-10-20 04:01:29,418 - INFO - Records in product_list: 9900
2025-10-20 04:01:32,174 - INFO - Completed: 10000 / To go: 2290
2025-10-20 04:01:32,174 - INFO - Records in product_list: 10000
2025-10-20 04:01:35,289 - INFO - Completed: 10100 / To go: 2190
2025-10-20 04:01:35,289 - INFO - Records in product_list: 10100
2025-10-20 04:01:38,354 - INFO - Completed: 10200 / To go: 2090
2025-10-20 04:01:38,354 - INFO - Records in product_list: 10200
2025-10-20 04:01:41,274 - INFO - Completed: 10300 / To go: 1990
2025-10-20 04:01:41,274 - INFO - Records in product_list: 10300
2025-10-20 04:01:44,085 - INFO - Completed: 10400 / To go: 1890
2025-10-20 04:01:44,086 - INFO - Records in product_list: 10400
2025-10-20 04:01:46,929 - INFO - Completed: 10500 / To go: 1790
2025-10-20 04:01:46,929 - INFO - Records in product_list: 10500
2025-10-20 04:01:49,704 - INFO - Completed: 10600 / To go: 1690
2025-10-20 04:01:49,704 - INFO - Records in product_list: 10600
2025-10-20 04:01:52,613 - INFO - Completed: 10700 / To go: 1590
2025-10-20 04:01:52,613 - INFO - Records in product_list: 10700
2025-10-20 04:01:55,510 - INFO - Completed: 10800 / To go: 1490
2025-10-20 04:01:55,510 - INFO - Records in product_list: 10800
2025-10-20 04:01:58,552 - INFO - Completed: 10900 / To go: 1390
2025-10-20 04:01:58,552 - INFO - Records in product_list: 10900
2025-10-20 04:02:01,472 - INFO - Completed: 11000 / To go: 1290
2025-10-20 04:02:01,472 - INFO - Records in product_list: 11000
2025-10-20 04:02:04,492 - INFO - Completed: 11100 / To go: 1190
2025-10-20 04:02:04,492 - INFO - Records in product_list: 11100
2025-10-20 04:02:07,442 - INFO - Completed: 11200 / To go: 1090
2025-10-20 04:02:07,442 - INFO - Records in product_list: 11200
2025-10-20 04:02:10,409 - INFO - Completed: 11300 / To go: 990
2025-10-20 04:02:10,409 - INFO - Records in product_list: 11300
2025-10-20 04:02:13,179 - INFO - Completed: 11400 / To go: 890
2025-10-20 04:02:13,179 - INFO - Records in product_list: 11400
2025-10-20 04:02:16,172 - INFO - Completed: 11500 / To go: 790
2025-10-20 04:02:16,172 - INFO - Records in product_list: 11500
2025-10-20 04:02:19,211 - INFO - Completed: 11600 / To go: 690
2025-10-20 04:02:19,211 - INFO - Records in product_list: 11600
2025-10-20 04:02:22,250 - INFO - Completed: 11700 / To go: 590
2025-10-20 04:02:22,250 - INFO - Records in product_list: 11700
2025-10-20 04:02:25,086 - INFO - Completed: 11800 / To go: 490
2025-10-20 04:02:25,086 - INFO - Records in product_list: 11800
2025-10-20 04:02:27,996 - INFO - Completed: 11900 / To go: 390
2025-10-20 04:02:27,996 - INFO - Records in product_list: 11900
2025-10-20 04:02:30,870 - INFO - Completed: 12000 / To go: 290
2025-10-20 04:02:30,870 - INFO - Records in product_list: 12000
2025-10-20 04:02:33,679 - INFO - Completed: 12100 / To go: 190
2025-10-20 04:02:33,679 - INFO - Records in product_list: 12100
2025-10-20 04:02:36,611 - INFO - Completed: 12200 / To go: 90
2025-10-20 04:02:36,611 - INFO - Records in product_list: 12200
2025-10-20 04:02:39,327 - INFO - Completed: 12290 / To go: 0
2025-10-20 04:02:39,327 - INFO - Records in product_list: 12290
2025-10-20 04:02:42,549 - INFO - Loading combined dataframe from local file: updated_combined_dataframe.csv
2025-10-21 03:44:17,256 - INFO - ============================================================
2025-10-21 03:44:17,256 - INFO - Billa Price Scraper - Starting
2025-10-21 03:44:17,256 - INFO - ============================================================
2025-10-21 03:44:19,067 - INFO - Completed: 100 / To go: 12209
2025-10-21 03:44:19,067 - INFO - Records in product_list: 100
2025-10-21 03:44:22,286 - INFO - Completed: 200 / To go: 12109
2025-10-21 03:44:22,286 - INFO - Records in product_list: 200
2025-10-21 03:44:25,561 - INFO - Completed: 300 / To go: 12009
2025-10-21 03:44:25,561 - INFO - Records in product_list: 300
2025-10-21 03:44:28,592 - INFO - Completed: 400 / To go: 11909
2025-10-21 03:44:28,592 - INFO - Records in product_list: 400
2025-10-21 03:44:31,703 - INFO - Completed: 500 / To go: 11809
2025-10-21 03:44:31,703 - INFO - Records in product_list: 500
2025-10-21 03:44:34,816 - INFO - Completed: 600 / To go: 11709
2025-10-21 03:44:34,816 - INFO - Records in product_list: 600
2025-10-21 03:44:38,010 - INFO - Completed: 700 / To go: 11609
2025-10-21 03:44:38,010 - INFO - Records in product_list: 700
2025-10-21 03:44:41,374 - INFO - Completed: 800 / To go: 11509
2025-10-21 03:44:41,374 - INFO - Records in product_list: 800
2025-10-21 03:44:44,519 - INFO - Completed: 900 / To go: 11409
2025-10-21 03:44:44,520 - INFO - Records in product_list: 900
2025-10-21 03:44:47,735 - INFO - Completed: 1000 / To go: 11309
2025-10-21 03:44:47,735 - INFO - Records in product_list: 1000
2025-10-21 03:44:50,890 - INFO - Completed: 1100 / To go: 11209
2025-10-21 03:44:50,890 - INFO - Records in product_list: 1100
2025-10-21 03:44:53,886 - INFO - Completed: 1200 / To go: 11109
2025-10-21 03:44:53,887 - INFO - Records in product_list: 1200
2025-10-21 03:44:56,990 - INFO - Completed: 1300 / To go: 11009
2025-10-21 03:44:56,991 - INFO - Records in product_list: 1300
2025-10-21 03:45:00,108 - INFO - Completed: 1400 / To go: 10909
2025-10-21 03:45:00,108 - INFO - Records in product_list: 1400
2025-10-21 03:45:03,205 - INFO - Completed: 1500 / To go: 10809
2025-10-21 03:45:03,205 - INFO - Records in product_list: 1500
2025-10-21 03:45:06,437 - INFO - Completed: 1600 / To go: 10709
2025-10-21 03:45:06,437 - INFO - Records in product_list: 1600
2025-10-21 03:45:09,406 - INFO - Completed: 1700 / To go: 10609
2025-10-21 03:45:09,406 - INFO - Records in product_list: 1700
2025-10-21 03:45:12,394 - INFO - Completed: 1800 / To go: 10509
2025-10-21 03:45:12,394 - INFO - Records in product_list: 1800
2025-10-21 03:45:15,375 - INFO - Completed: 1900 / To go: 10409
2025-10-21 03:45:15,375 - INFO - Records in product_list: 1900
2025-10-21 03:45:18,308 - INFO - Completed: 2000 / To go: 10309
2025-10-21 03:45:18,308 - INFO - Records in product_list: 2000
2025-10-21 03:45:21,356 - INFO - Completed: 2100 / To go: 10209
2025-10-21 03:45:21,356 - INFO - Records in product_list: 2100
2025-10-21 03:45:24,418 - INFO - Completed: 2200 / To go: 10109
2025-10-21 03:45:24,418 - INFO - Records in product_list: 2200
2025-10-21 03:45:27,793 - INFO - Completed: 2300 / To go: 10009
2025-10-21 03:45:27,793 - INFO - Records in product_list: 2300
2025-10-21 03:45:30,699 - INFO - Completed: 2400 / To go: 9909
2025-10-21 03:45:30,700 - INFO - Records in product_list: 2400
2025-10-21 03:45:33,685 - INFO - Completed: 2500 / To go: 9809
2025-10-21 03:45:33,685 - INFO - Records in product_list: 2500
2025-10-21 03:45:36,678 - INFO - Completed: 2600 / To go: 9709
2025-10-21 03:45:36,679 - INFO - Records in product_list: 2600
2025-10-21 03:45:39,716 - INFO - Completed: 2700 / To go: 9609
2025-10-21 03:45:39,717 - INFO - Records in product_list: 2700
2025-10-21 03:45:42,671 - INFO - Completed: 2800 / To go: 9509
2025-10-21 03:45:42,671 - INFO - Records in product_list: 2800
2025-10-21 03:45:45,728 - INFO - Completed: 2900 / To go: 9409
2025-10-21 03:45:45,728 - INFO - Records in product_list: 2900
2025-10-21 03:45:48,828 - INFO - Completed: 3000 / To go: 9309
2025-10-21 03:45:48,828 - INFO - Records in product_list: 3000
2025-10-21 03:45:51,793 - INFO - Completed: 3100 / To go: 9209
2025-10-21 03:45:51,793 - INFO - Records in product_list: 3100
2025-10-21 03:45:54,718 - INFO - Completed: 3200 / To go: 9109
2025-10-21 03:45:54,719 - INFO - Records in product_list: 3200
2025-10-21 03:45:57,611 - INFO - Completed: 3300 / To go: 9009
2025-10-21 03:45:57,611 - INFO - Records in product_list: 3300
2025-10-21 03:46:00,481 - INFO - Completed: 3400 / To go: 8909
2025-10-21 03:46:00,481 - INFO - Records in product_list: 3400
2025-10-21 03:46:03,494 - INFO - Completed: 3500 / To go: 8809
2025-10-21 03:46:03,494 - INFO - Records in product_list: 3500
2025-10-21 03:46:06,551 - INFO - Completed: 3600 / To go: 8709
2025-10-21 03:46:06,551 - INFO - Records in product_list: 3600
2025-10-21 03:46:09,453 - INFO - Completed: 3700 / To go: 8609
2025-10-21 03:46:09,453 - INFO - Records in product_list: 3700
2025-10-21 03:46:12,341 - INFO - Completed: 3800 / To go: 8509
2025-10-21 03:46:12,341 - INFO - Records in product_list: 3800
2025-10-21 03:46:15,255 - INFO - Completed: 3900 / To go: 8409
2025-10-21 03:46:15,255 - INFO - Records in product_list: 3900
2025-10-21 03:46:18,041 - INFO - Completed: 4000 / To go: 8309
2025-10-21 03:46:18,041 - INFO - Records in product_list: 4000
2025-10-21 03:46:20,916 - INFO - Completed: 4100 / To go: 8209
2025-10-21 03:46:20,917 - INFO - Records in product_list: 4100
2025-10-21 03:46:23,783 - INFO - Completed: 4200 / To go: 8109
2025-10-21 03:46:23,783 - INFO - Records in product_list: 4200
2025-10-21 03:46:26,646 - INFO - Completed: 4300 / To go: 8009
2025-10-21 03:46:26,646 - INFO - Records in product_list: 4300
2025-10-21 03:46:29,979 - INFO - Completed: 4400 / To go: 7909
2025-10-21 03:46:29,979 - INFO - Records in product_list: 4400
2025-10-21 03:46:32,870 - INFO - Completed: 4500 / To go: 7809
2025-10-21 03:46:32,871 - INFO - Records in product_list: 4500
2025-10-21 03:46:35,754 - INFO - Completed: 4600 / To go: 7709
2025-10-21 03:46:35,754 - INFO - Records in product_list: 4600
2025-10-21 03:46:38,637 - INFO - Completed: 4700 / To go: 7609
2025-10-21 03:46:38,637 - INFO - Records in product_list: 4700
2025-10-21 03:46:41,441 - INFO - Completed: 4800 / To go: 7509
2025-10-21 03:46:41,441 - INFO - Records in product_list: 4800
2025-10-21 03:46:44,269 - INFO - Completed: 4900 / To go: 7409
2025-10-21 03:46:44,269 - INFO - Records in product_list: 4900
2025-10-21 03:46:47,508 - INFO - Completed: 5000 / To go: 7309
2025-10-21 03:46:47,509 - INFO - Records in product_list: 5000
2025-10-21 03:46:50,385 - INFO - Completed: 5100 / To go: 7209
2025-10-21 03:46:50,385 - INFO - Records in product_list: 5100
2025-10-21 03:46:53,348 - INFO - Completed: 5200 / To go: 7109
2025-10-21 03:46:53,349 - INFO - Records in product_list: 5200
2025-10-21 03:46:56,213 - INFO - Completed: 5300 / To go: 7009
2025-10-21 03:46:56,213 - INFO - Records in product_list: 5300
2025-10-21 03:46:59,044 - INFO - Completed: 5400 / To go: 6909
2025-10-21 03:46:59,045 - INFO - Records in product_list: 5400
2025-10-21 03:47:01,844 - INFO - Completed: 5500 / To go: 6809
2025-10-21 03:47:01,844 - INFO - Records in product_list: 5500
2025-10-21 03:47:04,682 - INFO - Completed: 5600 / To go: 6709
2025-10-21 03:47:04,682 - INFO - Records in product_list: 5600
2025-10-21 03:47:07,592 - INFO - Completed: 5700 / To go: 6609
2025-10-21 03:47:07,592 - INFO - Records in product_list: 5700
2025-10-21 03:47:10,439 - INFO - Completed: 5800 / To go: 6509
2025-10-21 03:47:10,439 - INFO - Records in product_list: 5800
2025-10-21 03:47:13,263 - INFO - Completed: 5900 / To go: 6409
2025-10-21 03:47:13,263 - INFO - Records in product_list: 5900
2025-10-21 03:47:16,136 - INFO - Completed: 6000 / To go: 6309
2025-10-21 03:47:16,136 - INFO - Records in product_list: 6000
2025-10-21 03:47:19,115 - INFO - Completed: 6100 / To go: 6209
2025-10-21 03:47:19,115 - INFO - Records in product_list: 6100
2025-10-21 03:47:21,895 - INFO - Completed: 6200 / To go: 6109
2025-10-21 03:47:21,895 - INFO - Records in product_list: 6200
2025-10-21 03:47:24,716 - INFO - Completed: 6300 / To go: 6009
2025-10-21 03:47:24,716 - INFO - Records in product_list: 6300
2025-10-21 03:47:27,531 - INFO - Completed: 6400 / To go: 5909
2025-10-21 03:47:27,531 - INFO - Records in product_list: 6400
2025-10-21 03:47:30,423 - INFO - Completed: 6500 / To go: 5809
2025-10-21 03:47:30,423 - INFO - Records in product_list: 6500
2025-10-21 03:47:33,210 - INFO - Completed: 6600 / To go: 5709
2025-10-21 03:47:33,210 - INFO - Records in product_list: 6600
2025-10-21 03:47:35,954 - INFO - Completed: 6700 / To go: 5609
2025-10-21 03:47:35,954 - INFO - Records in product_list: 6700
2025-10-21 03:47:38,729 - INFO - Completed: 6800 / To go: 5509
2025-10-21 03:47:38,729 - INFO - Records in product_list: 6800
2025-10-21 03:47:41,512 - INFO - Completed: 6900 / To go: 5409
2025-10-21 03:47:41,512 - INFO - Records in product_list: 6900
2025-10-21 03:47:44,258 - INFO - Completed: 7000 / To go: 5309
2025-10-21 03:47:44,258 - INFO - Records in product_list: 7000
2025-10-21 03:47:47,167 - INFO - Completed: 7100 / To go: 5209
2025-10-21 03:47:47,167 - INFO - Records in product_list: 7100
2025-10-21 03:47:49,924 - INFO - Completed: 7200 / To go: 5109
2025-10-21 03:47:49,924 - INFO - Records in product_list: 7200
2025-10-21 03:47:52,915 - INFO - Completed: 7300 / To go: 5009
2025-10-21 03:47:52,915 - INFO - Records in product_list: 7300
2025-10-21 03:47:55,682 - INFO - Completed: 7400 / To go: 4909
2025-10-21 03:47:55,682 - INFO - Records in product_list: 7400
2025-10-21 03:47:58,469 - INFO - Completed: 7500 / To go: 4809
2025-10-21 03:47:58,469 - INFO - Records in product_list: 7500
2025-10-21 03:48:01,755 - INFO - Completed: 7600 / To go: 4709
2025-10-21 03:48:01,755 - INFO - Records in product_list: 7600
2025-10-21 03:48:04,541 - INFO - Completed: 7700 / To go: 4609
2025-10-21 03:48:04,541 - INFO - Records in product_list: 7700
2025-10-21 03:48:07,441 - INFO - Completed: 7800 / To go: 4509
2025-10-21 03:48:07,441 - INFO - Records in product_list: 7800
2025-10-21 03:48:10,169 - INFO - Completed: 7900 / To go: 4409
2025-10-21 03:48:10,169 - INFO - Records in product_list: 7900
2025-10-21 03:48:12,830 - INFO - Completed: 8000 / To go: 4309
2025-10-21 03:48:12,830 - INFO - Records in product_list: 8000
2025-10-21 03:48:15,664 - INFO - Completed: 8100 / To go: 4209
2025-10-21 03:48:15,664 - INFO - Records in product_list: 8100
2025-10-21 03:48:18,384 - INFO - Completed: 8200 / To go: 4109
2025-10-21 03:48:18,385 - INFO - Records in product_list: 8200
2025-10-21 03:48:21,065 - INFO - Completed: 8300 / To go: 4009
2025-10-21 03:48:21,065 - INFO - Records in product_list: 8300
2025-10-21 03:48:23,762 - INFO - Completed: 8400 / To go: 3909
2025-10-21 03:48:23,762 - INFO - Records in product_list: 8400
2025-10-21 03:48:26,421 - INFO - Completed: 8500 / To go: 3809
2025-10-21 03:48:26,421 - INFO - Records in product_list: 8500
2025-10-21 03:48:29,171 - INFO - Completed: 8600 / To go: 3709
2025-10-21 03:48:29,171 - INFO - Records in product_list: 8600
2025-10-21 03:48:31,859 - INFO - Completed: 8700 / To go: 3609
2025-10-21 03:48:31,859 - INFO - Records in product_list: 8700
2025-10-21 03:48:34,531 - INFO - Completed: 8800 / To go: 3509
2025-10-21 03:48:34,531 - INFO - Records in product_list: 8800
2025-10-21 03:48:37,244 - INFO - Completed: 8900 / To go: 3409
2025-10-21 03:48:37,244 - INFO - Records in product_list: 8900
2025-10-21 03:48:39,964 - INFO - Completed: 9000 / To go: 3309
2025-10-21 03:48:39,965 - INFO - Records in product_list: 9000
2025-10-21 03:48:42,666 - INFO - Completed: 9100 / To go: 3209
2025-10-21 03:48:42,666 - INFO - Records in product_list: 9100
2025-10-21 03:48:45,421 - INFO - Completed: 9200 / To go: 3109
2025-10-21 03:48:45,421 - INFO - Records in product_list: 9200
2025-10-21 03:48:48,025 - INFO - Completed: 9300 / To go: 3009
2025-10-21 03:48:48,025 - INFO - Records in product_list: 9300
2025-10-21 03:48:50,673 - INFO - Completed: 9400 / To go: 2909
2025-10-21 03:48:50,673 - INFO - Records in product_list: 9400
2025-10-21 03:48:53,360 - INFO - Completed: 9500 / To go: 2809
2025-10-21 03:48:53,361 - INFO - Records in product_list: 9500
2025-10-21 03:48:56,062 - INFO - Completed: 9600 / To go: 2709
2025-10-21 03:48:56,062 - INFO - Records in product_list: 9600
2025-10-21 03:48:58,752 - INFO - Completed: 9700 / To go: 2609
2025-10-21 03:48:58,752 - INFO - Records in product_list: 9700
2025-10-21 03:49:01,446 - INFO - Completed: 9800 / To go: 2509
2025-10-21 03:49:01,447 - INFO - Records in product_list: 9800
2025-10-21 03:49:04,154 - INFO - Completed: 9900 / To go: 2409
2025-10-21 03:49:04,154 - INFO - Records in product_list: 9900
2025-10-21 03:49:06,862 - INFO - Completed: 10000 / To go: 2309
2025-10-21 03:49:06,862 - INFO - Records in product_list: 10000
2025-10-21 03:49:09,670 - INFO - Completed: 10100 / To go: 2209
2025-10-21 03:49:09,670 - INFO - Records in product_list: 10100
2025-10-21 03:49:12,435 - INFO - Completed: 10200 / To go: 2109
2025-10-21 03:49:12,436 - INFO - Records in product_list: 10200
2025-10-21 03:49:15,303 - INFO - Completed: 10300 / To go: 2009
2025-10-21 03:49:15,304 - INFO - Records in product_list: 10300
2025-10-21 03:49:18,039 - INFO - Completed: 10400 / To go: 1909
2025-10-21 03:49:18,039 - INFO - Records in product_list: 10400
2025-10-21 03:49:20,865 - INFO - Completed: 10500 / To go: 1809
2025-10-21 03:49:20,865 - INFO - Records in product_list: 10500
2025-10-21 03:49:23,573 - INFO - Completed: 10600 / To go: 1709
2025-10-21 03:49:23,573 - INFO - Records in product_list: 10600
2025-10-21 03:49:26,379 - INFO - Completed: 10700 / To go: 1609
2025-10-21 03:49:26,379 - INFO - Records in product_list: 10700
2025-10-21 03:49:29,210 - INFO - Completed: 10800 / To go: 1509
2025-10-21 03:49:29,210 - INFO - Records in product_list: 10800
2025-10-21 03:49:32,151 - INFO - Completed: 10900 / To go: 1409
2025-10-21 03:49:32,152 - INFO - Records in product_list: 10900
2025-10-21 03:49:34,991 - INFO - Completed: 11000 / To go: 1309
2025-10-21 03:49:34,991 - INFO - Records in product_list: 11000
2025-10-21 03:49:37,790 - INFO - Completed: 11100 / To go: 1209
2025-10-21 03:49:37,790 - INFO - Records in product_list: 11100
2025-10-21 03:49:40,542 - INFO - Completed: 11200 / To go: 1109
2025-10-21 03:49:40,542 - INFO - Records in product_list: 11200
2025-10-21 03:49:43,368 - INFO - Completed: 11300 / To go: 1009
2025-10-21 03:49:43,368 - INFO - Records in product_list: 11300
2025-10-21 03:49:46,055 - INFO - Completed: 11400 / To go: 909
2025-10-21 03:49:46,055 - INFO - Records in product_list: 11400
2025-10-21 03:49:48,886 - INFO - Completed: 11500 / To go: 809
2025-10-21 03:49:48,886 - INFO - Records in product_list: 11500
2025-10-21 03:49:51,813 - INFO - Completed: 11600 / To go: 709
2025-10-21 03:49:51,813 - INFO - Records in product_list: 11600
2025-10-21 03:49:54,531 - INFO - Completed: 11700 / To go: 609
2025-10-21 03:49:54,531 - INFO - Records in product_list: 11700
2025-10-21 03:49:57,323 - INFO - Completed: 11800 / To go: 509
2025-10-21 03:49:57,323 - INFO - Records in product_list: 11800
2025-10-21 03:50:00,055 - INFO - Completed: 11900 / To go: 409
2025-10-21 03:50:00,055 - INFO - Records in product_list: 11900
2025-10-21 03:50:02,822 - INFO - Completed: 12000 / To go: 309
2025-10-21 03:50:02,822 - INFO - Records in product_list: 12000
2025-10-21 03:50:05,606 - INFO - Completed: 12100 / To go: 209
2025-10-21 03:50:05,606 - INFO - Records in product_list: 12100
2025-10-21 03:50:08,369 - INFO - Completed: 12200 / To go: 109
2025-10-21 03:50:08,370 - INFO - Records in product_list: 12200
2025-10-21 03:50:11,100 - INFO - Completed: 12300 / To go: 9
2025-10-21 03:50:11,101 - INFO - Records in product_list: 12300
2025-10-21 03:50:13,435 - INFO - Completed: 12309 / To go: 0
2025-10-21 03:50:13,435 - INFO - Records in product_list: 12309
2025-10-21 03:50:16,660 - INFO - Loading combined dataframe from local file: updated_combined_dataframe.csv
2025-10-22 03:50:54,732 - INFO - ============================================================
2025-10-22 03:50:54,732 - INFO - Billa Price Scraper - Starting
2025-10-22 03:50:54,732 - INFO - ============================================================
2025-10-22 03:50:56,411 - INFO - Completed: 100 / To go: 12190
2025-10-22 03:50:56,411 - INFO - Records in product_list: 100
2025-10-22 03:50:59,734 - INFO - Completed: 200 / To go: 12090
2025-10-22 03:50:59,734 - INFO - Records in product_list: 200
2025-10-22 03:51:02,981 - INFO - Completed: 300 / To go: 11990
2025-10-22 03:51:02,981 - INFO - Records in product_list: 300
2025-10-22 03:51:08,032 - INFO - Completed: 400 / To go: 11890
2025-10-22 03:51:08,032 - INFO - Records in product_list: 400
2025-10-22 03:51:11,436 - INFO - Completed: 500 / To go: 11790
2025-10-22 03:51:11,436 - INFO - Records in product_list: 500
2025-10-22 03:51:14,661 - INFO - Completed: 600 / To go: 11690
2025-10-22 03:51:14,661 - INFO - Records in product_list: 600
2025-10-22 03:51:18,040 - INFO - Completed: 700 / To go: 11590
2025-10-22 03:51:18,040 - INFO - Records in product_list: 700
2025-10-22 03:51:21,338 - INFO - Completed: 800 / To go: 11490
2025-10-22 03:51:21,338 - INFO - Records in product_list: 800
2025-10-22 03:51:24,578 - INFO - Completed: 900 / To go: 11390
2025-10-22 03:51:24,578 - INFO - Records in product_list: 900
2025-10-22 03:51:27,706 - INFO - Completed: 1000 / To go: 11290
2025-10-22 03:51:27,706 - INFO - Records in product_list: 1000
2025-10-22 03:51:30,673 - INFO - Completed: 1100 / To go: 11190
2025-10-22 03:51:30,673 - INFO - Records in product_list: 1100
2025-10-22 03:51:33,741 - INFO - Completed: 1200 / To go: 11090
2025-10-22 03:51:33,741 - INFO - Records in product_list: 1200
2025-10-22 03:51:36,746 - INFO - Completed: 1300 / To go: 10990
2025-10-22 03:51:36,746 - INFO - Records in product_list: 1300
2025-10-22 03:51:39,926 - INFO - Completed: 1400 / To go: 10890
2025-10-22 03:51:39,926 - INFO - Records in product_list: 1400
2025-10-22 03:51:43,092 - INFO - Completed: 1500 / To go: 10790
2025-10-22 03:51:43,092 - INFO - Records in product_list: 1500
2025-10-22 03:51:46,494 - INFO - Completed: 1600 / To go: 10690
2025-10-22 03:51:46,494 - INFO - Records in product_list: 1600
2025-10-22 03:51:49,631 - INFO - Completed: 1700 / To go: 10590
2025-10-22 03:51:49,631 - INFO - Records in product_list: 1700
2025-10-22 03:51:52,651 - INFO - Completed: 1800 / To go: 10490
2025-10-22 03:51:52,651 - INFO - Records in product_list: 1800
2025-10-22 03:51:55,710 - INFO - Completed: 1900 / To go: 10390
2025-10-22 03:51:55,710 - INFO - Records in product_list: 1900
2025-10-22 03:51:58,696 - INFO - Completed: 2000 / To go: 10290
2025-10-22 03:51:58,696 - INFO - Records in product_list: 2000
2025-10-22 03:52:01,687 - INFO - Completed: 2100 / To go: 10190
2025-10-22 03:52:01,688 - INFO - Records in product_list: 2100
2025-10-22 03:52:04,638 - INFO - Completed: 2200 / To go: 10090
2025-10-22 03:52:04,638 - INFO - Records in product_list: 2200
2025-10-22 03:52:07,615 - INFO - Completed: 2300 / To go: 9990
2025-10-22 03:52:07,615 - INFO - Records in product_list: 2300
2025-10-22 03:52:10,594 - INFO - Completed: 2400 / To go: 9890
2025-10-22 03:52:10,594 - INFO - Records in product_list: 2400
2025-10-22 03:52:13,797 - INFO - Completed: 2500 / To go: 9790
2025-10-22 03:52:13,797 - INFO - Records in product_list: 2500
2025-10-22 03:52:16,775 - INFO - Completed: 2600 / To go: 9690
2025-10-22 03:52:16,775 - INFO - Records in product_list: 2600
2025-10-22 03:52:19,747 - INFO - Completed: 2700 / To go: 9590
2025-10-22 03:52:19,747 - INFO - Records in product_list: 2700
2025-10-22 03:52:22,764 - INFO - Completed: 2800 / To go: 9490
2025-10-22 03:52:22,764 - INFO - Records in product_list: 2800
2025-10-22 03:52:25,761 - INFO - Completed: 2900 / To go: 9390
2025-10-22 03:52:25,761 - INFO - Records in product_list: 2900
2025-10-22 03:52:28,775 - INFO - Completed: 3000 / To go: 9290
2025-10-22 03:52:28,775 - INFO - Records in product_list: 3000
2025-10-22 03:52:31,641 - INFO - Completed: 3100 / To go: 9190
2025-10-22 03:52:31,641 - INFO - Records in product_list: 3100
2025-10-22 03:52:34,579 - INFO - Completed: 3200 / To go: 9090
2025-10-22 03:52:34,579 - INFO - Records in product_list: 3200
2025-10-22 03:52:37,476 - INFO - Completed: 3300 / To go: 8990
2025-10-22 03:52:37,476 - INFO - Records in product_list: 3300
2025-10-22 03:52:40,391 - INFO - Completed: 3400 / To go: 8890
2025-10-22 03:52:40,391 - INFO - Records in product_list: 3400
2025-10-22 03:52:43,285 - INFO - Completed: 3500 / To go: 8790
2025-10-22 03:52:43,285 - INFO - Records in product_list: 3500
2025-10-22 03:52:46,415 - INFO - Completed: 3600 / To go: 8690
2025-10-22 03:52:46,415 - INFO - Records in product_list: 3600
2025-10-22 03:52:49,259 - INFO - Completed: 3700 / To go: 8590
2025-10-22 03:52:49,259 - INFO - Records in product_list: 3700
2025-10-22 03:52:52,124 - INFO - Completed: 3800 / To go: 8490
2025-10-22 03:52:52,124 - INFO - Records in product_list: 3800
2025-10-22 03:52:55,006 - INFO - Completed: 3900 / To go: 8390
2025-10-22 03:52:55,006 - INFO - Records in product_list: 3900
2025-10-22 03:52:58,019 - INFO - Completed: 4000 / To go: 8290
2025-10-22 03:52:58,019 - INFO - Records in product_list: 4000
2025-10-22 03:53:00,940 - INFO - Completed: 4100 / To go: 8190
2025-10-22 03:53:00,940 - INFO - Records in product_list: 4100
2025-10-22 03:53:03,777 - INFO - Completed: 4200 / To go: 8090
2025-10-22 03:53:03,777 - INFO - Records in product_list: 4200
2025-10-22 03:53:06,657 - INFO - Completed: 4300 / To go: 7990
2025-10-22 03:53:06,657 - INFO - Records in product_list: 4300
2025-10-22 03:53:09,523 - INFO - Completed: 4400 / To go: 7890
2025-10-22 03:53:09,523 - INFO - Records in product_list: 4400
2025-10-22 03:53:12,486 - INFO - Completed: 4500 / To go: 7790
2025-10-22 03:53:12,486 - INFO - Records in product_list: 4500
2025-10-22 03:53:15,342 - INFO - Completed: 4600 / To go: 7690
2025-10-22 03:53:15,342 - INFO - Records in product_list: 4600
2025-10-22 03:53:18,227 - INFO - Completed: 4700 / To go: 7590
2025-10-22 03:53:18,227 - INFO - Records in product_list: 4700
2025-10-22 03:53:21,033 - INFO - Completed: 4800 / To go: 7490
2025-10-22 03:53:21,033 - INFO - Records in product_list: 4800
2025-10-22 03:53:23,843 - INFO - Completed: 4900 / To go: 7390
2025-10-22 03:53:23,843 - INFO - Records in product_list: 4900
2025-10-22 03:53:26,634 - INFO - Completed: 5000 / To go: 7290
2025-10-22 03:53:26,635 - INFO - Records in product_list: 5000
2025-10-22 03:53:29,464 - INFO - Completed: 5100 / To go: 7190
2025-10-22 03:53:29,464 - INFO - Records in product_list: 5100
2025-10-22 03:53:32,314 - INFO - Completed: 5200 / To go: 7090
2025-10-22 03:53:32,314 - INFO - Records in product_list: 5200
2025-10-22 03:53:35,369 - INFO - Completed: 5300 / To go: 6990
2025-10-22 03:53:35,369 - INFO - Records in product_list: 5300
2025-10-22 03:53:38,187 - INFO - Completed: 5400 / To go: 6890
2025-10-22 03:53:38,187 - INFO - Records in product_list: 5400
2025-10-22 03:53:41,025 - INFO - Completed: 5500 / To go: 6790
2025-10-22 03:53:41,025 - INFO - Records in product_list: 5500
2025-10-22 03:53:43,837 - INFO - Completed: 5600 / To go: 6690
2025-10-22 03:53:43,837 - INFO - Records in product_list: 5600
2025-10-22 03:53:46,634 - INFO - Completed: 5700 / To go: 6590
2025-10-22 03:53:46,634 - INFO - Records in product_list: 5700
2025-10-22 03:53:49,472 - INFO - Completed: 5800 / To go: 6490
2025-10-22 03:53:49,472 - INFO - Records in product_list: 5800
2025-10-22 03:53:52,279 - INFO - Completed: 5900 / To go: 6390
2025-10-22 03:53:52,279 - INFO - Records in product_list: 5900
2025-10-22 03:53:55,043 - INFO - Completed: 6000 / To go: 6290
2025-10-22 03:53:55,043 - INFO - Records in product_list: 6000
2025-10-22 03:53:57,815 - INFO - Completed: 6100 / To go: 6190
2025-10-22 03:53:57,815 - INFO - Records in product_list: 6100
2025-10-22 03:54:00,562 - INFO - Completed: 6200 / To go: 6090
2025-10-22 03:54:00,562 - INFO - Records in product_list: 6200
2025-10-22 03:54:03,461 - INFO - Completed: 6300 / To go: 5990
2025-10-22 03:54:03,461 - INFO - Records in product_list: 6300
2025-10-22 03:54:06,243 - INFO - Completed: 6400 / To go: 5890
2025-10-22 03:54:06,244 - INFO - Records in product_list: 6400
2025-10-22 03:54:09,092 - INFO - Completed: 6500 / To go: 5790
2025-10-22 03:54:09,092 - INFO - Records in product_list: 6500
2025-10-22 03:54:11,900 - INFO - Completed: 6600 / To go: 5690
2025-10-22 03:54:11,900 - INFO - Records in product_list: 6600
2025-10-22 03:54:14,627 - INFO - Completed: 6700 / To go: 5590
2025-10-22 03:54:14,628 - INFO - Records in product_list: 6700
2025-10-22 03:54:17,429 - INFO - Completed: 6800 / To go: 5490
2025-10-22 03:54:17,429 - INFO - Records in product_list: 6800
2025-10-22 03:54:20,320 - INFO - Completed: 6900 / To go: 5390
2025-10-22 03:54:20,321 - INFO - Records in product_list: 6900
2025-10-22 03:54:23,094 - INFO - Completed: 7000 / To go: 5290
2025-10-22 03:54:23,094 - INFO - Records in product_list: 7000
2025-10-22 03:54:26,005 - INFO - Completed: 7100 / To go: 5190
2025-10-22 03:54:26,005 - INFO - Records in product_list: 7100
2025-10-22 03:54:28,941 - INFO - Completed: 7200 / To go: 5090
2025-10-22 03:54:28,941 - INFO - Records in product_list: 7200
2025-10-22 03:54:31,671 - INFO - Completed: 7300 / To go: 4990
2025-10-22 03:54:31,672 - INFO - Records in product_list: 7300
2025-10-22 03:54:34,409 - INFO - Completed: 7400 / To go: 4890
2025-10-22 03:54:34,409 - INFO - Records in product_list: 7400
2025-10-22 03:54:37,141 - INFO - Completed: 7500 / To go: 4790
2025-10-22 03:54:37,141 - INFO - Records in product_list: 7500
2025-10-22 03:54:39,931 - INFO - Completed: 7600 / To go: 4690
2025-10-22 03:54:39,931 - INFO - Records in product_list: 7600
2025-10-22 03:54:42,769 - INFO - Completed: 7700 / To go: 4590
2025-10-22 03:54:42,769 - INFO - Records in product_list: 7700
2025-10-22 03:54:45,529 - INFO - Completed: 7800 / To go: 4490
2025-10-22 03:54:45,529 - INFO - Records in product_list: 7800
2025-10-22 03:54:48,203 - INFO - Completed: 7900 / To go: 4390
2025-10-22 03:54:48,203 - INFO - Records in product_list: 7900
2025-10-22 03:54:50,957 - INFO - Completed: 8000 / To go: 4290
2025-10-22 03:54:50,957 - INFO - Records in product_list: 8000
2025-10-22 03:54:53,702 - INFO - Completed: 8100 / To go: 4190
2025-10-22 03:54:53,703 - INFO - Records in product_list: 8100
2025-10-22 03:54:56,437 - INFO - Completed: 8200 / To go: 4090
2025-10-22 03:54:56,437 - INFO - Records in product_list: 8200
2025-10-22 03:54:59,095 - INFO - Completed: 8300 / To go: 3990
2025-10-22 03:54:59,095 - INFO - Records in product_list: 8300
2025-10-22 03:55:01,777 - INFO - Completed: 8400 / To go: 3890
2025-10-22 03:55:01,777 - INFO - Records in product_list: 8400
2025-10-22 03:55:04,455 - INFO - Completed: 8500 / To go: 3790
2025-10-22 03:55:04,455 - INFO - Records in product_list: 8500
2025-10-22 03:55:07,136 - INFO - Completed: 8600 / To go: 3690
2025-10-22 03:55:07,137 - INFO - Records in product_list: 8600
2025-10-22 03:55:09,858 - INFO - Completed: 8700 / To go: 3590
2025-10-22 03:55:09,859 - INFO - Records in product_list: 8700
2025-10-22 03:55:12,576 - INFO - Completed: 8800 / To go: 3490
2025-10-22 03:55:12,576 - INFO - Records in product_list: 8800
2025-10-22 03:55:15,283 - INFO - Completed: 8900 / To go: 3390
2025-10-22 03:55:15,283 - INFO - Records in product_list: 8900
2025-10-22 03:55:17,940 - INFO - Completed: 9000 / To go: 3290
2025-10-22 03:55:17,940 - INFO - Records in product_list: 9000
2025-10-22 03:55:20,592 - INFO - Completed: 9100 / To go: 3190
2025-10-22 03:55:20,593 - INFO - Records in product_list: 9100
2025-10-22 03:55:23,319 - INFO - Completed: 9200 / To go: 3090
2025-10-22 03:55:23,320 - INFO - Records in product_list: 9200
2025-10-22 03:55:25,950 - INFO - Completed: 9300 / To go: 2990
2025-10-22 03:55:25,950 - INFO - Records in product_list: 9300
2025-10-22 03:55:28,631 - INFO - Completed: 9400 / To go: 2890
2025-10-22 03:55:28,631 - INFO - Records in product_list: 9400
2025-10-22 03:55:31,262 - INFO - Completed: 9500 / To go: 2790
2025-10-22 03:55:31,262 - INFO - Records in product_list: 9500
2025-10-22 03:55:33,949 - INFO - Completed: 9600 / To go: 2690
2025-10-22 03:55:33,950 - INFO - Records in product_list: 9600
2025-10-22 03:55:36,632 - INFO - Completed: 9700 / To go: 2590
2025-10-22 03:55:36,632 - INFO - Records in product_list: 9700
2025-10-22 03:55:39,337 - INFO - Completed: 9800 / To go: 2490
2025-10-22 03:55:39,337 - INFO - Records in product_list: 9800
2025-10-22 03:55:42,008 - INFO - Completed: 9900 / To go: 2390
2025-10-22 03:55:42,008 - INFO - Records in product_list: 9900
2025-10-22 03:55:44,999 - INFO - Completed: 10000 / To go: 2290
2025-10-22 03:55:44,999 - INFO - Records in product_list: 10000
2025-10-22 03:55:47,762 - INFO - Completed: 10100 / To go: 2190
2025-10-22 03:55:47,762 - INFO - Records in product_list: 10100
2025-10-22 03:55:50,426 - INFO - Completed: 10200 / To go: 2090
2025-10-22 03:55:50,426 - INFO - Records in product_list: 10200
2025-10-22 03:55:53,153 - INFO - Completed: 10300 / To go: 1990
2025-10-22 03:55:53,153 - INFO - Records in product_list: 10300
2025-10-22 03:55:55,899 - INFO - Completed: 10400 / To go: 1890
2025-10-22 03:55:55,899 - INFO - Records in product_list: 10400
2025-10-22 03:55:58,601 - INFO - Completed: 10500 / To go: 1790
2025-10-22 03:55:58,602 - INFO - Records in product_list: 10500
2025-10-22 03:56:01,320 - INFO - Completed: 10600 / To go: 1690
2025-10-22 03:56:01,320 - INFO - Records in product_list: 10600
2025-10-22 03:56:04,145 - INFO - Completed: 10700 / To go: 1590
2025-10-22 03:56:04,145 - INFO - Records in product_list: 10700
2025-10-22 03:56:06,930 - INFO - Completed: 10800 / To go: 1490
2025-10-22 03:56:06,930 - INFO - Records in product_list: 10800
2025-10-22 03:56:09,717 - INFO - Completed: 10900 / To go: 1390
2025-10-22 03:56:09,717 - INFO - Records in product_list: 10900
2025-10-22 03:56:12,685 - INFO - Completed: 11000 / To go: 1290
2025-10-22 03:56:12,685 - INFO - Records in product_list: 11000
2025-10-22 03:56:15,531 - INFO - Completed: 11100 / To go: 1190
2025-10-22 03:56:15,531 - INFO - Records in product_list: 11100
2025-10-22 03:56:18,371 - INFO - Completed: 11200 / To go: 1090
2025-10-22 03:56:18,371 - INFO - Records in product_list: 11200
2025-10-22 03:56:21,146 - INFO - Completed: 11300 / To go: 990
2025-10-22 03:56:21,146 - INFO - Records in product_list: 11300
2025-10-22 03:56:23,850 - INFO - Completed: 11400 / To go: 890
2025-10-22 03:56:23,850 - INFO - Records in product_list: 11400
2025-10-22 03:56:26,602 - INFO - Completed: 11500 / To go: 790
2025-10-22 03:56:26,602 - INFO - Records in product_list: 11500
2025-10-22 03:56:29,552 - INFO - Completed: 11600 / To go: 690
2025-10-22 03:56:29,552 - INFO - Records in product_list: 11600
2025-10-22 03:56:32,320 - INFO - Completed: 11700 / To go: 590
2025-10-22 03:56:32,320 - INFO - Records in product_list: 11700
2025-10-22 03:56:35,097 - INFO - Completed: 11800 / To go: 490
2025-10-22 03:56:35,097 - INFO - Records in product_list: 11800
2025-10-22 03:56:37,849 - INFO - Completed: 11900 / To go: 390
2025-10-22 03:56:37,849 - INFO - Records in product_list: 11900
2025-10-22 03:56:40,658 - INFO - Completed: 12000 / To go: 290
2025-10-22 03:56:40,659 - INFO - Records in product_list: 12000
2025-10-22 03:56:43,385 - INFO - Completed: 12100 / To go: 190
2025-10-22 03:56:43,385 - INFO - Records in product_list: 12100
2025-10-22 03:56:46,237 - INFO - Completed: 12200 / To go: 90
2025-10-22 03:56:46,237 - INFO - Records in product_list: 12200
2025-10-22 03:56:48,835 - INFO - Completed: 12290 / To go: 0
2025-10-22 03:56:48,835 - INFO - Records in product_list: 12290
2025-10-22 03:56:52,031 - INFO - Loading combined dataframe from local file: updated_combined_dataframe.csv
2025-10-23 03:41:38,704 - INFO - ============================================================
2025-10-23 03:41:38,704 - INFO - Billa Price Scraper - Starting
2025-10-23 03:41:38,704 - INFO - ============================================================
2025-10-23 03:41:41,182 - INFO - Completed: 100 / To go: 12199
2025-10-23 03:41:41,182 - INFO - Records in product_list: 100
2025-10-23 03:41:44,453 - INFO - Completed: 200 / To go: 12099
2025-10-23 03:41:44,453 - INFO - Records in product_list: 200
2025-10-23 03:41:47,691 - INFO - Completed: 300 / To go: 11999
2025-10-23 03:41:47,691 - INFO - Records in product_list: 300
2025-10-23 03:41:51,551 - INFO - Completed: 400 / To go: 11899
2025-10-23 03:41:51,551 - INFO - Records in product_list: 400
2025-10-23 03:41:54,903 - INFO - Completed: 500 / To go: 11799
2025-10-23 03:41:54,903 - INFO - Records in product_list: 500
2025-10-23 03:41:58,522 - INFO - Completed: 600 / To go: 11699
2025-10-23 03:41:58,522 - INFO - Records in product_list: 600
2025-10-23 03:42:01,666 - INFO - Completed: 700 / To go: 11599
2025-10-23 03:42:01,666 - INFO - Records in product_list: 700
2025-10-23 03:42:05,158 - INFO - Completed: 800 / To go: 11499
2025-10-23 03:42:05,158 - INFO - Records in product_list: 800
2025-10-23 03:42:08,232 - INFO - Completed: 900 / To go: 11399
2025-10-23 03:42:08,232 - INFO - Records in product_list: 900
2025-10-23 03:42:11,344 - INFO - Completed: 1000 / To go: 11299
2025-10-23 03:42:11,344 - INFO - Records in product_list: 1000
2025-10-23 03:42:14,456 - INFO - Completed: 1100 / To go: 11199
2025-10-23 03:42:14,456 - INFO - Records in product_list: 1100
2025-10-23 03:42:17,839 - INFO - Completed: 1200 / To go: 11099
2025-10-23 03:42:17,839 - INFO - Records in product_list: 1200
2025-10-23 03:42:20,952 - INFO - Completed: 1300 / To go: 10999
2025-10-23 03:42:20,952 - INFO - Records in product_list: 1300
2025-10-23 03:42:24,243 - INFO - Completed: 1400 / To go: 10899
2025-10-23 03:42:24,244 - INFO - Records in product_list: 1400
2025-10-23 03:42:27,403 - INFO - Completed: 1500 / To go: 10799
2025-10-23 03:42:27,403 - INFO - Records in product_list: 1500
2025-10-23 03:42:30,817 - INFO - Completed: 1600 / To go: 10699
2025-10-23 03:42:30,817 - INFO - Records in product_list: 1600
2025-10-23 03:42:33,696 - INFO - Completed: 1700 / To go: 10599
2025-10-23 03:42:33,697 - INFO - Records in product_list: 1700
2025-10-23 03:42:36,735 - INFO - Completed: 1800 / To go: 10499
2025-10-23 03:42:36,736 - INFO - Records in product_list: 1800
2025-10-23 03:42:40,113 - INFO - Completed: 1900 / To go: 10399
2025-10-23 03:42:40,113 - INFO - Records in product_list: 1900
2025-10-23 03:42:43,435 - INFO - Completed: 2000 / To go: 10299
2025-10-23 03:42:43,435 - INFO - Records in product_list: 2000
2025-10-23 03:42:46,386 - INFO - Completed: 2100 / To go: 10199
2025-10-23 03:42:46,386 - INFO - Records in product_list: 2100
2025-10-23 03:42:49,485 - INFO - Completed: 2200 / To go: 10099
2025-10-23 03:42:49,485 - INFO - Records in product_list: 2200
2025-10-23 03:42:52,430 - INFO - Completed: 2300 / To go: 9999
2025-10-23 03:42:52,430 - INFO - Records in product_list: 2300
2025-10-23 03:42:55,465 - INFO - Completed: 2400 / To go: 9899
2025-10-23 03:42:55,465 - INFO - Records in product_list: 2400
2025-10-23 03:42:59,024 - INFO - Completed: 2500 / To go: 9799
2025-10-23 03:42:59,024 - INFO - Records in product_list: 2500
2025-10-23 03:43:02,041 - INFO - Completed: 2600 / To go: 9699
2025-10-23 03:43:02,041 - INFO - Records in product_list: 2600
2025-10-23 03:43:05,116 - INFO - Completed: 2700 / To go: 9599
2025-10-23 03:43:05,116 - INFO - Records in product_list: 2700
2025-10-23 03:43:08,030 - INFO - Completed: 2800 / To go: 9499
2025-10-23 03:43:08,031 - INFO - Records in product_list: 2800
2025-10-23 03:43:10,963 - INFO - Completed: 2900 / To go: 9399
2025-10-23 03:43:10,963 - INFO - Records in product_list: 2900
2025-10-23 03:43:13,909 - INFO - Completed: 3000 / To go: 9299
2025-10-23 03:43:13,909 - INFO - Records in product_list: 3000
2025-10-23 03:43:16,842 - INFO - Completed: 3100 / To go: 9199
2025-10-23 03:43:16,842 - INFO - Records in product_list: 3100
2025-10-23 03:43:19,926 - INFO - Completed: 3200 / To go: 9099
2025-10-23 03:43:19,926 - INFO - Records in product_list: 3200
2025-10-23 03:43:22,845 - INFO - Completed: 3300 / To go: 8999
2025-10-23 03:43:22,845 - INFO - Records in product_list: 3300
2025-10-23 03:43:25,811 - INFO - Completed: 3400 / To go: 8899
2025-10-23 03:43:25,811 - INFO - Records in product_list: 3400
2025-10-23 03:43:28,773 - INFO - Completed: 3500 / To go: 8799
2025-10-23 03:43:28,773 - INFO - Records in product_list: 3500
2025-10-23 03:43:31,835 - INFO - Completed: 3600 / To go: 8699
2025-10-23 03:43:31,835 - INFO - Records in product_list: 3600
2025-10-23 03:43:35,079 - INFO - Completed: 3700 / To go: 8599
2025-10-23 03:43:35,079 - INFO - Records in product_list: 3700
2025-10-23 03:43:38,339 - INFO - Completed: 3800 / To go: 8499
2025-10-23 03:43:38,339 - INFO - Records in product_list: 3800
2025-10-23 03:43:41,251 - INFO - Completed: 3900 / To go: 8399
2025-10-23 03:43:41,251 - INFO - Records in product_list: 3900
2025-10-23 03:43:44,148 - INFO - Completed: 4000 / To go: 8299
2025-10-23 03:43:44,148 - INFO - Records in product_list: 4000
2025-10-23 03:43:47,279 - INFO - Completed: 4100 / To go: 8199
2025-10-23 03:43:47,279 - INFO - Records in product_list: 4100
2025-10-23 03:43:50,182 - INFO - Completed: 4200 / To go: 8099
2025-10-23 03:43:50,182 - INFO - Records in product_list: 4200
2025-10-23 03:43:53,191 - INFO - Completed: 4300 / To go: 7999
2025-10-23 03:43:53,191 - INFO - Records in product_list: 4300
2025-10-23 03:43:56,130 - INFO - Completed: 4400 / To go: 7899
2025-10-23 03:43:56,130 - INFO - Records in product_list: 4400
2025-10-23 03:43:58,992 - INFO - Completed: 4500 / To go: 7799
2025-10-23 03:43:58,993 - INFO - Records in product_list: 4500
2025-10-23 03:44:02,003 - INFO - Completed: 4600 / To go: 7699
2025-10-23 03:44:02,003 - INFO - Records in product_list: 4600
2025-10-23 03:44:04,914 - INFO - Completed: 4700 / To go: 7599
2025-10-23 03:44:04,914 - INFO - Records in product_list: 4700
2025-10-23 03:44:07,840 - INFO - Completed: 4800 / To go: 7499
2025-10-23 03:44:07,840 - INFO - Records in product_list: 4800
2025-10-23 03:44:10,797 - INFO - Completed: 4900 / To go: 7399
2025-10-23 03:44:10,797 - INFO - Records in product_list: 4900
2025-10-23 03:44:13,776 - INFO - Completed: 5000 / To go: 7299
2025-10-23 03:44:13,776 - INFO - Records in product_list: 5000
2025-10-23 03:44:16,681 - INFO - Completed: 5100 / To go: 7199
2025-10-23 03:44:16,681 - INFO - Records in product_list: 5100
2025-10-23 03:44:19,597 - INFO - Completed: 5200 / To go: 7099
2025-10-23 03:44:19,597 - INFO - Records in product_list: 5200
2025-10-23 03:44:22,592 - INFO - Completed: 5300 / To go: 6999
2025-10-23 03:44:22,592 - INFO - Records in product_list: 5300
2025-10-23 03:44:25,453 - INFO - Completed: 5400 / To go: 6899
2025-10-23 03:44:25,454 - INFO - Records in product_list: 5400
2025-10-23 03:44:28,332 - INFO - Completed: 5500 / To go: 6799
2025-10-23 03:44:28,332 - INFO - Records in product_list: 5500
2025-10-23 03:44:31,207 - INFO - Completed: 5600 / To go: 6699
2025-10-23 03:44:31,207 - INFO - Records in product_list: 5600
2025-10-23 03:44:34,290 - INFO - Completed: 5700 / To go: 6599
2025-10-23 03:44:34,290 - INFO - Records in product_list: 5700
2025-10-23 03:44:37,197 - INFO - Completed: 5800 / To go: 6499
2025-10-23 03:44:37,197 - INFO - Records in product_list: 5800
2025-10-23 03:44:40,081 - INFO - Completed: 5900 / To go: 6399
2025-10-23 03:44:40,081 - INFO - Records in product_list: 5900
2025-10-23 03:44:43,159 - INFO - Completed: 6000 / To go: 6299
2025-10-23 03:44:43,159 - INFO - Records in product_list: 6000
2025-10-23 03:44:46,019 - INFO - Completed: 6100 / To go: 6199
2025-10-23 03:44:46,019 - INFO - Records in product_list: 6100
2025-10-23 03:44:48,826 - INFO - Completed: 6200 / To go: 6099
2025-10-23 03:44:48,826 - INFO - Records in product_list: 6200
2025-10-23 03:44:51,733 - INFO - Completed: 6300 / To go: 5999
2025-10-23 03:44:51,733 - INFO - Records in product_list: 6300
2025-10-23 03:44:54,632 - INFO - Completed: 6400 / To go: 5899
2025-10-23 03:44:54,632 - INFO - Records in product_list: 6400
2025-10-23 03:44:57,446 - INFO - Completed: 6500 / To go: 5799
2025-10-23 03:44:57,446 - INFO - Records in product_list: 6500
2025-10-23 03:45:00,343 - INFO - Completed: 6600 / To go: 5699
2025-10-23 03:45:00,343 - INFO - Records in product_list: 6600
2025-10-23 03:45:03,173 - INFO - Completed: 6700 / To go: 5599
2025-10-23 03:45:03,173 - INFO - Records in product_list: 6700
2025-10-23 03:45:06,025 - INFO - Completed: 6800 / To go: 5499
2025-10-23 03:45:06,025 - INFO - Records in product_list: 6800
2025-10-23 03:45:08,802 - INFO - Completed: 6900 / To go: 5399
2025-10-23 03:45:08,802 - INFO - Records in product_list: 6900
2025-10-23 03:45:11,606 - INFO - Completed: 7000 / To go: 5299
2025-10-23 03:45:11,606 - INFO - Records in product_list: 7000
2025-10-23 03:45:14,498 - INFO - Completed: 7100 / To go: 5199
2025-10-23 03:45:14,498 - INFO - Records in product_list: 7100
2025-10-23 03:45:17,294 - INFO - Completed: 7200 / To go: 5099
2025-10-23 03:45:17,294 - INFO - Records in product_list: 7200
2025-10-23 03:45:20,081 - INFO - Completed: 7300 / To go: 4999
2025-10-23 03:45:20,081 - INFO - Records in product_list: 7300
2025-10-23 03:45:22,940 - INFO - Completed: 7400 / To go: 4899
2025-10-23 03:45:22,940 - INFO - Records in product_list: 7400
2025-10-23 03:45:25,779 - INFO - Completed: 7500 / To go: 4799
2025-10-23 03:45:25,779 - INFO - Records in product_list: 7500
2025-10-23 03:45:28,564 - INFO - Completed: 7600 / To go: 4699
2025-10-23 03:45:28,564 - INFO - Records in product_list: 7600
2025-10-23 03:45:31,324 - INFO - Completed: 7700 / To go: 4599
2025-10-23 03:45:31,324 - INFO - Records in product_list: 7700
2025-10-23 03:45:34,125 - INFO - Completed: 7800 / To go: 4499
2025-10-23 03:45:34,125 - INFO - Records in product_list: 7800
2025-10-23 03:45:36,873 - INFO - Completed: 7900 / To go: 4399
2025-10-23 03:45:36,873 - INFO - Records in product_list: 7900
2025-10-23 03:45:39,778 - INFO - Completed: 8000 / To go: 4299
2025-10-23 03:45:39,778 - INFO - Records in product_list: 8000
2025-10-23 03:45:42,566 - INFO - Completed: 8100 / To go: 4199
2025-10-23 03:45:42,566 - INFO - Records in product_list: 8100
2025-10-23 03:45:45,399 - INFO - Completed: 8200 / To go: 4099
2025-10-23 03:45:45,399 - INFO - Records in product_list: 8200
2025-10-23 03:45:48,154 - INFO - Completed: 8300 / To go: 3999
2025-10-23 03:45:48,154 - INFO - Records in product_list: 8300
2025-10-23 03:45:50,875 - INFO - Completed: 8400 / To go: 3899
2025-10-23 03:45:50,876 - INFO - Records in product_list: 8400
2025-10-23 03:45:53,627 - INFO - Completed: 8500 / To go: 3799
2025-10-23 03:45:53,627 - INFO - Records in product_list: 8500
2025-10-23 03:45:56,375 - INFO - Completed: 8600 / To go: 3699
2025-10-23 03:45:56,375 - INFO - Records in product_list: 8600
2025-10-23 03:45:59,091 - INFO - Completed: 8700 / To go: 3599
2025-10-23 03:45:59,091 - INFO - Records in product_list: 8700
2025-10-23 03:46:01,830 - INFO - Completed: 8800 / To go: 3499
2025-10-23 03:46:01,830 - INFO - Records in product_list: 8800
2025-10-23 03:46:04,604 - INFO - Completed: 8900 / To go: 3399
2025-10-23 03:46:04,604 - INFO - Records in product_list: 8900
2025-10-23 03:46:07,373 - INFO - Completed: 9000 / To go: 3299
2025-10-23 03:46:07,373 - INFO - Records in product_list: 9000
2025-10-23 03:46:10,107 - INFO - Completed: 9100 / To go: 3199
2025-10-23 03:46:10,107 - INFO - Records in product_list: 9100
2025-10-23 03:46:12,833 - INFO - Completed: 9200 / To go: 3099
2025-10-23 03:46:12,833 - INFO - Records in product_list: 9200
2025-10-23 03:46:15,531 - INFO - Completed: 9300 / To go: 2999
2025-10-23 03:46:15,532 - INFO - Records in product_list: 9300
2025-10-23 03:46:18,276 - INFO - Completed: 9400 / To go: 2899
2025-10-23 03:46:18,276 - INFO - Records in product_list: 9400
2025-10-23 03:46:21,016 - INFO - Completed: 9500 / To go: 2799
2025-10-23 03:46:21,016 - INFO - Records in product_list: 9500
2025-10-23 03:46:23,934 - INFO - Completed: 9600 / To go: 2699
2025-10-23 03:46:23,935 - INFO - Records in product_list: 9600
2025-10-23 03:46:26,801 - INFO - Completed: 9700 / To go: 2599
2025-10-23 03:46:26,801 - INFO - Records in product_list: 9700
2025-10-23 03:46:29,629 - INFO - Completed: 9800 / To go: 2499
2025-10-23 03:46:29,629 - INFO - Records in product_list: 9800
2025-10-23 03:46:32,392 - INFO - Completed: 9900 / To go: 2399
2025-10-23 03:46:32,392 - INFO - Records in product_list: 9900
2025-10-23 03:46:35,165 - INFO - Completed: 10000 / To go: 2299
2025-10-23 03:46:35,165 - INFO - Records in product_list: 10000
2025-10-23 03:46:38,020 - INFO - Completed: 10100 / To go: 2199
2025-10-23 03:46:38,020 - INFO - Records in product_list: 10100
2025-10-23 03:46:40,848 - INFO - Completed: 10200 / To go: 2099
2025-10-23 03:46:40,848 - INFO - Records in product_list: 10200
2025-10-23 03:46:43,618 - INFO - Completed: 10300 / To go: 1999
2025-10-23 03:46:43,619 - INFO - Records in product_list: 10300
2025-10-23 03:46:46,494 - INFO - Completed: 10400 / To go: 1899
2025-10-23 03:46:46,494 - INFO - Records in product_list: 10400
2025-10-23 03:46:49,320 - INFO - Completed: 10500 / To go: 1799
2025-10-23 03:46:49,320 - INFO - Records in product_list: 10500
2025-10-23 03:46:52,074 - INFO - Completed: 10600 / To go: 1699
2025-10-23 03:46:52,074 - INFO - Records in product_list: 10600
2025-10-23 03:46:54,903 - INFO - Completed: 10700 / To go: 1599
2025-10-23 03:46:54,904 - INFO - Records in product_list: 10700
2025-10-23 03:46:57,728 - INFO - Completed: 10800 / To go: 1499
2025-10-23 03:46:57,728 - INFO - Records in product_list: 10800
2025-10-23 03:47:00,535 - INFO - Completed: 10900 / To go: 1399
2025-10-23 03:47:00,535 - INFO - Records in product_list: 10900
2025-10-23 03:47:03,485 - INFO - Completed: 11000 / To go: 1299
2025-10-23 03:47:03,485 - INFO - Records in product_list: 11000
2025-10-23 03:47:06,463 - INFO - Completed: 11100 / To go: 1199
2025-10-23 03:47:06,463 - INFO - Records in product_list: 11100
2025-10-23 03:47:09,324 - INFO - Completed: 11200 / To go: 1099
2025-10-23 03:47:09,324 - INFO - Records in product_list: 11200
2025-10-23 03:47:12,148 - INFO - Completed: 11300 / To go: 999
2025-10-23 03:47:12,148 - INFO - Records in product_list: 11300
2025-10-23 03:47:15,104 - INFO - Completed: 11400 / To go: 899
2025-10-23 03:47:15,104 - INFO - Records in product_list: 11400
2025-10-23 03:47:18,044 - INFO - Completed: 11500 / To go: 799
2025-10-23 03:47:18,044 - INFO - Records in product_list: 11500
2025-10-23 03:47:20,938 - INFO - Completed: 11600 / To go: 699
2025-10-23 03:47:20,939 - INFO - Records in product_list: 11600
2025-10-23 03:47:23,775 - INFO - Completed: 11700 / To go: 599
2025-10-23 03:47:23,775 - INFO - Records in product_list: 11700
2025-10-23 03:47:26,638 - INFO - Completed: 11800 / To go: 499
2025-10-23 03:47:26,638 - INFO - Records in product_list: 11800
2025-10-23 03:47:29,425 - INFO - Completed: 11900 / To go: 399
2025-10-23 03:47:29,425 - INFO - Records in product_list: 11900
2025-10-23 03:47:32,297 - INFO - Completed: 12000 / To go: 299
2025-10-23 03:47:32,297 - INFO - Records in product_list: 12000
2025-10-23 03:47:35,076 - INFO - Completed: 12100 / To go: 199
2025-10-23 03:47:35,076 - INFO - Records in product_list: 12100
2025-10-23 03:47:37,898 - INFO - Completed: 12200 / To go: 99
2025-10-23 03:47:37,898 - INFO - Records in product_list: 12200
2025-10-23 03:47:40,690 - INFO - Completed: 12299 / To go: 0
2025-10-23 03:47:40,690 - INFO - Records in product_list: 12299
2025-10-23 03:47:43,907 - INFO - Loading combined dataframe from local file: updated_combined_dataframe.csv
2025-10-24 03:38:21,949 - INFO - ============================================================
2025-10-24 03:38:21,949 - INFO - Billa Price Scraper - Starting
2025-10-24 03:38:21,949 - INFO - ============================================================
2025-10-24 03:38:24,447 - INFO - Completed: 100 / To go: 12195
2025-10-24 03:38:24,447 - INFO - Records in product_list: 100
2025-10-24 03:38:28,014 - INFO - Completed: 200 / To go: 12095
2025-10-24 03:38:28,015 - INFO - Records in product_list: 200
2025-10-24 03:38:31,413 - INFO - Completed: 300 / To go: 11995
2025-10-24 03:38:31,413 - INFO - Records in product_list: 300
2025-10-24 03:38:35,305 - INFO - Completed: 400 / To go: 11895
2025-10-24 03:38:35,305 - INFO - Records in product_list: 400
2025-10-24 03:38:38,681 - INFO - Completed: 500 / To go: 11795
2025-10-24 03:38:38,681 - INFO - Records in product_list: 500
2025-10-24 03:38:42,119 - INFO - Completed: 600 / To go: 11695
2025-10-24 03:38:42,119 - INFO - Records in product_list: 600
2025-10-24 03:38:45,482 - INFO - Completed: 700 / To go: 11595
2025-10-24 03:38:45,482 - INFO - Records in product_list: 700
2025-10-24 03:38:48,943 - INFO - Completed: 800 / To go: 11495
2025-10-24 03:38:48,943 - INFO - Records in product_list: 800
2025-10-24 03:38:52,359 - INFO - Completed: 900 / To go: 11395
2025-10-24 03:38:52,359 - INFO - Records in product_list: 900
2025-10-24 03:38:55,700 - INFO - Completed: 1000 / To go: 11295
2025-10-24 03:38:55,700 - INFO - Records in product_list: 1000
2025-10-24 03:38:58,830 - INFO - Completed: 1100 / To go: 11195
2025-10-24 03:38:58,830 - INFO - Records in product_list: 1100
2025-10-24 03:39:01,945 - INFO - Completed: 1200 / To go: 11095
2025-10-24 03:39:01,945 - INFO - Records in product_list: 1200
2025-10-24 03:39:05,376 - INFO - Completed: 1300 / To go: 10995
2025-10-24 03:39:05,376 - INFO - Records in product_list: 1300
2025-10-24 03:39:08,664 - INFO - Completed: 1400 / To go: 10895
2025-10-24 03:39:08,664 - INFO - Records in product_list: 1400
2025-10-24 03:39:11,864 - INFO - Completed: 1500 / To go: 10795
2025-10-24 03:39:11,864 - INFO - Records in product_list: 1500
2025-10-24 03:39:15,181 - INFO - Completed: 1600 / To go: 10695
2025-10-24 03:39:15,181 - INFO - Records in product_list: 1600
2025-10-24 03:39:18,203 - INFO - Completed: 1700 / To go: 10595
2025-10-24 03:39:18,203 - INFO - Records in product_list: 1700
2025-10-24 03:39:21,419 - INFO - Completed: 1800 / To go: 10495
2025-10-24 03:39:21,419 - INFO - Records in product_list: 1800
2025-10-24 03:39:24,652 - INFO - Completed: 1900 / To go: 10395
2025-10-24 03:39:24,652 - INFO - Records in product_list: 1900
2025-10-24 03:39:28,059 - INFO - Completed: 2000 / To go: 10295
2025-10-24 03:39:28,059 - INFO - Records in product_list: 2000
2025-10-24 03:39:31,164 - INFO - Completed: 2100 / To go: 10195
2025-10-24 03:39:31,164 - INFO - Records in product_list: 2100
2025-10-24 03:39:34,281 - INFO - Completed: 2200 / To go: 10095
2025-10-24 03:39:34,281 - INFO - Records in product_list: 2200
2025-10-24 03:39:37,587 - INFO - Completed: 2300 / To go: 9995
2025-10-24 03:39:37,588 - INFO - Records in product_list: 2300
2025-10-24 03:39:41,191 - INFO - Completed: 2400 / To go: 9895
2025-10-24 03:39:41,191 - INFO - Records in product_list: 2400
2025-10-24 03:39:44,346 - INFO - Completed: 2500 / To go: 9795
2025-10-24 03:39:44,347 - INFO - Records in product_list: 2500
2025-10-24 03:39:47,449 - INFO - Completed: 2600 / To go: 9695
2025-10-24 03:39:47,450 - INFO - Records in product_list: 2600
2025-10-24 03:39:50,607 - INFO - Completed: 2700 / To go: 9595
2025-10-24 03:39:50,607 - INFO - Records in product_list: 2700
2025-10-24 03:39:54,249 - INFO - Completed: 2800 / To go: 9495
2025-10-24 03:39:54,249 - INFO - Records in product_list: 2800
2025-10-24 03:39:57,227 - INFO - Completed: 2900 / To go: 9395
2025-10-24 03:39:57,227 - INFO - Records in product_list: 2900
2025-10-24 03:40:00,194 - INFO - Completed: 3000 / To go: 9295
2025-10-24 03:40:00,194 - INFO - Records in product_list: 3000
2025-10-24 03:40:03,260 - INFO - Completed: 3100 / To go: 9195
2025-10-24 03:40:03,260 - INFO - Records in product_list: 3100
2025-10-24 03:40:06,403 - INFO - Completed: 3200 / To go: 9095
2025-10-24 03:40:06,404 - INFO - Records in product_list: 3200
2025-10-24 03:40:09,506 - INFO - Completed: 3300 / To go: 8995
2025-10-24 03:40:09,506 - INFO - Records in product_list: 3300
2025-10-24 03:40:12,504 - INFO - Completed: 3400 / To go: 8895
2025-10-24 03:40:12,504 - INFO - Records in product_list: 3400
2025-10-24 03:40:15,536 - INFO - Completed: 3500 / To go: 8795
2025-10-24 03:40:15,536 - INFO - Records in product_list: 3500
2025-10-24 03:40:20,137 - INFO - Completed: 3600 / To go: 8695
2025-10-24 03:40:20,137 - INFO - Records in product_list: 3600
2025-10-24 03:40:23,055 - INFO - Completed: 3700 / To go: 8595
2025-10-24 03:40:23,055 - INFO - Records in product_list: 3700
2025-10-24 03:40:26,017 - INFO - Completed: 3800 / To go: 8495
2025-10-24 03:40:26,017 - INFO - Records in product_list: 3800
2025-10-24 03:40:29,485 - INFO - Completed: 3900 / To go: 8395
2025-10-24 03:40:29,485 - INFO - Records in product_list: 3900
2025-10-24 03:40:32,424 - INFO - Completed: 4000 / To go: 8295
2025-10-24 03:40:32,424 - INFO - Records in product_list: 4000
2025-10-24 03:40:35,672 - INFO - Completed: 4100 / To go: 8195
2025-10-24 03:40:35,672 - INFO - Records in product_list: 4100
2025-10-24 03:40:38,879 - INFO - Completed: 4200 / To go: 8095
2025-10-24 03:40:38,879 - INFO - Records in product_list: 4200
2025-10-24 03:40:41,774 - INFO - Completed: 4300 / To go: 7995
2025-10-24 03:40:41,774 - INFO - Records in product_list: 4300
2025-10-24 03:40:44,764 - INFO - Completed: 4400 / To go: 7895
2025-10-24 03:40:44,764 - INFO - Records in product_list: 4400
2025-10-24 03:40:48,114 - INFO - Completed: 4500 / To go: 7795
2025-10-24 03:40:48,114 - INFO - Records in product_list: 4500
2025-10-24 03:40:51,123 - INFO - Completed: 4600 / To go: 7695
2025-10-24 03:40:51,123 - INFO - Records in product_list: 4600
2025-10-24 03:40:53,968 - INFO - Completed: 4700 / To go: 7595
2025-10-24 03:40:53,968 - INFO - Records in product_list: 4700
2025-10-24 03:40:56,859 - INFO - Completed: 4800 / To go: 7495
2025-10-24 03:40:56,859 - INFO - Records in product_list: 4800
2025-10-24 03:40:59,793 - INFO - Completed: 4900 / To go: 7395
2025-10-24 03:40:59,793 - INFO - Records in product_list: 4900
2025-10-24 03:41:02,666 - INFO - Completed: 5000 / To go: 7295
2025-10-24 03:41:02,666 - INFO - Records in product_list: 5000
2025-10-24 03:41:05,535 - INFO - Completed: 5100 / To go: 7195
2025-10-24 03:41:05,535 - INFO - Records in product_list: 5100
2025-10-24 03:41:08,538 - INFO - Completed: 5200 / To go: 7095
2025-10-24 03:41:08,538 - INFO - Records in product_list: 5200
2025-10-24 03:41:11,703 - INFO - Completed: 5300 / To go: 6995
2025-10-24 03:41:11,703 - INFO - Records in product_list: 5300
2025-10-24 03:41:14,679 - INFO - Completed: 5400 / To go: 6895
2025-10-24 03:41:14,679 - INFO - Records in product_list: 5400
2025-10-24 03:41:17,502 - INFO - Completed: 5500 / To go: 6795
2025-10-24 03:41:17,502 - INFO - Records in product_list: 5500
2025-10-24 03:41:20,444 - INFO - Completed: 5600 / To go: 6695
2025-10-24 03:41:20,444 - INFO - Records in product_list: 5600
2025-10-24 03:41:23,455 - INFO - Completed: 5700 / To go: 6595
2025-10-24 03:41:23,455 - INFO - Records in product_list: 5700
2025-10-24 03:41:26,399 - INFO - Completed: 5800 / To go: 6495
2025-10-24 03:41:26,399 - INFO - Records in product_list: 5800
2025-10-24 03:41:29,565 - INFO - Completed: 5900 / To go: 6395
2025-10-24 03:41:29,565 - INFO - Records in product_list: 5900
2025-10-24 03:41:32,567 - INFO - Completed: 6000 / To go: 6295
2025-10-24 03:41:32,567 - INFO - Records in product_list: 6000
2025-10-24 03:41:35,424 - INFO - Completed: 6100 / To go: 6195
2025-10-24 03:41:35,424 - INFO - Records in product_list: 6100
2025-10-24 03:41:38,274 - INFO - Completed: 6200 / To go: 6095
2025-10-24 03:41:38,274 - INFO - Records in product_list: 6200
2025-10-24 03:41:41,110 - INFO - Completed: 6300 / To go: 5995
2025-10-24 03:41:41,110 - INFO - Records in product_list: 6300
2025-10-24 03:41:43,967 - INFO - Completed: 6400 / To go: 5895
2025-10-24 03:41:43,967 - INFO - Records in product_list: 6400
2025-10-24 03:41:46,824 - INFO - Completed: 6500 / To go: 5795
2025-10-24 03:41:46,824 - INFO - Records in product_list: 6500
2025-10-24 03:41:49,715 - INFO - Completed: 6600 / To go: 5695
2025-10-24 03:41:49,715 - INFO - Records in product_list: 6600
2025-10-24 03:41:52,486 - INFO - Completed: 6700 / To go: 5595
2025-10-24 03:41:52,486 - INFO - Records in product_list: 6700
2025-10-24 03:41:55,617 - INFO - Completed: 6800 / To go: 5495
2025-10-24 03:41:55,617 - INFO - Records in product_list: 6800
2025-10-24 03:41:58,429 - INFO - Completed: 6900 / To go: 5395
2025-10-24 03:41:58,430 - INFO - Records in product_list: 6900
2025-10-24 03:42:01,274 - INFO - Completed: 7000 / To go: 5295
2025-10-24 03:42:01,274 - INFO - Records in product_list: 7000
2025-10-24 03:42:04,569 - INFO - Completed: 7100 / To go: 5195
2025-10-24 03:42:04,570 - INFO - Records in product_list: 7100
2025-10-24 03:42:07,383 - INFO - Completed: 7200 / To go: 5095
2025-10-24 03:42:07,384 - INFO - Records in product_list: 7200
2025-10-24 03:42:10,434 - INFO - Completed: 7300 / To go: 4995
2025-10-24 03:42:10,434 - INFO - Records in product_list: 7300
2025-10-24 03:42:13,284 - INFO - Completed: 7400 / To go: 4895
2025-10-24 03:42:13,285 - INFO - Records in product_list: 7400
2025-10-24 03:42:16,105 - INFO - Completed: 7500 / To go: 4795
2025-10-24 03:42:16,105 - INFO - Records in product_list: 7500
2025-10-24 03:42:18,940 - INFO - Completed: 7600 / To go: 4695
2025-10-24 03:42:18,940 - INFO - Records in product_list: 7600
2025-10-24 03:42:21,721 - INFO - Completed: 7700 / To go: 4595
2025-10-24 03:42:21,721 - INFO - Records in product_list: 7700
2025-10-24 03:42:24,610 - INFO - Completed: 7800 / To go: 4495
2025-10-24 03:42:24,610 - INFO - Records in product_list: 7800
2025-10-24 03:42:27,501 - INFO - Completed: 7900 / To go: 4395
2025-10-24 03:42:27,501 - INFO - Records in product_list: 7900
2025-10-24 03:42:30,392 - INFO - Completed: 8000 / To go: 4295
2025-10-24 03:42:30,392 - INFO - Records in product_list: 8000
2025-10-24 03:42:33,239 - INFO - Completed: 8100 / To go: 4195
2025-10-24 03:42:33,239 - INFO - Records in product_list: 8100
2025-10-24 03:42:36,060 - INFO - Completed: 8200 / To go: 4095
2025-10-24 03:42:36,060 - INFO - Records in product_list: 8200
2025-10-24 03:42:39,010 - INFO - Completed: 8300 / To go: 3995
2025-10-24 03:42:39,010 - INFO - Records in product_list: 8300
2025-10-24 03:42:41,790 - INFO - Completed: 8400 / To go: 3895
2025-10-24 03:42:41,790 - INFO - Records in product_list: 8400
2025-10-24 03:42:44,526 - INFO - Completed: 8500 / To go: 3795
2025-10-24 03:42:44,526 - INFO - Records in product_list: 8500
2025-10-24 03:42:47,335 - INFO - Completed: 8600 / To go: 3695
2025-10-24 03:42:47,336 - INFO - Records in product_list: 8600
2025-10-24 03:42:50,063 - INFO - Completed: 8700 / To go: 3595
2025-10-24 03:42:50,063 - INFO - Records in product_list: 8700
2025-10-24 03:42:52,816 - INFO - Completed: 8800 / To go: 3495
2025-10-24 03:42:52,816 - INFO - Records in product_list: 8800
2025-10-24 03:42:55,547 - INFO - Completed: 8900 / To go: 3395
2025-10-24 03:42:55,547 - INFO - Records in product_list: 8900
2025-10-24 03:42:58,290 - INFO - Completed: 9000 / To go: 3295
2025-10-24 03:42:58,290 - INFO - Records in product_list: 9000
2025-10-24 03:43:01,041 - INFO - Completed: 9100 / To go: 3195
2025-10-24 03:43:01,042 - INFO - Records in product_list: 9100
2025-10-24 03:43:03,787 - INFO - Completed: 9200 / To go: 3095
2025-10-24 03:43:03,787 - INFO - Records in product_list: 9200
2025-10-24 03:43:06,480 - INFO - Completed: 9300 / To go: 2995
2025-10-24 03:43:06,480 - INFO - Records in product_list: 9300
2025-10-24 03:43:09,228 - INFO - Completed: 9400 / To go: 2895
2025-10-24 03:43:09,228 - INFO - Records in product_list: 9400
2025-10-24 03:43:11,939 - INFO - Completed: 9500 / To go: 2795
2025-10-24 03:43:11,939 - INFO - Records in product_list: 9500
2025-10-24 03:43:14,950 - INFO - Completed: 9600 / To go: 2695
2025-10-24 03:43:14,950 - INFO - Records in product_list: 9600
2025-10-24 03:43:17,782 - INFO - Completed: 9700 / To go: 2595
2025-10-24 03:43:17,782 - INFO - Records in product_list: 9700
2025-10-24 03:43:20,705 - INFO - Completed: 9800 / To go: 2495
2025-10-24 03:43:20,705 - INFO - Records in product_list: 9800
2025-10-24 03:43:23,500 - INFO - Completed: 9900 / To go: 2395
2025-10-24 03:43:23,501 - INFO - Records in product_list: 9900
2025-10-24 03:43:26,334 - INFO - Completed: 10000 / To go: 2295
2025-10-24 03:43:26,334 - INFO - Records in product_list: 10000
2025-10-24 03:43:29,188 - INFO - Completed: 10100 / To go: 2195
2025-10-24 03:43:29,188 - INFO - Records in product_list: 10100
2025-10-24 03:43:31,956 - INFO - Completed: 10200 / To go: 2095
2025-10-24 03:43:31,956 - INFO - Records in product_list: 10200
2025-10-24 03:43:34,785 - INFO - Completed: 10300 / To go: 1995
2025-10-24 03:43:34,785 - INFO - Records in product_list: 10300
2025-10-24 03:43:37,622 - INFO - Completed: 10400 / To go: 1895
2025-10-24 03:43:37,622 - INFO - Records in product_list: 10400
2025-10-24 03:43:40,429 - INFO - Completed: 10500 / To go: 1795
2025-10-24 03:43:40,429 - INFO - Records in product_list: 10500
2025-10-24 03:43:43,273 - INFO - Completed: 10600 / To go: 1695
2025-10-24 03:43:43,273 - INFO - Records in product_list: 10600
2025-10-24 03:43:46,146 - INFO - Completed: 10700 / To go: 1595
2025-10-24 03:43:46,146 - INFO - Records in product_list: 10700
2025-10-24 03:43:49,016 - INFO - Completed: 10800 / To go: 1495
2025-10-24 03:43:49,016 - INFO - Records in product_list: 10800
2025-10-24 03:43:51,904 - INFO - Completed: 10900 / To go: 1395
2025-10-24 03:43:51,904 - INFO - Records in product_list: 10900
2025-10-24 03:43:54,859 - INFO - Completed: 11000 / To go: 1295
2025-10-24 03:43:54,859 - INFO - Records in product_list: 11000
2025-10-24 03:43:57,664 - INFO - Completed: 11100 / To go: 1195
2025-10-24 03:43:57,664 - INFO - Records in product_list: 11100
2025-10-24 03:44:00,568 - INFO - Completed: 11200 / To go: 1095
2025-10-24 03:44:00,568 - INFO - Records in product_list: 11200
2025-10-24 03:44:03,408 - INFO - Completed: 11300 / To go: 995
2025-10-24 03:44:03,408 - INFO - Records in product_list: 11300
2025-10-24 03:44:06,251 - INFO - Completed: 11400 / To go: 895
2025-10-24 03:44:06,251 - INFO - Records in product_list: 11400
2025-10-24 03:44:09,098 - INFO - Completed: 11500 / To go: 795
2025-10-24 03:44:09,098 - INFO - Records in product_list: 11500
2025-10-24 03:44:12,014 - INFO - Completed: 11600 / To go: 695
2025-10-24 03:44:12,014 - INFO - Records in product_list: 11600
2025-10-24 03:44:14,836 - INFO - Completed: 11700 / To go: 595
2025-10-24 03:44:14,836 - INFO - Records in product_list: 11700
2025-10-24 03:44:17,764 - INFO - Completed: 11800 / To go: 495
2025-10-24 03:44:17,764 - INFO - Records in product_list: 11800
2025-10-24 03:44:20,592 - INFO - Completed: 11900 / To go: 395
2025-10-24 03:44:20,592 - INFO - Records in product_list: 11900
2025-10-24 03:44:23,374 - INFO - Completed: 12000 / To go: 295
2025-10-24 03:44:23,374 - INFO - Records in product_list: 12000
2025-10-24 03:44:26,110 - INFO - Completed: 12100 / To go: 195
2025-10-24 03:44:26,110 - INFO - Records in product_list: 12100
2025-10-24 03:44:29,018 - INFO - Completed: 12200 / To go: 95
2025-10-24 03:44:29,018 - INFO - Records in product_list: 12200
2025-10-24 03:44:31,738 - INFO - Completed: 12295 / To go: 0
2025-10-24 03:44:31,738 - INFO - Records in product_list: 12295
2025-10-24 03:44:34,967 - INFO - Loading combined dataframe from local file: updated_combined_dataframe.csv
2025-10-25 03:39:49,214 - INFO - ============================================================
2025-10-25 03:39:49,214 - INFO - Billa Price Scraper - Starting
2025-10-25 03:39:49,214 - INFO - ============================================================
2025-10-25 03:39:51,156 - INFO - Completed: 100 / To go: 12189
2025-10-25 03:39:51,157 - INFO - Records in product_list: 100
2025-10-25 03:39:54,345 - INFO - Completed: 200 / To go: 12089
2025-10-25 03:39:54,345 - INFO - Records in product_list: 200
2025-10-25 03:39:57,577 - INFO - Completed: 300 / To go: 11989
2025-10-25 03:39:57,578 - INFO - Records in product_list: 300
2025-10-25 03:40:01,020 - INFO - Completed: 400 / To go: 11889
2025-10-25 03:40:01,020 - INFO - Records in product_list: 400
2025-10-25 03:40:04,314 - INFO - Completed: 500 / To go: 11789
2025-10-25 03:40:04,314 - INFO - Records in product_list: 500
2025-10-25 03:40:07,401 - INFO - Completed: 600 / To go: 11689
2025-10-25 03:40:07,401 - INFO - Records in product_list: 600
2025-10-25 03:40:10,545 - INFO - Completed: 700 / To go: 11589
2025-10-25 03:40:10,545 - INFO - Records in product_list: 700
2025-10-25 03:40:13,827 - INFO - Completed: 800 / To go: 11489
2025-10-25 03:40:13,827 - INFO - Records in product_list: 800
2025-10-25 03:40:17,006 - INFO - Completed: 900 / To go: 11389
2025-10-25 03:40:17,006 - INFO - Records in product_list: 900
2025-10-25 03:40:19,985 - INFO - Completed: 1000 / To go: 11289
2025-10-25 03:40:19,985 - INFO - Records in product_list: 1000
2025-10-25 03:40:22,985 - INFO - Completed: 1100 / To go: 11189
2025-10-25 03:40:22,985 - INFO - Records in product_list: 1100
2025-10-25 03:40:26,226 - INFO - Completed: 1200 / To go: 11089
2025-10-25 03:40:26,226 - INFO - Records in product_list: 1200
2025-10-25 03:40:29,317 - INFO - Completed: 1300 / To go: 10989
2025-10-25 03:40:29,317 - INFO - Records in product_list: 1300
2025-10-25 03:40:32,478 - INFO - Completed: 1400 / To go: 10889
2025-10-25 03:40:32,478 - INFO - Records in product_list: 1400
2025-10-25 03:40:35,426 - INFO - Completed: 1500 / To go: 10789
2025-10-25 03:40:35,426 - INFO - Records in product_list: 1500
2025-10-25 03:40:38,412 - INFO - Completed: 1600 / To go: 10689
2025-10-25 03:40:38,412 - INFO - Records in product_list: 1600
2025-10-25 03:40:41,302 - INFO - Completed: 1700 / To go: 10589
2025-10-25 03:40:41,302 - INFO - Records in product_list: 1700
2025-10-25 03:40:44,456 - INFO - Completed: 1800 / To go: 10489
2025-10-25 03:40:44,456 - INFO - Records in product_list: 1800
2025-10-25 03:40:47,390 - INFO - Completed: 1900 / To go: 10389
2025-10-25 03:40:47,391 - INFO - Records in product_list: 1900
2025-10-25 03:40:50,354 - INFO - Completed: 2000 / To go: 10289
2025-10-25 03:40:50,354 - INFO - Records in product_list: 2000
2025-10-25 03:40:53,568 - INFO - Completed: 2100 / To go: 10189
2025-10-25 03:40:53,568 - INFO - Records in product_list: 2100
2025-10-25 03:40:56,460 - INFO - Completed: 2200 / To go: 10089
2025-10-25 03:40:56,460 - INFO - Records in product_list: 2200
2025-10-25 03:40:59,515 - INFO - Completed: 2300 / To go: 9989
2025-10-25 03:40:59,515 - INFO - Records in product_list: 2300
2025-10-25 03:41:02,540 - INFO - Completed: 2400 / To go: 9889
2025-10-25 03:41:02,540 - INFO - Records in product_list: 2400
2025-10-25 03:41:05,477 - INFO - Completed: 2500 / To go: 9789
2025-10-25 03:41:05,477 - INFO - Records in product_list: 2500
2025-10-25 03:41:08,390 - INFO - Completed: 2600 / To go: 9689
2025-10-25 03:41:08,390 - INFO - Records in product_list: 2600
2025-10-25 03:41:11,362 - INFO - Completed: 2700 / To go: 9589
2025-10-25 03:41:11,362 - INFO - Records in product_list: 2700
2025-10-25 03:41:14,302 - INFO - Completed: 2800 / To go: 9489
2025-10-25 03:41:14,302 - INFO - Records in product_list: 2800
2025-10-25 03:41:17,268 - INFO - Completed: 2900 / To go: 9389
2025-10-25 03:41:17,268 - INFO - Records in product_list: 2900
2025-10-25 03:41:20,140 - INFO - Completed: 3000 / To go: 9289
2025-10-25 03:41:20,140 - INFO - Records in product_list: 3000
2025-10-25 03:41:23,130 - INFO - Completed: 3100 / To go: 9189
2025-10-25 03:41:23,130 - INFO - Records in product_list: 3100
2025-10-25 03:41:26,151 - INFO - Completed: 3200 / To go: 9089
2025-10-25 03:41:26,151 - INFO - Records in product_list: 3200
2025-10-25 03:41:29,067 - INFO - Completed: 3300 / To go: 8989
2025-10-25 03:41:29,067 - INFO - Records in product_list: 3300
2025-10-25 03:41:31,939 - INFO - Completed: 3400 / To go: 8889
2025-10-25 03:41:31,939 - INFO - Records in product_list: 3400
2025-10-25 03:41:35,094 - INFO - Completed: 3500 / To go: 8789
2025-10-25 03:41:35,094 - INFO - Records in product_list: 3500
2025-10-25 03:41:38,021 - INFO - Completed: 3600 / To go: 8689
2025-10-25 03:41:38,021 - INFO - Records in product_list: 3600
2025-10-25 03:41:40,860 - INFO - Completed: 3700 / To go: 8589
2025-10-25 03:41:40,860 - INFO - Records in product_list: 3700
2025-10-25 03:41:43,888 - INFO - Completed: 3800 / To go: 8489
2025-10-25 03:41:43,888 - INFO - Records in product_list: 3800
2025-10-25 03:41:46,989 - INFO - Completed: 3900 / To go: 8389
2025-10-25 03:41:46,990 - INFO - Records in product_list: 3900
2025-10-25 03:41:49,915 - INFO - Completed: 4000 / To go: 8289
2025-10-25 03:41:49,915 - INFO - Records in product_list: 4000
2025-10-25 03:41:52,829 - INFO - Completed: 4100 / To go: 8189
2025-10-25 03:41:52,829 - INFO - Records in product_list: 4100
2025-10-25 03:41:55,711 - INFO - Completed: 4200 / To go: 8089
2025-10-25 03:41:55,711 - INFO - Records in product_list: 4200
2025-10-25 03:41:58,599 - INFO - Completed: 4300 / To go: 7989
2025-10-25 03:41:58,599 - INFO - Records in product_list: 4300
2025-10-25 03:42:01,478 - INFO - Completed: 4400 / To go: 7889
2025-10-25 03:42:01,478 - INFO - Records in product_list: 4400
2025-10-25 03:42:04,370 - INFO - Completed: 4500 / To go: 7789
2025-10-25 03:42:04,370 - INFO - Records in product_list: 4500
2025-10-25 03:42:07,365 - INFO - Completed: 4600 / To go: 7689
2025-10-25 03:42:07,365 - INFO - Records in product_list: 4600
2025-10-25 03:42:10,293 - INFO - Completed: 4700 / To go: 7589
2025-10-25 03:42:10,294 - INFO - Records in product_list: 4700
2025-10-25 03:42:13,271 - INFO - Completed: 4800 / To go: 7489
2025-10-25 03:42:13,271 - INFO - Records in product_list: 4800
2025-10-25 03:42:16,069 - INFO - Completed: 4900 / To go: 7389
2025-10-25 03:42:16,069 - INFO - Records in product_list: 4900
2025-10-25 03:42:18,921 - INFO - Completed: 5000 / To go: 7289
2025-10-25 03:42:18,921 - INFO - Records in product_list: 5000
2025-10-25 03:42:21,764 - INFO - Completed: 5100 / To go: 7189
2025-10-25 03:42:21,764 - INFO - Records in product_list: 5100
2025-10-25 03:42:24,693 - INFO - Completed: 5200 / To go: 7089
2025-10-25 03:42:24,693 - INFO - Records in product_list: 5200
2025-10-25 03:42:27,605 - INFO - Completed: 5300 / To go: 6989
2025-10-25 03:42:27,605 - INFO - Records in product_list: 5300
2025-10-25 03:42:30,503 - INFO - Completed: 5400 / To go: 6889
2025-10-25 03:42:30,504 - INFO - Records in product_list: 5400
2025-10-25 03:42:33,540 - INFO - Completed: 5500 / To go: 6789
2025-10-25 03:42:33,540 - INFO - Records in product_list: 5500
2025-10-25 03:42:36,337 - INFO - Completed: 5600 / To go: 6689
2025-10-25 03:42:36,337 - INFO - Records in product_list: 5600
2025-10-25 03:42:39,169 - INFO - Completed: 5700 / To go: 6589
2025-10-25 03:42:39,169 - INFO - Records in product_list: 5700
2025-10-25 03:42:41,945 - INFO - Completed: 5800 / To go: 6489
2025-10-25 03:42:41,946 - INFO - Records in product_list: 5800
2025-10-25 03:42:44,785 - INFO - Completed: 5900 / To go: 6389
2025-10-25 03:42:44,785 - INFO - Records in product_list: 5900
2025-10-25 03:42:47,611 - INFO - Completed: 6000 / To go: 6289
2025-10-25 03:42:47,611 - INFO - Records in product_list: 6000
2025-10-25 03:42:50,409 - INFO - Completed: 6100 / To go: 6189
2025-10-25 03:42:50,409 - INFO - Records in product_list: 6100
2025-10-25 03:42:53,227 - INFO - Completed: 6200 / To go: 6089
2025-10-25 03:42:53,227 - INFO - Records in product_list: 6200
2025-10-25 03:42:56,003 - INFO - Completed: 6300 / To go: 5989
2025-10-25 03:42:56,003 - INFO - Records in product_list: 6300
2025-10-25 03:42:58,772 - INFO - Completed: 6400 / To go: 5889
2025-10-25 03:42:58,772 - INFO - Records in product_list: 6400
2025-10-25 03:43:01,562 - INFO - Completed: 6500 / To go: 5789
2025-10-25 03:43:01,563 - INFO - Records in product_list: 6500
2025-10-25 03:43:04,638 - INFO - Completed: 6600 / To go: 5689
2025-10-25 03:43:04,638 - INFO - Records in product_list: 6600
2025-10-25 03:43:07,398 - INFO - Completed: 6700 / To go: 5589
2025-10-25 03:43:07,398 - INFO - Records in product_list: 6700
2025-10-25 03:43:10,222 - INFO - Completed: 6800 / To go: 5489
2025-10-25 03:43:10,222 - INFO - Records in product_list: 6800
2025-10-25 03:43:13,018 - INFO - Completed: 6900 / To go: 5389
2025-10-25 03:43:13,019 - INFO - Records in product_list: 6900
2025-10-25 03:43:15,804 - INFO - Completed: 7000 / To go: 5289
2025-10-25 03:43:15,804 - INFO - Records in product_list: 7000
2025-10-25 03:43:18,633 - INFO - Completed: 7100 / To go: 5189
2025-10-25 03:43:18,633 - INFO - Records in product_list: 7100
2025-10-25 03:43:21,398 - INFO - Completed: 7200 / To go: 5089
2025-10-25 03:43:21,398 - INFO - Records in product_list: 7200
2025-10-25 03:43:24,136 - INFO - Completed: 7300 / To go: 4989
2025-10-25 03:43:24,136 - INFO - Records in product_list: 7300
2025-10-25 03:43:26,904 - INFO - Completed: 7400 / To go: 4889
2025-10-25 03:43:26,904 - INFO - Records in product_list: 7400
2025-10-25 03:43:29,630 - INFO - Completed: 7500 / To go: 4789
2025-10-25 03:43:29,630 - INFO - Records in product_list: 7500
2025-10-25 03:43:32,350 - INFO - Completed: 7600 / To go: 4689
2025-10-25 03:43:32,350 - INFO - Records in product_list: 7600
2025-10-25 03:43:35,107 - INFO - Completed: 7700 / To go: 4589
2025-10-25 03:43:35,107 - INFO - Records in product_list: 7700
2025-10-25 03:43:37,867 - INFO - Completed: 7800 / To go: 4489
2025-10-25 03:43:37,867 - INFO - Records in product_list: 7800
2025-10-25 03:43:40,556 - INFO - Completed: 7900 / To go: 4389
2025-10-25 03:43:40,556 - INFO - Records in product_list: 7900
2025-10-25 03:43:43,274 - INFO - Completed: 8000 / To go: 4289
2025-10-25 03:43:43,274 - INFO - Records in product_list: 8000
2025-10-25 03:43:46,132 - INFO - Completed: 8100 / To go: 4189
2025-10-25 03:43:46,132 - INFO - Records in product_list: 8100
2025-10-25 03:43:48,832 - INFO - Completed: 8200 / To go: 4089
2025-10-25 03:43:48,832 - INFO - Records in product_list: 8200
2025-10-25 03:43:51,494 - INFO - Completed: 8300 / To go: 3989
2025-10-25 03:43:51,494 - INFO - Records in product_list: 8300
2025-10-25 03:43:54,163 - INFO - Completed: 8400 / To go: 3889
2025-10-25 03:43:54,163 - INFO - Records in product_list: 8400
2025-10-25 03:43:57,257 - INFO - Completed: 8500 / To go: 3789
2025-10-25 03:43:57,257 - INFO - Records in product_list: 8500
2025-10-25 03:43:59,967 - INFO - Completed: 8600 / To go: 3689
2025-10-25 03:43:59,967 - INFO - Records in product_list: 8600
2025-10-25 03:44:02,585 - INFO - Completed: 8700 / To go: 3589
2025-10-25 03:44:02,585 - INFO - Records in product_list: 8700
2025-10-25 03:44:05,304 - INFO - Completed: 8800 / To go: 3489
2025-10-25 03:44:05,304 - INFO - Records in product_list: 8800
2025-10-25 03:44:08,014 - INFO - Completed: 8900 / To go: 3389
2025-10-25 03:44:08,015 - INFO - Records in product_list: 8900
2025-10-25 03:44:10,692 - INFO - Completed: 9000 / To go: 3289
2025-10-25 03:44:10,692 - INFO - Records in product_list: 9000
2025-10-25 03:44:13,711 - INFO - Completed: 9100 / To go: 3189
2025-10-25 03:44:13,711 - INFO - Records in product_list: 9100
2025-10-25 03:44:16,372 - INFO - Completed: 9200 / To go: 3089
2025-10-25 03:44:16,372 - INFO - Records in product_list: 9200
2025-10-25 03:44:18,989 - INFO - Completed: 9300 / To go: 2989
2025-10-25 03:44:18,990 - INFO - Records in product_list: 9300
2025-10-25 03:44:21,633 - INFO - Completed: 9400 / To go: 2889
2025-10-25 03:44:21,633 - INFO - Records in product_list: 9400
2025-10-25 03:44:24,342 - INFO - Completed: 9500 / To go: 2789
2025-10-25 03:44:24,342 - INFO - Records in product_list: 9500
2025-10-25 03:44:26,993 - INFO - Completed: 9600 / To go: 2689
2025-10-25 03:44:26,993 - INFO - Records in product_list: 9600
2025-10-25 03:44:29,715 - INFO - Completed: 9700 / To go: 2589
2025-10-25 03:44:29,716 - INFO - Records in product_list: 9700
2025-10-25 03:44:32,386 - INFO - Completed: 9800 / To go: 2489
2025-10-25 03:44:32,386 - INFO - Records in product_list: 9800
2025-10-25 03:44:35,117 - INFO - Completed: 9900 / To go: 2389
2025-10-25 03:44:35,117 - INFO - Records in product_list: 9900
2025-10-25 03:44:37,840 - INFO - Completed: 10000 / To go: 2289
2025-10-25 03:44:37,840 - INFO - Records in product_list: 10000
2025-10-25 03:44:40,634 - INFO - Completed: 10100 / To go: 2189
2025-10-25 03:44:40,634 - INFO - Records in product_list: 10100
2025-10-25 03:44:43,323 - INFO - Completed: 10200 / To go: 2089
2025-10-25 03:44:43,323 - INFO - Records in product_list: 10200
2025-10-25 03:44:46,107 - INFO - Completed: 10300 / To go: 1989
2025-10-25 03:44:46,107 - INFO - Records in product_list: 10300
2025-10-25 03:44:48,780 - INFO - Completed: 10400 / To go: 1889
2025-10-25 03:44:48,781 - INFO - Records in product_list: 10400
2025-10-25 03:44:51,595 - INFO - Completed: 10500 / To go: 1789
2025-10-25 03:44:51,595 - INFO - Records in product_list: 10500
2025-10-25 03:44:54,255 - INFO - Completed: 10600 / To go: 1689
2025-10-25 03:44:54,255 - INFO - Records in product_list: 10600
2025-10-25 03:44:56,997 - INFO - Completed: 10700 / To go: 1589
2025-10-25 03:44:56,997 - INFO - Records in product_list: 10700
2025-10-25 03:44:59,842 - INFO - Completed: 10800 / To go: 1489
2025-10-25 03:44:59,842 - INFO - Records in product_list: 10800
2025-10-25 03:45:02,692 - INFO - Completed: 10900 / To go: 1389
2025-10-25 03:45:02,692 - INFO - Records in product_list: 10900
2025-10-25 03:45:05,656 - INFO - Completed: 11000 / To go: 1289
2025-10-25 03:45:05,656 - INFO - Records in product_list: 11000
2025-10-25 03:45:08,423 - INFO - Completed: 11100 / To go: 1189
2025-10-25 03:45:08,423 - INFO - Records in product_list: 11100
2025-10-25 03:45:11,208 - INFO - Completed: 11200 / To go: 1089
2025-10-25 03:45:11,208 - INFO - Records in product_list: 11200
2025-10-25 03:45:13,972 - INFO - Completed: 11300 / To go: 989
2025-10-25 03:45:13,972 - INFO - Records in product_list: 11300
2025-10-25 03:45:16,689 - INFO - Completed: 11400 / To go: 889
2025-10-25 03:45:16,689 - INFO - Records in product_list: 11400
2025-10-25 03:45:19,491 - INFO - Completed: 11500 / To go: 789
2025-10-25 03:45:19,491 - INFO - Records in product_list: 11500
2025-10-25 03:45:22,293 - INFO - Completed: 11600 / To go: 689
2025-10-25 03:45:22,293 - INFO - Records in product_list: 11600
2025-10-25 03:45:25,056 - INFO - Completed: 11700 / To go: 589
2025-10-25 03:45:25,056 - INFO - Records in product_list: 11700
2025-10-25 03:45:27,797 - INFO - Completed: 11800 / To go: 489
2025-10-25 03:45:27,797 - INFO - Records in product_list: 11800
2025-10-25 03:45:30,512 - INFO - Completed: 11900 / To go: 389
2025-10-25 03:45:30,512 - INFO - Records in product_list: 11900
2025-10-25 03:45:33,255 - INFO - Completed: 12000 / To go: 289
2025-10-25 03:45:33,255 - INFO - Records in product_list: 12000
2025-10-25 03:45:35,991 - INFO - Completed: 12100 / To go: 189
2025-10-25 03:45:35,991 - INFO - Records in product_list: 12100
2025-10-25 03:45:38,776 - INFO - Completed: 12200 / To go: 89
2025-10-25 03:45:38,776 - INFO - Records in product_list: 12200
2025-10-25 03:45:41,425 - INFO - Completed: 12289 / To go: 0
2025-10-25 03:45:41,426 - INFO - Records in product_list: 12289
2025-10-25 03:45:44,709 - INFO - Loading combined dataframe from local file: updated_combined_dataframe.csv
2025-10-26 03:48:05,452 - INFO - ============================================================
2025-10-26 03:48:05,452 - INFO - Billa Price Scraper - Starting
2025-10-26 03:48:05,453 - INFO - ============================================================
2025-10-26 03:48:07,072 - INFO - Completed: 100 / To go: 12179
2025-10-26 03:48:07,072 - INFO - Records in product_list: 100
2025-10-26 03:48:10,185 - INFO - Completed: 200 / To go: 12079
2025-10-26 03:48:10,185 - INFO - Records in product_list: 200
2025-10-26 03:48:13,500 - INFO - Completed: 300 / To go: 11979
2025-10-26 03:48:13,500 - INFO - Records in product_list: 300
2025-10-26 03:48:16,367 - INFO - Completed: 400 / To go: 11879
2025-10-26 03:48:16,368 - INFO - Records in product_list: 400
2025-10-26 03:48:19,242 - INFO - Completed: 500 / To go: 11779
2025-10-26 03:48:19,242 - INFO - Records in product_list: 500
2025-10-26 03:48:22,387 - INFO - Completed: 600 / To go: 11679
2025-10-26 03:48:22,388 - INFO - Records in product_list: 600
2025-10-26 03:48:25,447 - INFO - Completed: 700 / To go: 11579
2025-10-26 03:48:25,448 - INFO - Records in product_list: 700
2025-10-26 03:48:28,781 - INFO - Completed: 800 / To go: 11479
2025-10-26 03:48:28,781 - INFO - Records in product_list: 800
2025-10-26 03:48:31,671 - INFO - Completed: 900 / To go: 11379
2025-10-26 03:48:31,671 - INFO - Records in product_list: 900
2025-10-26 03:48:34,707 - INFO - Completed: 1000 / To go: 11279
2025-10-26 03:48:34,707 - INFO - Records in product_list: 1000
2025-10-26 03:48:37,582 - INFO - Completed: 1100 / To go: 11179
2025-10-26 03:48:37,582 - INFO - Records in product_list: 1100
2025-10-26 03:48:40,509 - INFO - Completed: 1200 / To go: 11079
2025-10-26 03:48:40,509 - INFO - Records in product_list: 1200
2025-10-26 03:48:43,524 - INFO - Completed: 1300 / To go: 10979
2025-10-26 03:48:43,524 - INFO - Records in product_list: 1300
2025-10-26 03:48:47,180 - INFO - Completed: 1400 / To go: 10879
2025-10-26 03:48:47,180 - INFO - Records in product_list: 1400
2025-10-26 03:48:50,077 - INFO - Completed: 1500 / To go: 10779
2025-10-26 03:48:50,077 - INFO - Records in product_list: 1500
2025-10-26 03:48:53,083 - INFO - Completed: 1600 / To go: 10679
2025-10-26 03:48:53,083 - INFO - Records in product_list: 1600
2025-10-26 03:48:56,042 - INFO - Completed: 1700 / To go: 10579
2025-10-26 03:48:56,043 - INFO - Records in product_list: 1700
2025-10-26 03:48:58,988 - INFO - Completed: 1800 / To go: 10479
2025-10-26 03:48:58,989 - INFO - Records in product_list: 1800
2025-10-26 03:49:01,996 - INFO - Completed: 1900 / To go: 10379
2025-10-26 03:49:01,996 - INFO - Records in product_list: 1900
2025-10-26 03:49:04,860 - INFO - Completed: 2000 / To go: 10279
2025-10-26 03:49:04,860 - INFO - Records in product_list: 2000
2025-10-26 03:49:07,826 - INFO - Completed: 2100 / To go: 10179
2025-10-26 03:49:07,826 - INFO - Records in product_list: 2100
2025-10-26 03:49:10,711 - INFO - Completed: 2200 / To go: 10079
2025-10-26 03:49:10,711 - INFO - Records in product_list: 2200
2025-10-26 03:49:13,540 - INFO - Completed: 2300 / To go: 9979
2025-10-26 03:49:13,540 - INFO - Records in product_list: 2300
2025-10-26 03:49:16,414 - INFO - Completed: 2400 / To go: 9879
2025-10-26 03:49:16,414 - INFO - Records in product_list: 2400
2025-10-26 03:49:20,168 - INFO - Completed: 2500 / To go: 9779
2025-10-26 03:49:20,168 - INFO - Records in product_list: 2500
2025-10-26 03:49:23,055 - INFO - Completed: 2600 / To go: 9679
2025-10-26 03:49:23,055 - INFO - Records in product_list: 2600
2025-10-26 03:49:25,958 - INFO - Completed: 2700 / To go: 9579
2025-10-26 03:49:25,958 - INFO - Records in product_list: 2700
2025-10-26 03:49:28,779 - INFO - Completed: 2800 / To go: 9479
2025-10-26 03:49:28,779 - INFO - Records in product_list: 2800
2025-10-26 03:49:31,772 - INFO - Completed: 2900 / To go: 9379
2025-10-26 03:49:31,772 - INFO - Records in product_list: 2900
2025-10-26 03:49:34,772 - INFO - Completed: 3000 / To go: 9279
2025-10-26 03:49:34,772 - INFO - Records in product_list: 3000
2025-10-26 03:49:37,988 - INFO - Completed: 3100 / To go: 9179
2025-10-26 03:49:37,989 - INFO - Records in product_list: 3100
2025-10-26 03:49:40,897 - INFO - Completed: 3200 / To go: 9079
2025-10-26 03:49:40,897 - INFO - Records in product_list: 3200
2025-10-26 03:49:43,836 - INFO - Completed: 3300 / To go: 8979
2025-10-26 03:49:43,836 - INFO - Records in product_list: 3300
2025-10-26 03:49:46,667 - INFO - Completed: 3400 / To go: 8879
2025-10-26 03:49:46,667 - INFO - Records in product_list: 3400
2025-10-26 03:49:49,593 - INFO - Completed: 3500 / To go: 8779
2025-10-26 03:49:49,593 - INFO - Records in product_list: 3500
2025-10-26 03:49:52,464 - INFO - Completed: 3600 / To go: 8679
2025-10-26 03:49:52,464 - INFO - Records in product_list: 3600
2025-10-26 03:49:55,333 - INFO - Completed: 3700 / To go: 8579
2025-10-26 03:49:55,334 - INFO - Records in product_list: 3700
2025-10-26 03:49:58,194 - INFO - Completed: 3800 / To go: 8479
2025-10-26 03:49:58,195 - INFO - Records in product_list: 3800
2025-10-26 03:50:01,143 - INFO - Completed: 3900 / To go: 8379
2025-10-26 03:50:01,143 - INFO - Records in product_list: 3900
2025-10-26 03:50:03,992 - INFO - Completed: 4000 / To go: 8279
2025-10-26 03:50:03,992 - INFO - Records in product_list: 4000
2025-10-26 03:50:06,780 - INFO - Completed: 4100 / To go: 8179
2025-10-26 03:50:06,780 - INFO - Records in product_list: 4100
2025-10-26 03:50:09,554 - INFO - Completed: 4200 / To go: 8079
2025-10-26 03:50:09,554 - INFO - Records in product_list: 4200
2025-10-26 03:50:12,396 - INFO - Completed: 4300 / To go: 7979
2025-10-26 03:50:12,396 - INFO - Records in product_list: 4300
2025-10-26 03:50:15,268 - INFO - Completed: 4400 / To go: 7879
2025-10-26 03:50:15,268 - INFO - Records in product_list: 4400
2025-10-26 03:50:18,063 - INFO - Completed: 4500 / To go: 7779
2025-10-26 03:50:18,063 - INFO - Records in product_list: 4500
2025-10-26 03:50:21,182 - INFO - Completed: 4600 / To go: 7679
2025-10-26 03:50:21,182 - INFO - Records in product_list: 4600
2025-10-26 03:50:23,989 - INFO - Completed: 4700 / To go: 7579
2025-10-26 03:50:23,989 - INFO - Records in product_list: 4700
2025-10-26 03:50:26,815 - INFO - Completed: 4800 / To go: 7479
2025-10-26 03:50:26,815 - INFO - Records in product_list: 4800
2025-10-26 03:50:29,662 - INFO - Completed: 4900 / To go: 7379
2025-10-26 03:50:29,662 - INFO - Records in product_list: 4900
2025-10-26 03:50:32,395 - INFO - Completed: 5000 / To go: 7279
2025-10-26 03:50:32,395 - INFO - Records in product_list: 5000
2025-10-26 03:50:35,368 - INFO - Completed: 5100 / To go: 7179
2025-10-26 03:50:35,368 - INFO - Records in product_list: 5100
2025-10-26 03:50:38,187 - INFO - Completed: 5200 / To go: 7079
2025-10-26 03:50:38,187 - INFO - Records in product_list: 5200
2025-10-26 03:50:40,980 - INFO - Completed: 5300 / To go: 6979
2025-10-26 03:50:40,980 - INFO - Records in product_list: 5300
2025-10-26 03:50:43,827 - INFO - Completed: 5400 / To go: 6879
2025-10-26 03:50:43,827 - INFO - Records in product_list: 5400
2025-10-26 03:50:46,644 - INFO - Completed: 5500 / To go: 6779
2025-10-26 03:50:46,644 - INFO - Records in product_list: 5500
2025-10-26 03:50:49,456 - INFO - Completed: 5600 / To go: 6679
2025-10-26 03:50:49,456 - INFO - Records in product_list: 5600
2025-10-26 03:50:52,229 - INFO - Completed: 5700 / To go: 6579
2025-10-26 03:50:52,229 - INFO - Records in product_list: 5700
2025-10-26 03:50:55,001 - INFO - Completed: 5800 / To go: 6479
2025-10-26 03:50:55,001 - INFO - Records in product_list: 5800
2025-10-26 03:50:57,823 - INFO - Completed: 5900 / To go: 6379
2025-10-26 03:50:57,823 - INFO - Records in product_list: 5900
2025-10-26 03:51:00,660 - INFO - Completed: 6000 / To go: 6279
2025-10-26 03:51:00,660 - INFO - Records in product_list: 6000
2025-10-26 03:51:03,551 - INFO - Completed: 6100 / To go: 6179
2025-10-26 03:51:03,551 - INFO - Records in product_list: 6100
2025-10-26 03:51:06,342 - INFO - Completed: 6200 / To go: 6079
2025-10-26 03:51:06,342 - INFO - Records in product_list: 6200
2025-10-26 03:51:09,144 - INFO - Completed: 6300 / To go: 5979
2025-10-26 03:51:09,145 - INFO - Records in product_list: 6300
2025-10-26 03:51:11,888 - INFO - Completed: 6400 / To go: 5879
2025-10-26 03:51:11,888 - INFO - Records in product_list: 6400
2025-10-26 03:51:14,629 - INFO - Completed: 6500 / To go: 5779
2025-10-26 03:51:14,629 - INFO - Records in product_list: 6500
2025-10-26 03:51:17,404 - INFO - Completed: 6600 / To go: 5679
2025-10-26 03:51:17,404 - INFO - Records in product_list: 6600
2025-10-26 03:51:20,161 - INFO - Completed: 6700 / To go: 5579
2025-10-26 03:51:20,161 - INFO - Records in product_list: 6700
2025-10-26 03:51:22,939 - INFO - Completed: 6800 / To go: 5479
2025-10-26 03:51:22,939 - INFO - Records in product_list: 6800
2025-10-26 03:51:25,753 - INFO - Completed: 6900 / To go: 5379
2025-10-26 03:51:25,753 - INFO - Records in product_list: 6900
2025-10-26 03:51:28,483 - INFO - Completed: 7000 / To go: 5279
2025-10-26 03:51:28,483 - INFO - Records in product_list: 7000
2025-10-26 03:51:31,259 - INFO - Completed: 7100 / To go: 5179
2025-10-26 03:51:31,259 - INFO - Records in product_list: 7100
2025-10-26 03:51:33,989 - INFO - Completed: 7200 / To go: 5079
2025-10-26 03:51:33,989 - INFO - Records in product_list: 7200
2025-10-26 03:51:36,683 - INFO - Completed: 7300 / To go: 4979
2025-10-26 03:51:36,683 - INFO - Records in product_list: 7300
2025-10-26 03:51:39,482 - INFO - Completed: 7400 / To go: 4879
2025-10-26 03:51:39,482 - INFO - Records in product_list: 7400
2025-10-26 03:51:42,246 - INFO - Completed: 7500 / To go: 4779
2025-10-26 03:51:42,246 - INFO - Records in product_list: 7500
2025-10-26 03:51:45,003 - INFO - Completed: 7600 / To go: 4679
2025-10-26 03:51:45,004 - INFO - Records in product_list: 7600
2025-10-26 03:51:47,648 - INFO - Completed: 7700 / To go: 4579
2025-10-26 03:51:47,648 - INFO - Records in product_list: 7700
2025-10-26 03:51:50,336 - INFO - Completed: 7800 / To go: 4479
2025-10-26 03:51:50,336 - INFO - Records in product_list: 7800
2025-10-26 03:51:52,938 - INFO - Completed: 7900 / To go: 4379
2025-10-26 03:51:52,939 - INFO - Records in product_list: 7900
2025-10-26 03:51:55,776 - INFO - Completed: 8000 / To go: 4279
2025-10-26 03:51:55,776 - INFO - Records in product_list: 8000
2025-10-26 03:51:58,435 - INFO - Completed: 8100 / To go: 4179
2025-10-26 03:51:58,435 - INFO - Records in product_list: 8100
2025-10-26 03:52:01,143 - INFO - Completed: 8200 / To go: 4079
2025-10-26 03:52:01,143 - INFO - Records in product_list: 8200
2025-10-26 03:52:03,828 - INFO - Completed: 8300 / To go: 3979
2025-10-26 03:52:03,828 - INFO - Records in product_list: 8300
2025-10-26 03:52:06,530 - INFO - Completed: 8400 / To go: 3879
2025-10-26 03:52:06,530 - INFO - Records in product_list: 8400
2025-10-26 03:52:09,215 - INFO - Completed: 8500 / To go: 3779
2025-10-26 03:52:09,216 - INFO - Records in product_list: 8500
2025-10-26 03:52:12,126 - INFO - Completed: 8600 / To go: 3679
2025-10-26 03:52:12,126 - INFO - Records in product_list: 8600
2025-10-26 03:52:14,771 - INFO - Completed: 8700 / To go: 3579
2025-10-26 03:52:14,771 - INFO - Records in product_list: 8700
2025-10-26 03:52:17,429 - INFO - Completed: 8800 / To go: 3479
2025-10-26 03:52:17,429 - INFO - Records in product_list: 8800
2025-10-26 03:52:20,109 - INFO - Completed: 8900 / To go: 3379
2025-10-26 03:52:20,110 - INFO - Records in product_list: 8900
2025-10-26 03:52:22,797 - INFO - Completed: 9000 / To go: 3279
2025-10-26 03:52:22,798 - INFO - Records in product_list: 9000
2025-10-26 03:52:25,470 - INFO - Completed: 9100 / To go: 3179
2025-10-26 03:52:25,470 - INFO - Records in product_list: 9100
2025-10-26 03:52:28,116 - INFO - Completed: 9200 / To go: 3079
2025-10-26 03:52:28,116 - INFO - Records in product_list: 9200
2025-10-26 03:52:30,719 - INFO - Completed: 9300 / To go: 2979
2025-10-26 03:52:30,719 - INFO - Records in product_list: 9300
2025-10-26 03:52:33,409 - INFO - Completed: 9400 / To go: 2879
2025-10-26 03:52:33,410 - INFO - Records in product_list: 9400
2025-10-26 03:52:36,158 - INFO - Completed: 9500 / To go: 2779
2025-10-26 03:52:36,158 - INFO - Records in product_list: 9500
2025-10-26 03:52:38,850 - INFO - Completed: 9600 / To go: 2679
2025-10-26 03:52:38,850 - INFO - Records in product_list: 9600
2025-10-26 03:52:41,505 - INFO - Completed: 9700 / To go: 2579
2025-10-26 03:52:41,505 - INFO - Records in product_list: 9700
2025-10-26 03:52:44,183 - INFO - Completed: 9800 / To go: 2479
2025-10-26 03:52:44,183 - INFO - Records in product_list: 9800
2025-10-26 03:52:47,018 - INFO - Completed: 9900 / To go: 2379
2025-10-26 03:52:47,018 - INFO - Records in product_list: 9900
2025-10-26 03:52:49,723 - INFO - Completed: 10000 / To go: 2279
2025-10-26 03:52:49,723 - INFO - Records in product_list: 10000
2025-10-26 03:52:52,583 - INFO - Completed: 10100 / To go: 2179
2025-10-26 03:52:52,584 - INFO - Records in product_list: 10100
2025-10-26 03:52:55,303 - INFO - Completed: 10200 / To go: 2079
2025-10-26 03:52:55,303 - INFO - Records in product_list: 10200
2025-10-26 03:52:57,954 - INFO - Completed: 10300 / To go: 1979
2025-10-26 03:52:57,954 - INFO - Records in product_list: 10300
2025-10-26 03:53:00,732 - INFO - Completed: 10400 / To go: 1879
2025-10-26 03:53:00,733 - INFO - Records in product_list: 10400
2025-10-26 03:53:03,445 - INFO - Completed: 10500 / To go: 1779
2025-10-26 03:53:03,445 - INFO - Records in product_list: 10500
2025-10-26 03:53:06,771 - INFO - Completed: 10600 / To go: 1679
2025-10-26 03:53:06,771 - INFO - Records in product_list: 10600
2025-10-26 03:53:09,492 - INFO - Completed: 10700 / To go: 1579
2025-10-26 03:53:09,492 - INFO - Records in product_list: 10700
2025-10-26 03:53:12,240 - INFO - Completed: 10800 / To go: 1479
2025-10-26 03:53:12,241 - INFO - Records in product_list: 10800
2025-10-26 03:53:15,004 - INFO - Completed: 10900 / To go: 1379
2025-10-26 03:53:15,005 - INFO - Records in product_list: 10900
2025-10-26 03:53:17,887 - INFO - Completed: 11000 / To go: 1279
2025-10-26 03:53:17,887 - INFO - Records in product_list: 11000
2025-10-26 03:53:20,613 - INFO - Completed: 11100 / To go: 1179
2025-10-26 03:53:20,613 - INFO - Records in product_list: 11100
2025-10-26 03:53:23,407 - INFO - Completed: 11200 / To go: 1079
2025-10-26 03:53:23,408 - INFO - Records in product_list: 11200
2025-10-26 03:53:26,225 - INFO - Completed: 11300 / To go: 979
2025-10-26 03:53:26,225 - INFO - Records in product_list: 11300
2025-10-26 03:53:28,962 - INFO - Completed: 11400 / To go: 879
2025-10-26 03:53:28,962 - INFO - Records in product_list: 11400
2025-10-26 03:53:31,764 - INFO - Completed: 11500 / To go: 779
2025-10-26 03:53:31,765 - INFO - Records in product_list: 11500
2025-10-26 03:53:34,601 - INFO - Completed: 11600 / To go: 679
2025-10-26 03:53:34,601 - INFO - Records in product_list: 11600
2025-10-26 03:53:37,366 - INFO - Completed: 11700 / To go: 579
2025-10-26 03:53:37,366 - INFO - Records in product_list: 11700
2025-10-26 03:53:40,143 - INFO - Completed: 11800 / To go: 479
2025-10-26 03:53:40,143 - INFO - Records in product_list: 11800
2025-10-26 03:53:42,806 - INFO - Completed: 11900 / To go: 379
2025-10-26 03:53:42,806 - INFO - Records in product_list: 11900
2025-10-26 03:53:45,525 - INFO - Completed: 12000 / To go: 279
2025-10-26 03:53:45,525 - INFO - Records in product_list: 12000
2025-10-26 03:53:48,253 - INFO - Completed: 12100 / To go: 179
2025-10-26 03:53:48,253 - INFO - Records in product_list: 12100
2025-10-26 03:53:50,892 - INFO - Completed: 12200 / To go: 79
2025-10-26 03:53:50,892 - INFO - Records in product_list: 12200
2025-10-26 03:53:53,509 - INFO - Completed: 12279 / To go: 0
2025-10-26 03:53:53,509 - INFO - Records in product_list: 12279
2025-10-26 03:53:56,779 - INFO - Loading combined dataframe from local file: updated_combined_dataframe.csv
2025-10-27 04:01:46,028 - INFO - ============================================================
2025-10-27 04:01:46,029 - INFO - Billa Price Scraper - Starting
2025-10-27 04:01:46,029 - INFO - ============================================================
2025-10-27 04:01:47,570 - INFO - Completed: 100 / To go: 12179
2025-10-27 04:01:47,570 - INFO - Records in product_list: 100
2025-10-27 04:01:50,822 - INFO - Completed: 200 / To go: 12079
2025-10-27 04:01:50,822 - INFO - Records in product_list: 200
2025-10-27 04:01:54,116 - INFO - Completed: 300 / To go: 11979
2025-10-27 04:01:54,116 - INFO - Records in product_list: 300
2025-10-27 04:01:57,245 - INFO - Completed: 400 / To go: 11879
2025-10-27 04:01:57,245 - INFO - Records in product_list: 400
2025-10-27 04:02:00,326 - INFO - Completed: 500 / To go: 11779
2025-10-27 04:02:00,326 - INFO - Records in product_list: 500
2025-10-27 04:02:03,516 - INFO - Completed: 600 / To go: 11679
2025-10-27 04:02:03,516 - INFO - Records in product_list: 600
2025-10-27 04:02:06,606 - INFO - Completed: 700 / To go: 11579
2025-10-27 04:02:06,606 - INFO - Records in product_list: 700
2025-10-27 04:02:09,824 - INFO - Completed: 800 / To go: 11479
2025-10-27 04:02:09,824 - INFO - Records in product_list: 800
2025-10-27 04:02:12,885 - INFO - Completed: 900 / To go: 11379
2025-10-27 04:02:12,885 - INFO - Records in product_list: 900
2025-10-27 04:02:16,194 - INFO - Completed: 1000 / To go: 11279
2025-10-27 04:02:16,194 - INFO - Records in product_list: 1000
2025-10-27 04:02:19,190 - INFO - Completed: 1100 / To go: 11179
2025-10-27 04:02:19,191 - INFO - Records in product_list: 1100
2025-10-27 04:02:22,419 - INFO - Completed: 1200 / To go: 11079
2025-10-27 04:02:22,419 - INFO - Records in product_list: 1200
2025-10-27 04:02:25,338 - INFO - Completed: 1300 / To go: 10979
2025-10-27 04:02:25,338 - INFO - Records in product_list: 1300
2025-10-27 04:02:28,301 - INFO - Completed: 1400 / To go: 10879
2025-10-27 04:02:28,301 - INFO - Records in product_list: 1400
2025-10-27 04:02:31,443 - INFO - Completed: 1500 / To go: 10779
2025-10-27 04:02:31,443 - INFO - Records in product_list: 1500
2025-10-27 04:02:34,555 - INFO - Completed: 1600 / To go: 10679
2025-10-27 04:02:34,556 - INFO - Records in product_list: 1600
2025-10-27 04:02:37,469 - INFO - Completed: 1700 / To go: 10579
2025-10-27 04:02:37,469 - INFO - Records in product_list: 1700
2025-10-27 04:02:40,454 - INFO - Completed: 1800 / To go: 10479
2025-10-27 04:02:40,455 - INFO - Records in product_list: 1800
2025-10-27 04:02:43,576 - INFO - Completed: 1900 / To go: 10379
2025-10-27 04:02:43,577 - INFO - Records in product_list: 1900
2025-10-27 04:02:46,803 - INFO - Completed: 2000 / To go: 10279
2025-10-27 04:02:46,803 - INFO - Records in product_list: 2000
2025-10-27 04:02:49,766 - INFO - Completed: 2100 / To go: 10179
2025-10-27 04:02:49,766 - INFO - Records in product_list: 2100
2025-10-27 04:02:52,829 - INFO - Completed: 2200 / To go: 10079
2025-10-27 04:02:52,829 - INFO - Records in product_list: 2200
2025-10-27 04:02:56,003 - INFO - Completed: 2300 / To go: 9979
2025-10-27 04:02:56,003 - INFO - Records in product_list: 2300
2025-10-27 04:02:59,060 - INFO - Completed: 2400 / To go: 9879
2025-10-27 04:02:59,060 - INFO - Records in product_list: 2400
2025-10-27 04:03:02,103 - INFO - Completed: 2500 / To go: 9779
2025-10-27 04:03:02,103 - INFO - Records in product_list: 2500
2025-10-27 04:03:05,226 - INFO - Completed: 2600 / To go: 9679
2025-10-27 04:03:05,226 - INFO - Records in product_list: 2600
2025-10-27 04:03:08,109 - INFO - Completed: 2700 / To go: 9579
2025-10-27 04:03:08,109 - INFO - Records in product_list: 2700
2025-10-27 04:03:11,068 - INFO - Completed: 2800 / To go: 9479
2025-10-27 04:03:11,068 - INFO - Records in product_list: 2800
2025-10-27 04:03:14,275 - INFO - Completed: 2900 / To go: 9379
2025-10-27 04:03:14,275 - INFO - Records in product_list: 2900
2025-10-27 04:03:17,321 - INFO - Completed: 3000 / To go: 9279
2025-10-27 04:03:17,321 - INFO - Records in product_list: 3000
2025-10-27 04:03:20,202 - INFO - Completed: 3100 / To go: 9179
2025-10-27 04:03:20,202 - INFO - Records in product_list: 3100
2025-10-27 04:03:23,204 - INFO - Completed: 3200 / To go: 9079
2025-10-27 04:03:23,204 - INFO - Records in product_list: 3200
2025-10-27 04:03:26,040 - INFO - Completed: 3300 / To go: 8979
2025-10-27 04:03:26,040 - INFO - Records in product_list: 3300
2025-10-27 04:03:29,038 - INFO - Completed: 3400 / To go: 8879
2025-10-27 04:03:29,038 - INFO - Records in product_list: 3400
2025-10-27 04:03:32,000 - INFO - Completed: 3500 / To go: 8779
2025-10-27 04:03:32,000 - INFO - Records in product_list: 3500
2025-10-27 04:03:35,032 - INFO - Completed: 3600 / To go: 8679
2025-10-27 04:03:35,032 - INFO - Records in product_list: 3600
2025-10-27 04:03:37,876 - INFO - Completed: 3700 / To go: 8579
2025-10-27 04:03:37,876 - INFO - Records in product_list: 3700
2025-10-27 04:03:40,834 - INFO - Completed: 3800 / To go: 8479
2025-10-27 04:03:40,834 - INFO - Records in product_list: 3800
2025-10-27 04:03:43,703 - INFO - Completed: 3900 / To go: 8379
2025-10-27 04:03:43,703 - INFO - Records in product_list: 3900
2025-10-27 04:03:46,815 - INFO - Completed: 4000 / To go: 8279
2025-10-27 04:03:46,815 - INFO - Records in product_list: 4000
2025-10-27 04:03:49,745 - INFO - Completed: 4100 / To go: 8179
2025-10-27 04:03:49,745 - INFO - Records in product_list: 4100
2025-10-27 04:03:52,559 - INFO - Completed: 4200 / To go: 8079
2025-10-27 04:03:52,559 - INFO - Records in product_list: 4200
2025-10-27 04:03:55,463 - INFO - Completed: 4300 / To go: 7979
2025-10-27 04:03:55,463 - INFO - Records in product_list: 4300
2025-10-27 04:03:58,306 - INFO - Completed: 4400 / To go: 7879
2025-10-27 04:03:58,306 - INFO - Records in product_list: 4400
2025-10-27 04:04:01,474 - INFO - Completed: 4500 / To go: 7779
2025-10-27 04:04:01,474 - INFO - Records in product_list: 4500
2025-10-27 04:04:04,395 - INFO - Completed: 4600 / To go: 7679
2025-10-27 04:04:04,395 - INFO - Records in product_list: 4600
2025-10-27 04:04:07,269 - INFO - Completed: 4700 / To go: 7579
2025-10-27 04:04:07,269 - INFO - Records in product_list: 4700
2025-10-27 04:04:10,003 - INFO - Completed: 4800 / To go: 7479
2025-10-27 04:04:10,003 - INFO - Records in product_list: 4800
2025-10-27 04:04:12,818 - INFO - Completed: 4900 / To go: 7379
2025-10-27 04:04:12,819 - INFO - Records in product_list: 4900
2025-10-27 04:04:15,830 - INFO - Completed: 5000 / To go: 7279
2025-10-27 04:04:15,831 - INFO - Records in product_list: 5000
2025-10-27 04:04:18,621 - INFO - Completed: 5100 / To go: 7179
2025-10-27 04:04:18,621 - INFO - Records in product_list: 5100
2025-10-27 04:04:21,592 - INFO - Completed: 5200 / To go: 7079
2025-10-27 04:04:21,592 - INFO - Records in product_list: 5200
2025-10-27 04:04:24,375 - INFO - Completed: 5300 / To go: 6979
2025-10-27 04:04:24,375 - INFO - Records in product_list: 5300
2025-10-27 04:04:27,530 - INFO - Completed: 5400 / To go: 6879
2025-10-27 04:04:27,530 - INFO - Records in product_list: 5400
2025-10-27 04:04:30,526 - INFO - Completed: 5500 / To go: 6779
2025-10-27 04:04:30,526 - INFO - Records in product_list: 5500
2025-10-27 04:04:33,524 - INFO - Completed: 5600 / To go: 6679
2025-10-27 04:04:33,524 - INFO - Records in product_list: 5600
2025-10-27 04:04:36,358 - INFO - Completed: 5700 / To go: 6579
2025-10-27 04:04:36,358 - INFO - Records in product_list: 5700
2025-10-27 04:04:39,230 - INFO - Completed: 5800 / To go: 6479
2025-10-27 04:04:39,230 - INFO - Records in product_list: 5800
2025-10-27 04:04:42,123 - INFO - Completed: 5900 / To go: 6379
2025-10-27 04:04:42,124 - INFO - Records in product_list: 5900
2025-10-27 04:04:44,962 - INFO - Completed: 6000 / To go: 6279
2025-10-27 04:04:44,962 - INFO - Records in product_list: 6000
2025-10-27 04:04:47,718 - INFO - Completed: 6100 / To go: 6179
2025-10-27 04:04:47,718 - INFO - Records in product_list: 6100
2025-10-27 04:04:50,522 - INFO - Completed: 6200 / To go: 6079
2025-10-27 04:04:50,522 - INFO - Records in product_list: 6200
2025-10-27 04:04:53,334 - INFO - Completed: 6300 / To go: 5979
2025-10-27 04:04:53,334 - INFO - Records in product_list: 6300
2025-10-27 04:04:56,321 - INFO - Completed: 6400 / To go: 5879
2025-10-27 04:04:56,321 - INFO - Records in product_list: 6400
2025-10-27 04:04:59,077 - INFO - Completed: 6500 / To go: 5779
2025-10-27 04:04:59,077 - INFO - Records in product_list: 6500
2025-10-27 04:05:02,261 - INFO - Completed: 6600 / To go: 5679
2025-10-27 04:05:02,261 - INFO - Records in product_list: 6600
2025-10-27 04:05:04,980 - INFO - Completed: 6700 / To go: 5579
2025-10-27 04:05:04,980 - INFO - Records in product_list: 6700
2025-10-27 04:05:07,784 - INFO - Completed: 6800 / To go: 5479
2025-10-27 04:05:07,784 - INFO - Records in product_list: 6800
2025-10-27 04:05:10,501 - INFO - Completed: 6900 / To go: 5379
2025-10-27 04:05:10,501 - INFO - Records in product_list: 6900
2025-10-27 04:05:13,488 - INFO - Completed: 7000 / To go: 5279
2025-10-27 04:05:13,488 - INFO - Records in product_list: 7000
2025-10-27 04:05:16,297 - INFO - Completed: 7100 / To go: 5179
2025-10-27 04:05:16,297 - INFO - Records in product_list: 7100
2025-10-27 04:05:19,007 - INFO - Completed: 7200 / To go: 5079
2025-10-27 04:05:19,007 - INFO - Records in product_list: 7200
2025-10-27 04:05:21,869 - INFO - Completed: 7300 / To go: 4979
2025-10-27 04:05:21,870 - INFO - Records in product_list: 7300
2025-10-27 04:05:24,556 - INFO - Completed: 7400 / To go: 4879
2025-10-27 04:05:24,556 - INFO - Records in product_list: 7400
2025-10-27 04:05:27,349 - INFO - Completed: 7500 / To go: 4779
2025-10-27 04:05:27,349 - INFO - Records in product_list: 7500
2025-10-27 04:05:30,051 - INFO - Completed: 7600 / To go: 4679
2025-10-27 04:05:30,051 - INFO - Records in product_list: 7600
2025-10-27 04:05:32,751 - INFO - Completed: 7700 / To go: 4579
2025-10-27 04:05:32,751 - INFO - Records in product_list: 7700
2025-10-27 04:05:35,559 - INFO - Completed: 7800 / To go: 4479
2025-10-27 04:05:35,559 - INFO - Records in product_list: 7800
2025-10-27 04:05:38,240 - INFO - Completed: 7900 / To go: 4379
2025-10-27 04:05:38,241 - INFO - Records in product_list: 7900
2025-10-27 04:05:40,940 - INFO - Completed: 8000 / To go: 4279
2025-10-27 04:05:40,940 - INFO - Records in product_list: 8000
2025-10-27 04:05:43,730 - INFO - Completed: 8100 / To go: 4179
2025-10-27 04:05:43,730 - INFO - Records in product_list: 8100
2025-10-27 04:05:46,462 - INFO - Completed: 8200 / To go: 4079
2025-10-27 04:05:46,462 - INFO - Records in product_list: 8200
2025-10-27 04:05:49,154 - INFO - Completed: 8300 / To go: 3979
2025-10-27 04:05:49,154 - INFO - Records in product_list: 8300
2025-10-27 04:05:51,853 - INFO - Completed: 8400 / To go: 3879
2025-10-27 04:05:51,853 - INFO - Records in product_list: 8400
2025-10-27 04:05:54,470 - INFO - Completed: 8500 / To go: 3779
2025-10-27 04:05:54,470 - INFO - Records in product_list: 8500
2025-10-27 04:05:57,099 - INFO - Completed: 8600 / To go: 3679
2025-10-27 04:05:57,100 - INFO - Records in product_list: 8600
2025-10-27 04:05:59,754 - INFO - Completed: 8700 / To go: 3579
2025-10-27 04:05:59,754 - INFO - Records in product_list: 8700
2025-10-27 04:06:02,431 - INFO - Completed: 8800 / To go: 3479
2025-10-27 04:06:02,431 - INFO - Records in product_list: 8800
2025-10-27 04:06:05,106 - INFO - Completed: 8900 / To go: 3379
2025-10-27 04:06:05,106 - INFO - Records in product_list: 8900
2025-10-27 04:06:07,802 - INFO - Completed: 9000 / To go: 3279
2025-10-27 04:06:07,802 - INFO - Records in product_list: 9000
2025-10-27 04:06:10,554 - INFO - Completed: 9100 / To go: 3179
2025-10-27 04:06:10,555 - INFO - Records in product_list: 9100
2025-10-27 04:06:13,185 - INFO - Completed: 9200 / To go: 3079
2025-10-27 04:06:13,185 - INFO - Records in product_list: 9200
2025-10-27 04:06:15,835 - INFO - Completed: 9300 / To go: 2979
2025-10-27 04:06:15,835 - INFO - Records in product_list: 9300
2025-10-27 04:06:18,514 - INFO - Completed: 9400 / To go: 2879
2025-10-27 04:06:18,514 - INFO - Records in product_list: 9400
2025-10-27 04:06:21,156 - INFO - Completed: 9500 / To go: 2779
2025-10-27 04:06:21,156 - INFO - Records in product_list: 9500
2025-10-27 04:06:23,863 - INFO - Completed: 9600 / To go: 2679
2025-10-27 04:06:23,863 - INFO - Records in product_list: 9600
2025-10-27 04:06:26,605 - INFO - Completed: 9700 / To go: 2579
2025-10-27 04:06:26,605 - INFO - Records in product_list: 9700
2025-10-27 04:06:29,252 - INFO - Completed: 9800 / To go: 2479
2025-10-27 04:06:29,252 - INFO - Records in product_list: 9800
2025-10-27 04:06:32,188 - INFO - Completed: 9900 / To go: 2379
2025-10-27 04:06:32,188 - INFO - Records in product_list: 9900
2025-10-27 04:06:34,915 - INFO - Completed: 10000 / To go: 2279
2025-10-27 04:06:34,915 - INFO - Records in product_list: 10000
2025-10-27 04:06:37,677 - INFO - Completed: 10100 / To go: 2179
2025-10-27 04:06:37,677 - INFO - Records in product_list: 10100
2025-10-27 04:06:40,325 - INFO - Completed: 10200 / To go: 2079
2025-10-27 04:06:40,325 - INFO - Records in product_list: 10200
2025-10-27 04:06:43,008 - INFO - Completed: 10300 / To go: 1979
2025-10-27 04:06:43,008 - INFO - Records in product_list: 10300
2025-10-27 04:06:45,722 - INFO - Completed: 10400 / To go: 1879
2025-10-27 04:06:45,722 - INFO - Records in product_list: 10400
2025-10-27 04:06:48,410 - INFO - Completed: 10500 / To go: 1779
2025-10-27 04:06:48,410 - INFO - Records in product_list: 10500
2025-10-27 04:06:51,330 - INFO - Completed: 10600 / To go: 1679
2025-10-27 04:06:51,330 - INFO - Records in product_list: 10600
2025-10-27 04:06:54,086 - INFO - Completed: 10700 / To go: 1579
2025-10-27 04:06:54,086 - INFO - Records in product_list: 10700
2025-10-27 04:06:56,906 - INFO - Completed: 10800 / To go: 1479
2025-10-27 04:06:56,906 - INFO - Records in product_list: 10800
2025-10-27 04:06:59,716 - INFO - Completed: 10900 / To go: 1379
2025-10-27 04:06:59,716 - INFO - Records in product_list: 10900
2025-10-27 04:07:02,667 - INFO - Completed: 11000 / To go: 1279
2025-10-27 04:07:02,667 - INFO - Records in product_list: 11000
2025-10-27 04:07:05,495 - INFO - Completed: 11100 / To go: 1179
2025-10-27 04:07:05,495 - INFO - Records in product_list: 11100
2025-10-27 04:07:08,258 - INFO - Completed: 11200 / To go: 1079
2025-10-27 04:07:08,259 - INFO - Records in product_list: 11200
2025-10-27 04:07:10,996 - INFO - Completed: 11300 / To go: 979
2025-10-27 04:07:10,996 - INFO - Records in product_list: 11300
2025-10-27 04:07:14,133 - INFO - Completed: 11400 / To go: 879
2025-10-27 04:07:14,133 - INFO - Records in product_list: 11400
2025-10-27 04:07:16,890 - INFO - Completed: 11500 / To go: 779
2025-10-27 04:07:16,890 - INFO - Records in product_list: 11500
2025-10-27 04:07:19,697 - INFO - Completed: 11600 / To go: 679
2025-10-27 04:07:19,697 - INFO - Records in product_list: 11600
2025-10-27 04:07:22,394 - INFO - Completed: 11700 / To go: 579
2025-10-27 04:07:22,394 - INFO - Records in product_list: 11700
2025-10-27 04:07:25,141 - INFO - Completed: 11800 / To go: 479
2025-10-27 04:07:25,141 - INFO - Records in product_list: 11800
2025-10-27 04:07:27,892 - INFO - Completed: 11900 / To go: 379
2025-10-27 04:07:27,892 - INFO - Records in product_list: 11900
2025-10-27 04:07:30,609 - INFO - Completed: 12000 / To go: 279
2025-10-27 04:07:30,610 - INFO - Records in product_list: 12000
2025-10-27 04:07:33,343 - INFO - Completed: 12100 / To go: 179
2025-10-27 04:07:33,343 - INFO - Records in product_list: 12100
2025-10-27 04:07:36,184 - INFO - Completed: 12200 / To go: 79
2025-10-27 04:07:36,184 - INFO - Records in product_list: 12200
2025-10-27 04:07:38,698 - INFO - Completed: 12277 / To go: 2
2025-10-27 04:07:38,699 - INFO - Records in product_list: 12277
2025-10-27 04:07:40,976 - INFO - Completed: 12277 / To go: 2
2025-10-27 04:07:40,976 - INFO - Records in product_list: 12277
2025-10-27 04:07:43,245 - INFO - Completed: 12277 / To go: 2
2025-10-27 04:07:43,245 - INFO - Records in product_list: 12277
2025-10-27 04:07:45,531 - INFO - Completed: 12277 / To go: 2
2025-10-27 04:07:45,531 - INFO - Records in product_list: 12277
2025-10-27 04:07:47,848 - INFO - Completed: 12277 / To go: 2
2025-10-27 04:07:47,848 - INFO - Records in product_list: 12277
2025-10-27 04:07:50,172 - INFO - Completed: 12277 / To go: 2
2025-10-27 04:07:50,172 - INFO - Records in product_list: 12277
2025-10-27 04:07:52,443 - INFO - Completed: 12277 / To go: 2
2025-10-27 04:07:52,444 - INFO - Records in product_list: 12277
2025-10-27 04:07:54,812 - INFO - Completed: 12277 / To go: 2
2025-10-27 04:07:54,813 - INFO - Records in product_list: 12277
2025-10-27 04:07:57,081 - INFO - Completed: 12277 / To go: 2
2025-10-27 04:07:57,081 - INFO - Records in product_list: 12277
2025-10-27 04:07:59,346 - INFO - Completed: 12277 / To go: 2
2025-10-27 04:07:59,346 - INFO - Records in product_list: 12277
2025-10-27 04:08:01,609 - INFO - Completed: 12277 / To go: 2
2025-10-27 04:08:01,609 - INFO - Records in product_list: 12277
2025-10-27 04:08:03,869 - INFO - Completed: 12277 / To go: 2
2025-10-27 04:08:03,869 - INFO - Records in product_list: 12277
2025-10-27 04:08:06,145 - INFO - Completed: 12277 / To go: 2
2025-10-27 04:08:06,145 - INFO - Records in product_list: 12277
2025-10-27 04:08:08,417 - INFO - Completed: 12277 / To go: 2
2025-10-27 04:08:08,417 - INFO - Records in product_list: 12277
2025-10-27 04:08:10,688 - INFO - Completed: 12277 / To go: 2
2025-10-27 04:08:10,689 - INFO - Records in product_list: 12277
2025-10-27 04:08:12,965 - INFO - Completed: 12277 / To go: 2
2025-10-27 04:08:12,965 - INFO - Records in product_list: 12277
2025-10-27 04:08:15,231 - INFO - Completed: 12277 / To go: 2
2025-10-27 04:08:15,231 - INFO - Records in product_list: 12277
2025-10-27 04:08:17,515 - INFO - Completed: 12277 / To go: 2
2025-10-27 04:08:17,515 - INFO - Records in product_list: 12277
2025-10-27 04:08:19,791 - INFO - Completed: 12277 / To go: 2
2025-10-27 04:08:19,791 - INFO - Records in product_list: 12277
2025-10-27 04:08:22,048 - INFO - Completed: 12277 / To go: 2
2025-10-27 04:08:22,048 - INFO - Records in product_list: 12277
2025-10-27 04:08:24,376 - INFO - Completed: 12277 / To go: 2
2025-10-27 04:08:24,376 - INFO - Records in product_list: 12277
2025-10-27 04:08:26,659 - INFO - Completed: 12277 / To go: 2
2025-10-27 04:08:26,659 - INFO - Records in product_list: 12277
2025-10-27 04:08:28,923 - INFO - Completed: 12277 / To go: 2
2025-10-27 04:08:28,923 - INFO - Records in product_list: 12277
2025-10-27 04:08:31,277 - INFO - Completed: 12277 / To go: 2
2025-10-27 04:08:31,277 - INFO - Records in product_list: 12277
2025-10-27 04:08:33,544 - INFO - Completed: 12277 / To go: 2
2025-10-27 04:08:33,544 - INFO - Records in product_list: 12277
2025-10-27 04:08:35,813 - INFO - Completed: 12277 / To go: 2
2025-10-27 04:08:35,813 - INFO - Records in product_list: 12277
2025-10-27 04:08:38,142 - INFO - Completed: 12277 / To go: 2
2025-10-27 04:08:38,142 - INFO - Records in product_list: 12277
2025-10-27 04:08:40,407 - INFO - Completed: 12277 / To go: 2
2025-10-27 04:08:40,407 - INFO - Records in product_list: 12277
2025-10-27 04:08:42,674 - INFO - Completed: 12277 / To go: 2
2025-10-27 04:08:42,674 - INFO - Records in product_list: 12277
2025-10-27 04:08:44,948 - INFO - Completed: 12277 / To go: 2
2025-10-27 04:08:44,948 - INFO - Records in product_list: 12277
2025-10-27 04:08:47,210 - INFO - Completed: 12277 / To go: 2
2025-10-27 04:08:47,210 - INFO - Records in product_list: 12277
2025-10-27 04:08:49,464 - INFO - Completed: 12277 / To go: 2
2025-10-27 04:08:49,464 - INFO - Records in product_list: 12277
2025-10-27 04:08:51,752 - INFO - Completed: 12277 / To go: 2
2025-10-27 04:08:51,753 - INFO - Records in product_list: 12277
2025-10-27 04:08:54,069 - INFO - Completed: 12277 / To go: 2
2025-10-27 04:08:54,069 - INFO - Records in product_list: 12277
2025-10-27 04:08:56,348 - INFO - Completed: 12277 / To go: 2
2025-10-27 04:08:56,348 - INFO - Records in product_list: 12277
2025-10-27 04:08:58,619 - INFO - Completed: 12277 / To go: 2
2025-10-27 04:08:58,619 - INFO - Records in product_list: 12277
2025-10-27 04:09:00,889 - INFO - Completed: 12277 / To go: 2
2025-10-27 04:09:00,889 - INFO - Records in product_list: 12277
2025-10-27 04:09:03,208 - INFO - Completed: 12277 / To go: 2
2025-10-27 04:09:03,209 - INFO - Records in product_list: 12277
2025-10-27 04:09:05,492 - INFO - Completed: 12277 / To go: 2
2025-10-27 04:09:05,493 - INFO - Records in product_list: 12277
2025-10-27 04:09:07,796 - INFO - Completed: 12277 / To go: 2
2025-10-27 04:09:07,796 - INFO - Records in product_list: 12277
2025-10-27 04:09:10,079 - INFO - Completed: 12277 / To go: 2
2025-10-27 04:09:10,079 - INFO - Records in product_list: 12277
2025-10-27 04:09:12,351 - INFO - Completed: 12277 / To go: 2
2025-10-27 04:09:12,351 - INFO - Records in product_list: 12277
2025-10-27 04:09:14,629 - INFO - Completed: 12277 / To go: 2
2025-10-27 04:09:14,629 - INFO - Records in product_list: 12277
2025-10-27 04:09:16,894 - INFO - Completed: 12277 / To go: 2
2025-10-27 04:09:16,894 - INFO - Records in product_list: 12277
2025-10-27 04:09:19,167 - INFO - Completed: 12277 / To go: 2
2025-10-27 04:09:19,167 - INFO - Records in product_list: 12277
2025-10-27 04:09:21,448 - INFO - Completed: 12277 / To go: 2
2025-10-27 04:09:21,448 - INFO - Records in product_list: 12277
2025-10-27 04:09:23,717 - INFO - Completed: 12277 / To go: 2
2025-10-27 04:09:23,717 - INFO - Records in product_list: 12277
2025-10-27 04:09:25,979 - INFO - Completed: 12277 / To go: 2
2025-10-27 04:09:25,979 - INFO - Records in product_list: 12277
2025-10-27 04:09:28,237 - INFO - Completed: 12277 / To go: 2
2025-10-27 04:09:28,237 - INFO - Records in product_list: 12277
2025-10-27 04:09:30,508 - INFO - Completed: 12277 / To go: 2
2025-10-27 04:09:30,509 - INFO - Records in product_list: 12277
2025-10-27 04:09:32,891 - INFO - Completed: 12277 / To go: 2
2025-10-27 04:09:32,891 - INFO - Records in product_list: 12277
2025-10-27 04:09:35,162 - INFO - Completed: 12277 / To go: 2
2025-10-27 04:09:35,162 - INFO - Records in product_list: 12277
2025-10-27 04:09:37,441 - INFO - Completed: 12277 / To go: 2
2025-10-27 04:09:37,441 - INFO - Records in product_list: 12277
2025-10-27 04:09:39,854 - INFO - Completed: 12277 / To go: 2
2025-10-27 04:09:39,854 - INFO - Records in product_list: 12277
2025-10-27 04:09:42,146 - INFO - Completed: 12277 / To go: 2
2025-10-27 04:09:42,146 - INFO - Records in product_list: 12277
2025-10-27 04:09:44,418 - INFO - Completed: 12277 / To go: 2
2025-10-27 04:09:44,418 - INFO - Records in product_list: 12277
2025-10-27 04:09:46,696 - INFO - Completed: 12277 / To go: 2
2025-10-27 04:09:46,696 - INFO - Records in product_list: 12277
2025-10-27 04:09:48,970 - INFO - Completed: 12277 / To go: 2
2025-10-27 04:09:48,970 - INFO - Records in product_list: 12277
2025-10-27 04:09:51,248 - INFO - Completed: 12277 / To go: 2
2025-10-27 04:09:51,249 - INFO - Records in product_list: 12277
2025-10-27 04:09:53,513 - INFO - Completed: 12277 / To go: 2
2025-10-27 04:09:53,514 - INFO - Records in product_list: 12277
2025-10-27 04:09:55,843 - INFO - Completed: 12277 / To go: 2
2025-10-27 04:09:55,843 - INFO - Records in product_list: 12277
2025-10-27 04:09:58,107 - INFO - Completed: 12277 / To go: 2
2025-10-27 04:09:58,107 - INFO - Records in product_list: 12277
2025-10-27 04:10:00,382 - INFO - Completed: 12277 / To go: 2
2025-10-27 04:10:00,382 - INFO - Records in product_list: 12277
2025-10-27 04:10:02,645 - INFO - Completed: 12277 / To go: 2
2025-10-27 04:10:02,645 - INFO - Records in product_list: 12277
2025-10-27 04:10:04,924 - INFO - Completed: 12277 / To go: 2
2025-10-27 04:10:04,924 - INFO - Records in product_list: 12277
2025-10-27 04:10:07,245 - INFO - Completed: 12277 / To go: 2
2025-10-27 04:10:07,245 - INFO - Records in product_list: 12277
2025-10-27 04:10:09,531 - INFO - Completed: 12277 / To go: 2
2025-10-27 04:10:09,531 - INFO - Records in product_list: 12277
2025-10-27 04:10:11,791 - INFO - Completed: 12277 / To go: 2
2025-10-27 04:10:11,792 - INFO - Records in product_list: 12277
2025-10-27 04:10:14,080 - INFO - Completed: 12277 / To go: 2
2025-10-27 04:10:14,080 - INFO - Records in product_list: 12277
2025-10-27 04:10:16,344 - INFO - Completed: 12277 / To go: 2
2025-10-27 04:10:16,344 - INFO - Records in product_list: 12277
2025-10-27 04:10:18,607 - INFO - Completed: 12277 / To go: 2
2025-10-27 04:10:18,608 - INFO - Records in product_list: 12277
2025-10-27 04:10:20,881 - INFO - Completed: 12277 / To go: 2
2025-10-27 04:10:20,881 - INFO - Records in product_list: 12277
2025-10-27 04:10:23,193 - INFO - Completed: 12277 / To go: 2
2025-10-27 04:10:23,193 - INFO - Records in product_list: 12277
2025-10-27 04:10:25,457 - INFO - Completed: 12277 / To go: 2
2025-10-27 04:10:25,457 - INFO - Records in product_list: 12277
2025-10-27 04:10:27,801 - INFO - Completed: 12277 / To go: 2
2025-10-27 04:10:27,801 - INFO - Records in product_list: 12277
2025-10-27 04:10:30,099 - INFO - Completed: 12277 / To go: 2
2025-10-27 04:10:30,099 - INFO - Records in product_list: 12277
2025-10-27 04:10:32,367 - INFO - Completed: 12277 / To go: 2
2025-10-27 04:10:32,367 - INFO - Records in product_list: 12277
2025-10-27 04:10:34,647 - INFO - Completed: 12277 / To go: 2
2025-10-27 04:10:34,647 - INFO - Records in product_list: 12277
2025-10-27 04:10:36,925 - INFO - Completed: 12277 / To go: 2
2025-10-27 04:10:36,925 - INFO - Records in product_list: 12277
2025-10-27 04:10:39,188 - INFO - Completed: 12277 / To go: 2
2025-10-27 04:10:39,188 - INFO - Records in product_list: 12277
2025-10-27 04:10:41,456 - INFO - Completed: 12277 / To go: 2
2025-10-27 04:10:41,456 - INFO - Records in product_list: 12277
2025-10-27 04:10:43,722 - INFO - Completed: 12277 / To go: 2
2025-10-27 04:10:43,722 - INFO - Records in product_list: 12277
2025-10-27 04:10:45,990 - INFO - Completed: 12277 / To go: 2
2025-10-27 04:10:45,991 - INFO - Records in product_list: 12277
2025-10-27 04:10:48,315 - INFO - Completed: 12277 / To go: 2
2025-10-27 04:10:48,315 - INFO - Records in product_list: 12277
2025-10-27 04:10:50,590 - INFO - Completed: 12277 / To go: 2
2025-10-27 04:10:50,590 - INFO - Records in product_list: 12277
2025-10-27 04:10:52,860 - INFO - Completed: 12277 / To go: 2
2025-10-27 04:10:52,860 - INFO - Records in product_list: 12277
2025-10-27 04:10:55,134 - INFO - Completed: 12277 / To go: 2
2025-10-27 04:10:55,134 - INFO - Records in product_list: 12277
2025-10-27 04:10:57,463 - INFO - Completed: 12277 / To go: 2
2025-10-27 04:10:57,463 - INFO - Records in product_list: 12277
2025-10-27 04:10:59,738 - INFO - Completed: 12277 / To go: 2
2025-10-27 04:10:59,738 - INFO - Records in product_list: 12277
2025-10-27 04:11:02,009 - INFO - Completed: 12277 / To go: 2
2025-10-27 04:11:02,009 - INFO - Records in product_list: 12277
2025-10-27 04:11:04,279 - INFO - Completed: 12277 / To go: 2
2025-10-27 04:11:04,279 - INFO - Records in product_list: 12277
2025-10-27 04:11:06,577 - INFO - Completed: 12277 / To go: 2
2025-10-27 04:11:06,577 - INFO - Records in product_list: 12277
2025-10-27 04:11:08,843 - INFO - Completed: 12277 / To go: 2
2025-10-27 04:11:08,843 - INFO - Records in product_list: 12277
2025-10-27 04:11:11,115 - INFO - Completed: 12277 / To go: 2
2025-10-27 04:11:11,115 - INFO - Records in product_list: 12277
2025-10-27 04:11:13,382 - INFO - Completed: 12277 / To go: 2
2025-10-27 04:11:13,382 - INFO - Records in product_list: 12277
2025-10-27 04:11:15,675 - INFO - Completed: 12277 / To go: 2
2025-10-27 04:11:15,675 - INFO - Records in product_list: 12277
2025-10-27 04:11:17,945 - INFO - Completed: 12277 / To go: 2
2025-10-27 04:11:17,945 - INFO - Records in product_list: 12277
2025-10-27 04:11:20,219 - INFO - Completed: 12277 / To go: 2
2025-10-27 04:11:20,219 - INFO - Records in product_list: 12277
2025-10-27 04:11:22,487 - INFO - Completed: 12277 / To go: 2
2025-10-27 04:11:22,487 - INFO - Records in product_list: 12277
2025-10-27 04:11:24,776 - INFO - Completed: 12277 / To go: 2
2025-10-27 04:11:24,776 - INFO - Records in product_list: 12277
2025-10-27 04:11:27,038 - INFO - Completed: 12277 / To go: 2
2025-10-27 04:11:27,038 - INFO - Records in product_list: 12277
2025-10-27 04:11:29,335 - INFO - Completed: 12277 / To go: 2
2025-10-27 04:11:29,336 - INFO - Records in product_list: 12277
2025-10-27 04:11:31,857 - INFO - Completed: 12277 / To go: 2
2025-10-27 04:11:31,857 - INFO - Records in product_list: 12277
2025-10-27 04:11:34,121 - INFO - Completed: 12277 / To go: 2
2025-10-27 04:11:34,121 - INFO - Records in product_list: 12277
2025-10-27 04:11:36,396 - INFO - Completed: 12277 / To go: 2
2025-10-27 04:11:36,396 - INFO - Records in product_list: 12277
2025-10-27 04:11:38,666 - INFO - Completed: 12277 / To go: 2
2025-10-27 04:11:38,666 - INFO - Records in product_list: 12277
2025-10-27 04:11:40,941 - INFO - Completed: 12277 / To go: 2
2025-10-27 04:11:40,941 - INFO - Records in product_list: 12277
2025-10-27 04:11:43,246 - INFO - Completed: 12277 / To go: 2
2025-10-27 04:11:43,246 - INFO - Records in product_list: 12277
2025-10-27 04:11:45,515 - INFO - Completed: 12277 / To go: 2
2025-10-27 04:11:45,515 - INFO - Records in product_list: 12277
2025-10-27 04:11:47,789 - INFO - Completed: 12277 / To go: 2
2025-10-27 04:11:47,789 - INFO - Records in product_list: 12277
2025-10-27 04:11:50,054 - INFO - Completed: 12277 / To go: 2
2025-10-27 04:11:50,054 - INFO - Records in product_list: 12277
2025-10-27 04:11:52,317 - INFO - Completed: 12277 / To go: 2
2025-10-27 04:11:52,317 - INFO - Records in product_list: 12277
2025-10-27 04:11:54,577 - INFO - Completed: 12277 / To go: 2
2025-10-27 04:11:54,577 - INFO - Records in product_list: 12277
2025-10-27 04:11:56,846 - INFO - Completed: 12277 / To go: 2
2025-10-27 04:11:56,846 - INFO - Records in product_list: 12277
2025-10-27 04:11:59,154 - INFO - Completed: 12277 / To go: 2
2025-10-27 04:11:59,154 - INFO - Records in product_list: 12277
2025-10-27 04:12:01,417 - INFO - Completed: 12277 / To go: 2
2025-10-27 04:12:01,417 - INFO - Records in product_list: 12277
2025-10-27 04:12:03,676 - INFO - Completed: 12277 / To go: 2
2025-10-27 04:12:03,676 - INFO - Records in product_list: 12277
2025-10-27 04:12:05,949 - INFO - Completed: 12277 / To go: 2
2025-10-27 04:12:05,949 - INFO - Records in product_list: 12277
2025-10-27 04:12:08,212 - INFO - Completed: 12277 / To go: 2
2025-10-27 04:12:08,212 - INFO - Records in product_list: 12277
2025-10-27 04:12:10,480 - INFO - Completed: 12277 / To go: 2
2025-10-27 04:12:10,480 - INFO - Records in product_list: 12277
2025-10-27 04:12:12,749 - INFO - Completed: 12277 / To go: 2
2025-10-27 04:12:12,749 - INFO - Records in product_list: 12277
2025-10-27 04:12:15,044 - INFO - Completed: 12277 / To go: 2
2025-10-27 04:12:15,044 - INFO - Records in product_list: 12277
2025-10-27 04:12:17,309 - INFO - Completed: 12277 / To go: 2
2025-10-27 04:12:17,310 - INFO - Records in product_list: 12277
2025-10-27 04:12:19,577 - INFO - Completed: 12277 / To go: 2
2025-10-27 04:12:19,577 - INFO - Records in product_list: 12277
2025-10-27 04:12:21,841 - INFO - Completed: 12277 / To go: 2
2025-10-27 04:12:21,841 - INFO - Records in product_list: 12277
2025-10-27 04:12:24,109 - INFO - Completed: 12277 / To go: 2
2025-10-27 04:12:24,110 - INFO - Records in product_list: 12277
2025-10-27 04:12:26,380 - INFO - Completed: 12277 / To go: 2
2025-10-27 04:12:26,380 - INFO - Records in product_list: 12277
2025-10-27 04:12:28,652 - INFO - Completed: 12277 / To go: 2
2025-10-27 04:12:28,653 - INFO - Records in product_list: 12277
2025-10-27 04:12:30,920 - INFO - Completed: 12277 / To go: 2
2025-10-27 04:12:30,920 - INFO - Records in product_list: 12277
2025-10-27 04:12:33,225 - INFO - Completed: 12277 / To go: 2
2025-10-27 04:12:33,226 - INFO - Records in product_list: 12277
2025-10-27 04:12:35,511 - INFO - Completed: 12277 / To go: 2
2025-10-27 04:12:35,511 - INFO - Records in product_list: 12277
2025-10-27 04:12:37,784 - INFO - Completed: 12277 / To go: 2
2025-10-27 04:12:37,784 - INFO - Records in product_list: 12277
2025-10-27 04:12:40,071 - INFO - Completed: 12277 / To go: 2
2025-10-27 04:12:40,071 - INFO - Records in product_list: 12277
2025-10-27 04:12:42,335 - INFO - Completed: 12277 / To go: 2
2025-10-27 04:12:42,336 - INFO - Records in product_list: 12277
2025-10-27 04:12:44,601 - INFO - Completed: 12277 / To go: 2
2025-10-27 04:12:44,601 - INFO - Records in product_list: 12277
2025-10-27 04:12:46,862 - INFO - Completed: 12277 / To go: 2
2025-10-27 04:12:46,862 - INFO - Records in product_list: 12277
2025-10-27 04:12:49,127 - INFO - Completed: 12277 / To go: 2
2025-10-27 04:12:49,127 - INFO - Records in product_list: 12277
2025-10-27 04:12:51,402 - INFO - Completed: 12277 / To go: 2
2025-10-27 04:12:51,402 - INFO - Records in product_list: 12277
2025-10-27 04:12:53,684 - INFO - Completed: 12277 / To go: 2
2025-10-27 04:12:53,684 - INFO - Records in product_list: 12277
2025-10-27 04:12:56,000 - INFO - Completed: 12277 / To go: 2
2025-10-27 04:12:56,000 - INFO - Records in product_list: 12277
2025-10-27 04:12:58,268 - INFO - Completed: 12277 / To go: 2
2025-10-27 04:12:58,268 - INFO - Records in product_list: 12277
2025-10-27 04:13:00,544 - INFO - Completed: 12277 / To go: 2
2025-10-27 04:13:00,544 - INFO - Records in product_list: 12277
2025-10-27 04:13:02,841 - INFO - Completed: 12277 / To go: 2
2025-10-27 04:13:02,841 - INFO - Records in product_list: 12277
2025-10-27 04:13:05,112 - INFO - Completed: 12277 / To go: 2
2025-10-27 04:13:05,112 - INFO - Records in product_list: 12277
2025-10-27 04:13:07,381 - INFO - Completed: 12277 / To go: 2
2025-10-27 04:13:07,381 - INFO - Records in product_list: 12277
2025-10-27 04:13:09,663 - INFO - Completed: 12277 / To go: 2
2025-10-27 04:13:09,663 - INFO - Records in product_list: 12277
2025-10-27 04:13:11,944 - INFO - Completed: 12277 / To go: 2
2025-10-27 04:13:11,944 - INFO - Records in product_list: 12277
2025-10-27 04:13:14,209 - INFO - Completed: 12277 / To go: 2
2025-10-27 04:13:14,209 - INFO - Records in product_list: 12277
2025-10-27 04:13:16,475 - INFO - Completed: 12277 / To go: 2
2025-10-27 04:13:16,475 - INFO - Records in product_list: 12277
2025-10-27 04:13:18,758 - INFO - Completed: 12277 / To go: 2
2025-10-27 04:13:18,758 - INFO - Records in product_list: 12277
2025-10-27 04:13:21,109 - INFO - Completed: 12277 / To go: 2
2025-10-27 04:13:21,109 - INFO - Records in product_list: 12277
2025-10-27 04:13:23,370 - INFO - Completed: 12277 / To go: 2
2025-10-27 04:13:23,370 - INFO - Records in product_list: 12277
2025-10-27 04:13:25,639 - INFO - Completed: 12277 / To go: 2
2025-10-27 04:13:25,639 - INFO - Records in product_list: 12277
2025-10-27 04:13:27,934 - INFO - Completed: 12277 / To go: 2
2025-10-27 04:13:27,934 - INFO - Records in product_list: 12277
2025-10-27 04:13:30,207 - INFO - Completed: 12277 / To go: 2
2025-10-27 04:13:30,208 - INFO - Records in product_list: 12277
2025-10-27 04:13:32,491 - INFO - Completed: 12277 / To go: 2
2025-10-27 04:13:32,491 - INFO - Records in product_list: 12277
2025-10-27 04:13:34,755 - INFO - Completed: 12277 / To go: 2
2025-10-27 04:13:34,755 - INFO - Records in product_list: 12277
2025-10-27 04:13:37,016 - INFO - Completed: 12277 / To go: 2
2025-10-27 04:13:37,016 - INFO - Records in product_list: 12277
2025-10-27 04:13:39,283 - INFO - Completed: 12277 / To go: 2
2025-10-27 04:13:39,284 - INFO - Records in product_list: 12277
2025-10-27 04:13:41,575 - INFO - Completed: 12277 / To go: 2
2025-10-27 04:13:41,575 - INFO - Records in product_list: 12277
2025-10-27 04:13:43,856 - INFO - Completed: 12277 / To go: 2
2025-10-27 04:13:43,856 - INFO - Records in product_list: 12277
2025-10-27 04:13:46,191 - INFO - Completed: 12277 / To go: 2
2025-10-27 04:13:46,191 - INFO - Records in product_list: 12277
2025-10-27 04:13:48,460 - INFO - Completed: 12277 / To go: 2
2025-10-27 04:13:48,460 - INFO - Records in product_list: 12277
2025-10-27 04:13:50,720 - INFO - Completed: 12277 / To go: 2
2025-10-27 04:13:50,720 - INFO - Records in product_list: 12277
2025-10-27 04:13:52,990 - INFO - Completed: 12277 / To go: 2
2025-10-27 04:13:52,990 - INFO - Records in product_list: 12277
2025-10-27 04:13:55,265 - INFO - Completed: 12277 / To go: 2
2025-10-27 04:13:55,265 - INFO - Records in product_list: 12277
2025-10-27 04:13:57,542 - INFO - Completed: 12277 / To go: 2
2025-10-27 04:13:57,542 - INFO - Records in product_list: 12277
2025-10-27 04:13:59,815 - INFO - Completed: 12277 / To go: 2
2025-10-27 04:13:59,815 - INFO - Records in product_list: 12277
2025-10-27 04:14:02,081 - INFO - Completed: 12277 / To go: 2
2025-10-27 04:14:02,081 - INFO - Records in product_list: 12277
2025-10-27 04:14:04,396 - INFO - Completed: 12277 / To go: 2
2025-10-27 04:14:04,396 - INFO - Records in product_list: 12277
2025-10-27 04:14:06,660 - INFO - Completed: 12277 / To go: 2
2025-10-27 04:14:06,660 - INFO - Records in product_list: 12277
2025-10-27 04:14:08,927 - INFO - Completed: 12277 / To go: 2
2025-10-27 04:14:08,927 - INFO - Records in product_list: 12277
2025-10-27 04:14:11,275 - INFO - Completed: 12277 / To go: 2
2025-10-27 04:14:11,275 - INFO - Records in product_list: 12277
2025-10-27 04:14:13,554 - INFO - Completed: 12277 / To go: 2
2025-10-27 04:14:13,554 - INFO - Records in product_list: 12277
2025-10-27 04:14:15,832 - INFO - Completed: 12277 / To go: 2
2025-10-27 04:14:15,832 - INFO - Records in product_list: 12277
2025-10-27 04:14:18,119 - INFO - Completed: 12277 / To go: 2
2025-10-27 04:14:18,119 - INFO - Records in product_list: 12277
2025-10-27 04:14:20,393 - INFO - Completed: 12277 / To go: 2
2025-10-27 04:14:20,393 - INFO - Records in product_list: 12277
2025-10-27 04:14:22,665 - INFO - Completed: 12277 / To go: 2
2025-10-27 04:14:22,666 - INFO - Records in product_list: 12277
2025-10-27 04:14:24,934 - INFO - Completed: 12277 / To go: 2
2025-10-27 04:14:24,934 - INFO - Records in product_list: 12277
2025-10-27 04:14:27,221 - INFO - Completed: 12277 / To go: 2
2025-10-27 04:14:27,221 - INFO - Records in product_list: 12277
2025-10-27 04:14:29,498 - INFO - Completed: 12277 / To go: 2
2025-10-27 04:14:29,498 - INFO - Records in product_list: 12277
2025-10-27 04:14:31,774 - INFO - Completed: 12277 / To go: 2
2025-10-27 04:14:31,774 - INFO - Records in product_list: 12277
2025-10-27 04:14:34,047 - INFO - Completed: 12277 / To go: 2
2025-10-27 04:14:34,047 - INFO - Records in product_list: 12277
2025-10-27 04:14:36,325 - INFO - Completed: 12277 / To go: 2
2025-10-27 04:14:36,325 - INFO - Records in product_list: 12277
2025-10-27 04:14:38,618 - INFO - Completed: 12277 / To go: 2
2025-10-27 04:14:38,618 - INFO - Records in product_list: 12277
2025-10-27 04:14:40,916 - INFO - Completed: 12277 / To go: 2
2025-10-27 04:14:40,916 - INFO - Records in product_list: 12277
2025-10-27 04:14:43,199 - INFO - Completed: 12277 / To go: 2
2025-10-27 04:14:43,199 - INFO - Records in product_list: 12277
2025-10-27 04:14:45,467 - INFO - Completed: 12277 / To go: 2
2025-10-27 04:14:45,467 - INFO - Records in product_list: 12277
2025-10-27 04:14:47,900 - INFO - Completed: 12277 / To go: 2
2025-10-27 04:14:47,900 - INFO - Records in product_list: 12277
2025-10-27 04:14:50,170 - INFO - Completed: 12277 / To go: 2
2025-10-27 04:14:50,171 - INFO - Records in product_list: 12277
2025-10-27 04:14:52,451 - INFO - Completed: 12277 / To go: 2
2025-10-27 04:14:52,451 - INFO - Records in product_list: 12277
2025-10-27 04:14:54,730 - INFO - Completed: 12277 / To go: 2
2025-10-27 04:14:54,731 - INFO - Records in product_list: 12277
2025-10-27 04:14:56,985 - INFO - Completed: 12277 / To go: 2
2025-10-27 04:14:56,985 - INFO - Records in product_list: 12277
2025-10-27 04:14:59,256 - INFO - Completed: 12277 / To go: 2
2025-10-27 04:14:59,256 - INFO - Records in product_list: 12277
2025-10-27 04:15:01,532 - INFO - Completed: 12277 / To go: 2
2025-10-27 04:15:01,532 - INFO - Records in product_list: 12277
2025-10-27 04:15:03,809 - INFO - Completed: 12277 / To go: 2
2025-10-27 04:15:03,809 - INFO - Records in product_list: 12277
2025-10-27 04:15:06,075 - INFO - Completed: 12277 / To go: 2
2025-10-27 04:15:06,076 - INFO - Records in product_list: 12277
2025-10-27 04:15:08,407 - INFO - Completed: 12277 / To go: 2
2025-10-27 04:15:08,407 - INFO - Records in product_list: 12277
2025-10-27 04:15:10,673 - INFO - Completed: 12277 / To go: 2
2025-10-27 04:15:10,673 - INFO - Records in product_list: 12277
2025-10-27 04:15:12,942 - INFO - Completed: 12277 / To go: 2
2025-10-27 04:15:12,942 - INFO - Records in product_list: 12277
2025-10-27 04:15:15,211 - INFO - Completed: 12277 / To go: 2
2025-10-27 04:15:15,211 - INFO - Records in product_list: 12277
2025-10-27 04:15:17,486 - INFO - Completed: 12277 / To go: 2
2025-10-27 04:15:17,486 - INFO - Records in product_list: 12277
2025-10-27 04:15:19,766 - INFO - Completed: 12277 / To go: 2
2025-10-27 04:15:19,766 - INFO - Records in product_list: 12277
2025-10-27 04:15:22,036 - INFO - Completed: 12277 / To go: 2
2025-10-27 04:15:22,036 - INFO - Records in product_list: 12277
2025-10-27 04:15:24,325 - INFO - Completed: 12277 / To go: 2
2025-10-27 04:15:24,325 - INFO - Records in product_list: 12277
2025-10-27 04:15:26,598 - INFO - Completed: 12277 / To go: 2
2025-10-27 04:15:26,598 - INFO - Records in product_list: 12277
2025-10-27 04:15:28,878 - INFO - Completed: 12277 / To go: 2
2025-10-27 04:15:28,878 - INFO - Records in product_list: 12277
2025-10-27 04:15:31,152 - INFO - Completed: 12277 / To go: 2
2025-10-27 04:15:31,152 - INFO - Records in product_list: 12277
2025-10-27 04:15:33,434 - INFO - Completed: 12277 / To go: 2
2025-10-27 04:15:33,434 - INFO - Records in product_list: 12277
2025-10-27 04:15:35,709 - INFO - Completed: 12277 / To go: 2
2025-10-27 04:15:35,709 - INFO - Records in product_list: 12277
2025-10-27 04:15:38,001 - INFO - Completed: 12277 / To go: 2
2025-10-27 04:15:38,001 - INFO - Records in product_list: 12277
2025-10-27 04:15:40,273 - INFO - Completed: 12277 / To go: 2
2025-10-27 04:15:40,273 - INFO - Records in product_list: 12277
2025-10-27 04:15:42,535 - INFO - Completed: 12277 / To go: 2
2025-10-27 04:15:42,535 - INFO - Records in product_list: 12277
2025-10-27 04:15:44,807 - INFO - Completed: 12277 / To go: 2
2025-10-27 04:15:44,807 - INFO - Records in product_list: 12277
2025-10-27 04:15:47,113 - INFO - Completed: 12277 / To go: 2
2025-10-27 04:15:47,113 - INFO - Records in product_list: 12277
2025-10-27 04:15:49,399 - INFO - Completed: 12277 / To go: 2
2025-10-27 04:15:49,399 - INFO - Records in product_list: 12277
2025-10-27 04:15:51,672 - INFO - Completed: 12277 / To go: 2
2025-10-27 04:15:51,672 - INFO - Records in product_list: 12277
2025-10-27 04:15:53,933 - INFO - Completed: 12277 / To go: 2
2025-10-27 04:15:53,933 - INFO - Records in product_list: 12277
2025-10-27 04:15:56,208 - INFO - Completed: 12277 / To go: 2
2025-10-27 04:15:56,208 - INFO - Records in product_list: 12277
2025-10-27 04:15:58,480 - INFO - Completed: 12277 / To go: 2
2025-10-27 04:15:58,480 - INFO - Records in product_list: 12277
2025-10-27 04:16:00,747 - INFO - Completed: 12277 / To go: 2
2025-10-27 04:16:00,747 - INFO - Records in product_list: 12277
2025-10-27 04:16:03,008 - INFO - Completed: 12277 / To go: 2
2025-10-27 04:16:03,009 - INFO - Records in product_list: 12277
2025-10-27 04:16:05,341 - INFO - Completed: 12277 / To go: 2
2025-10-27 04:16:05,341 - INFO - Records in product_list: 12277
2025-10-27 04:16:07,609 - INFO - Completed: 12277 / To go: 2
2025-10-27 04:16:07,609 - INFO - Records in product_list: 12277
2025-10-27 04:16:09,868 - INFO - Completed: 12277 / To go: 2
2025-10-27 04:16:09,868 - INFO - Records in product_list: 12277
2025-10-27 04:16:12,205 - INFO - Completed: 12277 / To go: 2
2025-10-27 04:16:12,205 - INFO - Records in product_list: 12277
2025-10-27 04:16:14,496 - INFO - Completed: 12277 / To go: 2
2025-10-27 04:16:14,496 - INFO - Records in product_list: 12277
2025-10-27 04:16:16,825 - INFO - Completed: 12277 / To go: 2
2025-10-27 04:16:16,825 - INFO - Records in product_list: 12277
2025-10-27 04:16:19,087 - INFO - Completed: 12277 / To go: 2
2025-10-27 04:16:19,087 - INFO - Records in product_list: 12277
2025-10-27 04:16:21,346 - INFO - Completed: 12277 / To go: 2
2025-10-27 04:16:21,346 - INFO - Records in product_list: 12277
2025-10-27 04:16:23,616 - INFO - Completed: 12277 / To go: 2
2025-10-27 04:16:23,616 - INFO - Records in product_list: 12277
2025-10-27 04:16:25,883 - INFO - Completed: 12277 / To go: 2
2025-10-27 04:16:25,883 - INFO - Records in product_list: 12277
2025-10-27 04:16:28,163 - INFO - Completed: 12277 / To go: 2
2025-10-27 04:16:28,163 - INFO - Records in product_list: 12277
2025-10-27 04:16:30,435 - INFO - Completed: 12277 / To go: 2
2025-10-27 04:16:30,436 - INFO - Records in product_list: 12277
2025-10-27 04:16:32,762 - INFO - Completed: 12277 / To go: 2
2025-10-27 04:16:32,762 - INFO - Records in product_list: 12277
2025-10-27 04:16:35,082 - INFO - Completed: 12277 / To go: 2
2025-10-27 04:16:35,082 - INFO - Records in product_list: 12277
2025-10-27 04:16:37,349 - INFO - Completed: 12277 / To go: 2
2025-10-27 04:16:37,349 - INFO - Records in product_list: 12277
2025-10-27 04:16:39,641 - INFO - Completed: 12277 / To go: 2
2025-10-27 04:16:39,641 - INFO - Records in product_list: 12277
2025-10-27 04:16:41,911 - INFO - Completed: 12277 / To go: 2
2025-10-27 04:16:41,911 - INFO - Records in product_list: 12277
2025-10-27 04:16:44,202 - INFO - Completed: 12277 / To go: 2
2025-10-27 04:16:44,202 - INFO - Records in product_list: 12277
2025-10-27 04:16:46,476 - INFO - Completed: 12277 / To go: 2
2025-10-27 04:16:46,477 - INFO - Records in product_list: 12277
2025-10-27 04:16:48,749 - INFO - Completed: 12277 / To go: 2
2025-10-27 04:16:48,749 - INFO - Records in product_list: 12277
2025-10-27 04:16:51,028 - INFO - Completed: 12277 / To go: 2
2025-10-27 04:16:51,028 - INFO - Records in product_list: 12277
2025-10-27 04:16:53,296 - INFO - Completed: 12277 / To go: 2
2025-10-27 04:16:53,296 - INFO - Records in product_list: 12277
2025-10-27 04:16:55,580 - INFO - Completed: 12277 / To go: 2
2025-10-27 04:16:55,580 - INFO - Records in product_list: 12277
2025-10-27 04:16:57,874 - INFO - Completed: 12277 / To go: 2
2025-10-27 04:16:57,874 - INFO - Records in product_list: 12277
2025-10-27 04:17:00,148 - INFO - Completed: 12277 / To go: 2
2025-10-27 04:17:00,148 - INFO - Records in product_list: 12277
2025-10-27 04:17:02,430 - INFO - Completed: 12277 / To go: 2
2025-10-27 04:17:02,430 - INFO - Records in product_list: 12277
2025-10-27 04:17:04,703 - INFO - Completed: 12277 / To go: 2
2025-10-27 04:17:04,703 - INFO - Records in product_list: 12277
2025-10-27 04:17:06,976 - INFO - Completed: 12277 / To go: 2
2025-10-27 04:17:06,976 - INFO - Records in product_list: 12277
2025-10-27 04:17:09,248 - INFO - Completed: 12277 / To go: 2
2025-10-27 04:17:09,248 - INFO - Records in product_list: 12277
2025-10-27 04:17:11,537 - INFO - Completed: 12277 / To go: 2
2025-10-27 04:17:11,537 - INFO - Records in product_list: 12277
2025-10-27 04:17:13,814 - INFO - Completed: 12277 / To go: 2
2025-10-27 04:17:13,814 - INFO - Records in product_list: 12277
2025-10-27 04:17:16,078 - INFO - Completed: 12277 / To go: 2
2025-10-27 04:17:16,078 - INFO - Records in product_list: 12277
2025-10-27 04:17:18,370 - INFO - Completed: 12277 / To go: 2
2025-10-27 04:17:18,370 - INFO - Records in product_list: 12277
2025-10-27 04:17:20,648 - INFO - Completed: 12277 / To go: 2
2025-10-27 04:17:20,648 - INFO - Records in product_list: 12277
2025-10-27 04:17:22,917 - INFO - Completed: 12277 / To go: 2
2025-10-27 04:17:22,917 - INFO - Records in product_list: 12277
2025-10-27 04:17:25,191 - INFO - Completed: 12277 / To go: 2
2025-10-27 04:17:25,191 - INFO - Records in product_list: 12277
2025-10-27 04:17:27,537 - INFO - Completed: 12277 / To go: 2
2025-10-27 04:17:27,537 - INFO - Records in product_list: 12277
2025-10-27 04:17:29,799 - INFO - Completed: 12277 / To go: 2
2025-10-27 04:17:29,799 - INFO - Records in product_list: 12277
2025-10-27 04:17:32,091 - INFO - Completed: 12277 / To go: 2
2025-10-27 04:17:32,091 - INFO - Records in product_list: 12277
2025-10-27 04:17:34,354 - INFO - Completed: 12277 / To go: 2
2025-10-27 04:17:34,354 - INFO - Records in product_list: 12277
2025-10-27 04:17:36,616 - INFO - Completed: 12277 / To go: 2
2025-10-27 04:17:36,616 - INFO - Records in product_list: 12277
2025-10-27 04:17:38,902 - INFO - Completed: 12277 / To go: 2
2025-10-27 04:17:38,903 - INFO - Records in product_list: 12277
2025-10-27 04:17:41,191 - INFO - Completed: 12277 / To go: 2
2025-10-27 04:17:41,191 - INFO - Records in product_list: 12277
2025-10-27 04:17:43,460 - INFO - Completed: 12277 / To go: 2
2025-10-27 04:17:43,460 - INFO - Records in product_list: 12277
2025-10-27 04:17:45,742 - INFO - Completed: 12277 / To go: 2
2025-10-27 04:17:45,742 - INFO - Records in product_list: 12277
2025-10-27 04:17:48,012 - INFO - Completed: 12277 / To go: 2
2025-10-27 04:17:48,012 - INFO - Records in product_list: 12277
2025-10-27 04:17:50,283 - INFO - Completed: 12277 / To go: 2
2025-10-27 04:17:50,284 - INFO - Records in product_list: 12277
2025-10-27 04:17:53,000 - INFO - Completed: 12277 / To go: 2
2025-10-27 04:17:53,000 - INFO - Records in product_list: 12277
2025-10-27 04:17:55,269 - INFO - Completed: 12277 / To go: 2
2025-10-27 04:17:55,269 - INFO - Records in product_list: 12277
2025-10-27 04:17:57,581 - INFO - Completed: 12277 / To go: 2
2025-10-27 04:17:57,581 - INFO - Records in product_list: 12277
2025-10-27 04:17:59,838 - INFO - Completed: 12277 / To go: 2
2025-10-27 04:17:59,838 - INFO - Records in product_list: 12277
2025-10-27 04:18:02,181 - INFO - Completed: 12277 / To go: 2
2025-10-27 04:18:02,181 - INFO - Records in product_list: 12277
2025-10-27 04:18:04,507 - INFO - Completed: 12277 / To go: 2
2025-10-27 04:18:04,507 - INFO - Records in product_list: 12277
2025-10-27 04:18:06,802 - INFO - Completed: 12277 / To go: 2
2025-10-27 04:18:06,802 - INFO - Records in product_list: 12277
2025-10-27 04:18:09,092 - INFO - Completed: 12277 / To go: 2
2025-10-27 04:18:09,092 - INFO - Records in product_list: 12277
2025-10-27 04:18:11,363 - INFO - Completed: 12277 / To go: 2
2025-10-27 04:18:11,363 - INFO - Records in product_list: 12277
2025-10-27 04:18:13,627 - INFO - Completed: 12277 / To go: 2
2025-10-27 04:18:13,627 - INFO - Records in product_list: 12277
2025-10-27 04:18:15,901 - INFO - Completed: 12277 / To go: 2
2025-10-27 04:18:15,901 - INFO - Records in product_list: 12277
2025-10-27 04:18:18,183 - INFO - Completed: 12277 / To go: 2
2025-10-27 04:18:18,183 - INFO - Records in product_list: 12277
2025-10-27 04:18:20,468 - INFO - Completed: 12277 / To go: 2
2025-10-27 04:18:20,468 - INFO - Records in product_list: 12277
2025-10-27 04:18:22,731 - INFO - Completed: 12277 / To go: 2
2025-10-27 04:18:22,731 - INFO - Records in product_list: 12277
2025-10-27 04:18:25,057 - INFO - Completed: 12277 / To go: 2
2025-10-27 04:18:25,058 - INFO - Records in product_list: 12277
2025-10-27 04:18:27,312 - INFO - Completed: 12277 / To go: 2
2025-10-27 04:18:27,312 - INFO - Records in product_list: 12277
2025-10-27 04:18:29,589 - INFO - Completed: 12277 / To go: 2
2025-10-27 04:18:29,590 - INFO - Records in product_list: 12277
2025-10-27 04:18:31,912 - INFO - Completed: 12277 / To go: 2
2025-10-27 04:18:31,912 - INFO - Records in product_list: 12277
2025-10-27 04:18:34,189 - INFO - Completed: 12277 / To go: 2
2025-10-27 04:18:34,189 - INFO - Records in product_list: 12277
2025-10-27 04:18:36,458 - INFO - Completed: 12277 / To go: 2
2025-10-27 04:18:36,459 - INFO - Records in product_list: 12277
2025-10-27 04:18:38,728 - INFO - Completed: 12277 / To go: 2
2025-10-27 04:18:38,728 - INFO - Records in product_list: 12277
2025-10-27 04:18:40,995 - INFO - Completed: 12277 / To go: 2
2025-10-27 04:18:40,995 - INFO - Records in product_list: 12277
2025-10-27 04:18:43,274 - INFO - Completed: 12277 / To go: 2
2025-10-27 04:18:43,274 - INFO - Records in product_list: 12277
2025-10-27 04:18:45,542 - INFO - Completed: 12277 / To go: 2
2025-10-27 04:18:45,542 - INFO - Records in product_list: 12277
2025-10-27 04:18:47,817 - INFO - Completed: 12277 / To go: 2
2025-10-27 04:18:47,817 - INFO - Records in product_list: 12277
2025-10-27 04:18:50,092 - INFO - Completed: 12277 / To go: 2
2025-10-27 04:18:50,092 - INFO - Records in product_list: 12277
2025-10-27 04:18:52,399 - INFO - Completed: 12277 / To go: 2
2025-10-27 04:18:52,399 - INFO - Records in product_list: 12277
2025-10-27 04:18:54,722 - INFO - Completed: 12277 / To go: 2
2025-10-27 04:18:54,722 - INFO - Records in product_list: 12277
2025-10-27 04:18:57,223 - INFO - Completed: 12277 / To go: 2
2025-10-27 04:18:57,223 - INFO - Records in product_list: 12277
2025-10-27 04:18:59,509 - INFO - Completed: 12277 / To go: 2
2025-10-27 04:18:59,509 - INFO - Records in product_list: 12277
2025-10-27 04:19:01,776 - INFO - Completed: 12277 / To go: 2
2025-10-27 04:19:01,777 - INFO - Records in product_list: 12277
2025-10-27 04:19:04,047 - INFO - Completed: 12277 / To go: 2
2025-10-27 04:19:04,047 - INFO - Records in product_list: 12277
2025-10-27 04:19:06,737 - INFO - Completed: 12277 / To go: 2
2025-10-27 04:19:06,737 - INFO - Records in product_list: 12277
2025-10-27 04:19:09,039 - INFO - Completed: 12277 / To go: 2
2025-10-27 04:19:09,039 - INFO - Records in product_list: 12277
2025-10-27 04:19:11,314 - INFO - Completed: 12277 / To go: 2
2025-10-27 04:19:11,314 - INFO - Records in product_list: 12277
2025-10-27 04:19:13,593 - INFO - Completed: 12277 / To go: 2
2025-10-27 04:19:13,593 - INFO - Records in product_list: 12277
2025-10-27 04:19:15,858 - INFO - Completed: 12277 / To go: 2
2025-10-27 04:19:15,858 - INFO - Records in product_list: 12277
2025-10-27 04:19:18,135 - INFO - Completed: 12277 / To go: 2
2025-10-27 04:19:18,135 - INFO - Records in product_list: 12277
2025-10-27 04:19:20,403 - INFO - Completed: 12277 / To go: 2
2025-10-27 04:19:20,403 - INFO - Records in product_list: 12277
2025-10-27 04:19:22,669 - INFO - Completed: 12277 / To go: 2
2025-10-27 04:19:22,669 - INFO - Records in product_list: 12277
2025-10-27 04:19:24,948 - INFO - Completed: 12277 / To go: 2
2025-10-27 04:19:24,949 - INFO - Records in product_list: 12277
2025-10-27 04:19:27,214 - INFO - Completed: 12277 / To go: 2
2025-10-27 04:19:27,214 - INFO - Records in product_list: 12277
2025-10-27 04:19:29,484 - INFO - Completed: 12277 / To go: 2
2025-10-27 04:19:29,484 - INFO - Records in product_list: 12277
2025-10-27 04:19:31,751 - INFO - Completed: 12277 / To go: 2
2025-10-27 04:19:31,751 - INFO - Records in product_list: 12277
2025-10-27 04:19:34,071 - INFO - Completed: 12277 / To go: 2
2025-10-27 04:19:34,071 - INFO - Records in product_list: 12277
2025-10-27 04:19:36,360 - INFO - Completed: 12277 / To go: 2
2025-10-27 04:19:36,360 - INFO - Records in product_list: 12277
2025-10-27 04:19:38,634 - INFO - Completed: 12277 / To go: 2
2025-10-27 04:19:38,634 - INFO - Records in product_list: 12277
2025-10-27 04:19:40,894 - INFO - Completed: 12277 / To go: 2
2025-10-27 04:19:40,894 - INFO - Records in product_list: 12277
2025-10-27 04:19:43,273 - INFO - Completed: 12277 / To go: 2
2025-10-27 04:19:43,274 - INFO - Records in product_list: 12277
2025-10-27 04:19:45,555 - INFO - Completed: 12277 / To go: 2
2025-10-27 04:19:45,555 - INFO - Records in product_list: 12277
2025-10-27 04:19:47,828 - INFO - Completed: 12277 / To go: 2
2025-10-27 04:19:47,828 - INFO - Records in product_list: 12277
2025-10-27 04:19:50,109 - INFO - Completed: 12277 / To go: 2
2025-10-27 04:19:50,110 - INFO - Records in product_list: 12277
2025-10-27 04:19:52,447 - INFO - Completed: 12277 / To go: 2
2025-10-27 04:19:52,447 - INFO - Records in product_list: 12277
2025-10-27 04:19:54,898 - INFO - Completed: 12277 / To go: 2
2025-10-27 04:19:54,898 - INFO - Records in product_list: 12277
2025-10-27 04:19:57,208 - INFO - Completed: 12277 / To go: 2
2025-10-27 04:19:57,208 - INFO - Records in product_list: 12277
2025-10-27 04:19:59,481 - INFO - Completed: 12277 / To go: 2
2025-10-27 04:19:59,481 - INFO - Records in product_list: 12277
2025-10-27 04:20:01,764 - INFO - Completed: 12277 / To go: 2
2025-10-27 04:20:01,764 - INFO - Records in product_list: 12277
2025-10-27 04:20:04,038 - INFO - Completed: 12277 / To go: 2
2025-10-27 04:20:04,038 - INFO - Records in product_list: 12277
2025-10-27 04:20:06,310 - INFO - Completed: 12277 / To go: 2
2025-10-27 04:20:06,310 - INFO - Records in product_list: 12277
2025-10-27 04:20:08,583 - INFO - Completed: 12277 / To go: 2
2025-10-27 04:20:08,583 - INFO - Records in product_list: 12277
2025-10-27 04:20:10,851 - INFO - Completed: 12277 / To go: 2
2025-10-27 04:20:10,851 - INFO - Records in product_list: 12277
2025-10-27 04:20:13,134 - INFO - Completed: 12277 / To go: 2
2025-10-27 04:20:13,134 - INFO - Records in product_list: 12277
2025-10-27 04:20:15,423 - INFO - Completed: 12277 / To go: 2
2025-10-27 04:20:15,423 - INFO - Records in product_list: 12277
2025-10-27 04:20:17,697 - INFO - Completed: 12277 / To go: 2
2025-10-27 04:20:17,698 - INFO - Records in product_list: 12277
2025-10-27 04:20:19,959 - INFO - Completed: 12277 / To go: 2
2025-10-27 04:20:19,959 - INFO - Records in product_list: 12277
2025-10-27 04:20:22,245 - INFO - Completed: 12277 / To go: 2
2025-10-27 04:20:22,245 - INFO - Records in product_list: 12277
2025-10-27 04:20:24,512 - INFO - Completed: 12277 / To go: 2
2025-10-27 04:20:24,512 - INFO - Records in product_list: 12277
2025-10-27 04:20:26,834 - INFO - Completed: 12277 / To go: 2
2025-10-27 04:20:26,834 - INFO - Records in product_list: 12277
2025-10-27 04:20:29,102 - INFO - Completed: 12277 / To go: 2
2025-10-27 04:20:29,102 - INFO - Records in product_list: 12277
2025-10-27 04:20:31,365 - INFO - Completed: 12277 / To go: 2
2025-10-27 04:20:31,365 - INFO - Records in product_list: 12277
2025-10-27 04:20:33,640 - INFO - Completed: 12277 / To go: 2
2025-10-27 04:20:33,640 - INFO - Records in product_list: 12277
2025-10-27 04:20:35,939 - INFO - Completed: 12277 / To go: 2
2025-10-27 04:20:35,939 - INFO - Records in product_list: 12277
2025-10-27 04:20:38,218 - INFO - Completed: 12277 / To go: 2
2025-10-27 04:20:38,218 - INFO - Records in product_list: 12277
2025-10-27 04:20:40,495 - INFO - Completed: 12277 / To go: 2
2025-10-27 04:20:40,495 - INFO - Records in product_list: 12277
2025-10-27 04:20:42,765 - INFO - Completed: 12277 / To go: 2
2025-10-27 04:20:42,765 - INFO - Records in product_list: 12277
2025-10-27 04:20:45,036 - INFO - Completed: 12277 / To go: 2
2025-10-27 04:20:45,036 - INFO - Records in product_list: 12277
2025-10-27 04:20:47,309 - INFO - Completed: 12277 / To go: 2
2025-10-27 04:20:47,310 - INFO - Records in product_list: 12277
2025-10-27 04:20:49,640 - INFO - Completed: 12277 / To go: 2
2025-10-27 04:20:49,640 - INFO - Records in product_list: 12277
2025-10-27 04:20:51,910 - INFO - Completed: 12277 / To go: 2
2025-10-27 04:20:51,910 - INFO - Records in product_list: 12277
2025-10-27 04:20:54,194 - INFO - Completed: 12277 / To go: 2
2025-10-27 04:20:54,194 - INFO - Records in product_list: 12277
2025-10-27 04:20:56,524 - INFO - Completed: 12277 / To go: 2
2025-10-27 04:20:56,524 - INFO - Records in product_list: 12277
2025-10-27 04:20:58,795 - INFO - Completed: 12277 / To go: 2
2025-10-27 04:20:58,795 - INFO - Records in product_list: 12277
2025-10-27 04:21:01,065 - INFO - Completed: 12277 / To go: 2
2025-10-27 04:21:01,065 - INFO - Records in product_list: 12277
2025-10-27 04:21:03,332 - INFO - Completed: 12277 / To go: 2
2025-10-27 04:21:03,332 - INFO - Records in product_list: 12277
2025-10-27 04:21:05,598 - INFO - Completed: 12277 / To go: 2
2025-10-27 04:21:05,598 - INFO - Records in product_list: 12277
2025-10-27 04:21:07,870 - INFO - Completed: 12277 / To go: 2
2025-10-27 04:21:07,870 - INFO - Records in product_list: 12277
2025-10-27 04:21:10,154 - INFO - Completed: 12277 / To go: 2
2025-10-27 04:21:10,154 - INFO - Records in product_list: 12277
2025-10-27 04:21:12,416 - INFO - Completed: 12277 / To go: 2
2025-10-27 04:21:12,416 - INFO - Records in product_list: 12277
2025-10-27 04:21:14,688 - INFO - Completed: 12277 / To go: 2
2025-10-27 04:21:14,688 - INFO - Records in product_list: 12277
2025-10-27 04:21:16,971 - INFO - Completed: 12277 / To go: 2
2025-10-27 04:21:16,971 - INFO - Records in product_list: 12277
2025-10-27 04:21:19,247 - INFO - Completed: 12277 / To go: 2
2025-10-27 04:21:19,247 - INFO - Records in product_list: 12277
2025-10-27 04:21:21,526 - INFO - Completed: 12277 / To go: 2
2025-10-27 04:21:21,526 - INFO - Records in product_list: 12277
2025-10-27 04:21:23,805 - INFO - Completed: 12277 / To go: 2
2025-10-27 04:21:23,805 - INFO - Records in product_list: 12277
2025-10-27 04:21:26,077 - INFO - Completed: 12277 / To go: 2
2025-10-27 04:21:26,078 - INFO - Records in product_list: 12277
2025-10-27 04:21:28,365 - INFO - Completed: 12277 / To go: 2
2025-10-27 04:21:28,365 - INFO - Records in product_list: 12277
2025-10-27 04:21:30,663 - INFO - Completed: 12277 / To go: 2
2025-10-27 04:21:30,664 - INFO - Records in product_list: 12277
2025-10-27 04:21:32,932 - INFO - Completed: 12277 / To go: 2
2025-10-27 04:21:32,932 - INFO - Records in product_list: 12277
2025-10-27 04:21:35,213 - INFO - Completed: 12277 / To go: 2
2025-10-27 04:21:35,214 - INFO - Records in product_list: 12277
2025-10-27 04:21:37,477 - INFO - Completed: 12277 / To go: 2
2025-10-27 04:21:37,477 - INFO - Records in product_list: 12277
2025-10-27 04:21:39,758 - INFO - Completed: 12277 / To go: 2
2025-10-27 04:21:39,758 - INFO - Records in product_list: 12277
2025-10-27 04:21:42,034 - INFO - Completed: 12277 / To go: 2
2025-10-27 04:21:42,035 - INFO - Records in product_list: 12277
2025-10-27 04:21:44,308 - INFO - Completed: 12277 / To go: 2
2025-10-27 04:21:44,308 - INFO - Records in product_list: 12277
2025-10-27 04:21:46,644 - INFO - Completed: 12277 / To go: 2
2025-10-27 04:21:46,644 - INFO - Records in product_list: 12277
2025-10-27 04:21:48,925 - INFO - Completed: 12277 / To go: 2
2025-10-27 04:21:48,925 - INFO - Records in product_list: 12277
2025-10-27 04:21:51,193 - INFO - Completed: 12277 / To go: 2
2025-10-27 04:21:51,193 - INFO - Records in product_list: 12277
2025-10-27 04:21:53,551 - INFO - Completed: 12277 / To go: 2
2025-10-27 04:21:53,551 - INFO - Records in product_list: 12277
2025-10-27 04:21:55,817 - INFO - Completed: 12277 / To go: 2
2025-10-27 04:21:55,817 - INFO - Records in product_list: 12277
2025-10-27 04:21:58,081 - INFO - Completed: 12277 / To go: 2
2025-10-27 04:21:58,081 - INFO - Records in product_list: 12277
2025-10-27 04:22:01,035 - INFO - Completed: 12277 / To go: 2
2025-10-27 04:22:01,035 - INFO - Records in product_list: 12277
2025-10-27 04:22:03,539 - INFO - Completed: 12277 / To go: 2
2025-10-27 04:22:03,540 - INFO - Records in product_list: 12277
2025-10-27 04:22:05,815 - INFO - Completed: 12277 / To go: 2
2025-10-27 04:22:05,815 - INFO - Records in product_list: 12277
2025-10-27 04:22:08,082 - INFO - Completed: 12277 / To go: 2
2025-10-27 04:22:08,082 - INFO - Records in product_list: 12277
2025-10-27 04:22:10,365 - INFO - Completed: 12277 / To go: 2
2025-10-27 04:22:10,366 - INFO - Records in product_list: 12277
2025-10-27 04:22:12,683 - INFO - Completed: 12277 / To go: 2
2025-10-27 04:22:12,684 - INFO - Records in product_list: 12277
2025-10-27 04:22:14,954 - INFO - Completed: 12277 / To go: 2
2025-10-27 04:22:14,954 - INFO - Records in product_list: 12277
2025-10-27 04:22:17,220 - INFO - Completed: 12277 / To go: 2
2025-10-27 04:22:17,220 - INFO - Records in product_list: 12277
2025-10-27 04:22:19,491 - INFO - Completed: 12277 / To go: 2
2025-10-27 04:22:19,491 - INFO - Records in product_list: 12277
2025-10-27 04:22:21,757 - INFO - Completed: 12277 / To go: 2
2025-10-27 04:22:21,757 - INFO - Records in product_list: 12277
2025-10-27 04:22:24,021 - INFO - Completed: 12277 / To go: 2
2025-10-27 04:22:24,021 - INFO - Records in product_list: 12277
2025-10-27 04:22:26,288 - INFO - Completed: 12277 / To go: 2
2025-10-27 04:22:26,288 - INFO - Records in product_list: 12277
2025-10-27 04:22:28,563 - INFO - Completed: 12277 / To go: 2
2025-10-27 04:22:28,564 - INFO - Records in product_list: 12277
2025-10-27 04:22:30,839 - INFO - Completed: 12277 / To go: 2
2025-10-27 04:22:30,840 - INFO - Records in product_list: 12277
2025-10-27 04:22:33,131 - INFO - Completed: 12277 / To go: 2
2025-10-27 04:22:33,131 - INFO - Records in product_list: 12277
2025-10-27 04:22:35,405 - INFO - Completed: 12277 / To go: 2
2025-10-27 04:22:35,406 - INFO - Records in product_list: 12277
2025-10-27 04:22:37,711 - INFO - Completed: 12277 / To go: 2
2025-10-27 04:22:37,711 - INFO - Records in product_list: 12277
2025-10-27 04:22:40,043 - INFO - Completed: 12277 / To go: 2
2025-10-27 04:22:40,043 - INFO - Records in product_list: 12277
2025-10-27 04:22:42,321 - INFO - Completed: 12277 / To go: 2
2025-10-27 04:22:42,322 - INFO - Records in product_list: 12277
2025-10-27 04:22:44,584 - INFO - Completed: 12277 / To go: 2
2025-10-27 04:22:44,584 - INFO - Records in product_list: 12277
2025-10-27 04:22:46,860 - INFO - Completed: 12277 / To go: 2
2025-10-27 04:22:46,860 - INFO - Records in product_list: 12277
2025-10-27 04:22:49,142 - INFO - Completed: 12277 / To go: 2
2025-10-27 04:22:49,142 - INFO - Records in product_list: 12277
2025-10-27 04:22:51,421 - INFO - Completed: 12277 / To go: 2
2025-10-27 04:22:51,422 - INFO - Records in product_list: 12277
2025-10-27 04:22:53,753 - INFO - Completed: 12277 / To go: 2
2025-10-27 04:22:53,753 - INFO - Records in product_list: 12277
2025-10-27 04:22:56,023 - INFO - Completed: 12277 / To go: 2
2025-10-27 04:22:56,023 - INFO - Records in product_list: 12277
2025-10-27 04:22:58,457 - INFO - Completed: 12277 / To go: 2
2025-10-27 04:22:58,457 - INFO - Records in product_list: 12277
2025-10-27 04:23:00,739 - INFO - Completed: 12277 / To go: 2
2025-10-27 04:23:00,739 - INFO - Records in product_list: 12277
2025-10-27 04:23:03,020 - INFO - Completed: 12277 / To go: 2
2025-10-27 04:23:03,020 - INFO - Records in product_list: 12277
2025-10-27 04:23:05,313 - INFO - Completed: 12277 / To go: 2
2025-10-27 04:23:05,313 - INFO - Records in product_list: 12277
2025-10-27 04:23:07,651 - INFO - Completed: 12277 / To go: 2
2025-10-27 04:23:07,651 - INFO - Records in product_list: 12277
2025-10-27 04:23:09,925 - INFO - Completed: 12277 / To go: 2
2025-10-27 04:23:09,925 - INFO - Records in product_list: 12277
2025-10-27 04:23:12,190 - INFO - Completed: 12277 / To go: 2
2025-10-27 04:23:12,191 - INFO - Records in product_list: 12277
2025-10-27 04:23:14,470 - INFO - Completed: 12277 / To go: 2
2025-10-27 04:23:14,470 - INFO - Records in product_list: 12277
2025-10-27 04:23:16,736 - INFO - Completed: 12277 / To go: 2
2025-10-27 04:23:16,736 - INFO - Records in product_list: 12277
2025-10-27 04:23:19,013 - INFO - Completed: 12277 / To go: 2
2025-10-27 04:23:19,013 - INFO - Records in product_list: 12277
2025-10-27 04:23:21,288 - INFO - Completed: 12277 / To go: 2
2025-10-27 04:23:21,288 - INFO - Records in product_list: 12277
2025-10-27 04:23:23,612 - INFO - Completed: 12277 / To go: 2
2025-10-27 04:23:23,612 - INFO - Records in product_list: 12277
2025-10-27 04:23:25,973 - INFO - Completed: 12277 / To go: 2
2025-10-27 04:23:25,973 - INFO - Records in product_list: 12277
2025-10-27 04:23:28,248 - INFO - Completed: 12277 / To go: 2
2025-10-27 04:23:28,248 - INFO - Records in product_list: 12277
2025-10-27 04:23:30,521 - INFO - Completed: 12277 / To go: 2
2025-10-27 04:23:30,522 - INFO - Records in product_list: 12277
2025-10-27 04:23:32,795 - INFO - Completed: 12277 / To go: 2
2025-10-27 04:23:32,795 - INFO - Records in product_list: 12277
2025-10-27 04:23:35,076 - INFO - Completed: 12277 / To go: 2
2025-10-27 04:23:35,076 - INFO - Records in product_list: 12277
2025-10-27 04:23:37,352 - INFO - Completed: 12277 / To go: 2
2025-10-27 04:23:37,352 - INFO - Records in product_list: 12277
2025-10-27 04:23:39,624 - INFO - Completed: 12277 / To go: 2
2025-10-27 04:23:39,624 - INFO - Records in product_list: 12277
2025-10-27 04:23:41,907 - INFO - Completed: 12277 / To go: 2
2025-10-27 04:23:41,908 - INFO - Records in product_list: 12277
2025-10-27 04:23:44,178 - INFO - Completed: 12277 / To go: 2
2025-10-27 04:23:44,178 - INFO - Records in product_list: 12277
2025-10-27 04:23:46,450 - INFO - Completed: 12277 / To go: 2
2025-10-27 04:23:46,450 - INFO - Records in product_list: 12277
2025-10-27 04:23:48,722 - INFO - Completed: 12277 / To go: 2
2025-10-27 04:23:48,722 - INFO - Records in product_list: 12277
2025-10-27 04:23:50,997 - INFO - Completed: 12277 / To go: 2
2025-10-27 04:23:50,997 - INFO - Records in product_list: 12277
2025-10-27 04:23:53,269 - INFO - Completed: 12277 / To go: 2
2025-10-27 04:23:53,269 - INFO - Records in product_list: 12277
2025-10-27 04:23:55,568 - INFO - Completed: 12277 / To go: 2
2025-10-27 04:23:55,568 - INFO - Records in product_list: 12277
2025-10-27 04:23:57,835 - INFO - Completed: 12277 / To go: 2
2025-10-27 04:23:57,835 - INFO - Records in product_list: 12277
2025-10-27 04:24:00,101 - INFO - Completed: 12277 / To go: 2
2025-10-27 04:24:00,101 - INFO - Records in product_list: 12277
2025-10-27 04:24:02,386 - INFO - Completed: 12277 / To go: 2
2025-10-27 04:24:02,386 - INFO - Records in product_list: 12277
2025-10-27 04:24:04,655 - INFO - Completed: 12277 / To go: 2
2025-10-27 04:24:04,655 - INFO - Records in product_list: 12277
2025-10-27 04:24:06,972 - INFO - Completed: 12277 / To go: 2
2025-10-27 04:24:06,972 - INFO - Records in product_list: 12277
2025-10-27 04:24:09,329 - INFO - Completed: 12277 / To go: 2
2025-10-27 04:24:09,329 - INFO - Records in product_list: 12277
2025-10-27 04:24:11,709 - INFO - Completed: 12277 / To go: 2
2025-10-27 04:24:11,709 - INFO - Records in product_list: 12277
2025-10-27 04:24:13,997 - INFO - Completed: 12277 / To go: 2
2025-10-27 04:24:13,997 - INFO - Records in product_list: 12277
2025-10-27 04:24:16,284 - INFO - Completed: 12277 / To go: 2
2025-10-27 04:24:16,284 - INFO - Records in product_list: 12277
2025-10-27 04:24:18,552 - INFO - Completed: 12277 / To go: 2
2025-10-27 04:24:18,552 - INFO - Records in product_list: 12277
2025-10-27 04:24:21,293 - INFO - Completed: 12277 / To go: 2
2025-10-27 04:24:21,293 - INFO - Records in product_list: 12277
2025-10-27 04:24:23,640 - INFO - Completed: 12277 / To go: 2
2025-10-27 04:24:23,640 - INFO - Records in product_list: 12277
2025-10-27 04:24:25,911 - INFO - Completed: 12277 / To go: 2
2025-10-27 04:24:25,911 - INFO - Records in product_list: 12277
2025-10-27 04:24:28,179 - INFO - Completed: 12277 / To go: 2
2025-10-27 04:24:28,180 - INFO - Records in product_list: 12277
2025-10-27 04:24:30,466 - INFO - Completed: 12277 / To go: 2
2025-10-27 04:24:30,466 - INFO - Records in product_list: 12277
2025-10-27 04:24:32,822 - INFO - Completed: 12277 / To go: 2
2025-10-27 04:24:32,822 - INFO - Records in product_list: 12277
2025-10-27 04:24:35,096 - INFO - Completed: 12277 / To go: 2
2025-10-27 04:24:35,096 - INFO - Records in product_list: 12277
2025-10-27 04:24:37,364 - INFO - Completed: 12277 / To go: 2
2025-10-27 04:24:37,364 - INFO - Records in product_list: 12277
2025-10-27 04:24:39,637 - INFO - Completed: 12277 / To go: 2
2025-10-27 04:24:39,637 - INFO - Records in product_list: 12277
2025-10-27 04:24:41,911 - INFO - Completed: 12277 / To go: 2
2025-10-27 04:24:41,911 - INFO - Records in product_list: 12277
2025-10-27 04:24:44,195 - INFO - Completed: 12277 / To go: 2
2025-10-27 04:24:44,195 - INFO - Records in product_list: 12277
2025-10-27 04:24:46,471 - INFO - Completed: 12277 / To go: 2
2025-10-27 04:24:46,471 - INFO - Records in product_list: 12277
2025-10-27 04:24:48,755 - INFO - Completed: 12277 / To go: 2
2025-10-27 04:24:48,755 - INFO - Records in product_list: 12277
2025-10-27 04:24:51,044 - INFO - Completed: 12277 / To go: 2
2025-10-27 04:24:51,044 - INFO - Records in product_list: 12277
2025-10-27 04:24:53,329 - INFO - Completed: 12277 / To go: 2
2025-10-27 04:24:53,329 - INFO - Records in product_list: 12277
2025-10-27 04:24:55,628 - INFO - Completed: 12277 / To go: 2
2025-10-27 04:24:55,628 - INFO - Records in product_list: 12277
2025-10-27 04:24:57,985 - INFO - Completed: 12277 / To go: 2
2025-10-27 04:24:57,985 - INFO - Records in product_list: 12277
2025-10-27 04:25:00,279 - INFO - Completed: 12277 / To go: 2
2025-10-27 04:25:00,280 - INFO - Records in product_list: 12277
2025-10-27 04:25:02,545 - INFO - Completed: 12277 / To go: 2
2025-10-27 04:25:02,545 - INFO - Records in product_list: 12277
2025-10-27 04:25:04,873 - INFO - Completed: 12277 / To go: 2
2025-10-27 04:25:04,873 - INFO - Records in product_list: 12277
2025-10-27 04:25:07,155 - INFO - Completed: 12277 / To go: 2
2025-10-27 04:25:07,155 - INFO - Records in product_list: 12277
2025-10-27 04:25:09,433 - INFO - Completed: 12277 / To go: 2
2025-10-27 04:25:09,433 - INFO - Records in product_list: 12277
2025-10-27 04:25:11,710 - INFO - Completed: 12277 / To go: 2
2025-10-27 04:25:11,710 - INFO - Records in product_list: 12277
2025-10-27 04:25:14,051 - INFO - Completed: 12277 / To go: 2
2025-10-27 04:25:14,051 - INFO - Records in product_list: 12277
2025-10-27 04:25:16,317 - INFO - Completed: 12277 / To go: 2
2025-10-27 04:25:16,317 - INFO - Records in product_list: 12277
2025-10-27 04:25:18,600 - INFO - Completed: 12277 / To go: 2
2025-10-27 04:25:18,600 - INFO - Records in product_list: 12277
2025-10-27 04:25:20,859 - INFO - Completed: 12277 / To go: 2
2025-10-27 04:25:20,859 - INFO - Records in product_list: 12277
2025-10-27 04:25:23,159 - INFO - Completed: 12277 / To go: 2
2025-10-27 04:25:23,159 - INFO - Records in product_list: 12277
2025-10-27 04:25:25,445 - INFO - Completed: 12277 / To go: 2
2025-10-27 04:25:25,445 - INFO - Records in product_list: 12277
2025-10-27 04:25:27,710 - INFO - Completed: 12277 / To go: 2
2025-10-27 04:25:27,710 - INFO - Records in product_list: 12277
2025-10-27 04:25:29,979 - INFO - Completed: 12277 / To go: 2
2025-10-27 04:25:29,979 - INFO - Records in product_list: 12277
2025-10-27 04:25:32,238 - INFO - Completed: 12277 / To go: 2
2025-10-27 04:25:32,238 - INFO - Records in product_list: 12277
2025-10-27 04:25:34,642 - INFO - Completed: 12277 / To go: 2
2025-10-27 04:25:34,642 - INFO - Records in product_list: 12277
2025-10-27 04:25:36,927 - INFO - Completed: 12277 / To go: 2
2025-10-27 04:25:36,927 - INFO - Records in product_list: 12277
2025-10-27 04:25:39,200 - INFO - Completed: 12277 / To go: 2
2025-10-27 04:25:39,200 - INFO - Records in product_list: 12277
2025-10-27 04:25:41,477 - INFO - Completed: 12277 / To go: 2
2025-10-27 04:25:41,477 - INFO - Records in product_list: 12277
2025-10-27 04:25:43,758 - INFO - Completed: 12277 / To go: 2
2025-10-27 04:25:43,758 - INFO - Records in product_list: 12277
2025-10-27 04:25:46,027 - INFO - Completed: 12277 / To go: 2
2025-10-27 04:25:46,027 - INFO - Records in product_list: 12277
2025-10-27 04:25:48,290 - INFO - Completed: 12277 / To go: 2
2025-10-27 04:25:48,290 - INFO - Records in product_list: 12277
2025-10-27 04:25:50,577 - INFO - Completed: 12277 / To go: 2
2025-10-27 04:25:50,577 - INFO - Records in product_list: 12277
2025-10-27 04:25:52,860 - INFO - Completed: 12277 / To go: 2
2025-10-27 04:25:52,860 - INFO - Records in product_list: 12277
2025-10-27 04:25:55,123 - INFO - Completed: 12277 / To go: 2
2025-10-27 04:25:55,123 - INFO - Records in product_list: 12277
2025-10-27 04:25:57,415 - INFO - Completed: 12277 / To go: 2
2025-10-27 04:25:57,415 - INFO - Records in product_list: 12277
2025-10-27 04:25:59,697 - INFO - Completed: 12277 / To go: 2
2025-10-27 04:25:59,697 - INFO - Records in product_list: 12277
2025-10-27 04:26:01,990 - INFO - Completed: 12277 / To go: 2
2025-10-27 04:26:01,990 - INFO - Records in product_list: 12277
2025-10-27 04:26:04,282 - INFO - Completed: 12277 / To go: 2
2025-10-27 04:26:04,282 - INFO - Records in product_list: 12277
2025-10-27 04:26:06,587 - INFO - Completed: 12277 / To go: 2
2025-10-27 04:26:06,587 - INFO - Records in product_list: 12277
2025-10-27 04:26:08,851 - INFO - Completed: 12277 / To go: 2
2025-10-27 04:26:08,851 - INFO - Records in product_list: 12277
2025-10-27 04:26:11,189 - INFO - Completed: 12277 / To go: 2
2025-10-27 04:26:11,189 - INFO - Records in product_list: 12277
2025-10-27 04:26:13,476 - INFO - Completed: 12277 / To go: 2
2025-10-27 04:26:13,477 - INFO - Records in product_list: 12277
2025-10-27 04:26:15,812 - INFO - Completed: 12277 / To go: 2
2025-10-27 04:26:15,812 - INFO - Records in product_list: 12277
2025-10-27 04:26:18,088 - INFO - Completed: 12277 / To go: 2
2025-10-27 04:26:18,088 - INFO - Records in product_list: 12277
2025-10-27 04:26:20,405 - INFO - Completed: 12277 / To go: 2
2025-10-27 04:26:20,405 - INFO - Records in product_list: 12277
2025-10-27 04:26:22,672 - INFO - Completed: 12277 / To go: 2
2025-10-27 04:26:22,672 - INFO - Records in product_list: 12277
2025-10-27 04:26:24,947 - INFO - Completed: 12277 / To go: 2
2025-10-27 04:26:24,947 - INFO - Records in product_list: 12277
2025-10-27 04:26:27,225 - INFO - Completed: 12277 / To go: 2
2025-10-27 04:26:27,225 - INFO - Records in product_list: 12277
2025-10-27 04:26:29,504 - INFO - Completed: 12277 / To go: 2
2025-10-27 04:26:29,504 - INFO - Records in product_list: 12277
2025-10-27 04:26:31,770 - INFO - Completed: 12277 / To go: 2
2025-10-27 04:26:31,770 - INFO - Records in product_list: 12277
2025-10-27 04:26:34,038 - INFO - Completed: 12277 / To go: 2
2025-10-27 04:26:34,038 - INFO - Records in product_list: 12277
2025-10-27 04:26:36,328 - INFO - Completed: 12277 / To go: 2
2025-10-27 04:26:36,328 - INFO - Records in product_list: 12277
2025-10-27 04:26:38,607 - INFO - Completed: 12277 / To go: 2
2025-10-27 04:26:38,607 - INFO - Records in product_list: 12277
2025-10-27 04:26:40,889 - INFO - Completed: 12277 / To go: 2
2025-10-27 04:26:40,889 - INFO - Records in product_list: 12277
2025-10-27 04:26:43,168 - INFO - Completed: 12277 / To go: 2
2025-10-27 04:26:43,169 - INFO - Records in product_list: 12277
2025-10-27 04:26:45,450 - INFO - Completed: 12277 / To go: 2
2025-10-27 04:26:45,450 - INFO - Records in product_list: 12277
2025-10-27 04:26:47,732 - INFO - Completed: 12277 / To go: 2
2025-10-27 04:26:47,732 - INFO - Records in product_list: 12277
2025-10-27 04:26:50,024 - INFO - Completed: 12277 / To go: 2
2025-10-27 04:26:50,024 - INFO - Records in product_list: 12277
2025-10-27 04:26:52,325 - INFO - Completed: 12277 / To go: 2
2025-10-27 04:26:52,325 - INFO - Records in product_list: 12277
2025-10-27 04:26:54,612 - INFO - Completed: 12277 / To go: 2
2025-10-27 04:26:54,612 - INFO - Records in product_list: 12277
2025-10-27 04:26:56,910 - INFO - Completed: 12277 / To go: 2
2025-10-27 04:26:56,910 - INFO - Records in product_list: 12277
2025-10-27 04:26:59,194 - INFO - Completed: 12277 / To go: 2
2025-10-27 04:26:59,194 - INFO - Records in product_list: 12277
2025-10-27 04:27:01,572 - INFO - Completed: 12277 / To go: 2
2025-10-27 04:27:01,573 - INFO - Records in product_list: 12277
2025-10-27 04:27:03,855 - INFO - Completed: 12277 / To go: 2
2025-10-27 04:27:03,856 - INFO - Records in product_list: 12277
2025-10-27 04:27:06,151 - INFO - Completed: 12277 / To go: 2
2025-10-27 04:27:06,151 - INFO - Records in product_list: 12277
2025-10-27 04:27:08,444 - INFO - Completed: 12277 / To go: 2
2025-10-27 04:27:08,444 - INFO - Records in product_list: 12277
2025-10-27 04:27:10,732 - INFO - Completed: 12277 / To go: 2
2025-10-27 04:27:10,732 - INFO - Records in product_list: 12277
2025-10-27 04:27:13,024 - INFO - Completed: 12277 / To go: 2
2025-10-27 04:27:13,024 - INFO - Records in product_list: 12277
2025-10-27 04:27:15,299 - INFO - Completed: 12277 / To go: 2
2025-10-27 04:27:15,300 - INFO - Records in product_list: 12277
2025-10-27 04:27:17,571 - INFO - Completed: 12277 / To go: 2
2025-10-27 04:27:17,571 - INFO - Records in product_list: 12277
2025-10-27 04:27:19,839 - INFO - Completed: 12277 / To go: 2
2025-10-27 04:27:19,839 - INFO - Records in product_list: 12277
2025-10-27 04:27:22,108 - INFO - Completed: 12277 / To go: 2
2025-10-27 04:27:22,108 - INFO - Records in product_list: 12277
2025-10-27 04:27:24,381 - INFO - Completed: 12277 / To go: 2
2025-10-27 04:27:24,381 - INFO - Records in product_list: 12277
2025-10-27 04:27:26,671 - INFO - Completed: 12277 / To go: 2
2025-10-27 04:27:26,671 - INFO - Records in product_list: 12277
2025-10-27 04:27:28,947 - INFO - Completed: 12277 / To go: 2
2025-10-27 04:27:28,947 - INFO - Records in product_list: 12277
2025-10-27 04:27:31,222 - INFO - Completed: 12277 / To go: 2
2025-10-27 04:27:31,222 - INFO - Records in product_list: 12277
2025-10-27 04:27:33,508 - INFO - Completed: 12277 / To go: 2
2025-10-27 04:27:33,508 - INFO - Records in product_list: 12277
2025-10-27 04:27:35,791 - INFO - Completed: 12277 / To go: 2
2025-10-27 04:27:35,791 - INFO - Records in product_list: 12277
2025-10-27 04:27:38,140 - INFO - Completed: 12277 / To go: 2
2025-10-27 04:27:38,140 - INFO - Records in product_list: 12277
2025-10-27 04:27:40,416 - INFO - Completed: 12277 / To go: 2
2025-10-27 04:27:40,416 - INFO - Records in product_list: 12277
2025-10-27 04:27:42,710 - INFO - Completed: 12277 / To go: 2
2025-10-27 04:27:42,710 - INFO - Records in product_list: 12277
2025-10-27 04:27:44,985 - INFO - Completed: 12277 / To go: 2
2025-10-27 04:27:44,985 - INFO - Records in product_list: 12277
2025-10-27 04:27:47,268 - INFO - Completed: 12277 / To go: 2
2025-10-27 04:27:47,268 - INFO - Records in product_list: 12277
2025-10-27 04:27:49,597 - INFO - Completed: 12277 / To go: 2
2025-10-27 04:27:49,597 - INFO - Records in product_list: 12277
2025-10-27 04:27:51,897 - INFO - Completed: 12277 / To go: 2
2025-10-27 04:27:51,897 - INFO - Records in product_list: 12277
2025-10-27 04:27:54,167 - INFO - Completed: 12277 / To go: 2
2025-10-27 04:27:54,167 - INFO - Records in product_list: 12277
2025-10-27 04:27:56,454 - INFO - Completed: 12277 / To go: 2
2025-10-27 04:27:56,454 - INFO - Records in product_list: 12277
2025-10-27 04:27:58,734 - INFO - Completed: 12277 / To go: 2
2025-10-27 04:27:58,734 - INFO - Records in product_list: 12277
2025-10-27 04:28:01,009 - INFO - Completed: 12277 / To go: 2
2025-10-27 04:28:01,009 - INFO - Records in product_list: 12277
2025-10-27 04:28:03,291 - INFO - Completed: 12277 / To go: 2
2025-10-27 04:28:03,291 - INFO - Records in product_list: 12277
2025-10-27 04:28:05,574 - INFO - Completed: 12277 / To go: 2
2025-10-27 04:28:05,574 - INFO - Records in product_list: 12277
2025-10-27 04:28:07,844 - INFO - Completed: 12277 / To go: 2
2025-10-27 04:28:07,844 - INFO - Records in product_list: 12277
2025-10-27 04:28:10,110 - INFO - Completed: 12277 / To go: 2
2025-10-27 04:28:10,110 - INFO - Records in product_list: 12277
2025-10-27 04:28:12,378 - INFO - Completed: 12277 / To go: 2
2025-10-27 04:28:12,378 - INFO - Records in product_list: 12277
2025-10-27 04:28:14,703 - INFO - Completed: 12277 / To go: 2
2025-10-27 04:28:14,703 - INFO - Records in product_list: 12277
2025-10-27 04:28:16,971 - INFO - Completed: 12277 / To go: 2
2025-10-27 04:28:16,971 - INFO - Records in product_list: 12277
2025-10-27 04:28:19,258 - INFO - Completed: 12277 / To go: 2
2025-10-27 04:28:19,258 - INFO - Records in product_list: 12277
2025-10-27 04:28:21,523 - INFO - Completed: 12277 / To go: 2
2025-10-27 04:28:21,523 - INFO - Records in product_list: 12277
2025-10-27 04:28:23,811 - INFO - Completed: 12277 / To go: 2
2025-10-27 04:28:23,811 - INFO - Records in product_list: 12277
2025-10-27 04:28:26,105 - INFO - Completed: 12277 / To go: 2
2025-10-27 04:28:26,105 - INFO - Records in product_list: 12277
2025-10-27 04:28:28,401 - INFO - Completed: 12277 / To go: 2
2025-10-27 04:28:28,401 - INFO - Records in product_list: 12277
2025-10-27 04:28:30,675 - INFO - Completed: 12277 / To go: 2
2025-10-27 04:28:30,675 - INFO - Records in product_list: 12277
2025-10-27 04:28:32,962 - INFO - Completed: 12277 / To go: 2
2025-10-27 04:28:32,963 - INFO - Records in product_list: 12277
2025-10-27 04:28:35,225 - INFO - Completed: 12277 / To go: 2
2025-10-27 04:28:35,225 - INFO - Records in product_list: 12277
2025-10-27 04:28:37,508 - INFO - Completed: 12277 / To go: 2
2025-10-27 04:28:37,508 - INFO - Records in product_list: 12277
2025-10-27 04:28:39,783 - INFO - Completed: 12277 / To go: 2
2025-10-27 04:28:39,783 - INFO - Records in product_list: 12277
2025-10-27 04:28:42,048 - INFO - Completed: 12277 / To go: 2
2025-10-27 04:28:42,048 - INFO - Records in product_list: 12277
2025-10-27 04:28:44,337 - INFO - Completed: 12277 / To go: 2
2025-10-27 04:28:44,337 - INFO - Records in product_list: 12277
2025-10-27 04:28:46,618 - INFO - Completed: 12277 / To go: 2
2025-10-27 04:28:46,618 - INFO - Records in product_list: 12277
2025-10-27 04:28:48,886 - INFO - Completed: 12277 / To go: 2
2025-10-27 04:28:48,886 - INFO - Records in product_list: 12277
2025-10-27 04:28:51,162 - INFO - Completed: 12277 / To go: 2
2025-10-27 04:28:51,162 - INFO - Records in product_list: 12277
2025-10-27 04:28:53,447 - INFO - Completed: 12277 / To go: 2
2025-10-27 04:28:53,447 - INFO - Records in product_list: 12277
2025-10-27 04:28:55,732 - INFO - Completed: 12277 / To go: 2
2025-10-27 04:28:55,732 - INFO - Records in product_list: 12277
2025-10-27 04:28:58,060 - INFO - Completed: 12277 / To go: 2
2025-10-27 04:28:58,060 - INFO - Records in product_list: 12277
2025-10-27 04:29:00,327 - INFO - Completed: 12277 / To go: 2
2025-10-27 04:29:00,327 - INFO - Records in product_list: 12277
2025-10-27 04:29:02,619 - INFO - Completed: 12277 / To go: 2
2025-10-27 04:29:02,619 - INFO - Records in product_list: 12277
2025-10-27 04:29:04,904 - INFO - Completed: 12277 / To go: 2
2025-10-27 04:29:04,904 - INFO - Records in product_list: 12277
2025-10-27 04:29:07,169 - INFO - Completed: 12277 / To go: 2
2025-10-27 04:29:07,169 - INFO - Records in product_list: 12277
2025-10-27 04:29:09,450 - INFO - Completed: 12277 / To go: 2
2025-10-27 04:29:09,450 - INFO - Records in product_list: 12277
2025-10-27 04:29:11,738 - INFO - Completed: 12277 / To go: 2
2025-10-27 04:29:11,738 - INFO - Records in product_list: 12277
2025-10-27 04:29:14,007 - INFO - Completed: 12277 / To go: 2
2025-10-27 04:29:14,007 - INFO - Records in product_list: 12277
2025-10-27 04:29:16,282 - INFO - Completed: 12277 / To go: 2
2025-10-27 04:29:16,282 - INFO - Records in product_list: 12277
2025-10-27 04:29:18,555 - INFO - Completed: 12277 / To go: 2
2025-10-27 04:29:18,555 - INFO - Records in product_list: 12277
2025-10-27 04:29:20,848 - INFO - Completed: 12277 / To go: 2
2025-10-27 04:29:20,848 - INFO - Records in product_list: 12277
2025-10-27 04:29:23,115 - INFO - Completed: 12277 / To go: 2
2025-10-27 04:29:23,115 - INFO - Records in product_list: 12277
2025-10-27 04:29:25,398 - INFO - Completed: 12277 / To go: 2
2025-10-27 04:29:25,398 - INFO - Records in product_list: 12277
2025-10-27 04:29:27,672 - INFO - Completed: 12277 / To go: 2
2025-10-27 04:29:27,672 - INFO - Records in product_list: 12277
2025-10-27 04:29:30,037 - INFO - Completed: 12277 / To go: 2
2025-10-27 04:29:30,037 - INFO - Records in product_list: 12277
2025-10-27 04:29:32,310 - INFO - Completed: 12277 / To go: 2
2025-10-27 04:29:32,310 - INFO - Records in product_list: 12277
2025-10-27 04:29:34,593 - INFO - Completed: 12277 / To go: 2
2025-10-27 04:29:34,593 - INFO - Records in product_list: 12277
2025-10-27 04:29:36,867 - INFO - Completed: 12277 / To go: 2
2025-10-27 04:29:36,867 - INFO - Records in product_list: 12277
2025-10-27 04:29:39,126 - INFO - Completed: 12277 / To go: 2
2025-10-27 04:29:39,126 - INFO - Records in product_list: 12277
2025-10-27 04:29:41,464 - INFO - Completed: 12277 / To go: 2
2025-10-27 04:29:41,464 - INFO - Records in product_list: 12277
2025-10-27 04:29:43,738 - INFO - Completed: 12277 / To go: 2
2025-10-27 04:29:43,738 - INFO - Records in product_list: 12277
2025-10-27 04:29:46,142 - INFO - Completed: 12277 / To go: 2
2025-10-27 04:29:46,142 - INFO - Records in product_list: 12277
2025-10-27 04:29:48,409 - INFO - Completed: 12277 / To go: 2
2025-10-27 04:29:48,409 - INFO - Records in product_list: 12277
2025-10-27 04:29:50,714 - INFO - Completed: 12277 / To go: 2
2025-10-27 04:29:50,714 - INFO - Records in product_list: 12277
2025-10-27 04:29:53,087 - INFO - Completed: 12277 / To go: 2
2025-10-27 04:29:53,087 - INFO - Records in product_list: 12277
2025-10-27 04:29:55,360 - INFO - Completed: 12277 / To go: 2
2025-10-27 04:29:55,360 - INFO - Records in product_list: 12277
2025-10-27 04:29:57,629 - INFO - Completed: 12277 / To go: 2
2025-10-27 04:29:57,629 - INFO - Records in product_list: 12277
2025-10-27 04:29:59,893 - INFO - Completed: 12277 / To go: 2
2025-10-27 04:29:59,893 - INFO - Records in product_list: 12277
2025-10-27 04:30:02,172 - INFO - Completed: 12277 / To go: 2
2025-10-27 04:30:02,172 - INFO - Records in product_list: 12277
2025-10-27 04:30:04,505 - INFO - Completed: 12277 / To go: 2
2025-10-27 04:30:04,505 - INFO - Records in product_list: 12277
2025-10-27 04:30:07,322 - INFO - Completed: 12277 / To go: 2
2025-10-27 04:30:07,322 - INFO - Records in product_list: 12277
2025-10-27 04:30:09,610 - INFO - Completed: 12277 / To go: 2
2025-10-27 04:30:09,610 - INFO - Records in product_list: 12277
2025-10-27 04:30:11,954 - INFO - Completed: 12277 / To go: 2
2025-10-27 04:30:11,954 - INFO - Records in product_list: 12277
2025-10-27 04:30:14,215 - INFO - Completed: 12277 / To go: 2
2025-10-27 04:30:14,215 - INFO - Records in product_list: 12277
2025-10-27 04:30:16,520 - INFO - Completed: 12277 / To go: 2
2025-10-27 04:30:16,520 - INFO - Records in product_list: 12277
2025-10-27 04:30:18,872 - INFO - Completed: 12277 / To go: 2
2025-10-27 04:30:18,872 - INFO - Records in product_list: 12277
2025-10-27 04:30:21,151 - INFO - Completed: 12277 / To go: 2
2025-10-27 04:30:21,151 - INFO - Records in product_list: 12277
2025-10-27 04:30:23,431 - INFO - Completed: 12277 / To go: 2
2025-10-27 04:30:23,431 - INFO - Records in product_list: 12277
2025-10-27 04:30:25,696 - INFO - Completed: 12277 / To go: 2
2025-10-27 04:30:25,696 - INFO - Records in product_list: 12277
2025-10-27 04:30:27,969 - INFO - Completed: 12277 / To go: 2
2025-10-27 04:30:27,969 - INFO - Records in product_list: 12277
2025-10-27 04:30:30,246 - INFO - Completed: 12277 / To go: 2
2025-10-27 04:30:30,246 - INFO - Records in product_list: 12277
2025-10-27 04:30:32,513 - INFO - Completed: 12277 / To go: 2
2025-10-27 04:30:32,514 - INFO - Records in product_list: 12277
2025-10-27 04:30:34,787 - INFO - Completed: 12277 / To go: 2
2025-10-27 04:30:34,787 - INFO - Records in product_list: 12277
2025-10-27 04:30:37,065 - INFO - Completed: 12277 / To go: 2
2025-10-27 04:30:37,065 - INFO - Records in product_list: 12277
2025-10-27 04:30:39,378 - INFO - Completed: 12277 / To go: 2
2025-10-27 04:30:39,378 - INFO - Records in product_list: 12277
2025-10-27 04:30:41,650 - INFO - Completed: 12277 / To go: 2
2025-10-27 04:30:41,650 - INFO - Records in product_list: 12277
2025-10-27 04:30:43,922 - INFO - Completed: 12277 / To go: 2
2025-10-27 04:30:43,922 - INFO - Records in product_list: 12277
2025-10-27 04:30:46,219 - INFO - Completed: 12277 / To go: 2
2025-10-27 04:30:46,219 - INFO - Records in product_list: 12277
2025-10-27 04:30:48,513 - INFO - Completed: 12277 / To go: 2
2025-10-27 04:30:48,513 - INFO - Records in product_list: 12277
2025-10-27 04:30:50,849 - INFO - Completed: 12277 / To go: 2
2025-10-27 04:30:50,850 - INFO - Records in product_list: 12277
2025-10-27 04:30:53,227 - INFO - Completed: 12277 / To go: 2
2025-10-27 04:30:53,227 - INFO - Records in product_list: 12277
2025-10-27 04:30:55,530 - INFO - Completed: 12277 / To go: 2
2025-10-27 04:30:55,530 - INFO - Records in product_list: 12277
2025-10-27 04:30:57,811 - INFO - Completed: 12277 / To go: 2
2025-10-27 04:30:57,811 - INFO - Records in product_list: 12277
2025-10-27 04:31:00,079 - INFO - Completed: 12277 / To go: 2
2025-10-27 04:31:00,079 - INFO - Records in product_list: 12277
2025-10-27 04:31:02,339 - INFO - Completed: 12277 / To go: 2
2025-10-27 04:31:02,339 - INFO - Records in product_list: 12277
2025-10-27 04:31:04,616 - INFO - Completed: 12277 / To go: 2
2025-10-27 04:31:04,616 - INFO - Records in product_list: 12277
2025-10-27 04:31:06,886 - INFO - Completed: 12277 / To go: 2
2025-10-27 04:31:06,886 - INFO - Records in product_list: 12277
2025-10-27 04:31:09,164 - INFO - Completed: 12277 / To go: 2
2025-10-27 04:31:09,164 - INFO - Records in product_list: 12277
2025-10-27 04:31:11,439 - INFO - Completed: 12277 / To go: 2
2025-10-27 04:31:11,439 - INFO - Records in product_list: 12277
2025-10-27 04:31:13,719 - INFO - Completed: 12277 / To go: 2
2025-10-27 04:31:13,719 - INFO - Records in product_list: 12277
2025-10-27 04:31:15,990 - INFO - Completed: 12277 / To go: 2
2025-10-27 04:31:15,990 - INFO - Records in product_list: 12277
2025-10-27 04:31:18,259 - INFO - Completed: 12277 / To go: 2
2025-10-27 04:31:18,259 - INFO - Records in product_list: 12277
2025-10-27 04:31:20,669 - INFO - Completed: 12277 / To go: 2
2025-10-27 04:31:20,669 - INFO - Records in product_list: 12277
2025-10-27 04:31:22,978 - INFO - Completed: 12277 / To go: 2
2025-10-27 04:31:22,978 - INFO - Records in product_list: 12277
2025-10-27 04:31:25,253 - INFO - Completed: 12277 / To go: 2
2025-10-27 04:31:25,253 - INFO - Records in product_list: 12277
2025-10-27 04:31:27,524 - INFO - Completed: 12277 / To go: 2
2025-10-27 04:31:27,525 - INFO - Records in product_list: 12277
2025-10-27 04:31:29,797 - INFO - Completed: 12277 / To go: 2
2025-10-27 04:31:29,797 - INFO - Records in product_list: 12277
2025-10-27 04:31:32,078 - INFO - Completed: 12277 / To go: 2
2025-10-27 04:31:32,078 - INFO - Records in product_list: 12277
2025-10-27 04:31:34,344 - INFO - Completed: 12277 / To go: 2
2025-10-27 04:31:34,344 - INFO - Records in product_list: 12277
2025-10-27 04:31:36,625 - INFO - Completed: 12277 / To go: 2
2025-10-27 04:31:36,625 - INFO - Records in product_list: 12277
2025-10-27 04:31:38,979 - INFO - Completed: 12277 / To go: 2
2025-10-27 04:31:38,979 - INFO - Records in product_list: 12277
2025-10-27 04:31:41,256 - INFO - Completed: 12277 / To go: 2
2025-10-27 04:31:41,256 - INFO - Records in product_list: 12277
2025-10-27 04:31:43,516 - INFO - Completed: 12277 / To go: 2
2025-10-27 04:31:43,516 - INFO - Records in product_list: 12277
2025-10-27 04:31:45,778 - INFO - Completed: 12277 / To go: 2
2025-10-27 04:31:45,778 - INFO - Records in product_list: 12277
2025-10-27 04:31:48,110 - INFO - Completed: 12277 / To go: 2
2025-10-27 04:31:48,110 - INFO - Records in product_list: 12277
2025-10-27 04:31:50,421 - INFO - Completed: 12277 / To go: 2
2025-10-27 04:31:50,421 - INFO - Records in product_list: 12277
2025-10-27 04:31:52,691 - INFO - Completed: 12277 / To go: 2
2025-10-27 04:31:52,691 - INFO - Records in product_list: 12277
2025-10-27 04:31:54,978 - INFO - Completed: 12277 / To go: 2
2025-10-27 04:31:54,978 - INFO - Records in product_list: 12277
2025-10-27 04:31:57,337 - INFO - Completed: 12277 / To go: 2
2025-10-27 04:31:57,337 - INFO - Records in product_list: 12277
2025-10-27 04:31:59,601 - INFO - Completed: 12277 / To go: 2
2025-10-27 04:31:59,601 - INFO - Records in product_list: 12277
2025-10-27 04:32:01,887 - INFO - Completed: 12277 / To go: 2
2025-10-27 04:32:01,887 - INFO - Records in product_list: 12277
2025-10-27 04:32:04,183 - INFO - Completed: 12277 / To go: 2
2025-10-27 04:32:04,183 - INFO - Records in product_list: 12277
2025-10-27 04:32:06,465 - INFO - Completed: 12277 / To go: 2
2025-10-27 04:32:06,465 - INFO - Records in product_list: 12277
2025-10-27 04:32:08,734 - INFO - Completed: 12277 / To go: 2
2025-10-27 04:32:08,734 - INFO - Records in product_list: 12277
2025-10-27 04:32:11,008 - INFO - Completed: 12277 / To go: 2
2025-10-27 04:32:11,008 - INFO - Records in product_list: 12277
2025-10-27 04:32:13,319 - INFO - Completed: 12277 / To go: 2
2025-10-27 04:32:13,319 - INFO - Records in product_list: 12277
2025-10-27 04:32:15,584 - INFO - Completed: 12277 / To go: 2
2025-10-27 04:32:15,584 - INFO - Records in product_list: 12277
2025-10-27 04:32:17,864 - INFO - Completed: 12277 / To go: 2
2025-10-27 04:32:17,864 - INFO - Records in product_list: 12277
2025-10-27 04:32:20,144 - INFO - Completed: 12277 / To go: 2
2025-10-27 04:32:20,144 - INFO - Records in product_list: 12277
2025-10-27 04:32:22,412 - INFO - Completed: 12277 / To go: 2
2025-10-27 04:32:22,413 - INFO - Records in product_list: 12277
2025-10-27 04:32:24,702 - INFO - Completed: 12277 / To go: 2
2025-10-27 04:32:24,702 - INFO - Records in product_list: 12277
2025-10-27 04:32:26,995 - INFO - Completed: 12277 / To go: 2
2025-10-27 04:32:26,995 - INFO - Records in product_list: 12277
2025-10-27 04:32:29,268 - INFO - Completed: 12277 / To go: 2
2025-10-27 04:32:29,268 - INFO - Records in product_list: 12277
2025-10-27 04:32:31,542 - INFO - Completed: 12277 / To go: 2
2025-10-27 04:32:31,542 - INFO - Records in product_list: 12277
2025-10-27 04:32:33,880 - INFO - Completed: 12277 / To go: 2
2025-10-27 04:32:33,880 - INFO - Records in product_list: 12277
2025-10-27 04:32:36,145 - INFO - Completed: 12277 / To go: 2
2025-10-27 04:32:36,145 - INFO - Records in product_list: 12277
2025-10-27 04:32:38,424 - INFO - Completed: 12277 / To go: 2
2025-10-27 04:32:38,424 - INFO - Records in product_list: 12277
2025-10-27 04:32:40,690 - INFO - Completed: 12277 / To go: 2
2025-10-27 04:32:40,690 - INFO - Records in product_list: 12277
2025-10-27 04:32:42,971 - INFO - Completed: 12277 / To go: 2
2025-10-27 04:32:42,971 - INFO - Records in product_list: 12277
2025-10-27 04:32:45,239 - INFO - Completed: 12277 / To go: 2
2025-10-27 04:32:45,239 - INFO - Records in product_list: 12277
2025-10-27 04:32:47,507 - INFO - Completed: 12277 / To go: 2
2025-10-27 04:32:47,507 - INFO - Records in product_list: 12277
2025-10-27 04:32:49,876 - INFO - Completed: 12277 / To go: 2
2025-10-27 04:32:49,876 - INFO - Records in product_list: 12277
2025-10-27 04:32:52,159 - INFO - Completed: 12277 / To go: 2
2025-10-27 04:32:52,159 - INFO - Records in product_list: 12277
2025-10-27 04:32:54,582 - INFO - Completed: 12277 / To go: 2
2025-10-27 04:32:54,583 - INFO - Records in product_list: 12277
2025-10-27 04:32:56,857 - INFO - Completed: 12277 / To go: 2
2025-10-27 04:32:56,857 - INFO - Records in product_list: 12277
2025-10-27 04:32:59,268 - INFO - Completed: 12277 / To go: 2
2025-10-27 04:32:59,268 - INFO - Records in product_list: 12277
2025-10-27 04:33:01,684 - INFO - Completed: 12277 / To go: 2
2025-10-27 04:33:01,684 - INFO - Records in product_list: 12277
2025-10-27 04:33:03,977 - INFO - Completed: 12277 / To go: 2
2025-10-27 04:33:03,977 - INFO - Records in product_list: 12277
2025-10-27 04:33:06,243 - INFO - Completed: 12277 / To go: 2
2025-10-27 04:33:06,243 - INFO - Records in product_list: 12277
2025-10-27 04:33:08,672 - INFO - Completed: 12277 / To go: 2
2025-10-27 04:33:08,672 - INFO - Records in product_list: 12277
2025-10-27 04:33:10,950 - INFO - Completed: 12277 / To go: 2
2025-10-27 04:33:10,950 - INFO - Records in product_list: 12277
2025-10-27 04:33:13,221 - INFO - Completed: 12277 / To go: 2
2025-10-27 04:33:13,221 - INFO - Records in product_list: 12277
2025-10-27 04:33:15,568 - INFO - Completed: 12277 / To go: 2
2025-10-27 04:33:15,568 - INFO - Records in product_list: 12277
2025-10-27 04:33:17,846 - INFO - Completed: 12277 / To go: 2
2025-10-27 04:33:17,846 - INFO - Records in product_list: 12277
2025-10-27 04:33:20,292 - INFO - Completed: 12277 / To go: 2
2025-10-27 04:33:20,292 - INFO - Records in product_list: 12277
2025-10-27 04:33:22,582 - INFO - Completed: 12277 / To go: 2
2025-10-27 04:33:22,582 - INFO - Records in product_list: 12277
2025-10-27 04:33:24,846 - INFO - Completed: 12277 / To go: 2
2025-10-27 04:33:24,846 - INFO - Records in product_list: 12277
2025-10-27 04:33:27,141 - INFO - Completed: 12277 / To go: 2
2025-10-27 04:33:27,141 - INFO - Records in product_list: 12277
2025-10-27 04:33:29,417 - INFO - Completed: 12277 / To go: 2
2025-10-27 04:33:29,417 - INFO - Records in product_list: 12277
2025-10-27 04:33:31,702 - INFO - Completed: 12277 / To go: 2
2025-10-27 04:33:31,702 - INFO - Records in product_list: 12277
2025-10-27 04:33:33,984 - INFO - Completed: 12277 / To go: 2
2025-10-27 04:33:33,984 - INFO - Records in product_list: 12277
2025-10-27 04:33:36,251 - INFO - Completed: 12277 / To go: 2
2025-10-27 04:33:36,251 - INFO - Records in product_list: 12277
2025-10-27 04:33:38,534 - INFO - Completed: 12277 / To go: 2
2025-10-27 04:33:38,534 - INFO - Records in product_list: 12277
2025-10-27 04:33:40,814 - INFO - Completed: 12277 / To go: 2
2025-10-27 04:33:40,814 - INFO - Records in product_list: 12277
2025-10-27 04:33:43,093 - INFO - Completed: 12277 / To go: 2
2025-10-27 04:33:43,093 - INFO - Records in product_list: 12277
2025-10-27 04:33:45,347 - INFO - Completed: 12277 / To go: 2
2025-10-27 04:33:45,347 - INFO - Records in product_list: 12277
2025-10-27 04:33:47,654 - INFO - Completed: 12277 / To go: 2
2025-10-27 04:33:47,654 - INFO - Records in product_list: 12277
2025-10-27 04:33:50,051 - INFO - Completed: 12277 / To go: 2
2025-10-27 04:33:50,051 - INFO - Records in product_list: 12277
2025-10-27 04:33:52,315 - INFO - Completed: 12277 / To go: 2
2025-10-27 04:33:52,315 - INFO - Records in product_list: 12277
2025-10-27 04:33:54,584 - INFO - Completed: 12277 / To go: 2
2025-10-27 04:33:54,584 - INFO - Records in product_list: 12277
2025-10-27 04:33:56,870 - INFO - Completed: 12277 / To go: 2
2025-10-27 04:33:56,870 - INFO - Records in product_list: 12277
2025-10-27 04:33:59,146 - INFO - Completed: 12277 / To go: 2
2025-10-27 04:33:59,146 - INFO - Records in product_list: 12277
2025-10-27 04:34:01,535 - INFO - Completed: 12277 / To go: 2
2025-10-27 04:34:01,535 - INFO - Records in product_list: 12277
2025-10-27 04:34:03,802 - INFO - Completed: 12277 / To go: 2
2025-10-27 04:34:03,802 - INFO - Records in product_list: 12277
2025-10-27 04:34:06,099 - INFO - Completed: 12277 / To go: 2
2025-10-27 04:34:06,099 - INFO - Records in product_list: 12277
2025-10-27 04:34:08,376 - INFO - Completed: 12277 / To go: 2
2025-10-27 04:34:08,376 - INFO - Records in product_list: 12277
2025-10-27 04:34:11,008 - INFO - Completed: 12277 / To go: 2
2025-10-27 04:34:11,008 - INFO - Records in product_list: 12277
2025-10-27 04:34:13,288 - INFO - Completed: 12277 / To go: 2
2025-10-27 04:34:13,288 - INFO - Records in product_list: 12277
2025-10-27 04:34:15,664 - INFO - Completed: 12277 / To go: 2
2025-10-27 04:34:15,664 - INFO - Records in product_list: 12277
2025-10-27 04:34:17,952 - INFO - Completed: 12277 / To go: 2
2025-10-27 04:34:17,952 - INFO - Records in product_list: 12277
2025-10-27 04:34:20,218 - INFO - Completed: 12277 / To go: 2
2025-10-27 04:34:20,218 - INFO - Records in product_list: 12277
2025-10-27 04:34:22,484 - INFO - Completed: 12277 / To go: 2
2025-10-27 04:34:22,484 - INFO - Records in product_list: 12277
2025-10-27 04:34:24,753 - INFO - Completed: 12277 / To go: 2
2025-10-27 04:34:24,753 - INFO - Records in product_list: 12277
2025-10-27 04:34:27,040 - INFO - Completed: 12277 / To go: 2
2025-10-27 04:34:27,040 - INFO - Records in product_list: 12277
2025-10-27 04:34:29,311 - INFO - Completed: 12277 / To go: 2
2025-10-27 04:34:29,312 - INFO - Records in product_list: 12277
2025-10-27 04:34:31,585 - INFO - Completed: 12277 / To go: 2
2025-10-27 04:34:31,585 - INFO - Records in product_list: 12277
2025-10-27 04:34:33,881 - INFO - Completed: 12277 / To go: 2
2025-10-27 04:34:33,881 - INFO - Records in product_list: 12277
2025-10-27 04:34:36,294 - INFO - Completed: 12277 / To go: 2
2025-10-27 04:34:36,295 - INFO - Records in product_list: 12277
2025-10-27 04:34:38,570 - INFO - Completed: 12277 / To go: 2
2025-10-27 04:34:38,570 - INFO - Records in product_list: 12277
2025-10-27 04:34:40,846 - INFO - Completed: 12277 / To go: 2
2025-10-27 04:34:40,846 - INFO - Records in product_list: 12277
2025-10-27 04:34:43,190 - INFO - Completed: 12277 / To go: 2
2025-10-27 04:34:43,190 - INFO - Records in product_list: 12277
2025-10-27 04:34:45,477 - INFO - Completed: 12277 / To go: 2
2025-10-27 04:34:45,477 - INFO - Records in product_list: 12277
2025-10-27 04:34:47,739 - INFO - Completed: 12277 / To go: 2
2025-10-27 04:34:47,739 - INFO - Records in product_list: 12277
2025-10-27 04:34:50,003 - INFO - Completed: 12277 / To go: 2
2025-10-27 04:34:50,003 - INFO - Records in product_list: 12277
2025-10-27 04:34:52,445 - INFO - Completed: 12277 / To go: 2
2025-10-27 04:34:52,445 - INFO - Records in product_list: 12277
2025-10-27 04:34:54,720 - INFO - Completed: 12277 / To go: 2
2025-10-27 04:34:54,720 - INFO - Records in product_list: 12277
2025-10-27 04:34:57,009 - INFO - Completed: 12277 / To go: 2
2025-10-27 04:34:57,009 - INFO - Records in product_list: 12277
2025-10-27 04:34:59,289 - INFO - Completed: 12277 / To go: 2
2025-10-27 04:34:59,289 - INFO - Records in product_list: 12277
2025-10-27 04:35:01,577 - INFO - Completed: 12277 / To go: 2
2025-10-27 04:35:01,577 - INFO - Records in product_list: 12277
2025-10-27 04:35:03,848 - INFO - Completed: 12277 / To go: 2
2025-10-27 04:35:03,848 - INFO - Records in product_list: 12277
2025-10-27 04:35:06,127 - INFO - Completed: 12277 / To go: 2
2025-10-27 04:35:06,127 - INFO - Records in product_list: 12277
2025-10-27 04:35:08,397 - INFO - Completed: 12277 / To go: 2
2025-10-27 04:35:08,397 - INFO - Records in product_list: 12277
2025-10-27 04:35:10,781 - INFO - Completed: 12277 / To go: 2
2025-10-27 04:35:10,781 - INFO - Records in product_list: 12277
2025-10-27 04:35:13,065 - INFO - Completed: 12277 / To go: 2
2025-10-27 04:35:13,065 - INFO - Records in product_list: 12277
2025-10-27 04:35:15,349 - INFO - Completed: 12277 / To go: 2
2025-10-27 04:35:15,349 - INFO - Records in product_list: 12277
2025-10-27 04:35:17,619 - INFO - Completed: 12277 / To go: 2
2025-10-27 04:35:17,619 - INFO - Records in product_list: 12277
2025-10-27 04:35:20,046 - INFO - Completed: 12277 / To go: 2
2025-10-27 04:35:20,047 - INFO - Records in product_list: 12277
2025-10-27 04:35:22,640 - INFO - Completed: 12277 / To go: 2
2025-10-27 04:35:22,640 - INFO - Records in product_list: 12277
2025-10-27 04:35:24,933 - INFO - Completed: 12277 / To go: 2
2025-10-27 04:35:24,933 - INFO - Records in product_list: 12277
2025-10-27 04:35:27,211 - INFO - Completed: 12277 / To go: 2
2025-10-27 04:35:27,211 - INFO - Records in product_list: 12277
2025-10-27 04:35:29,710 - INFO - Completed: 12277 / To go: 2
2025-10-27 04:35:29,710 - INFO - Records in product_list: 12277
2025-10-27 04:35:32,021 - INFO - Completed: 12277 / To go: 2
2025-10-27 04:35:32,021 - INFO - Records in product_list: 12277
2025-10-27 04:35:34,386 - INFO - Completed: 12277 / To go: 2
2025-10-27 04:35:34,386 - INFO - Records in product_list: 12277
2025-10-27 04:35:36,651 - INFO - Completed: 12277 / To go: 2
2025-10-27 04:35:36,651 - INFO - Records in product_list: 12277
2025-10-27 04:35:38,911 - INFO - Completed: 12277 / To go: 2
2025-10-27 04:35:38,911 - INFO - Records in product_list: 12277
2025-10-27 04:35:41,198 - INFO - Completed: 12277 / To go: 2
2025-10-27 04:35:41,198 - INFO - Records in product_list: 12277
2025-10-27 04:35:43,475 - INFO - Completed: 12277 / To go: 2
2025-10-27 04:35:43,476 - INFO - Records in product_list: 12277
2025-10-27 04:35:45,738 - INFO - Completed: 12277 / To go: 2
2025-10-27 04:35:45,738 - INFO - Records in product_list: 12277
2025-10-27 04:35:48,034 - INFO - Completed: 12277 / To go: 2
2025-10-27 04:35:48,034 - INFO - Records in product_list: 12277
2025-10-27 04:35:50,319 - INFO - Completed: 12277 / To go: 2
2025-10-27 04:35:50,319 - INFO - Records in product_list: 12277
2025-10-27 04:35:52,589 - INFO - Completed: 12277 / To go: 2
2025-10-27 04:35:52,589 - INFO - Records in product_list: 12277
2025-10-27 04:35:54,867 - INFO - Completed: 12277 / To go: 2
2025-10-27 04:35:54,867 - INFO - Records in product_list: 12277
2025-10-27 04:35:57,140 - INFO - Completed: 12277 / To go: 2
2025-10-27 04:35:57,140 - INFO - Records in product_list: 12277
2025-10-27 04:35:59,527 - INFO - Completed: 12277 / To go: 2
2025-10-27 04:35:59,528 - INFO - Records in product_list: 12277
2025-10-27 04:36:01,808 - INFO - Completed: 12277 / To go: 2
2025-10-27 04:36:01,809 - INFO - Records in product_list: 12277
2025-10-27 04:36:04,084 - INFO - Completed: 12277 / To go: 2
2025-10-27 04:36:04,084 - INFO - Records in product_list: 12277
2025-10-27 04:36:06,370 - INFO - Completed: 12277 / To go: 2
2025-10-27 04:36:06,370 - INFO - Records in product_list: 12277
2025-10-27 04:36:08,651 - INFO - Completed: 12277 / To go: 2
2025-10-27 04:36:08,651 - INFO - Records in product_list: 12277
2025-10-27 04:36:10,922 - INFO - Completed: 12277 / To go: 2
2025-10-27 04:36:10,922 - INFO - Records in product_list: 12277
2025-10-27 04:36:13,198 - INFO - Completed: 12277 / To go: 2
2025-10-27 04:36:13,198 - INFO - Records in product_list: 12277
2025-10-27 04:36:15,475 - INFO - Completed: 12277 / To go: 2
2025-10-27 04:36:15,475 - INFO - Records in product_list: 12277
2025-10-27 04:36:17,742 - INFO - Completed: 12277 / To go: 2
2025-10-27 04:36:17,742 - INFO - Records in product_list: 12277
2025-10-27 04:36:20,024 - INFO - Completed: 12277 / To go: 2
2025-10-27 04:36:20,025 - INFO - Records in product_list: 12277
2025-10-27 04:36:22,301 - INFO - Completed: 12277 / To go: 2
2025-10-27 04:36:22,301 - INFO - Records in product_list: 12277
2025-10-27 04:36:24,569 - INFO - Completed: 12277 / To go: 2
2025-10-27 04:36:24,569 - INFO - Records in product_list: 12277
2025-10-27 04:36:26,856 - INFO - Completed: 12277 / To go: 2
2025-10-27 04:36:26,856 - INFO - Records in product_list: 12277
2025-10-27 04:36:29,129 - INFO - Completed: 12277 / To go: 2
2025-10-27 04:36:29,129 - INFO - Records in product_list: 12277
2025-10-27 04:36:31,470 - INFO - Completed: 12277 / To go: 2
2025-10-27 04:36:31,470 - INFO - Records in product_list: 12277
2025-10-27 04:36:33,750 - INFO - Completed: 12277 / To go: 2
2025-10-27 04:36:33,750 - INFO - Records in product_list: 12277
2025-10-27 04:36:36,014 - INFO - Completed: 12277 / To go: 2
2025-10-27 04:36:36,014 - INFO - Records in product_list: 12277
2025-10-27 04:36:38,527 - INFO - Completed: 12277 / To go: 2
2025-10-27 04:36:38,528 - INFO - Records in product_list: 12277
2025-10-27 04:36:40,801 - INFO - Completed: 12277 / To go: 2
2025-10-27 04:36:40,801 - INFO - Records in product_list: 12277
2025-10-27 04:36:43,087 - INFO - Completed: 12277 / To go: 2
2025-10-27 04:36:43,087 - INFO - Records in product_list: 12277
2025-10-27 04:36:45,353 - INFO - Completed: 12277 / To go: 2
2025-10-27 04:36:45,353 - INFO - Records in product_list: 12277
2025-10-27 04:36:47,636 - INFO - Completed: 12277 / To go: 2
2025-10-27 04:36:47,636 - INFO - Records in product_list: 12277
2025-10-27 04:36:50,012 - INFO - Completed: 12277 / To go: 2
2025-10-27 04:36:50,012 - INFO - Records in product_list: 12277
2025-10-27 04:36:52,288 - INFO - Completed: 12277 / To go: 2
2025-10-27 04:36:52,288 - INFO - Records in product_list: 12277
2025-10-27 04:36:54,584 - INFO - Completed: 12277 / To go: 2
2025-10-27 04:36:54,584 - INFO - Records in product_list: 12277
2025-10-27 04:36:56,972 - INFO - Completed: 12277 / To go: 2
2025-10-27 04:36:56,972 - INFO - Records in product_list: 12277
2025-10-27 04:36:59,241 - INFO - Completed: 12277 / To go: 2
2025-10-27 04:36:59,241 - INFO - Records in product_list: 12277
2025-10-27 04:37:01,516 - INFO - Completed: 12277 / To go: 2
2025-10-27 04:37:01,516 - INFO - Records in product_list: 12277
2025-10-27 04:37:03,980 - INFO - Completed: 12277 / To go: 2
2025-10-27 04:37:03,981 - INFO - Records in product_list: 12277
2025-10-27 04:37:06,250 - INFO - Completed: 12277 / To go: 2
2025-10-27 04:37:06,250 - INFO - Records in product_list: 12277
2025-10-27 04:37:08,522 - INFO - Completed: 12277 / To go: 2
2025-10-27 04:37:08,522 - INFO - Records in product_list: 12277
2025-10-27 04:37:10,817 - INFO - Completed: 12277 / To go: 2
2025-10-27 04:37:10,817 - INFO - Records in product_list: 12277
2025-10-27 04:37:13,078 - INFO - Completed: 12277 / To go: 2
2025-10-27 04:37:13,078 - INFO - Records in product_list: 12277
2025-10-27 04:37:15,358 - INFO - Completed: 12277 / To go: 2
2025-10-27 04:37:15,358 - INFO - Records in product_list: 12277
2025-10-27 04:37:17,631 - INFO - Completed: 12277 / To go: 2
2025-10-27 04:37:17,631 - INFO - Records in product_list: 12277
2025-10-27 04:37:19,902 - INFO - Completed: 12277 / To go: 2
2025-10-27 04:37:19,902 - INFO - Records in product_list: 12277
2025-10-27 04:37:22,317 - INFO - Completed: 12277 / To go: 2
2025-10-27 04:37:22,317 - INFO - Records in product_list: 12277
2025-10-27 04:37:24,591 - INFO - Completed: 12277 / To go: 2
2025-10-27 04:37:24,591 - INFO - Records in product_list: 12277
2025-10-27 04:37:26,862 - INFO - Completed: 12277 / To go: 2
2025-10-27 04:37:26,862 - INFO - Records in product_list: 12277
2025-10-27 04:37:29,134 - INFO - Completed: 12277 / To go: 2
2025-10-27 04:37:29,134 - INFO - Records in product_list: 12277
2025-10-27 04:37:31,408 - INFO - Completed: 12277 / To go: 2
2025-10-27 04:37:31,408 - INFO - Records in product_list: 12277
2025-10-27 04:37:33,680 - INFO - Completed: 12277 / To go: 2
2025-10-27 04:37:33,680 - INFO - Records in product_list: 12277
2025-10-27 04:37:35,953 - INFO - Completed: 12277 / To go: 2
2025-10-27 04:37:35,953 - INFO - Records in product_list: 12277
2025-10-27 04:37:38,231 - INFO - Completed: 12277 / To go: 2
2025-10-27 04:37:38,231 - INFO - Records in product_list: 12277
2025-10-27 04:37:40,514 - INFO - Completed: 12277 / To go: 2
2025-10-27 04:37:40,514 - INFO - Records in product_list: 12277
2025-10-27 04:37:42,812 - INFO - Completed: 12277 / To go: 2
2025-10-27 04:37:42,812 - INFO - Records in product_list: 12277
2025-10-27 04:37:45,268 - INFO - Completed: 12277 / To go: 2
2025-10-27 04:37:45,268 - INFO - Records in product_list: 12277
2025-10-27 04:37:47,708 - INFO - Completed: 12277 / To go: 2
2025-10-27 04:37:47,709 - INFO - Records in product_list: 12277
2025-10-27 04:37:49,982 - INFO - Completed: 12277 / To go: 2
2025-10-27 04:37:49,983 - INFO - Records in product_list: 12277
2025-10-27 04:37:52,261 - INFO - Completed: 12277 / To go: 2
2025-10-27 04:37:52,261 - INFO - Records in product_list: 12277
2025-10-27 04:37:54,540 - INFO - Completed: 12277 / To go: 2
2025-10-27 04:37:54,540 - INFO - Records in product_list: 12277
2025-10-27 04:37:56,835 - INFO - Completed: 12277 / To go: 2
2025-10-27 04:37:56,836 - INFO - Records in product_list: 12277
2025-10-27 04:37:59,124 - INFO - Completed: 12277 / To go: 2
2025-10-27 04:37:59,124 - INFO - Records in product_list: 12277
2025-10-27 04:38:01,400 - INFO - Completed: 12277 / To go: 2
2025-10-27 04:38:01,400 - INFO - Records in product_list: 12277
2025-10-27 04:38:03,676 - INFO - Completed: 12277 / To go: 2
2025-10-27 04:38:03,676 - INFO - Records in product_list: 12277
2025-10-27 04:38:05,950 - INFO - Completed: 12277 / To go: 2
2025-10-27 04:38:05,950 - INFO - Records in product_list: 12277
2025-10-27 04:38:08,234 - INFO - Completed: 12277 / To go: 2
2025-10-27 04:38:08,234 - INFO - Records in product_list: 12277
2025-10-27 04:38:10,514 - INFO - Completed: 12277 / To go: 2
2025-10-27 04:38:10,515 - INFO - Records in product_list: 12277
2025-10-27 04:38:12,785 - INFO - Completed: 12277 / To go: 2
2025-10-27 04:38:12,785 - INFO - Records in product_list: 12277
2025-10-27 04:38:15,052 - INFO - Completed: 12277 / To go: 2
2025-10-27 04:38:15,052 - INFO - Records in product_list: 12277
2025-10-27 04:38:17,332 - INFO - Completed: 12277 / To go: 2
2025-10-27 04:38:17,332 - INFO - Records in product_list: 12277
2025-10-27 04:38:19,601 - INFO - Completed: 12277 / To go: 2
2025-10-27 04:38:19,601 - INFO - Records in product_list: 12277
2025-10-27 04:38:21,923 - INFO - Completed: 12277 / To go: 2
2025-10-27 04:38:21,923 - INFO - Records in product_list: 12277
2025-10-27 04:38:24,217 - INFO - Completed: 12277 / To go: 2
2025-10-27 04:38:24,217 - INFO - Records in product_list: 12277
2025-10-27 04:38:26,496 - INFO - Completed: 12277 / To go: 2
2025-10-27 04:38:26,496 - INFO - Records in product_list: 12277
2025-10-27 04:38:28,790 - INFO - Completed: 12277 / To go: 2
2025-10-27 04:38:28,790 - INFO - Records in product_list: 12277
2025-10-27 04:38:31,069 - INFO - Completed: 12277 / To go: 2
2025-10-27 04:38:31,070 - INFO - Records in product_list: 12277
2025-10-27 04:38:33,355 - INFO - Completed: 12277 / To go: 2
2025-10-27 04:38:33,356 - INFO - Records in product_list: 12277
2025-10-27 04:38:35,636 - INFO - Completed: 12277 / To go: 2
2025-10-27 04:38:35,636 - INFO - Records in product_list: 12277
2025-10-27 04:38:37,983 - INFO - Completed: 12277 / To go: 2
2025-10-27 04:38:37,983 - INFO - Records in product_list: 12277
2025-10-27 04:38:40,323 - INFO - Completed: 12277 / To go: 2
2025-10-27 04:38:40,323 - INFO - Records in product_list: 12277
2025-10-27 04:38:42,589 - INFO - Completed: 12277 / To go: 2
2025-10-27 04:38:42,590 - INFO - Records in product_list: 12277
2025-10-27 04:38:44,875 - INFO - Completed: 12277 / To go: 2
2025-10-27 04:38:44,875 - INFO - Records in product_list: 12277
2025-10-27 04:38:47,156 - INFO - Completed: 12277 / To go: 2
2025-10-27 04:38:47,156 - INFO - Records in product_list: 12277
2025-10-27 04:38:49,428 - INFO - Completed: 12277 / To go: 2
2025-10-27 04:38:49,428 - INFO - Records in product_list: 12277
2025-10-27 04:38:51,713 - INFO - Completed: 12277 / To go: 2
2025-10-27 04:38:51,713 - INFO - Records in product_list: 12277
2025-10-27 04:38:53,975 - INFO - Completed: 12277 / To go: 2
2025-10-27 04:38:53,975 - INFO - Records in product_list: 12277
2025-10-27 04:38:56,244 - INFO - Completed: 12277 / To go: 2
2025-10-27 04:38:56,244 - INFO - Records in product_list: 12277
2025-10-27 04:38:58,517 - INFO - Completed: 12277 / To go: 2
2025-10-27 04:38:58,517 - INFO - Records in product_list: 12277
2025-10-27 04:39:00,792 - INFO - Completed: 12277 / To go: 2
2025-10-27 04:39:00,792 - INFO - Records in product_list: 12277
2025-10-27 04:39:03,084 - INFO - Completed: 12277 / To go: 2
2025-10-27 04:39:03,084 - INFO - Records in product_list: 12277
2025-10-27 04:39:05,347 - INFO - Completed: 12277 / To go: 2
2025-10-27 04:39:05,347 - INFO - Records in product_list: 12277
2025-10-27 04:39:07,667 - INFO - Completed: 12277 / To go: 2
2025-10-27 04:39:07,668 - INFO - Records in product_list: 12277
2025-10-27 04:39:10,010 - INFO - Completed: 12277 / To go: 2
2025-10-27 04:39:10,010 - INFO - Records in product_list: 12277
2025-10-27 04:39:12,277 - INFO - Completed: 12277 / To go: 2
2025-10-27 04:39:12,277 - INFO - Records in product_list: 12277
2025-10-27 04:39:14,562 - INFO - Completed: 12277 / To go: 2
2025-10-27 04:39:14,562 - INFO - Records in product_list: 12277
2025-10-27 04:39:16,831 - INFO - Completed: 12277 / To go: 2
2025-10-27 04:39:16,831 - INFO - Records in product_list: 12277
2025-10-27 04:39:19,127 - INFO - Completed: 12277 / To go: 2
2025-10-27 04:39:19,127 - INFO - Records in product_list: 12277
2025-10-27 04:39:21,421 - INFO - Completed: 12277 / To go: 2
2025-10-27 04:39:21,421 - INFO - Records in product_list: 12277
2025-10-27 04:39:23,705 - INFO - Completed: 12277 / To go: 2
2025-10-27 04:39:23,705 - INFO - Records in product_list: 12277
2025-10-27 04:39:25,989 - INFO - Completed: 12277 / To go: 2
2025-10-27 04:39:25,989 - INFO - Records in product_list: 12277
2025-10-27 04:39:28,250 - INFO - Completed: 12277 / To go: 2
2025-10-27 04:39:28,250 - INFO - Records in product_list: 12277
2025-10-27 04:39:30,587 - INFO - Completed: 12277 / To go: 2
2025-10-27 04:39:30,588 - INFO - Records in product_list: 12277
2025-10-27 04:39:32,936 - INFO - Completed: 12277 / To go: 2
2025-10-27 04:39:32,936 - INFO - Records in product_list: 12277
2025-10-27 04:39:35,199 - INFO - Completed: 12277 / To go: 2
2025-10-27 04:39:35,199 - INFO - Records in product_list: 12277
2025-10-27 04:39:37,494 - INFO - Completed: 12277 / To go: 2
2025-10-27 04:39:37,495 - INFO - Records in product_list: 12277
2025-10-27 04:39:39,776 - INFO - Completed: 12277 / To go: 2
2025-10-27 04:39:39,776 - INFO - Records in product_list: 12277
2025-10-27 04:39:42,053 - INFO - Completed: 12277 / To go: 2
2025-10-27 04:39:42,054 - INFO - Records in product_list: 12277
2025-10-27 04:39:44,325 - INFO - Completed: 12277 / To go: 2
2025-10-27 04:39:44,325 - INFO - Records in product_list: 12277
2025-10-27 04:39:46,594 - INFO - Completed: 12277 / To go: 2
2025-10-27 04:39:46,595 - INFO - Records in product_list: 12277
2025-10-27 04:39:48,944 - INFO - Completed: 12277 / To go: 2
2025-10-27 04:39:48,945 - INFO - Records in product_list: 12277
2025-10-27 04:39:51,319 - INFO - Completed: 12277 / To go: 2
2025-10-27 04:39:51,319 - INFO - Records in product_list: 12277
2025-10-27 04:39:53,599 - INFO - Completed: 12277 / To go: 2
2025-10-27 04:39:53,599 - INFO - Records in product_list: 12277
2025-10-27 04:39:55,970 - INFO - Completed: 12277 / To go: 2
2025-10-27 04:39:55,970 - INFO - Records in product_list: 12277
2025-10-27 04:39:58,243 - INFO - Completed: 12277 / To go: 2
2025-10-27 04:39:58,243 - INFO - Records in product_list: 12277
2025-10-27 04:40:00,512 - INFO - Completed: 12277 / To go: 2
2025-10-27 04:40:00,512 - INFO - Records in product_list: 12277
2025-10-27 04:40:02,775 - INFO - Completed: 12277 / To go: 2
2025-10-27 04:40:02,775 - INFO - Records in product_list: 12277
2025-10-27 04:40:05,069 - INFO - Completed: 12277 / To go: 2
2025-10-27 04:40:05,069 - INFO - Records in product_list: 12277
2025-10-27 04:40:07,333 - INFO - Completed: 12277 / To go: 2
2025-10-27 04:40:07,333 - INFO - Records in product_list: 12277
2025-10-27 04:40:09,621 - INFO - Completed: 12277 / To go: 2
2025-10-27 04:40:09,622 - INFO - Records in product_list: 12277
2025-10-27 04:40:11,915 - INFO - Completed: 12277 / To go: 2
2025-10-27 04:40:11,915 - INFO - Records in product_list: 12277
2025-10-27 04:40:14,196 - INFO - Completed: 12277 / To go: 2
2025-10-27 04:40:14,196 - INFO - Records in product_list: 12277
2025-10-27 04:40:16,472 - INFO - Completed: 12277 / To go: 2
2025-10-27 04:40:16,472 - INFO - Records in product_list: 12277
2025-10-27 04:40:18,747 - INFO - Completed: 12277 / To go: 2
2025-10-27 04:40:18,747 - INFO - Records in product_list: 12277
2025-10-27 04:40:21,014 - INFO - Completed: 12277 / To go: 2
2025-10-27 04:40:21,014 - INFO - Records in product_list: 12277
2025-10-27 04:40:23,310 - INFO - Completed: 12277 / To go: 2
2025-10-27 04:40:23,310 - INFO - Records in product_list: 12277
2025-10-27 04:40:25,588 - INFO - Completed: 12277 / To go: 2
2025-10-27 04:40:25,588 - INFO - Records in product_list: 12277
2025-10-27 04:40:27,846 - INFO - Completed: 12277 / To go: 2
2025-10-27 04:40:27,846 - INFO - Records in product_list: 12277
2025-10-27 04:40:30,146 - INFO - Completed: 12277 / To go: 2
2025-10-27 04:40:30,146 - INFO - Records in product_list: 12277
2025-10-27 04:40:32,413 - INFO - Completed: 12277 / To go: 2
2025-10-27 04:40:32,413 - INFO - Records in product_list: 12277
2025-10-27 04:40:34,697 - INFO - Completed: 12277 / To go: 2
2025-10-27 04:40:34,697 - INFO - Records in product_list: 12277
2025-10-27 04:40:36,971 - INFO - Completed: 12277 / To go: 2
2025-10-27 04:40:36,972 - INFO - Records in product_list: 12277
2025-10-27 04:40:39,239 - INFO - Completed: 12277 / To go: 2
2025-10-27 04:40:39,239 - INFO - Records in product_list: 12277
2025-10-27 04:40:41,539 - INFO - Completed: 12277 / To go: 2
2025-10-27 04:40:41,540 - INFO - Records in product_list: 12277
2025-10-27 04:40:43,827 - INFO - Completed: 12277 / To go: 2
2025-10-27 04:40:43,827 - INFO - Records in product_list: 12277
2025-10-27 04:40:46,203 - INFO - Completed: 12277 / To go: 2
2025-10-27 04:40:46,203 - INFO - Records in product_list: 12277
2025-10-27 04:40:48,473 - INFO - Completed: 12277 / To go: 2
2025-10-27 04:40:48,473 - INFO - Records in product_list: 12277
2025-10-27 04:40:50,881 - INFO - Completed: 12277 / To go: 2
2025-10-27 04:40:50,882 - INFO - Records in product_list: 12277
2025-10-27 04:40:53,209 - INFO - Completed: 12277 / To go: 2
2025-10-27 04:40:53,209 - INFO - Records in product_list: 12277
2025-10-27 04:40:55,503 - INFO - Completed: 12277 / To go: 2
2025-10-27 04:40:55,504 - INFO - Records in product_list: 12277
2025-10-27 04:40:57,770 - INFO - Completed: 12277 / To go: 2
2025-10-27 04:40:57,770 - INFO - Records in product_list: 12277
2025-10-27 04:41:00,062 - INFO - Completed: 12277 / To go: 2
2025-10-27 04:41:00,062 - INFO - Records in product_list: 12277
2025-10-27 04:41:02,432 - INFO - Completed: 12277 / To go: 2
2025-10-27 04:41:02,432 - INFO - Records in product_list: 12277
2025-10-27 04:41:04,697 - INFO - Completed: 12277 / To go: 2
2025-10-27 04:41:04,697 - INFO - Records in product_list: 12277
2025-10-27 04:41:07,008 - INFO - Completed: 12277 / To go: 2
2025-10-27 04:41:07,008 - INFO - Records in product_list: 12277
2025-10-27 04:41:09,279 - INFO - Completed: 12277 / To go: 2
2025-10-27 04:41:09,280 - INFO - Records in product_list: 12277
2025-10-27 04:41:11,566 - WARNING - Error fetching data from https://shop.billa.at/api/product-discovery/products?sortBy=relevance&page=1000&pageSize=100: 500 Server Error: Internal Server Error for url: https://shop.billa.at/api/product-discovery/products?sortBy=relevance&page=1000&pageSize=100. Retrying in 3 seconds... (Attempt 1/5)
2025-10-27 04:41:14,787 - WARNING - Error fetching data from https://shop.billa.at/api/product-discovery/products?sortBy=relevance&page=1000&pageSize=100: 500 Server Error: Internal Server Error for url: https://shop.billa.at/api/product-discovery/products?sortBy=relevance&page=1000&pageSize=100. Retrying in 3 seconds... (Attempt 2/5)
2025-10-27 04:41:17,989 - WARNING - Error fetching data from https://shop.billa.at/api/product-discovery/products?sortBy=relevance&page=1000&pageSize=100: 500 Server Error: Internal Server Error for url: https://shop.billa.at/api/product-discovery/products?sortBy=relevance&page=1000&pageSize=100. Retrying in 3 seconds... (Attempt 3/5)
2025-10-27 04:41:21,197 - WARNING - Error fetching data from https://shop.billa.at/api/product-discovery/products?sortBy=relevance&page=1000&pageSize=100: 500 Server Error: Internal Server Error for url: https://shop.billa.at/api/product-discovery/products?sortBy=relevance&page=1000&pageSize=100. Retrying in 3 seconds... (Attempt 4/5)
2025-10-27 04:41:24,397 - WARNING - Error fetching data from https://shop.billa.at/api/product-discovery/products?sortBy=relevance&page=1000&pageSize=100: 500 Server Error: Internal Server Error for url: https://shop.billa.at/api/product-discovery/products?sortBy=relevance&page=1000&pageSize=100. Retrying in 3 seconds... (Attempt 5/5)
2025-10-27 04:41:27,400 - ERROR - Failed to scrape page 1000 after 5 retries. Stopping scraping.
2025-10-27 04:41:28,616 - INFO - Loading combined dataframe from local file: updated_combined_dataframe.csv
2025-10-28 03:47:42,660 - INFO - ============================================================
2025-10-28 03:47:42,660 - INFO - Billa Price Scraper - Starting
2025-10-28 03:47:42,660 - INFO - ============================================================
2025-10-28 03:47:44,166 - INFO - Completed: 100 / To go: 12170
2025-10-28 03:47:44,167 - INFO - Records in product_list: 100
2025-10-28 03:47:47,078 - INFO - Completed: 200 / To go: 12070
2025-10-28 03:47:47,079 - INFO - Records in product_list: 200
2025-10-28 03:47:49,985 - INFO - Completed: 300 / To go: 11970
2025-10-28 03:47:49,985 - INFO - Records in product_list: 300
2025-10-28 03:47:52,897 - INFO - Completed: 400 / To go: 11870
2025-10-28 03:47:52,897 - INFO - Records in product_list: 400
2025-10-28 03:47:55,918 - INFO - Completed: 500 / To go: 11770
2025-10-28 03:47:55,918 - INFO - Records in product_list: 500
2025-10-28 03:47:58,938 - INFO - Completed: 600 / To go: 11670
2025-10-28 03:47:58,938 - INFO - Records in product_list: 600
2025-10-28 03:48:01,797 - INFO - Completed: 700 / To go: 11570
2025-10-28 03:48:01,797 - INFO - Records in product_list: 700
2025-10-28 03:48:04,779 - INFO - Completed: 800 / To go: 11470
2025-10-28 03:48:04,779 - INFO - Records in product_list: 800
2025-10-28 03:48:07,791 - INFO - Completed: 900 / To go: 11370
2025-10-28 03:48:07,791 - INFO - Records in product_list: 900
2025-10-28 03:48:10,789 - INFO - Completed: 1000 / To go: 11270
2025-10-28 03:48:10,790 - INFO - Records in product_list: 1000
2025-10-28 03:48:13,747 - INFO - Completed: 1100 / To go: 11170
2025-10-28 03:48:13,747 - INFO - Records in product_list: 1100
2025-10-28 03:48:16,615 - INFO - Completed: 1200 / To go: 11070
2025-10-28 03:48:16,615 - INFO - Records in product_list: 1200
2025-10-28 03:48:19,526 - INFO - Completed: 1300 / To go: 10970
2025-10-28 03:48:19,526 - INFO - Records in product_list: 1300
2025-10-28 03:48:22,549 - INFO - Completed: 1400 / To go: 10870
2025-10-28 03:48:22,549 - INFO - Records in product_list: 1400
2025-10-28 03:48:25,424 - INFO - Completed: 1500 / To go: 10770
2025-10-28 03:48:25,424 - INFO - Records in product_list: 1500
2025-10-28 03:48:28,376 - INFO - Completed: 1600 / To go: 10670
2025-10-28 03:48:28,376 - INFO - Records in product_list: 1600
2025-10-28 03:48:31,266 - INFO - Completed: 1700 / To go: 10570
2025-10-28 03:48:31,266 - INFO - Records in product_list: 1700
2025-10-28 03:48:34,098 - INFO - Completed: 1800 / To go: 10470
2025-10-28 03:48:34,099 - INFO - Records in product_list: 1800
2025-10-28 03:48:37,096 - INFO - Completed: 1900 / To go: 10370
2025-10-28 03:48:37,096 - INFO - Records in product_list: 1900
2025-10-28 03:48:39,914 - INFO - Completed: 2000 / To go: 10270
2025-10-28 03:48:39,914 - INFO - Records in product_list: 2000
2025-10-28 03:48:43,845 - INFO - Completed: 2100 / To go: 10170
2025-10-28 03:48:43,845 - INFO - Records in product_list: 2100
2025-10-28 03:48:46,712 - INFO - Completed: 2200 / To go: 10070
2025-10-28 03:48:46,712 - INFO - Records in product_list: 2200
2025-10-28 03:48:49,560 - INFO - Completed: 2300 / To go: 9970
2025-10-28 03:48:49,560 - INFO - Records in product_list: 2300
2025-10-28 03:48:52,464 - INFO - Completed: 2400 / To go: 9870
2025-10-28 03:48:52,464 - INFO - Records in product_list: 2400
2025-10-28 03:48:55,317 - INFO - Completed: 2500 / To go: 9770
2025-10-28 03:48:55,317 - INFO - Records in product_list: 2500
2025-10-28 03:48:58,251 - INFO - Completed: 2600 / To go: 9670
2025-10-28 03:48:58,251 - INFO - Records in product_list: 2600
2025-10-28 03:49:01,125 - INFO - Completed: 2700 / To go: 9570
2025-10-28 03:49:01,125 - INFO - Records in product_list: 2700
2025-10-28 03:49:03,942 - INFO - Completed: 2800 / To go: 9470
2025-10-28 03:49:03,942 - INFO - Records in product_list: 2800
2025-10-28 03:49:06,799 - INFO - Completed: 2900 / To go: 9370
2025-10-28 03:49:06,799 - INFO - Records in product_list: 2900
2025-10-28 03:49:09,632 - INFO - Completed: 3000 / To go: 9270
2025-10-28 03:49:09,632 - INFO - Records in product_list: 3000
2025-10-28 03:49:12,482 - INFO - Completed: 3100 / To go: 9170
2025-10-28 03:49:12,483 - INFO - Records in product_list: 3100
2025-10-28 03:49:15,252 - INFO - Completed: 3200 / To go: 9070
2025-10-28 03:49:15,253 - INFO - Records in product_list: 3200
2025-10-28 03:49:18,063 - INFO - Completed: 3300 / To go: 8970
2025-10-28 03:49:18,063 - INFO - Records in product_list: 3300
2025-10-28 03:49:20,852 - INFO - Completed: 3400 / To go: 8870
2025-10-28 03:49:20,853 - INFO - Records in product_list: 3400
2025-10-28 03:49:23,729 - INFO - Completed: 3500 / To go: 8770
2025-10-28 03:49:23,730 - INFO - Records in product_list: 3500
2025-10-28 03:49:26,512 - INFO - Completed: 3600 / To go: 8670
2025-10-28 03:49:26,512 - INFO - Records in product_list: 3600
2025-10-28 03:49:29,345 - INFO - Completed: 3700 / To go: 8570
2025-10-28 03:49:29,345 - INFO - Records in product_list: 3700
2025-10-28 03:49:32,214 - INFO - Completed: 3800 / To go: 8470
2025-10-28 03:49:32,215 - INFO - Records in product_list: 3800
2025-10-28 03:49:35,075 - INFO - Completed: 3900 / To go: 8370
2025-10-28 03:49:35,075 - INFO - Records in product_list: 3900
2025-10-28 03:49:37,856 - INFO - Completed: 4000 / To go: 8270
2025-10-28 03:49:37,856 - INFO - Records in product_list: 4000
2025-10-28 03:49:40,713 - INFO - Completed: 4100 / To go: 8170
2025-10-28 03:49:40,713 - INFO - Records in product_list: 4100
2025-10-28 03:49:43,504 - INFO - Completed: 4200 / To go: 8070
2025-10-28 03:49:43,504 - INFO - Records in product_list: 4200
2025-10-28 03:49:46,430 - INFO - Completed: 4300 / To go: 7970
2025-10-28 03:49:46,430 - INFO - Records in product_list: 4300
2025-10-28 03:49:49,278 - INFO - Completed: 4400 / To go: 7870
2025-10-28 03:49:49,278 - INFO - Records in product_list: 4400
2025-10-28 03:49:52,133 - INFO - Completed: 4500 / To go: 7770
2025-10-28 03:49:52,134 - INFO - Records in product_list: 4500
2025-10-28 03:49:55,008 - INFO - Completed: 4600 / To go: 7670
2025-10-28 03:49:55,008 - INFO - Records in product_list: 4600
2025-10-28 03:49:57,813 - INFO - Completed: 4700 / To go: 7570
2025-10-28 03:49:57,813 - INFO - Records in product_list: 4700
2025-10-28 03:50:00,587 - INFO - Completed: 4800 / To go: 7470
2025-10-28 03:50:00,587 - INFO - Records in product_list: 4800
2025-10-28 03:50:03,344 - INFO - Completed: 4900 / To go: 7370
2025-10-28 03:50:03,344 - INFO - Records in product_list: 4900
2025-10-28 03:50:06,110 - INFO - Completed: 5000 / To go: 7270
2025-10-28 03:50:06,110 - INFO - Records in product_list: 5000
2025-10-28 03:50:08,933 - INFO - Completed: 5100 / To go: 7170
2025-10-28 03:50:08,933 - INFO - Records in product_list: 5100
2025-10-28 03:50:11,737 - INFO - Completed: 5200 / To go: 7070
2025-10-28 03:50:11,737 - INFO - Records in product_list: 5200
2025-10-28 03:50:14,540 - INFO - Completed: 5300 / To go: 6970
2025-10-28 03:50:14,540 - INFO - Records in product_list: 5300
2025-10-28 03:50:17,296 - INFO - Completed: 5400 / To go: 6870
2025-10-28 03:50:17,296 - INFO - Records in product_list: 5400
2025-10-28 03:50:20,115 - INFO - Completed: 5500 / To go: 6770
2025-10-28 03:50:20,115 - INFO - Records in product_list: 5500
2025-10-28 03:50:22,882 - INFO - Completed: 5600 / To go: 6670
2025-10-28 03:50:22,882 - INFO - Records in product_list: 5600
2025-10-28 03:50:25,667 - INFO - Completed: 5700 / To go: 6570
2025-10-28 03:50:25,667 - INFO - Records in product_list: 5700
2025-10-28 03:50:28,801 - INFO - Completed: 5800 / To go: 6470
2025-10-28 03:50:28,801 - INFO - Records in product_list: 5800
2025-10-28 03:50:31,644 - INFO - Completed: 5900 / To go: 6370
2025-10-28 03:50:31,644 - INFO - Records in product_list: 5900
2025-10-28 03:50:34,382 - INFO - Completed: 6000 / To go: 6270
2025-10-28 03:50:34,382 - INFO - Records in product_list: 6000
2025-10-28 03:50:37,124 - INFO - Completed: 6100 / To go: 6170
2025-10-28 03:50:37,125 - INFO - Records in product_list: 6100
2025-10-28 03:50:39,891 - INFO - Completed: 6200 / To go: 6070
2025-10-28 03:50:39,891 - INFO - Records in product_list: 6200
2025-10-28 03:50:42,668 - INFO - Completed: 6300 / To go: 5970
2025-10-28 03:50:42,668 - INFO - Records in product_list: 6300
2025-10-28 03:50:45,382 - INFO - Completed: 6400 / To go: 5870
2025-10-28 03:50:45,382 - INFO - Records in product_list: 6400
2025-10-28 03:50:48,207 - INFO - Completed: 6500 / To go: 5770
2025-10-28 03:50:48,207 - INFO - Records in product_list: 6500
2025-10-28 03:50:50,944 - INFO - Completed: 6600 / To go: 5670
2025-10-28 03:50:50,944 - INFO - Records in product_list: 6600
2025-10-28 03:50:53,718 - INFO - Completed: 6700 / To go: 5570
2025-10-28 03:50:53,718 - INFO - Records in product_list: 6700
2025-10-28 03:50:56,414 - INFO - Completed: 6800 / To go: 5470
2025-10-28 03:50:56,414 - INFO - Records in product_list: 6800
2025-10-28 03:50:59,162 - INFO - Completed: 6900 / To go: 5370
2025-10-28 03:50:59,162 - INFO - Records in product_list: 6900
2025-10-28 03:51:01,886 - INFO - Completed: 7000 / To go: 5270
2025-10-28 03:51:01,886 - INFO - Records in product_list: 7000
2025-10-28 03:51:04,654 - INFO - Completed: 7100 / To go: 5170
2025-10-28 03:51:04,654 - INFO - Records in product_list: 7100
2025-10-28 03:51:07,431 - INFO - Completed: 7200 / To go: 5070
2025-10-28 03:51:07,431 - INFO - Records in product_list: 7200
2025-10-28 03:51:10,138 - INFO - Completed: 7300 / To go: 4970
2025-10-28 03:51:10,138 - INFO - Records in product_list: 7300
2025-10-28 03:51:12,882 - INFO - Completed: 7400 / To go: 4870
2025-10-28 03:51:12,882 - INFO - Records in product_list: 7400
2025-10-28 03:51:15,593 - INFO - Completed: 7500 / To go: 4770
2025-10-28 03:51:15,593 - INFO - Records in product_list: 7500
2025-10-28 03:51:18,263 - INFO - Completed: 7600 / To go: 4670
2025-10-28 03:51:18,263 - INFO - Records in product_list: 7600
2025-10-28 03:51:20,986 - INFO - Completed: 7700 / To go: 4570
2025-10-28 03:51:20,986 - INFO - Records in product_list: 7700
2025-10-28 03:51:23,695 - INFO - Completed: 7800 / To go: 4470
2025-10-28 03:51:23,695 - INFO - Records in product_list: 7800
2025-10-28 03:51:26,362 - INFO - Completed: 7900 / To go: 4370
2025-10-28 03:51:26,362 - INFO - Records in product_list: 7900
2025-10-28 03:51:29,121 - INFO - Completed: 8000 / To go: 4270
2025-10-28 03:51:29,121 - INFO - Records in product_list: 8000
2025-10-28 03:51:31,825 - INFO - Completed: 8100 / To go: 4170
2025-10-28 03:51:31,825 - INFO - Records in product_list: 8100
2025-10-28 03:51:34,538 - INFO - Completed: 8200 / To go: 4070
2025-10-28 03:51:34,538 - INFO - Records in product_list: 8200
2025-10-28 03:51:37,208 - INFO - Completed: 8300 / To go: 3970
2025-10-28 03:51:37,208 - INFO - Records in product_list: 8300
2025-10-28 03:51:39,868 - INFO - Completed: 8400 / To go: 3870
2025-10-28 03:51:39,868 - INFO - Records in product_list: 8400
2025-10-28 03:51:42,546 - INFO - Completed: 8500 / To go: 3770
2025-10-28 03:51:42,546 - INFO - Records in product_list: 8500
2025-10-28 03:51:45,277 - INFO - Completed: 8600 / To go: 3670
2025-10-28 03:51:45,278 - INFO - Records in product_list: 8600
2025-10-28 03:51:47,875 - INFO - Completed: 8700 / To go: 3570
2025-10-28 03:51:47,875 - INFO - Records in product_list: 8700
2025-10-28 03:51:50,562 - INFO - Completed: 8800 / To go: 3470
2025-10-28 03:51:50,562 - INFO - Records in product_list: 8800
2025-10-28 03:51:53,291 - INFO - Completed: 8900 / To go: 3370
2025-10-28 03:51:53,291 - INFO - Records in product_list: 8900
2025-10-28 03:51:55,928 - INFO - Completed: 9000 / To go: 3270
2025-10-28 03:51:55,928 - INFO - Records in product_list: 9000
2025-10-28 03:51:58,590 - INFO - Completed: 9100 / To go: 3170
2025-10-28 03:51:58,591 - INFO - Records in product_list: 9100
2025-10-28 03:52:01,202 - INFO - Completed: 9200 / To go: 3070
2025-10-28 03:52:01,202 - INFO - Records in product_list: 9200
2025-10-28 03:52:03,819 - INFO - Completed: 9300 / To go: 2970
2025-10-28 03:52:03,819 - INFO - Records in product_list: 9300
2025-10-28 03:52:06,470 - INFO - Completed: 9400 / To go: 2870
2025-10-28 03:52:06,470 - INFO - Records in product_list: 9400
2025-10-28 03:52:09,137 - INFO - Completed: 9500 / To go: 2770
2025-10-28 03:52:09,137 - INFO - Records in product_list: 9500
2025-10-28 03:52:11,814 - INFO - Completed: 9600 / To go: 2670
2025-10-28 03:52:11,814 - INFO - Records in product_list: 9600
2025-10-28 03:52:14,516 - INFO - Completed: 9700 / To go: 2570
2025-10-28 03:52:14,516 - INFO - Records in product_list: 9700
2025-10-28 03:52:17,236 - INFO - Completed: 9800 / To go: 2470
2025-10-28 03:52:17,236 - INFO - Records in product_list: 9800
2025-10-28 03:52:19,967 - INFO - Completed: 9900 / To go: 2370
2025-10-28 03:52:19,968 - INFO - Records in product_list: 9900
2025-10-28 03:52:22,695 - INFO - Completed: 10000 / To go: 2270
2025-10-28 03:52:22,695 - INFO - Records in product_list: 10000
2025-10-28 03:52:25,497 - INFO - Completed: 10100 / To go: 2170
2025-10-28 03:52:25,497 - INFO - Records in product_list: 10100
2025-10-28 03:52:28,110 - INFO - Completed: 10200 / To go: 2070
2025-10-28 03:52:28,110 - INFO - Records in product_list: 10200
2025-10-28 03:52:30,798 - INFO - Completed: 10300 / To go: 1970
2025-10-28 03:52:30,798 - INFO - Records in product_list: 10300
2025-10-28 03:52:33,483 - INFO - Completed: 10400 / To go: 1870
2025-10-28 03:52:33,483 - INFO - Records in product_list: 10400
2025-10-28 03:52:36,197 - INFO - Completed: 10500 / To go: 1770
2025-10-28 03:52:36,197 - INFO - Records in product_list: 10500
2025-10-28 03:52:38,891 - INFO - Completed: 10600 / To go: 1670
2025-10-28 03:52:38,891 - INFO - Records in product_list: 10600
2025-10-28 03:52:41,614 - INFO - Completed: 10700 / To go: 1570
2025-10-28 03:52:41,614 - INFO - Records in product_list: 10700
2025-10-28 03:52:44,290 - INFO - Completed: 10800 / To go: 1470
2025-10-28 03:52:44,290 - INFO - Records in product_list: 10800
2025-10-28 03:52:47,044 - INFO - Completed: 10900 / To go: 1370
2025-10-28 03:52:47,044 - INFO - Records in product_list: 10900
2025-10-28 03:52:49,893 - INFO - Completed: 11000 / To go: 1270
2025-10-28 03:52:49,893 - INFO - Records in product_list: 11000
2025-10-28 03:52:52,599 - INFO - Completed: 11100 / To go: 1170
2025-10-28 03:52:52,599 - INFO - Records in product_list: 11100
2025-10-28 03:52:55,338 - INFO - Completed: 11200 / To go: 1070
2025-10-28 03:52:55,338 - INFO - Records in product_list: 11200
2025-10-28 03:52:58,075 - INFO - Completed: 11300 / To go: 970
2025-10-28 03:52:58,075 - INFO - Records in product_list: 11300
2025-10-28 03:53:00,841 - INFO - Completed: 11400 / To go: 870
2025-10-28 03:53:00,841 - INFO - Records in product_list: 11400
2025-10-28 03:53:03,610 - INFO - Completed: 11500 / To go: 770
2025-10-28 03:53:03,610 - INFO - Records in product_list: 11500
2025-10-28 03:53:06,362 - INFO - Completed: 11600 / To go: 670
2025-10-28 03:53:06,362 - INFO - Records in product_list: 11600
2025-10-28 03:53:09,197 - INFO - Completed: 11700 / To go: 570
2025-10-28 03:53:09,197 - INFO - Records in product_list: 11700
2025-10-28 03:53:11,891 - INFO - Completed: 11800 / To go: 470
2025-10-28 03:53:11,891 - INFO - Records in product_list: 11800
2025-10-28 03:53:14,643 - INFO - Completed: 11900 / To go: 370
2025-10-28 03:53:14,643 - INFO - Records in product_list: 11900
2025-10-28 03:53:17,319 - INFO - Completed: 12000 / To go: 270
2025-10-28 03:53:17,319 - INFO - Records in product_list: 12000
2025-10-28 03:53:20,028 - INFO - Completed: 12100 / To go: 170
2025-10-28 03:53:20,028 - INFO - Records in product_list: 12100
2025-10-28 03:53:22,720 - INFO - Completed: 12200 / To go: 70
2025-10-28 03:53:22,721 - INFO - Records in product_list: 12200
2025-10-28 03:53:25,264 - INFO - Completed: 12272 / To go: -2
2025-10-28 03:53:25,265 - INFO - Records in product_list: 12272
2025-10-28 03:53:28,535 - INFO - Loading combined dataframe from local file: updated_combined_dataframe.csv
2025-10-29 03:56:13,528 - INFO - ============================================================
2025-10-29 03:56:13,528 - INFO - Billa Price Scraper - Starting
2025-10-29 03:56:13,528 - INFO - ============================================================
2025-10-29 03:56:14,891 - INFO - Completed: 100 / To go: 12252
2025-10-29 03:56:14,891 - INFO - Records in product_list: 100
2025-10-29 03:56:17,854 - INFO - Completed: 200 / To go: 12152
2025-10-29 03:56:17,854 - INFO - Records in product_list: 200
2025-10-29 03:56:20,774 - INFO - Completed: 300 / To go: 12052
2025-10-29 03:56:20,774 - INFO - Records in product_list: 300
2025-10-29 03:56:23,967 - INFO - Completed: 400 / To go: 11952
2025-10-29 03:56:23,967 - INFO - Records in product_list: 400
2025-10-29 03:56:26,809 - INFO - Completed: 500 / To go: 11852
2025-10-29 03:56:26,809 - INFO - Records in product_list: 500
2025-10-29 03:56:29,971 - INFO - Completed: 600 / To go: 11752
2025-10-29 03:56:29,971 - INFO - Records in product_list: 600
2025-10-29 03:56:33,043 - INFO - Completed: 700 / To go: 11652
2025-10-29 03:56:33,043 - INFO - Records in product_list: 700
2025-10-29 03:56:36,220 - INFO - Completed: 800 / To go: 11552
2025-10-29 03:56:36,220 - INFO - Records in product_list: 800
2025-10-29 03:56:39,240 - INFO - Completed: 900 / To go: 11452
2025-10-29 03:56:39,240 - INFO - Records in product_list: 900
2025-10-29 03:56:42,221 - INFO - Completed: 1000 / To go: 11352
2025-10-29 03:56:42,222 - INFO - Records in product_list: 1000
2025-10-29 03:56:45,156 - INFO - Completed: 1100 / To go: 11252
2025-10-29 03:56:45,156 - INFO - Records in product_list: 1100
2025-10-29 03:56:48,143 - INFO - Completed: 1200 / To go: 11152
2025-10-29 03:56:48,143 - INFO - Records in product_list: 1200
2025-10-29 03:56:51,213 - INFO - Completed: 1300 / To go: 11052
2025-10-29 03:56:51,213 - INFO - Records in product_list: 1300
2025-10-29 03:56:54,279 - INFO - Completed: 1400 / To go: 10952
2025-10-29 03:56:54,279 - INFO - Records in product_list: 1400
2025-10-29 03:56:57,156 - INFO - Completed: 1500 / To go: 10852
2025-10-29 03:56:57,156 - INFO - Records in product_list: 1500
2025-10-29 03:57:00,117 - INFO - Completed: 1600 / To go: 10752
2025-10-29 03:57:00,117 - INFO - Records in product_list: 1600
2025-10-29 03:57:02,977 - INFO - Completed: 1700 / To go: 10652
2025-10-29 03:57:02,977 - INFO - Records in product_list: 1700
2025-10-29 03:57:05,986 - INFO - Completed: 1800 / To go: 10552
2025-10-29 03:57:05,986 - INFO - Records in product_list: 1800
2025-10-29 03:57:08,884 - INFO - Completed: 1900 / To go: 10452
2025-10-29 03:57:08,884 - INFO - Records in product_list: 1900
2025-10-29 03:57:11,856 - INFO - Completed: 2000 / To go: 10352
2025-10-29 03:57:11,856 - INFO - Records in product_list: 2000
2025-10-29 03:57:14,873 - INFO - Completed: 2100 / To go: 10252
2025-10-29 03:57:14,874 - INFO - Records in product_list: 2100
2025-10-29 03:57:17,836 - INFO - Completed: 2200 / To go: 10152
2025-10-29 03:57:17,836 - INFO - Records in product_list: 2200
2025-10-29 03:57:20,712 - INFO - Completed: 2300 / To go: 10052
2025-10-29 03:57:20,712 - INFO - Records in product_list: 2300
2025-10-29 03:57:23,687 - INFO - Completed: 2400 / To go: 9952
2025-10-29 03:57:23,687 - INFO - Records in product_list: 2400
2025-10-29 03:57:26,549 - INFO - Completed: 2500 / To go: 9852
2025-10-29 03:57:26,549 - INFO - Records in product_list: 2500
2025-10-29 03:57:29,432 - INFO - Completed: 2600 / To go: 9752
2025-10-29 03:57:29,432 - INFO - Records in product_list: 2600
2025-10-29 03:57:32,338 - INFO - Completed: 2700 / To go: 9652
2025-10-29 03:57:32,338 - INFO - Records in product_list: 2700
2025-10-29 03:57:35,223 - INFO - Completed: 2800 / To go: 9552
2025-10-29 03:57:35,223 - INFO - Records in product_list: 2800
2025-10-29 03:57:38,147 - INFO - Completed: 2900 / To go: 9452
2025-10-29 03:57:38,147 - INFO - Records in product_list: 2900
2025-10-29 03:57:40,983 - INFO - Completed: 3000 / To go: 9352
2025-10-29 03:57:40,983 - INFO - Records in product_list: 3000
2025-10-29 03:57:43,825 - INFO - Completed: 3100 / To go: 9252
2025-10-29 03:57:43,825 - INFO - Records in product_list: 3100
2025-10-29 03:57:46,803 - INFO - Completed: 3200 / To go: 9152
2025-10-29 03:57:46,803 - INFO - Records in product_list: 3200
2025-10-29 03:57:49,616 - INFO - Completed: 3300 / To go: 9052
2025-10-29 03:57:49,617 - INFO - Records in product_list: 3300
2025-10-29 03:57:52,517 - INFO - Completed: 3400 / To go: 8952
2025-10-29 03:57:52,517 - INFO - Records in product_list: 3400
2025-10-29 03:57:55,491 - INFO - Completed: 3500 / To go: 8852
2025-10-29 03:57:55,491 - INFO - Records in product_list: 3500
2025-10-29 03:57:58,349 - INFO - Completed: 3600 / To go: 8752
2025-10-29 03:57:58,350 - INFO - Records in product_list: 3600
2025-10-29 03:58:01,173 - INFO - Completed: 3700 / To go: 8652
2025-10-29 03:58:01,173 - INFO - Records in product_list: 3700
2025-10-29 03:58:04,010 - INFO - Completed: 3800 / To go: 8552
2025-10-29 03:58:04,010 - INFO - Records in product_list: 3800
2025-10-29 03:58:06,868 - INFO - Completed: 3900 / To go: 8452
2025-10-29 03:58:06,868 - INFO - Records in product_list: 3900
2025-10-29 03:58:09,711 - INFO - Completed: 4000 / To go: 8352
2025-10-29 03:58:09,711 - INFO - Records in product_list: 4000
2025-10-29 03:58:12,517 - INFO - Completed: 4100 / To go: 8252
2025-10-29 03:58:12,517 - INFO - Records in product_list: 4100
2025-10-29 03:58:15,483 - INFO - Completed: 4200 / To go: 8152
2025-10-29 03:58:15,483 - INFO - Records in product_list: 4200
2025-10-29 03:58:18,322 - INFO - Completed: 4300 / To go: 8052
2025-10-29 03:58:18,322 - INFO - Records in product_list: 4300
2025-10-29 03:58:21,197 - INFO - Completed: 4400 / To go: 7952
2025-10-29 03:58:21,197 - INFO - Records in product_list: 4400
2025-10-29 03:58:23,988 - INFO - Completed: 4500 / To go: 7852
2025-10-29 03:58:23,988 - INFO - Records in product_list: 4500
2025-10-29 03:58:26,883 - INFO - Completed: 4600 / To go: 7752
2025-10-29 03:58:26,883 - INFO - Records in product_list: 4600
2025-10-29 03:58:29,673 - INFO - Completed: 4700 / To go: 7652
2025-10-29 03:58:29,673 - INFO - Records in product_list: 4700
2025-10-29 03:58:32,533 - INFO - Completed: 4800 / To go: 7552
2025-10-29 03:58:32,533 - INFO - Records in product_list: 4800
2025-10-29 03:58:35,306 - INFO - Completed: 4900 / To go: 7452
2025-10-29 03:58:35,306 - INFO - Records in product_list: 4900
2025-10-29 03:58:38,315 - INFO - Completed: 5000 / To go: 7352
2025-10-29 03:58:38,315 - INFO - Records in product_list: 5000
2025-10-29 03:58:41,107 - INFO - Completed: 5100 / To go: 7252
2025-10-29 03:58:41,107 - INFO - Records in product_list: 5100
2025-10-29 03:58:43,982 - INFO - Completed: 5200 / To go: 7152
2025-10-29 03:58:43,982 - INFO - Records in product_list: 5200
2025-10-29 03:58:46,803 - INFO - Completed: 5300 / To go: 7052
2025-10-29 03:58:46,803 - INFO - Records in product_list: 5300
2025-10-29 03:58:49,538 - INFO - Completed: 5400 / To go: 6952
2025-10-29 03:58:49,538 - INFO - Records in product_list: 5400
2025-10-29 03:58:52,381 - INFO - Completed: 5500 / To go: 6852
2025-10-29 03:58:52,381 - INFO - Records in product_list: 5500
2025-10-29 03:58:55,141 - INFO - Completed: 5600 / To go: 6752
2025-10-29 03:58:55,141 - INFO - Records in product_list: 5600
2025-10-29 03:58:57,874 - INFO - Completed: 5700 / To go: 6652
2025-10-29 03:58:57,874 - INFO - Records in product_list: 5700
2025-10-29 03:59:00,670 - INFO - Completed: 5800 / To go: 6552
2025-10-29 03:59:00,670 - INFO - Records in product_list: 5800
2025-10-29 03:59:03,440 - INFO - Completed: 5900 / To go: 6452
2025-10-29 03:59:03,440 - INFO - Records in product_list: 5900
2025-10-29 03:59:06,220 - INFO - Completed: 6000 / To go: 6352
2025-10-29 03:59:06,220 - INFO - Records in product_list: 6000
2025-10-29 03:59:09,007 - INFO - Completed: 6100 / To go: 6252
2025-10-29 03:59:09,008 - INFO - Records in product_list: 6100
2025-10-29 03:59:11,819 - INFO - Completed: 6200 / To go: 6152
2025-10-29 03:59:11,819 - INFO - Records in product_list: 6200
2025-10-29 03:59:14,564 - INFO - Completed: 6300 / To go: 6052
2025-10-29 03:59:14,564 - INFO - Records in product_list: 6300
2025-10-29 03:59:17,377 - INFO - Completed: 6400 / To go: 5952
2025-10-29 03:59:17,377 - INFO - Records in product_list: 6400
2025-10-29 03:59:20,107 - INFO - Completed: 6500 / To go: 5852
2025-10-29 03:59:20,107 - INFO - Records in product_list: 6500
2025-10-29 03:59:22,964 - INFO - Completed: 6600 / To go: 5752
2025-10-29 03:59:22,964 - INFO - Records in product_list: 6600
2025-10-29 03:59:25,674 - INFO - Completed: 6700 / To go: 5652
2025-10-29 03:59:25,674 - INFO - Records in product_list: 6700
2025-10-29 03:59:28,449 - INFO - Completed: 6800 / To go: 5552
2025-10-29 03:59:28,449 - INFO - Records in product_list: 6800
2025-10-29 03:59:31,209 - INFO - Completed: 6900 / To go: 5452
2025-10-29 03:59:31,210 - INFO - Records in product_list: 6900
2025-10-29 03:59:33,989 - INFO - Completed: 7000 / To go: 5352
2025-10-29 03:59:33,989 - INFO - Records in product_list: 7000
2025-10-29 03:59:36,737 - INFO - Completed: 7100 / To go: 5252
2025-10-29 03:59:36,737 - INFO - Records in product_list: 7100
2025-10-29 03:59:39,435 - INFO - Completed: 7200 / To go: 5152
2025-10-29 03:59:39,435 - INFO - Records in product_list: 7200
2025-10-29 03:59:42,152 - INFO - Completed: 7300 / To go: 5052
2025-10-29 03:59:42,152 - INFO - Records in product_list: 7300
2025-10-29 03:59:44,896 - INFO - Completed: 7400 / To go: 4952
2025-10-29 03:59:44,896 - INFO - Records in product_list: 7400
2025-10-29 03:59:47,622 - INFO - Completed: 7500 / To go: 4852
2025-10-29 03:59:47,622 - INFO - Records in product_list: 7500
2025-10-29 03:59:50,334 - INFO - Completed: 7600 / To go: 4752
2025-10-29 03:59:50,334 - INFO - Records in product_list: 7600
2025-10-29 03:59:53,031 - INFO - Completed: 7700 / To go: 4652
2025-10-29 03:59:53,031 - INFO - Records in product_list: 7700
2025-10-29 03:59:55,789 - INFO - Completed: 7800 / To go: 4552
2025-10-29 03:59:55,789 - INFO - Records in product_list: 7800
2025-10-29 03:59:58,469 - INFO - Completed: 7900 / To go: 4452
2025-10-29 03:59:58,469 - INFO - Records in product_list: 7900
2025-10-29 04:00:01,161 - INFO - Completed: 8000 / To go: 4352
2025-10-29 04:00:01,161 - INFO - Records in product_list: 8000
2025-10-29 04:00:03,918 - INFO - Completed: 8100 / To go: 4252
2025-10-29 04:00:03,918 - INFO - Records in product_list: 8100
2025-10-29 04:00:06,621 - INFO - Completed: 8200 / To go: 4152
2025-10-29 04:00:06,622 - INFO - Records in product_list: 8200
2025-10-29 04:00:09,245 - INFO - Completed: 8300 / To go: 4052
2025-10-29 04:00:09,245 - INFO - Records in product_list: 8300
2025-10-29 04:00:12,105 - INFO - Completed: 8400 / To go: 3952
2025-10-29 04:00:12,106 - INFO - Records in product_list: 8400
2025-10-29 04:00:14,728 - INFO - Completed: 8500 / To go: 3852
2025-10-29 04:00:14,728 - INFO - Records in product_list: 8500
2025-10-29 04:00:17,427 - INFO - Completed: 8600 / To go: 3752
2025-10-29 04:00:17,427 - INFO - Records in product_list: 8600
2025-10-29 04:00:20,101 - INFO - Completed: 8700 / To go: 3652
2025-10-29 04:00:20,102 - INFO - Records in product_list: 8700
2025-10-29 04:00:22,851 - INFO - Completed: 8800 / To go: 3552
2025-10-29 04:00:22,851 - INFO - Records in product_list: 8800
2025-10-29 04:00:25,594 - INFO - Completed: 8900 / To go: 3452
2025-10-29 04:00:25,595 - INFO - Records in product_list: 8900
2025-10-29 04:00:28,244 - INFO - Completed: 9000 / To go: 3352
2025-10-29 04:00:28,244 - INFO - Records in product_list: 9000
2025-10-29 04:00:30,930 - INFO - Completed: 9100 / To go: 3252
2025-10-29 04:00:30,930 - INFO - Records in product_list: 9100
2025-10-29 04:00:33,554 - INFO - Completed: 9200 / To go: 3152
2025-10-29 04:00:33,554 - INFO - Records in product_list: 9200
2025-10-29 04:00:36,110 - INFO - Completed: 9300 / To go: 3052
2025-10-29 04:00:36,110 - INFO - Records in product_list: 9300
2025-10-29 04:00:38,790 - INFO - Completed: 9400 / To go: 2952
2025-10-29 04:00:38,790 - INFO - Records in product_list: 9400
2025-10-29 04:00:41,399 - INFO - Completed: 9500 / To go: 2852
2025-10-29 04:00:41,400 - INFO - Records in product_list: 9500
2025-10-29 04:00:44,121 - INFO - Completed: 9600 / To go: 2752
2025-10-29 04:00:44,122 - INFO - Records in product_list: 9600
2025-10-29 04:00:46,810 - INFO - Completed: 9700 / To go: 2652
2025-10-29 04:00:46,810 - INFO - Records in product_list: 9700
2025-10-29 04:00:49,492 - INFO - Completed: 9800 / To go: 2552
2025-10-29 04:00:49,492 - INFO - Records in product_list: 9800
2025-10-29 04:00:52,167 - INFO - Completed: 9900 / To go: 2452
2025-10-29 04:00:52,167 - INFO - Records in product_list: 9900
2025-10-29 04:00:54,847 - INFO - Completed: 10000 / To go: 2352
2025-10-29 04:00:54,847 - INFO - Records in product_list: 10000
2025-10-29 04:00:57,588 - INFO - Completed: 10100 / To go: 2252
2025-10-29 04:00:57,588 - INFO - Records in product_list: 10100
2025-10-29 04:01:00,296 - INFO - Completed: 10200 / To go: 2152
2025-10-29 04:01:00,296 - INFO - Records in product_list: 10200
2025-10-29 04:01:02,959 - INFO - Completed: 10300 / To go: 2052
2025-10-29 04:01:02,959 - INFO - Records in product_list: 10300
2025-10-29 04:01:05,729 - INFO - Completed: 10400 / To go: 1952
2025-10-29 04:01:05,729 - INFO - Records in product_list: 10400
2025-10-29 04:01:08,482 - INFO - Completed: 10500 / To go: 1852
2025-10-29 04:01:08,483 - INFO - Records in product_list: 10500
2025-10-29 04:01:11,248 - INFO - Completed: 10600 / To go: 1752
2025-10-29 04:01:11,248 - INFO - Records in product_list: 10600
2025-10-29 04:01:13,957 - INFO - Completed: 10700 / To go: 1652
2025-10-29 04:01:13,957 - INFO - Records in product_list: 10700
2025-10-29 04:01:16,719 - INFO - Completed: 10800 / To go: 1552
2025-10-29 04:01:16,719 - INFO - Records in product_list: 10800
2025-10-29 04:01:19,438 - INFO - Completed: 10900 / To go: 1452
2025-10-29 04:01:19,438 - INFO - Records in product_list: 10900
2025-10-29 04:01:22,301 - INFO - Completed: 11000 / To go: 1352
2025-10-29 04:01:22,301 - INFO - Records in product_list: 11000
2025-10-29 04:01:25,033 - INFO - Completed: 11100 / To go: 1252
2025-10-29 04:01:25,034 - INFO - Records in product_list: 11100
2025-10-29 04:01:27,844 - INFO - Completed: 11200 / To go: 1152
2025-10-29 04:01:27,844 - INFO - Records in product_list: 11200
2025-10-29 04:01:30,607 - INFO - Completed: 11300 / To go: 1052
2025-10-29 04:01:30,608 - INFO - Records in product_list: 11300
2025-10-29 04:01:33,423 - INFO - Completed: 11400 / To go: 952
2025-10-29 04:01:33,424 - INFO - Records in product_list: 11400
2025-10-29 04:01:36,144 - INFO - Completed: 11500 / To go: 852
2025-10-29 04:01:36,144 - INFO - Records in product_list: 11500
2025-10-29 04:01:39,032 - INFO - Completed: 11600 / To go: 752
2025-10-29 04:01:39,032 - INFO - Records in product_list: 11600
2025-10-29 04:01:41,717 - INFO - Completed: 11700 / To go: 652
2025-10-29 04:01:41,717 - INFO - Records in product_list: 11700
2025-10-29 04:01:44,662 - INFO - Completed: 11800 / To go: 552
2025-10-29 04:01:44,662 - INFO - Records in product_list: 11800
2025-10-29 04:01:47,384 - INFO - Completed: 11900 / To go: 452
2025-10-29 04:01:47,384 - INFO - Records in product_list: 11900
2025-10-29 04:01:50,056 - INFO - Completed: 12000 / To go: 352
2025-10-29 04:01:50,056 - INFO - Records in product_list: 12000
2025-10-29 04:01:52,736 - INFO - Completed: 12100 / To go: 252
2025-10-29 04:01:52,737 - INFO - Records in product_list: 12100
2025-10-29 04:01:55,468 - INFO - Completed: 12200 / To go: 152
2025-10-29 04:01:55,468 - INFO - Records in product_list: 12200
2025-10-29 04:01:58,166 - INFO - Completed: 12300 / To go: 52
2025-10-29 04:01:58,166 - INFO - Records in product_list: 12300
2025-10-29 04:02:00,647 - INFO - Completed: 12352 / To go: 0
2025-10-29 04:02:00,647 - INFO - Records in product_list: 12352
2025-10-29 04:02:03,878 - INFO - Loading combined dataframe from local file: updated_combined_dataframe.csv
2025-10-30 03:49:47,651 - INFO - ============================================================
2025-10-30 03:49:47,651 - INFO - Billa Price Scraper - Starting
2025-10-30 03:49:47,651 - INFO - ============================================================
2025-10-30 03:49:50,272 - INFO - Completed: 100 / To go: 12251
2025-10-30 03:49:50,272 - INFO - Records in product_list: 100
2025-10-30 03:49:53,617 - INFO - Completed: 200 / To go: 12151
2025-10-30 03:49:53,617 - INFO - Records in product_list: 200
2025-10-30 03:49:56,826 - INFO - Completed: 300 / To go: 12051
2025-10-30 03:49:56,826 - INFO - Records in product_list: 300
2025-10-30 03:50:00,183 - INFO - Completed: 400 / To go: 11951
2025-10-30 03:50:00,184 - INFO - Records in product_list: 400
2025-10-30 03:50:03,186 - INFO - Completed: 500 / To go: 11851
2025-10-30 03:50:03,186 - INFO - Records in product_list: 500
2025-10-30 03:50:06,189 - INFO - Completed: 600 / To go: 11751
2025-10-30 03:50:06,190 - INFO - Records in product_list: 600
2025-10-30 03:50:09,301 - INFO - Completed: 700 / To go: 11651
2025-10-30 03:50:09,301 - INFO - Records in product_list: 700
2025-10-30 03:50:12,583 - INFO - Completed: 800 / To go: 11551
2025-10-30 03:50:12,583 - INFO - Records in product_list: 800
2025-10-30 03:50:15,566 - INFO - Completed: 900 / To go: 11451
2025-10-30 03:50:15,567 - INFO - Records in product_list: 900
2025-10-30 03:50:18,579 - INFO - Completed: 1000 / To go: 11351
2025-10-30 03:50:18,579 - INFO - Records in product_list: 1000
2025-10-30 03:50:21,586 - INFO - Completed: 1100 / To go: 11251
2025-10-30 03:50:21,586 - INFO - Records in product_list: 1100
2025-10-30 03:50:24,746 - INFO - Completed: 1200 / To go: 11151
2025-10-30 03:50:24,746 - INFO - Records in product_list: 1200
2025-10-30 03:50:27,611 - INFO - Completed: 1300 / To go: 11051
2025-10-30 03:50:27,611 - INFO - Records in product_list: 1300
2025-10-30 03:50:30,572 - INFO - Completed: 1400 / To go: 10951
2025-10-30 03:50:30,572 - INFO - Records in product_list: 1400
2025-10-30 03:50:33,640 - INFO - Completed: 1500 / To go: 10851
2025-10-30 03:50:33,641 - INFO - Records in product_list: 1500
2025-10-30 03:50:36,778 - INFO - Completed: 1600 / To go: 10751
2025-10-30 03:50:36,778 - INFO - Records in product_list: 1600
2025-10-30 03:50:39,800 - INFO - Completed: 1700 / To go: 10651
2025-10-30 03:50:39,800 - INFO - Records in product_list: 1700
2025-10-30 03:50:42,887 - INFO - Completed: 1800 / To go: 10551
2025-10-30 03:50:42,888 - INFO - Records in product_list: 1800
2025-10-30 03:50:45,784 - INFO - Completed: 1900 / To go: 10451
2025-10-30 03:50:45,784 - INFO - Records in product_list: 1900
2025-10-30 03:50:48,933 - INFO - Completed: 2000 / To go: 10351
2025-10-30 03:50:48,933 - INFO - Records in product_list: 2000
2025-10-30 03:50:51,879 - INFO - Completed: 2100 / To go: 10251
2025-10-30 03:50:51,879 - INFO - Records in product_list: 2100
2025-10-30 03:50:55,035 - INFO - Completed: 2200 / To go: 10151
2025-10-30 03:50:55,035 - INFO - Records in product_list: 2200
2025-10-30 03:50:57,995 - INFO - Completed: 2300 / To go: 10051
2025-10-30 03:50:57,995 - INFO - Records in product_list: 2300
2025-10-30 03:51:00,940 - INFO - Completed: 2400 / To go: 9951
2025-10-30 03:51:00,940 - INFO - Records in product_list: 2400
2025-10-30 03:51:03,802 - INFO - Completed: 2500 / To go: 9851
2025-10-30 03:51:03,803 - INFO - Records in product_list: 2500
2025-10-30 03:51:06,729 - INFO - Completed: 2600 / To go: 9751
2025-10-30 03:51:06,729 - INFO - Records in product_list: 2600
2025-10-30 03:51:09,724 - INFO - Completed: 2700 / To go: 9651
2025-10-30 03:51:09,724 - INFO - Records in product_list: 2700
2025-10-30 03:51:12,572 - INFO - Completed: 2800 / To go: 9551
2025-10-30 03:51:12,572 - INFO - Records in product_list: 2800
2025-10-30 03:51:15,505 - INFO - Completed: 2900 / To go: 9451
2025-10-30 03:51:15,505 - INFO - Records in product_list: 2900
2025-10-30 03:51:18,394 - INFO - Completed: 3000 / To go: 9351
2025-10-30 03:51:18,394 - INFO - Records in product_list: 3000
2025-10-30 03:51:21,362 - INFO - Completed: 3100 / To go: 9251
2025-10-30 03:51:21,362 - INFO - Records in product_list: 3100
2025-10-30 03:51:24,497 - INFO - Completed: 3200 / To go: 9151
2025-10-30 03:51:24,497 - INFO - Records in product_list: 3200
2025-10-30 03:51:27,277 - INFO - Completed: 3300 / To go: 9051
2025-10-30 03:51:27,277 - INFO - Records in product_list: 3300
2025-10-30 03:51:30,107 - INFO - Completed: 3400 / To go: 8951
2025-10-30 03:51:30,107 - INFO - Records in product_list: 3400
2025-10-30 03:51:32,974 - INFO - Completed: 3500 / To go: 8851
2025-10-30 03:51:32,975 - INFO - Records in product_list: 3500
2025-10-30 03:51:35,947 - INFO - Completed: 3600 / To go: 8751
2025-10-30 03:51:35,948 - INFO - Records in product_list: 3600
2025-10-30 03:51:39,065 - INFO - Completed: 3700 / To go: 8651
2025-10-30 03:51:39,065 - INFO - Records in product_list: 3700
2025-10-30 03:51:41,972 - INFO - Completed: 3800 / To go: 8551
2025-10-30 03:51:41,973 - INFO - Records in product_list: 3800
2025-10-30 03:51:44,814 - INFO - Completed: 3900 / To go: 8451
2025-10-30 03:51:44,814 - INFO - Records in product_list: 3900
2025-10-30 03:51:47,682 - INFO - Completed: 4000 / To go: 8351
2025-10-30 03:51:47,682 - INFO - Records in product_list: 4000
2025-10-30 03:51:50,637 - INFO - Completed: 4100 / To go: 8251
2025-10-30 03:51:50,637 - INFO - Records in product_list: 4100
2025-10-30 03:51:53,491 - INFO - Completed: 4200 / To go: 8151
2025-10-30 03:51:53,491 - INFO - Records in product_list: 4200
2025-10-30 03:51:56,320 - INFO - Completed: 4300 / To go: 8051
2025-10-30 03:51:56,320 - INFO - Records in product_list: 4300
2025-10-30 03:51:59,365 - INFO - Completed: 4400 / To go: 7951
2025-10-30 03:51:59,365 - INFO - Records in product_list: 4400
2025-10-30 03:52:02,151 - INFO - Completed: 4500 / To go: 7851
2025-10-30 03:52:02,152 - INFO - Records in product_list: 4500
2025-10-30 03:52:04,999 - INFO - Completed: 4600 / To go: 7751
2025-10-30 03:52:04,999 - INFO - Records in product_list: 4600
2025-10-30 03:52:07,837 - INFO - Completed: 4700 / To go: 7651
2025-10-30 03:52:07,837 - INFO - Records in product_list: 4700
2025-10-30 03:52:10,645 - INFO - Completed: 4800 / To go: 7551
2025-10-30 03:52:10,645 - INFO - Records in product_list: 4800
2025-10-30 03:52:13,443 - INFO - Completed: 4900 / To go: 7451
2025-10-30 03:52:13,443 - INFO - Records in product_list: 4900
2025-10-30 03:52:16,342 - INFO - Completed: 5000 / To go: 7351
2025-10-30 03:52:16,342 - INFO - Records in product_list: 5000
2025-10-30 03:52:19,134 - INFO - Completed: 5100 / To go: 7251
2025-10-30 03:52:19,134 - INFO - Records in product_list: 5100
2025-10-30 03:52:21,984 - INFO - Completed: 5200 / To go: 7151
2025-10-30 03:52:21,984 - INFO - Records in product_list: 5200
2025-10-30 03:52:24,796 - INFO - Completed: 5300 / To go: 7051
2025-10-30 03:52:24,796 - INFO - Records in product_list: 5300
2025-10-30 03:52:27,554 - INFO - Completed: 5400 / To go: 6951
2025-10-30 03:52:27,555 - INFO - Records in product_list: 5400
2025-10-30 03:52:30,292 - INFO - Completed: 5500 / To go: 6851
2025-10-30 03:52:30,292 - INFO - Records in product_list: 5500
2025-10-30 03:52:33,129 - INFO - Completed: 5600 / To go: 6751
2025-10-30 03:52:33,129 - INFO - Records in product_list: 5600
2025-10-30 03:52:35,896 - INFO - Completed: 5700 / To go: 6651
2025-10-30 03:52:35,896 - INFO - Records in product_list: 5700
2025-10-30 03:52:38,719 - INFO - Completed: 5800 / To go: 6551
2025-10-30 03:52:38,719 - INFO - Records in product_list: 5800
2025-10-30 03:52:41,562 - INFO - Completed: 5900 / To go: 6451
2025-10-30 03:52:41,562 - INFO - Records in product_list: 5900
2025-10-30 03:52:44,357 - INFO - Completed: 6000 / To go: 6351
2025-10-30 03:52:44,357 - INFO - Records in product_list: 6000
2025-10-30 03:52:47,138 - INFO - Completed: 6100 / To go: 6251
2025-10-30 03:52:47,138 - INFO - Records in product_list: 6100
2025-10-30 03:52:49,904 - INFO - Completed: 6200 / To go: 6151
2025-10-30 03:52:49,904 - INFO - Records in product_list: 6200
2025-10-30 03:52:52,695 - INFO - Completed: 6300 / To go: 6051
2025-10-30 03:52:52,695 - INFO - Records in product_list: 6300
2025-10-30 03:52:55,437 - INFO - Completed: 6400 / To go: 5951
2025-10-30 03:52:55,437 - INFO - Records in product_list: 6400
2025-10-30 03:52:58,177 - INFO - Completed: 6500 / To go: 5851
2025-10-30 03:52:58,178 - INFO - Records in product_list: 6500
2025-10-30 03:53:00,957 - INFO - Completed: 6600 / To go: 5751
2025-10-30 03:53:00,957 - INFO - Records in product_list: 6600
2025-10-30 03:53:03,697 - INFO - Completed: 6700 / To go: 5651
2025-10-30 03:53:03,697 - INFO - Records in product_list: 6700
2025-10-30 03:53:06,496 - INFO - Completed: 6800 / To go: 5551
2025-10-30 03:53:06,497 - INFO - Records in product_list: 6800
2025-10-30 03:53:09,222 - INFO - Completed: 6900 / To go: 5451
2025-10-30 03:53:09,222 - INFO - Records in product_list: 6900
2025-10-30 03:53:11,952 - INFO - Completed: 7000 / To go: 5351
2025-10-30 03:53:11,952 - INFO - Records in product_list: 7000
2025-10-30 03:53:14,729 - INFO - Completed: 7100 / To go: 5251
2025-10-30 03:53:14,729 - INFO - Records in product_list: 7100
2025-10-30 03:53:17,473 - INFO - Completed: 7200 / To go: 5151
2025-10-30 03:53:17,473 - INFO - Records in product_list: 7200
2025-10-30 03:53:20,160 - INFO - Completed: 7300 / To go: 5051
2025-10-30 03:53:20,160 - INFO - Records in product_list: 7300
2025-10-30 03:53:22,897 - INFO - Completed: 7400 / To go: 4951
2025-10-30 03:53:22,898 - INFO - Records in product_list: 7400
2025-10-30 03:53:25,636 - INFO - Completed: 7500 / To go: 4851
2025-10-30 03:53:25,636 - INFO - Records in product_list: 7500
2025-10-30 03:53:28,357 - INFO - Completed: 7600 / To go: 4751
2025-10-30 03:53:28,357 - INFO - Records in product_list: 7600
2025-10-30 03:53:31,015 - INFO - Completed: 7700 / To go: 4651
2025-10-30 03:53:31,015 - INFO - Records in product_list: 7700
2025-10-30 03:53:33,735 - INFO - Completed: 7800 / To go: 4551
2025-10-30 03:53:33,735 - INFO - Records in product_list: 7800
2025-10-30 03:53:36,494 - INFO - Completed: 7900 / To go: 4451
2025-10-30 03:53:36,494 - INFO - Records in product_list: 7900
2025-10-30 03:53:39,279 - INFO - Completed: 8000 / To go: 4351
2025-10-30 03:53:39,279 - INFO - Records in product_list: 8000
2025-10-30 03:53:41,972 - INFO - Completed: 8100 / To go: 4251
2025-10-30 03:53:41,972 - INFO - Records in product_list: 8100
2025-10-30 03:53:44,640 - INFO - Completed: 8200 / To go: 4151
2025-10-30 03:53:44,640 - INFO - Records in product_list: 8200
2025-10-30 03:53:47,345 - INFO - Completed: 8300 / To go: 4051
2025-10-30 03:53:47,345 - INFO - Records in product_list: 8300
2025-10-30 03:53:50,027 - INFO - Completed: 8400 / To go: 3951
2025-10-30 03:53:50,027 - INFO - Records in product_list: 8400
2025-10-30 03:53:52,662 - INFO - Completed: 8500 / To go: 3851
2025-10-30 03:53:52,662 - INFO - Records in product_list: 8500
2025-10-30 03:53:55,321 - INFO - Completed: 8600 / To go: 3751
2025-10-30 03:53:55,321 - INFO - Records in product_list: 8600
2025-10-30 03:53:57,969 - INFO - Completed: 8700 / To go: 3651
2025-10-30 03:53:57,969 - INFO - Records in product_list: 8700
2025-10-30 03:54:00,694 - INFO - Completed: 8800 / To go: 3551
2025-10-30 03:54:00,694 - INFO - Records in product_list: 8800
2025-10-30 03:54:03,380 - INFO - Completed: 8900 / To go: 3451
2025-10-30 03:54:03,380 - INFO - Records in product_list: 8900
2025-10-30 03:54:06,043 - INFO - Completed: 9000 / To go: 3351
2025-10-30 03:54:06,043 - INFO - Records in product_list: 9000
2025-10-30 03:54:08,715 - INFO - Completed: 9100 / To go: 3251
2025-10-30 03:54:08,715 - INFO - Records in product_list: 9100
2025-10-30 03:54:11,360 - INFO - Completed: 9200 / To go: 3151
2025-10-30 03:54:11,360 - INFO - Records in product_list: 9200
2025-10-30 03:54:13,987 - INFO - Completed: 9300 / To go: 3051
2025-10-30 03:54:13,988 - INFO - Records in product_list: 9300
2025-10-30 03:54:16,650 - INFO - Completed: 9400 / To go: 2951
2025-10-30 03:54:16,650 - INFO - Records in product_list: 9400
2025-10-30 03:54:19,322 - INFO - Completed: 9500 / To go: 2851
2025-10-30 03:54:19,322 - INFO - Records in product_list: 9500
2025-10-30 03:54:22,035 - INFO - Completed: 9600 / To go: 2751
2025-10-30 03:54:22,035 - INFO - Records in product_list: 9600
2025-10-30 03:54:24,738 - INFO - Completed: 9700 / To go: 2651
2025-10-30 03:54:24,738 - INFO - Records in product_list: 9700
2025-10-30 03:54:27,390 - INFO - Completed: 9800 / To go: 2551
2025-10-30 03:54:27,390 - INFO - Records in product_list: 9800
2025-10-30 03:54:30,076 - INFO - Completed: 9900 / To go: 2451
2025-10-30 03:54:30,076 - INFO - Records in product_list: 9900
2025-10-30 03:54:32,753 - INFO - Completed: 10000 / To go: 2351
2025-10-30 03:54:32,753 - INFO - Records in product_list: 10000
2025-10-30 03:54:35,487 - INFO - Completed: 10100 / To go: 2251
2025-10-30 03:54:35,487 - INFO - Records in product_list: 10100
2025-10-30 03:54:38,159 - INFO - Completed: 10200 / To go: 2151
2025-10-30 03:54:38,160 - INFO - Records in product_list: 10200
2025-10-30 03:54:40,878 - INFO - Completed: 10300 / To go: 2051
2025-10-30 03:54:40,878 - INFO - Records in product_list: 10300
2025-10-30 03:54:43,634 - INFO - Completed: 10400 / To go: 1951
2025-10-30 03:54:43,634 - INFO - Records in product_list: 10400
2025-10-30 03:54:46,317 - INFO - Completed: 10500 / To go: 1851
2025-10-30 03:54:46,317 - INFO - Records in product_list: 10500
2025-10-30 03:54:49,089 - INFO - Completed: 10600 / To go: 1751
2025-10-30 03:54:49,089 - INFO - Records in product_list: 10600
2025-10-30 03:54:51,833 - INFO - Completed: 10700 / To go: 1651
2025-10-30 03:54:51,833 - INFO - Records in product_list: 10700
2025-10-30 03:54:54,624 - INFO - Completed: 10800 / To go: 1551
2025-10-30 03:54:54,624 - INFO - Records in product_list: 10800
2025-10-30 03:54:57,381 - INFO - Completed: 10900 / To go: 1451
2025-10-30 03:54:57,381 - INFO - Records in product_list: 10900
2025-10-30 03:55:00,225 - INFO - Completed: 11000 / To go: 1351
2025-10-30 03:55:00,225 - INFO - Records in product_list: 11000
2025-10-30 03:55:03,017 - INFO - Completed: 11100 / To go: 1251
2025-10-30 03:55:03,017 - INFO - Records in product_list: 11100
2025-10-30 03:55:05,807 - INFO - Completed: 11200 / To go: 1151
2025-10-30 03:55:05,808 - INFO - Records in product_list: 11200
2025-10-30 03:55:08,569 - INFO - Completed: 11300 / To go: 1051
2025-10-30 03:55:08,569 - INFO - Records in product_list: 11300
2025-10-30 03:55:11,282 - INFO - Completed: 11400 / To go: 951
2025-10-30 03:55:11,282 - INFO - Records in product_list: 11400
2025-10-30 03:55:14,025 - INFO - Completed: 11500 / To go: 851
2025-10-30 03:55:14,025 - INFO - Records in product_list: 11500
2025-10-30 03:55:16,847 - INFO - Completed: 11600 / To go: 751
2025-10-30 03:55:16,847 - INFO - Records in product_list: 11600
2025-10-30 03:55:19,557 - INFO - Completed: 11700 / To go: 651
2025-10-30 03:55:19,557 - INFO - Records in product_list: 11700
2025-10-30 03:55:22,293 - INFO - Completed: 11800 / To go: 551
2025-10-30 03:55:22,293 - INFO - Records in product_list: 11800
2025-10-30 03:55:25,016 - INFO - Completed: 11900 / To go: 451
2025-10-30 03:55:25,016 - INFO - Records in product_list: 11900
2025-10-30 03:55:27,750 - INFO - Completed: 12000 / To go: 351
2025-10-30 03:55:27,750 - INFO - Records in product_list: 12000
2025-10-30 03:55:30,455 - INFO - Completed: 12100 / To go: 251
2025-10-30 03:55:30,455 - INFO - Records in product_list: 12100
2025-10-30 03:55:33,160 - INFO - Completed: 12200 / To go: 151
2025-10-30 03:55:33,160 - INFO - Records in product_list: 12200
2025-10-30 03:55:35,767 - INFO - Completed: 12300 / To go: 51
2025-10-30 03:55:35,767 - INFO - Records in product_list: 12300
2025-10-30 03:55:38,340 - INFO - Completed: 12351 / To go: 0
2025-10-30 03:55:38,341 - INFO - Records in product_list: 12351
2025-10-30 03:55:41,528 - INFO - Loading combined dataframe from local file: updated_combined_dataframe.csv
2025-10-31 03:50:51,840 - INFO - ============================================================
2025-10-31 03:50:51,841 - INFO - Billa Price Scraper - Starting
2025-10-31 03:50:51,841 - INFO - ============================================================
2025-10-31 03:50:54,944 - INFO - Completed: 100 / To go: 12243
2025-10-31 03:50:54,945 - INFO - Records in product_list: 100
2025-10-31 03:50:59,282 - INFO - Completed: 200 / To go: 12143
2025-10-31 03:50:59,283 - INFO - Records in product_list: 200
2025-10-31 03:51:02,637 - INFO - Completed: 300 / To go: 12043
2025-10-31 03:51:02,637 - INFO - Records in product_list: 300
2025-10-31 03:51:06,408 - INFO - Completed: 400 / To go: 11943
2025-10-31 03:51:06,408 - INFO - Records in product_list: 400
2025-10-31 03:51:09,689 - INFO - Completed: 500 / To go: 11843
2025-10-31 03:51:09,689 - INFO - Records in product_list: 500
2025-10-31 03:51:13,016 - INFO - Completed: 600 / To go: 11743
2025-10-31 03:51:13,016 - INFO - Records in product_list: 600
2025-10-31 03:51:16,409 - INFO - Completed: 700 / To go: 11643
2025-10-31 03:51:16,409 - INFO - Records in product_list: 700
2025-10-31 03:51:19,738 - INFO - Completed: 800 / To go: 11543
2025-10-31 03:51:19,738 - INFO - Records in product_list: 800
2025-10-31 03:51:23,030 - INFO - Completed: 900 / To go: 11443
2025-10-31 03:51:23,031 - INFO - Records in product_list: 900
2025-10-31 03:51:26,151 - INFO - Completed: 1000 / To go: 11343
2025-10-31 03:51:26,151 - INFO - Records in product_list: 1000
2025-10-31 03:51:29,417 - INFO - Completed: 1100 / To go: 11243
2025-10-31 03:51:29,417 - INFO - Records in product_list: 1100
2025-10-31 03:51:32,694 - INFO - Completed: 1200 / To go: 11143
2025-10-31 03:51:32,694 - INFO - Records in product_list: 1200
2025-10-31 03:51:35,994 - INFO - Completed: 1300 / To go: 11043
2025-10-31 03:51:35,994 - INFO - Records in product_list: 1300
2025-10-31 03:51:39,362 - INFO - Completed: 1400 / To go: 10943
2025-10-31 03:51:39,362 - INFO - Records in product_list: 1400
2025-10-31 03:51:42,461 - INFO - Completed: 1500 / To go: 10843
2025-10-31 03:51:42,461 - INFO - Records in product_list: 1500
2025-10-31 03:51:45,784 - INFO - Completed: 1600 / To go: 10743
2025-10-31 03:51:45,784 - INFO - Records in product_list: 1600
2025-10-31 03:51:48,806 - INFO - Completed: 1700 / To go: 10643
2025-10-31 03:51:48,806 - INFO - Records in product_list: 1700
2025-10-31 03:51:52,116 - INFO - Completed: 1800 / To go: 10543
2025-10-31 03:51:52,116 - INFO - Records in product_list: 1800
2025-10-31 03:51:55,155 - INFO - Completed: 1900 / To go: 10443
2025-10-31 03:51:55,155 - INFO - Records in product_list: 1900
2025-10-31 03:51:58,269 - INFO - Completed: 2000 / To go: 10343
2025-10-31 03:51:58,269 - INFO - Records in product_list: 2000
2025-10-31 03:52:01,302 - INFO - Completed: 2100 / To go: 10243
2025-10-31 03:52:01,302 - INFO - Records in product_list: 2100
2025-10-31 03:52:04,516 - INFO - Completed: 2200 / To go: 10143
2025-10-31 03:52:04,516 - INFO - Records in product_list: 2200
2025-10-31 03:52:07,607 - INFO - Completed: 2300 / To go: 10043
2025-10-31 03:52:07,607 - INFO - Records in product_list: 2300
2025-10-31 03:52:10,723 - INFO - Completed: 2400 / To go: 9943
2025-10-31 03:52:10,723 - INFO - Records in product_list: 2400
2025-10-31 03:52:13,665 - INFO - Completed: 2500 / To go: 9843
2025-10-31 03:52:13,665 - INFO - Records in product_list: 2500
2025-10-31 03:52:16,760 - INFO - Completed: 2600 / To go: 9743
2025-10-31 03:52:16,761 - INFO - Records in product_list: 2600
2025-10-31 03:52:19,719 - INFO - Completed: 2700 / To go: 9643
2025-10-31 03:52:19,719 - INFO - Records in product_list: 2700
2025-10-31 03:52:22,638 - INFO - Completed: 2800 / To go: 9543
2025-10-31 03:52:22,639 - INFO - Records in product_list: 2800
2025-10-31 03:52:25,565 - INFO - Completed: 2900 / To go: 9443
2025-10-31 03:52:25,565 - INFO - Records in product_list: 2900
2025-10-31 03:52:28,935 - INFO - Completed: 3000 / To go: 9343
2025-10-31 03:52:28,935 - INFO - Records in product_list: 3000
2025-10-31 03:52:31,984 - INFO - Completed: 3100 / To go: 9243
2025-10-31 03:52:31,984 - INFO - Records in product_list: 3100
2025-10-31 03:52:34,944 - INFO - Completed: 3200 / To go: 9143
2025-10-31 03:52:34,944 - INFO - Records in product_list: 3200
2025-10-31 03:52:38,254 - INFO - Completed: 3300 / To go: 9043
2025-10-31 03:52:38,254 - INFO - Records in product_list: 3300
2025-10-31 03:52:41,555 - INFO - Completed: 3400 / To go: 8943
2025-10-31 03:52:41,555 - INFO - Records in product_list: 3400
2025-10-31 03:52:44,907 - INFO - Completed: 3500 / To go: 8843
2025-10-31 03:52:44,907 - INFO - Records in product_list: 3500
2025-10-31 03:52:48,172 - INFO - Completed: 3600 / To go: 8743
2025-10-31 03:52:48,172 - INFO - Records in product_list: 3600
2025-10-31 03:52:51,098 - INFO - Completed: 3700 / To go: 8643
2025-10-31 03:52:51,098 - INFO - Records in product_list: 3700
2025-10-31 03:52:54,412 - INFO - Completed: 3800 / To go: 8543
2025-10-31 03:52:54,412 - INFO - Records in product_list: 3800
2025-10-31 03:52:57,599 - INFO - Completed: 3900 / To go: 8443
2025-10-31 03:52:57,600 - INFO - Records in product_list: 3900
2025-10-31 03:53:00,841 - INFO - Completed: 4000 / To go: 8343
2025-10-31 03:53:00,841 - INFO - Records in product_list: 4000
2025-10-31 03:53:03,755 - INFO - Completed: 4100 / To go: 8243
2025-10-31 03:53:03,756 - INFO - Records in product_list: 4100
2025-10-31 03:53:06,729 - INFO - Completed: 4200 / To go: 8143
2025-10-31 03:53:06,729 - INFO - Records in product_list: 4200
2025-10-31 03:53:10,094 - INFO - Completed: 4300 / To go: 8043
2025-10-31 03:53:10,094 - INFO - Records in product_list: 4300
2025-10-31 03:53:13,345 - INFO - Completed: 4400 / To go: 7943
2025-10-31 03:53:13,345 - INFO - Records in product_list: 4400
2025-10-31 03:53:16,229 - INFO - Completed: 4500 / To go: 7843
2025-10-31 03:53:16,229 - INFO - Records in product_list: 4500
2025-10-31 03:53:19,526 - INFO - Completed: 4600 / To go: 7743
2025-10-31 03:53:19,526 - INFO - Records in product_list: 4600
2025-10-31 03:53:22,750 - INFO - Completed: 4700 / To go: 7643
2025-10-31 03:53:22,750 - INFO - Records in product_list: 4700
2025-10-31 03:53:25,956 - INFO - Completed: 4800 / To go: 7543
2025-10-31 03:53:25,956 - INFO - Records in product_list: 4800
2025-10-31 03:53:29,178 - INFO - Completed: 4900 / To go: 7443
2025-10-31 03:53:29,179 - INFO - Records in product_list: 4900
2025-10-31 03:53:32,070 - INFO - Completed: 5000 / To go: 7343
2025-10-31 03:53:32,070 - INFO - Records in product_list: 5000
2025-10-31 03:53:35,336 - INFO - Completed: 5100 / To go: 7243
2025-10-31 03:53:35,336 - INFO - Records in product_list: 5100
2025-10-31 03:53:38,569 - INFO - Completed: 5200 / To go: 7143
2025-10-31 03:53:38,569 - INFO - Records in product_list: 5200
2025-10-31 03:53:41,522 - INFO - Completed: 5300 / To go: 7043
2025-10-31 03:53:41,522 - INFO - Records in product_list: 5300
2025-10-31 03:53:44,731 - INFO - Completed: 5400 / To go: 6943
2025-10-31 03:53:44,731 - INFO - Records in product_list: 5400
2025-10-31 03:53:47,932 - INFO - Completed: 5500 / To go: 6843
2025-10-31 03:53:47,932 - INFO - Records in product_list: 5500
2025-10-31 03:53:51,194 - INFO - Completed: 5600 / To go: 6743
2025-10-31 03:53:51,194 - INFO - Records in product_list: 5600
2025-10-31 03:53:54,356 - INFO - Completed: 5700 / To go: 6643
2025-10-31 03:53:54,356 - INFO - Records in product_list: 5700
2025-10-31 03:53:57,377 - INFO - Completed: 5800 / To go: 6543
2025-10-31 03:53:57,377 - INFO - Records in product_list: 5800
2025-10-31 03:54:00,570 - INFO - Completed: 5900 / To go: 6443
2025-10-31 03:54:00,571 - INFO - Records in product_list: 5900
2025-10-31 03:54:03,532 - INFO - Completed: 6000 / To go: 6343
2025-10-31 03:54:03,532 - INFO - Records in product_list: 6000
2025-10-31 03:54:06,704 - INFO - Completed: 6100 / To go: 6243
2025-10-31 03:54:06,704 - INFO - Records in product_list: 6100
2025-10-31 03:54:09,896 - INFO - Completed: 6200 / To go: 6143
2025-10-31 03:54:09,896 - INFO - Records in product_list: 6200
2025-10-31 03:54:13,057 - INFO - Completed: 6300 / To go: 6043
2025-10-31 03:54:13,058 - INFO - Records in product_list: 6300
2025-10-31 03:54:16,291 - INFO - Completed: 6400 / To go: 5943
2025-10-31 03:54:16,291 - INFO - Records in product_list: 6400
2025-10-31 03:54:19,482 - INFO - Completed: 6500 / To go: 5843
2025-10-31 03:54:19,482 - INFO - Records in product_list: 6500
2025-10-31 03:54:22,631 - INFO - Completed: 6600 / To go: 5743
2025-10-31 03:54:22,631 - INFO - Records in product_list: 6600
2025-10-31 03:54:25,504 - INFO - Completed: 6700 / To go: 5643
2025-10-31 03:54:25,504 - INFO - Records in product_list: 6700
2025-10-31 03:54:28,727 - INFO - Completed: 6800 / To go: 5543
2025-10-31 03:54:28,727 - INFO - Records in product_list: 6800
2025-10-31 03:54:31,533 - INFO - Completed: 6900 / To go: 5443
2025-10-31 03:54:31,534 - INFO - Records in product_list: 6900
2025-10-31 03:54:34,420 - INFO - Completed: 7000 / To go: 5343
2025-10-31 03:54:34,420 - INFO - Records in product_list: 7000
2025-10-31 03:54:37,224 - INFO - Completed: 7100 / To go: 5243
2025-10-31 03:54:37,224 - INFO - Records in product_list: 7100
2025-10-31 03:54:40,379 - INFO - Completed: 7200 / To go: 5143
2025-10-31 03:54:40,379 - INFO - Records in product_list: 7200
2025-10-31 03:54:43,249 - INFO - Completed: 7300 / To go: 5043
2025-10-31 03:54:43,249 - INFO - Records in product_list: 7300
2025-10-31 03:54:46,100 - INFO - Completed: 7400 / To go: 4943
2025-10-31 03:54:46,100 - INFO - Records in product_list: 7400
2025-10-31 03:54:48,968 - INFO - Completed: 7500 / To go: 4843
2025-10-31 03:54:48,968 - INFO - Records in product_list: 7500
2025-10-31 03:54:52,106 - INFO - Completed: 7600 / To go: 4743
2025-10-31 03:54:52,106 - INFO - Records in product_list: 7600
2025-10-31 03:54:55,226 - INFO - Completed: 7700 / To go: 4643
2025-10-31 03:54:55,226 - INFO - Records in product_list: 7700
2025-10-31 03:54:58,323 - INFO - Completed: 7800 / To go: 4543
2025-10-31 03:54:58,323 - INFO - Records in product_list: 7800
2025-10-31 03:55:01,183 - INFO - Completed: 7900 / To go: 4443
2025-10-31 03:55:01,183 - INFO - Records in product_list: 7900
2025-10-31 03:55:04,142 - INFO - Completed: 8000 / To go: 4343
2025-10-31 03:55:04,142 - INFO - Records in product_list: 8000
2025-10-31 03:55:07,363 - INFO - Completed: 8100 / To go: 4243
2025-10-31 03:55:07,363 - INFO - Records in product_list: 8100
2025-10-31 03:55:10,146 - INFO - Completed: 8200 / To go: 4143
2025-10-31 03:55:10,146 - INFO - Records in product_list: 8200
2025-10-31 03:55:12,942 - INFO - Completed: 8300 / To go: 4043
2025-10-31 03:55:12,942 - INFO - Records in product_list: 8300
2025-10-31 03:55:15,929 - INFO - Completed: 8400 / To go: 3943
2025-10-31 03:55:15,929 - INFO - Records in product_list: 8400
2025-10-31 03:55:18,745 - INFO - Completed: 8500 / To go: 3843
2025-10-31 03:55:18,745 - INFO - Records in product_list: 8500
2025-10-31 03:55:21,478 - INFO - Completed: 8600 / To go: 3743
2025-10-31 03:55:21,478 - INFO - Records in product_list: 8600
2025-10-31 03:55:24,306 - INFO - Completed: 8700 / To go: 3643
2025-10-31 03:55:24,306 - INFO - Records in product_list: 8700
2025-10-31 03:55:27,597 - INFO - Completed: 8800 / To go: 3543
2025-10-31 03:55:27,597 - INFO - Records in product_list: 8800
2025-10-31 03:55:30,434 - INFO - Completed: 8900 / To go: 3443
2025-10-31 03:55:30,434 - INFO - Records in product_list: 8900
2025-10-31 03:55:33,525 - INFO - Completed: 9000 / To go: 3343
2025-10-31 03:55:33,525 - INFO - Records in product_list: 9000
2025-10-31 03:55:36,579 - INFO - Completed: 9100 / To go: 3243
2025-10-31 03:55:36,579 - INFO - Records in product_list: 9100
2025-10-31 03:55:39,294 - INFO - Completed: 9200 / To go: 3143
2025-10-31 03:55:39,294 - INFO - Records in product_list: 9200
2025-10-31 03:55:42,097 - INFO - Completed: 9300 / To go: 3043
2025-10-31 03:55:42,097 - INFO - Records in product_list: 9300
2025-10-31 03:55:45,174 - INFO - Completed: 9400 / To go: 2943
2025-10-31 03:55:45,174 - INFO - Records in product_list: 9400
2025-10-31 03:55:48,189 - INFO - Completed: 9500 / To go: 2843
2025-10-31 03:55:48,189 - INFO - Records in product_list: 9500
2025-10-31 03:55:51,017 - INFO - Completed: 9600 / To go: 2743
2025-10-31 03:55:51,017 - INFO - Records in product_list: 9600
2025-10-31 03:55:53,816 - INFO - Completed: 9700 / To go: 2643
2025-10-31 03:55:53,816 - INFO - Records in product_list: 9700
2025-10-31 03:55:56,936 - INFO - Completed: 9800 / To go: 2543
2025-10-31 03:55:56,936 - INFO - Records in product_list: 9800
2025-10-31 03:56:00,032 - INFO - Completed: 9900 / To go: 2443
2025-10-31 03:56:00,032 - INFO - Records in product_list: 9900
2025-10-31 03:56:03,191 - INFO - Completed: 10000 / To go: 2343
2025-10-31 03:56:03,191 - INFO - Records in product_list: 10000
2025-10-31 03:56:06,129 - INFO - Completed: 10100 / To go: 2243
2025-10-31 03:56:06,129 - INFO - Records in product_list: 10100
2025-10-31 03:56:09,176 - INFO - Completed: 10200 / To go: 2143
2025-10-31 03:56:09,176 - INFO - Records in product_list: 10200
2025-10-31 03:56:12,212 - INFO - Completed: 10300 / To go: 2043
2025-10-31 03:56:12,213 - INFO - Records in product_list: 10300
2025-10-31 03:56:15,432 - INFO - Completed: 10400 / To go: 1943
2025-10-31 03:56:15,432 - INFO - Records in product_list: 10400
2025-10-31 03:56:18,175 - INFO - Completed: 10500 / To go: 1843
2025-10-31 03:56:18,175 - INFO - Records in product_list: 10500
2025-10-31 03:56:21,293 - INFO - Completed: 10600 / To go: 1743
2025-10-31 03:56:21,293 - INFO - Records in product_list: 10600
2025-10-31 03:56:24,442 - INFO - Completed: 10700 / To go: 1643
2025-10-31 03:56:24,442 - INFO - Records in product_list: 10700
2025-10-31 03:56:27,574 - INFO - Completed: 10800 / To go: 1543
2025-10-31 03:56:27,574 - INFO - Records in product_list: 10800
2025-10-31 03:56:30,426 - INFO - Completed: 10900 / To go: 1443
2025-10-31 03:56:30,426 - INFO - Records in product_list: 10900
2025-10-31 03:56:33,627 - INFO - Completed: 11000 / To go: 1343
2025-10-31 03:56:33,627 - INFO - Records in product_list: 11000
2025-10-31 03:56:36,784 - INFO - Completed: 11100 / To go: 1243
2025-10-31 03:56:36,784 - INFO - Records in product_list: 11100
2025-10-31 03:56:39,649 - INFO - Completed: 11200 / To go: 1143
2025-10-31 03:56:39,649 - INFO - Records in product_list: 11200
2025-10-31 03:56:42,565 - INFO - Completed: 11300 / To go: 1043
2025-10-31 03:56:42,565 - INFO - Records in product_list: 11300
2025-10-31 03:56:45,422 - INFO - Completed: 11400 / To go: 943
2025-10-31 03:56:45,422 - INFO - Records in product_list: 11400
2025-10-31 03:56:48,257 - INFO - Completed: 11500 / To go: 843
2025-10-31 03:56:48,258 - INFO - Records in product_list: 11500
2025-10-31 03:56:51,160 - INFO - Completed: 11600 / To go: 743
2025-10-31 03:56:51,160 - INFO - Records in product_list: 11600
2025-10-31 03:56:54,068 - INFO - Completed: 11700 / To go: 643
2025-10-31 03:56:54,068 - INFO - Records in product_list: 11700
2025-10-31 03:56:56,909 - INFO - Completed: 11800 / To go: 543
2025-10-31 03:56:56,909 - INFO - Records in product_list: 11800
2025-10-31 03:56:59,818 - INFO - Completed: 11900 / To go: 443
2025-10-31 03:56:59,818 - INFO - Records in product_list: 11900
2025-10-31 03:57:02,692 - INFO - Completed: 12000 / To go: 343
2025-10-31 03:57:02,692 - INFO - Records in product_list: 12000
2025-10-31 03:57:05,437 - INFO - Completed: 12100 / To go: 243
2025-10-31 03:57:05,437 - INFO - Records in product_list: 12100
2025-10-31 03:57:08,345 - INFO - Completed: 12200 / To go: 143
2025-10-31 03:57:08,345 - INFO - Records in product_list: 12200
2025-10-31 03:57:11,156 - INFO - Completed: 12300 / To go: 43
2025-10-31 03:57:11,156 - INFO - Records in product_list: 12300
2025-10-31 03:57:13,720 - INFO - Completed: 12343 / To go: 0
2025-10-31 03:57:13,720 - INFO - Records in product_list: 12343
2025-10-31 03:57:16,865 - INFO - Loading combined dataframe from local file: updated_combined_dataframe.csv
2025-11-01 03:50:03,464 - INFO - ============================================================
2025-11-01 03:50:03,464 - INFO - Billa Price Scraper - Starting
2025-11-01 03:50:03,464 - INFO - ============================================================
2025-11-01 03:50:05,111 - INFO - Completed: 100 / To go: 12231
2025-11-01 03:50:05,111 - INFO - Records in product_list: 100
2025-11-01 03:50:08,370 - INFO - Completed: 200 / To go: 12131
2025-11-01 03:50:08,371 - INFO - Records in product_list: 200
2025-11-01 03:50:11,592 - INFO - Completed: 300 / To go: 12031
2025-11-01 03:50:11,592 - INFO - Records in product_list: 300
2025-11-01 03:50:14,856 - INFO - Completed: 400 / To go: 11931
2025-11-01 03:50:14,856 - INFO - Records in product_list: 400
2025-11-01 03:50:17,961 - INFO - Completed: 500 / To go: 11831
2025-11-01 03:50:17,961 - INFO - Records in product_list: 500
2025-11-01 03:50:21,182 - INFO - Completed: 600 / To go: 11731
2025-11-01 03:50:21,182 - INFO - Records in product_list: 600
2025-11-01 03:50:24,552 - INFO - Completed: 700 / To go: 11631
2025-11-01 03:50:24,552 - INFO - Records in product_list: 700
2025-11-01 03:50:27,836 - INFO - Completed: 800 / To go: 11531
2025-11-01 03:50:27,836 - INFO - Records in product_list: 800
2025-11-01 03:50:30,977 - INFO - Completed: 900 / To go: 11431
2025-11-01 03:50:30,977 - INFO - Records in product_list: 900
2025-11-01 03:50:34,138 - INFO - Completed: 1000 / To go: 11331
2025-11-01 03:50:34,138 - INFO - Records in product_list: 1000
2025-11-01 03:50:37,168 - INFO - Completed: 1100 / To go: 11231
2025-11-01 03:50:37,168 - INFO - Records in product_list: 1100
2025-11-01 03:50:40,539 - INFO - Completed: 1200 / To go: 11131
2025-11-01 03:50:40,539 - INFO - Records in product_list: 1200
2025-11-01 03:50:43,565 - INFO - Completed: 1300 / To go: 11031
2025-11-01 03:50:43,565 - INFO - Records in product_list: 1300
2025-11-01 03:50:46,573 - INFO - Completed: 1400 / To go: 10931
2025-11-01 03:50:46,573 - INFO - Records in product_list: 1400
2025-11-01 03:50:49,712 - INFO - Completed: 1500 / To go: 10831
2025-11-01 03:50:49,712 - INFO - Records in product_list: 1500
2025-11-01 03:50:52,811 - INFO - Completed: 1600 / To go: 10731
2025-11-01 03:50:52,811 - INFO - Records in product_list: 1600
2025-11-01 03:50:55,746 - INFO - Completed: 1700 / To go: 10631
2025-11-01 03:50:55,746 - INFO - Records in product_list: 1700
2025-11-01 03:50:59,008 - INFO - Completed: 1800 / To go: 10531
2025-11-01 03:50:59,008 - INFO - Records in product_list: 1800
2025-11-01 03:51:02,087 - INFO - Completed: 1900 / To go: 10431
2025-11-01 03:51:02,087 - INFO - Records in product_list: 1900
2025-11-01 03:51:05,066 - INFO - Completed: 2000 / To go: 10331
2025-11-01 03:51:05,066 - INFO - Records in product_list: 2000
2025-11-01 03:51:08,309 - INFO - Completed: 2100 / To go: 10231
2025-11-01 03:51:08,309 - INFO - Records in product_list: 2100
2025-11-01 03:51:11,421 - INFO - Completed: 2200 / To go: 10131
2025-11-01 03:51:11,421 - INFO - Records in product_list: 2200
2025-11-01 03:51:14,658 - INFO - Completed: 2300 / To go: 10031
2025-11-01 03:51:14,658 - INFO - Records in product_list: 2300
2025-11-01 03:51:17,674 - INFO - Completed: 2400 / To go: 9931
2025-11-01 03:51:17,674 - INFO - Records in product_list: 2400
2025-11-01 03:51:20,662 - INFO - Completed: 2500 / To go: 9831
2025-11-01 03:51:20,662 - INFO - Records in product_list: 2500
2025-11-01 03:51:23,641 - INFO - Completed: 2600 / To go: 9731
2025-11-01 03:51:23,641 - INFO - Records in product_list: 2600
2025-11-01 03:51:26,514 - INFO - Completed: 2700 / To go: 9631
2025-11-01 03:51:26,514 - INFO - Records in product_list: 2700
2025-11-01 03:51:29,474 - INFO - Completed: 2800 / To go: 9531
2025-11-01 03:51:29,474 - INFO - Records in product_list: 2800
2025-11-01 03:51:32,293 - INFO - Completed: 2900 / To go: 9431
2025-11-01 03:51:32,293 - INFO - Records in product_list: 2900
2025-11-01 03:51:35,347 - INFO - Completed: 3000 / To go: 9331
2025-11-01 03:51:35,347 - INFO - Records in product_list: 3000
2025-11-01 03:51:38,487 - INFO - Completed: 3100 / To go: 9231
2025-11-01 03:51:38,487 - INFO - Records in product_list: 3100
2025-11-01 03:51:41,619 - INFO - Completed: 3200 / To go: 9131
2025-11-01 03:51:41,619 - INFO - Records in product_list: 3200
2025-11-01 03:51:44,585 - INFO - Completed: 3300 / To go: 9031
2025-11-01 03:51:44,585 - INFO - Records in product_list: 3300
2025-11-01 03:51:47,529 - INFO - Completed: 3400 / To go: 8931
2025-11-01 03:51:47,529 - INFO - Records in product_list: 3400
2025-11-01 03:51:50,405 - INFO - Completed: 3500 / To go: 8831
2025-11-01 03:51:50,405 - INFO - Records in product_list: 3500
2025-11-01 03:51:53,288 - INFO - Completed: 3600 / To go: 8731
2025-11-01 03:51:53,288 - INFO - Records in product_list: 3600
2025-11-01 03:51:56,131 - INFO - Completed: 3700 / To go: 8631
2025-11-01 03:51:56,131 - INFO - Records in product_list: 3700
2025-11-01 03:51:59,024 - INFO - Completed: 3800 / To go: 8531
2025-11-01 03:51:59,024 - INFO - Records in product_list: 3800
2025-11-01 03:52:01,887 - INFO - Completed: 3900 / To go: 8431
2025-11-01 03:52:01,887 - INFO - Records in product_list: 3900
2025-11-01 03:52:04,769 - INFO - Completed: 4000 / To go: 8331
2025-11-01 03:52:04,769 - INFO - Records in product_list: 4000
2025-11-01 03:52:07,762 - INFO - Completed: 4100 / To go: 8231
2025-11-01 03:52:07,762 - INFO - Records in product_list: 4100
2025-11-01 03:52:10,555 - INFO - Completed: 4200 / To go: 8131
2025-11-01 03:52:10,555 - INFO - Records in product_list: 4200
2025-11-01 03:52:13,504 - INFO - Completed: 4300 / To go: 8031
2025-11-01 03:52:13,504 - INFO - Records in product_list: 4300
2025-11-01 03:52:16,543 - INFO - Completed: 4400 / To go: 7931
2025-11-01 03:52:16,543 - INFO - Records in product_list: 4400
2025-11-01 03:52:19,403 - INFO - Completed: 4500 / To go: 7831
2025-11-01 03:52:19,403 - INFO - Records in product_list: 4500
2025-11-01 03:52:22,266 - INFO - Completed: 4600 / To go: 7731
2025-11-01 03:52:22,266 - INFO - Records in product_list: 4600
2025-11-01 03:52:25,121 - INFO - Completed: 4700 / To go: 7631
2025-11-01 03:52:25,121 - INFO - Records in product_list: 4700
2025-11-01 03:52:28,077 - INFO - Completed: 4800 / To go: 7531
2025-11-01 03:52:28,077 - INFO - Records in product_list: 4800
2025-11-01 03:52:30,894 - INFO - Completed: 4900 / To go: 7431
2025-11-01 03:52:30,894 - INFO - Records in product_list: 4900
2025-11-01 03:52:33,744 - INFO - Completed: 5000 / To go: 7331
2025-11-01 03:52:33,744 - INFO - Records in product_list: 5000
2025-11-01 03:52:36,628 - INFO - Completed: 5100 / To go: 7231
2025-11-01 03:52:36,628 - INFO - Records in product_list: 5100
2025-11-01 03:52:39,470 - INFO - Completed: 5200 / To go: 7131
2025-11-01 03:52:39,470 - INFO - Records in product_list: 5200
2025-11-01 03:52:42,274 - INFO - Completed: 5300 / To go: 7031
2025-11-01 03:52:42,274 - INFO - Records in product_list: 5300
2025-11-01 03:52:45,078 - INFO - Completed: 5400 / To go: 6931
2025-11-01 03:52:45,078 - INFO - Records in product_list: 5400
2025-11-01 03:52:47,858 - INFO - Completed: 5500 / To go: 6831
2025-11-01 03:52:47,858 - INFO - Records in product_list: 5500
2025-11-01 03:52:50,666 - INFO - Completed: 5600 / To go: 6731
2025-11-01 03:52:50,666 - INFO - Records in product_list: 5600
2025-11-01 03:52:53,440 - INFO - Completed: 5700 / To go: 6631
2025-11-01 03:52:53,440 - INFO - Records in product_list: 5700
2025-11-01 03:52:56,225 - INFO - Completed: 5800 / To go: 6531
2025-11-01 03:52:56,225 - INFO - Records in product_list: 5800
2025-11-01 03:52:59,030 - INFO - Completed: 5900 / To go: 6431
2025-11-01 03:52:59,030 - INFO - Records in product_list: 5900
2025-11-01 03:53:01,860 - INFO - Completed: 6000 / To go: 6331
2025-11-01 03:53:01,860 - INFO - Records in product_list: 6000
2025-11-01 03:53:04,617 - INFO - Completed: 6100 / To go: 6231
2025-11-01 03:53:04,617 - INFO - Records in product_list: 6100
2025-11-01 03:53:07,394 - INFO - Completed: 6200 / To go: 6131
2025-11-01 03:53:07,394 - INFO - Records in product_list: 6200
2025-11-01 03:53:10,208 - INFO - Completed: 6300 / To go: 6031
2025-11-01 03:53:10,208 - INFO - Records in product_list: 6300
2025-11-01 03:53:13,198 - INFO - Completed: 6400 / To go: 5931
2025-11-01 03:53:13,198 - INFO - Records in product_list: 6400
2025-11-01 03:53:15,965 - INFO - Completed: 6500 / To go: 5831
2025-11-01 03:53:15,965 - INFO - Records in product_list: 6500
2025-11-01 03:53:18,707 - INFO - Completed: 6600 / To go: 5731
2025-11-01 03:53:18,708 - INFO - Records in product_list: 6600
2025-11-01 03:53:21,476 - INFO - Completed: 6700 / To go: 5631
2025-11-01 03:53:21,476 - INFO - Records in product_list: 6700
2025-11-01 03:53:24,313 - INFO - Completed: 6800 / To go: 5531
2025-11-01 03:53:24,313 - INFO - Records in product_list: 6800
2025-11-01 03:53:27,226 - INFO - Completed: 6900 / To go: 5431
2025-11-01 03:53:27,226 - INFO - Records in product_list: 6900
2025-11-01 03:53:29,970 - INFO - Completed: 7000 / To go: 5331
2025-11-01 03:53:29,970 - INFO - Records in product_list: 7000
2025-11-01 03:53:32,718 - INFO - Completed: 7100 / To go: 5231
2025-11-01 03:53:32,718 - INFO - Records in product_list: 7100
2025-11-01 03:53:35,448 - INFO - Completed: 7200 / To go: 5131
2025-11-01 03:53:35,448 - INFO - Records in product_list: 7200
2025-11-01 03:53:38,246 - INFO - Completed: 7300 / To go: 5031
2025-11-01 03:53:38,246 - INFO - Records in product_list: 7300
2025-11-01 03:53:41,034 - INFO - Completed: 7400 / To go: 4931
2025-11-01 03:53:41,034 - INFO - Records in product_list: 7400
2025-11-01 03:53:43,809 - INFO - Completed: 7500 / To go: 4831
2025-11-01 03:53:43,809 - INFO - Records in product_list: 7500
2025-11-01 03:53:46,511 - INFO - Completed: 7600 / To go: 4731
2025-11-01 03:53:46,512 - INFO - Records in product_list: 7600
2025-11-01 03:53:49,158 - INFO - Completed: 7700 / To go: 4631
2025-11-01 03:53:49,158 - INFO - Records in product_list: 7700
2025-11-01 03:53:51,935 - INFO - Completed: 7800 / To go: 4531
2025-11-01 03:53:51,936 - INFO - Records in product_list: 7800
2025-11-01 03:53:54,619 - INFO - Completed: 7900 / To go: 4431
2025-11-01 03:53:54,620 - INFO - Records in product_list: 7900
2025-11-01 03:53:57,289 - INFO - Completed: 8000 / To go: 4331
2025-11-01 03:53:57,289 - INFO - Records in product_list: 8000
2025-11-01 03:53:59,986 - INFO - Completed: 8100 / To go: 4231
2025-11-01 03:53:59,986 - INFO - Records in product_list: 8100
2025-11-01 03:54:02,644 - INFO - Completed: 8200 / To go: 4131
2025-11-01 03:54:02,644 - INFO - Records in product_list: 8200
2025-11-01 03:54:05,308 - INFO - Completed: 8300 / To go: 4031
2025-11-01 03:54:05,308 - INFO - Records in product_list: 8300
2025-11-01 03:54:08,073 - INFO - Completed: 8400 / To go: 3931
2025-11-01 03:54:08,073 - INFO - Records in product_list: 8400
2025-11-01 03:54:10,724 - INFO - Completed: 8500 / To go: 3831
2025-11-01 03:54:10,724 - INFO - Records in product_list: 8500
2025-11-01 03:54:13,376 - INFO - Completed: 8600 / To go: 3731
2025-11-01 03:54:13,376 - INFO - Records in product_list: 8600
2025-11-01 03:54:16,012 - INFO - Completed: 8700 / To go: 3631
2025-11-01 03:54:16,013 - INFO - Records in product_list: 8700
2025-11-01 03:54:18,838 - INFO - Completed: 8800 / To go: 3531
2025-11-01 03:54:18,838 - INFO - Records in product_list: 8800
2025-11-01 03:54:21,557 - INFO - Completed: 8900 / To go: 3431
2025-11-01 03:54:21,558 - INFO - Records in product_list: 8900
2025-11-01 03:54:24,310 - INFO - Completed: 9000 / To go: 3331
2025-11-01 03:54:24,310 - INFO - Records in product_list: 9000
2025-11-01 03:54:27,021 - INFO - Completed: 9100 / To go: 3231
2025-11-01 03:54:27,021 - INFO - Records in product_list: 9100
2025-11-01 03:54:29,661 - INFO - Completed: 9200 / To go: 3131
2025-11-01 03:54:29,661 - INFO - Records in product_list: 9200
2025-11-01 03:54:32,285 - INFO - Completed: 9300 / To go: 3031
2025-11-01 03:54:32,285 - INFO - Records in product_list: 9300
2025-11-01 03:54:34,976 - INFO - Completed: 9400 / To go: 2931
2025-11-01 03:54:34,976 - INFO - Records in product_list: 9400
2025-11-01 03:54:37,649 - INFO - Completed: 9500 / To go: 2831
2025-11-01 03:54:37,649 - INFO - Records in product_list: 9500
2025-11-01 03:54:41,186 - INFO - Completed: 9600 / To go: 2731
2025-11-01 03:54:41,186 - INFO - Records in product_list: 9600
2025-11-01 03:54:44,140 - INFO - Completed: 9700 / To go: 2631
2025-11-01 03:54:44,140 - INFO - Records in product_list: 9700
2025-11-01 03:54:46,783 - INFO - Completed: 9800 / To go: 2531
2025-11-01 03:54:46,783 - INFO - Records in product_list: 9800
2025-11-01 03:54:49,433 - INFO - Completed: 9900 / To go: 2431
2025-11-01 03:54:49,433 - INFO - Records in product_list: 9900
2025-11-01 03:54:52,185 - INFO - Completed: 10000 / To go: 2331
2025-11-01 03:54:52,185 - INFO - Records in product_list: 10000
2025-11-01 03:54:54,944 - INFO - Completed: 10100 / To go: 2231
2025-11-01 03:54:54,944 - INFO - Records in product_list: 10100
2025-11-01 03:54:57,586 - INFO - Completed: 10200 / To go: 2131
2025-11-01 03:54:57,586 - INFO - Records in product_list: 10200
2025-11-01 03:55:00,248 - INFO - Completed: 10300 / To go: 2031
2025-11-01 03:55:00,248 - INFO - Records in product_list: 10300
2025-11-01 03:55:03,034 - INFO - Completed: 10400 / To go: 1931
2025-11-01 03:55:03,034 - INFO - Records in product_list: 10400
2025-11-01 03:55:05,678 - INFO - Completed: 10500 / To go: 1831
2025-11-01 03:55:05,678 - INFO - Records in product_list: 10500
2025-11-01 03:55:08,489 - INFO - Completed: 10600 / To go: 1731
2025-11-01 03:55:08,489 - INFO - Records in product_list: 10600
2025-11-01 03:55:11,209 - INFO - Completed: 10700 / To go: 1631
2025-11-01 03:55:11,210 - INFO - Records in product_list: 10700
2025-11-01 03:55:13,952 - INFO - Completed: 10800 / To go: 1531
2025-11-01 03:55:13,952 - INFO - Records in product_list: 10800
2025-11-01 03:55:16,754 - INFO - Completed: 10900 / To go: 1431
2025-11-01 03:55:16,754 - INFO - Records in product_list: 10900
2025-11-01 03:55:19,554 - INFO - Completed: 11000 / To go: 1331
2025-11-01 03:55:19,555 - INFO - Records in product_list: 11000
2025-11-01 03:55:22,296 - INFO - Completed: 11100 / To go: 1231
2025-11-01 03:55:22,296 - INFO - Records in product_list: 11100
2025-11-01 03:55:25,123 - INFO - Completed: 11200 / To go: 1131
2025-11-01 03:55:25,123 - INFO - Records in product_list: 11200
2025-11-01 03:55:27,951 - INFO - Completed: 11300 / To go: 1031
2025-11-01 03:55:27,951 - INFO - Records in product_list: 11300
2025-11-01 03:55:30,755 - INFO - Completed: 11400 / To go: 931
2025-11-01 03:55:30,755 - INFO - Records in product_list: 11400
2025-11-01 03:55:33,479 - INFO - Completed: 11500 / To go: 831
2025-11-01 03:55:33,480 - INFO - Records in product_list: 11500
2025-11-01 03:55:36,518 - INFO - Completed: 11600 / To go: 731
2025-11-01 03:55:36,518 - INFO - Records in product_list: 11600
2025-11-01 03:55:39,237 - INFO - Completed: 11700 / To go: 631
2025-11-01 03:55:39,237 - INFO - Records in product_list: 11700
2025-11-01 03:55:41,983 - INFO - Completed: 11800 / To go: 531
2025-11-01 03:55:41,983 - INFO - Records in product_list: 11800
2025-11-01 03:55:44,711 - INFO - Completed: 11900 / To go: 431
2025-11-01 03:55:44,712 - INFO - Records in product_list: 11900
2025-11-01 03:55:47,372 - INFO - Completed: 12000 / To go: 331
2025-11-01 03:55:47,373 - INFO - Records in product_list: 12000
2025-11-01 03:55:50,078 - INFO - Completed: 12100 / To go: 231
2025-11-01 03:55:50,078 - INFO - Records in product_list: 12100
2025-11-01 03:55:53,110 - INFO - Completed: 12200 / To go: 131
2025-11-01 03:55:53,110 - INFO - Records in product_list: 12200
2025-11-01 03:55:55,721 - INFO - Completed: 12300 / To go: 31
2025-11-01 03:55:55,721 - INFO - Records in product_list: 12300
2025-11-01 03:55:58,130 - INFO - Completed: 12331 / To go: 0
2025-11-01 03:55:58,130 - INFO - Records in product_list: 12331
2025-11-01 03:56:01,340 - INFO - Loading combined dataframe from local file: updated_combined_dataframe.csv
2025-11-02 03:54:02,121 - INFO - ============================================================
2025-11-02 03:54:02,121 - INFO - Billa Price Scraper - Starting
2025-11-02 03:54:02,121 - INFO - ============================================================
2025-11-02 03:54:04,144 - INFO - Completed: 100 / To go: 12231
2025-11-02 03:54:04,144 - INFO - Records in product_list: 100
2025-11-02 03:54:07,542 - INFO - Completed: 200 / To go: 12131
2025-11-02 03:54:07,542 - INFO - Records in product_list: 200
2025-11-02 03:54:10,884 - INFO - Completed: 300 / To go: 12031
2025-11-02 03:54:10,884 - INFO - Records in product_list: 300
2025-11-02 03:54:14,100 - INFO - Completed: 400 / To go: 11931
2025-11-02 03:54:14,100 - INFO - Records in product_list: 400
2025-11-02 03:54:17,304 - INFO - Completed: 500 / To go: 11831
2025-11-02 03:54:17,304 - INFO - Records in product_list: 500
2025-11-02 03:54:20,612 - INFO - Completed: 600 / To go: 11731
2025-11-02 03:54:20,612 - INFO - Records in product_list: 600
2025-11-02 03:54:23,949 - INFO - Completed: 700 / To go: 11631
2025-11-02 03:54:23,949 - INFO - Records in product_list: 700
2025-11-02 03:54:27,065 - INFO - Completed: 800 / To go: 11531
2025-11-02 03:54:27,065 - INFO - Records in product_list: 800
2025-11-02 03:54:30,087 - INFO - Completed: 900 / To go: 11431
2025-11-02 03:54:30,087 - INFO - Records in product_list: 900
2025-11-02 03:54:33,441 - INFO - Completed: 1000 / To go: 11331
2025-11-02 03:54:33,441 - INFO - Records in product_list: 1000
2025-11-02 03:54:36,610 - INFO - Completed: 1100 / To go: 11231
2025-11-02 03:54:36,610 - INFO - Records in product_list: 1100
2025-11-02 03:54:39,820 - INFO - Completed: 1200 / To go: 11131
2025-11-02 03:54:39,821 - INFO - Records in product_list: 1200
2025-11-02 03:54:43,046 - INFO - Completed: 1300 / To go: 11031
2025-11-02 03:54:43,046 - INFO - Records in product_list: 1300
2025-11-02 03:54:46,145 - INFO - Completed: 1400 / To go: 10931
2025-11-02 03:54:46,145 - INFO - Records in product_list: 1400
2025-11-02 03:54:49,493 - INFO - Completed: 1500 / To go: 10831
2025-11-02 03:54:49,493 - INFO - Records in product_list: 1500
2025-11-02 03:54:52,520 - INFO - Completed: 1600 / To go: 10731
2025-11-02 03:54:52,520 - INFO - Records in product_list: 1600
2025-11-02 03:54:55,708 - INFO - Completed: 1700 / To go: 10631
2025-11-02 03:54:55,708 - INFO - Records in product_list: 1700
2025-11-02 03:54:58,944 - INFO - Completed: 1800 / To go: 10531
2025-11-02 03:54:58,944 - INFO - Records in product_list: 1800
2025-11-02 03:55:01,975 - INFO - Completed: 1900 / To go: 10431
2025-11-02 03:55:01,975 - INFO - Records in product_list: 1900
2025-11-02 03:55:05,052 - INFO - Completed: 2000 / To go: 10331
2025-11-02 03:55:05,052 - INFO - Records in product_list: 2000
2025-11-02 03:55:08,021 - INFO - Completed: 2100 / To go: 10231
2025-11-02 03:55:08,021 - INFO - Records in product_list: 2100
2025-11-02 03:55:11,172 - INFO - Completed: 2200 / To go: 10131
2025-11-02 03:55:11,172 - INFO - Records in product_list: 2200
2025-11-02 03:55:14,221 - INFO - Completed: 2300 / To go: 10031
2025-11-02 03:55:14,221 - INFO - Records in product_list: 2300
2025-11-02 03:55:17,400 - INFO - Completed: 2400 / To go: 9931
2025-11-02 03:55:17,400 - INFO - Records in product_list: 2400
2025-11-02 03:55:20,387 - INFO - Completed: 2500 / To go: 9831
2025-11-02 03:55:20,387 - INFO - Records in product_list: 2500
2025-11-02 03:55:23,315 - INFO - Completed: 2600 / To go: 9731
2025-11-02 03:55:23,315 - INFO - Records in product_list: 2600
2025-11-02 03:55:26,278 - INFO - Completed: 2700 / To go: 9631
2025-11-02 03:55:26,278 - INFO - Records in product_list: 2700
2025-11-02 03:55:29,234 - INFO - Completed: 2800 / To go: 9531
2025-11-02 03:55:29,234 - INFO - Records in product_list: 2800
2025-11-02 03:55:32,250 - INFO - Completed: 2900 / To go: 9431
2025-11-02 03:55:32,250 - INFO - Records in product_list: 2900
2025-11-02 03:55:35,303 - INFO - Completed: 3000 / To go: 9331
2025-11-02 03:55:35,304 - INFO - Records in product_list: 3000
2025-11-02 03:55:38,246 - INFO - Completed: 3100 / To go: 9231
2025-11-02 03:55:38,246 - INFO - Records in product_list: 3100
2025-11-02 03:55:41,250 - INFO - Completed: 3200 / To go: 9131
2025-11-02 03:55:41,250 - INFO - Records in product_list: 3200
2025-11-02 03:55:44,269 - INFO - Completed: 3300 / To go: 9031
2025-11-02 03:55:44,269 - INFO - Records in product_list: 3300
2025-11-02 03:55:47,189 - INFO - Completed: 3400 / To go: 8931
2025-11-02 03:55:47,190 - INFO - Records in product_list: 3400
2025-11-02 03:55:50,111 - INFO - Completed: 3500 / To go: 8831
2025-11-02 03:55:50,112 - INFO - Records in product_list: 3500
2025-11-02 03:55:53,097 - INFO - Completed: 3600 / To go: 8731
2025-11-02 03:55:53,097 - INFO - Records in product_list: 3600
2025-11-02 03:55:55,987 - INFO - Completed: 3700 / To go: 8631
2025-11-02 03:55:55,987 - INFO - Records in product_list: 3700
2025-11-02 03:55:59,062 - INFO - Completed: 3800 / To go: 8531
2025-11-02 03:55:59,062 - INFO - Records in product_list: 3800
2025-11-02 03:56:01,909 - INFO - Completed: 3900 / To go: 8431
2025-11-02 03:56:01,909 - INFO - Records in product_list: 3900
2025-11-02 03:56:04,840 - INFO - Completed: 4000 / To go: 8331
2025-11-02 03:56:04,840 - INFO - Records in product_list: 4000
2025-11-02 03:56:07,769 - INFO - Completed: 4100 / To go: 8231
2025-11-02 03:56:07,769 - INFO - Records in product_list: 4100
2025-11-02 03:56:10,610 - INFO - Completed: 4200 / To go: 8131
2025-11-02 03:56:10,610 - INFO - Records in product_list: 4200
2025-11-02 03:56:13,664 - INFO - Completed: 4300 / To go: 8031
2025-11-02 03:56:13,664 - INFO - Records in product_list: 4300
2025-11-02 03:56:16,616 - INFO - Completed: 4400 / To go: 7931
2025-11-02 03:56:16,616 - INFO - Records in product_list: 4400
2025-11-02 03:56:19,619 - INFO - Completed: 4500 / To go: 7831
2025-11-02 03:56:19,619 - INFO - Records in product_list: 4500
2025-11-02 03:56:22,677 - INFO - Completed: 4600 / To go: 7731
2025-11-02 03:56:22,677 - INFO - Records in product_list: 4600
2025-11-02 03:56:25,568 - INFO - Completed: 4700 / To go: 7631
2025-11-02 03:56:25,568 - INFO - Records in product_list: 4700
2025-11-02 03:56:28,541 - INFO - Completed: 4800 / To go: 7531
2025-11-02 03:56:28,541 - INFO - Records in product_list: 4800
2025-11-02 03:56:31,413 - INFO - Completed: 4900 / To go: 7431
2025-11-02 03:56:31,413 - INFO - Records in product_list: 4900
2025-11-02 03:56:34,243 - INFO - Completed: 5000 / To go: 7331
2025-11-02 03:56:34,243 - INFO - Records in product_list: 5000
2025-11-02 03:56:37,070 - INFO - Completed: 5100 / To go: 7231
2025-11-02 03:56:37,070 - INFO - Records in product_list: 5100
2025-11-02 03:56:39,933 - INFO - Completed: 5200 / To go: 7131
2025-11-02 03:56:39,933 - INFO - Records in product_list: 5200
2025-11-02 03:56:42,790 - INFO - Completed: 5300 / To go: 7031
2025-11-02 03:56:42,791 - INFO - Records in product_list: 5300
2025-11-02 03:56:45,650 - INFO - Completed: 5400 / To go: 6931
2025-11-02 03:56:45,650 - INFO - Records in product_list: 5400
2025-11-02 03:56:48,422 - INFO - Completed: 5500 / To go: 6831
2025-11-02 03:56:48,422 - INFO - Records in product_list: 5500
2025-11-02 03:56:51,471 - INFO - Completed: 5600 / To go: 6731
2025-11-02 03:56:51,472 - INFO - Records in product_list: 5600
2025-11-02 03:56:54,477 - INFO - Completed: 5700 / To go: 6631
2025-11-02 03:56:54,477 - INFO - Records in product_list: 5700
2025-11-02 03:56:57,317 - INFO - Completed: 5800 / To go: 6531
2025-11-02 03:56:57,317 - INFO - Records in product_list: 5800
2025-11-02 03:57:00,089 - INFO - Completed: 5900 / To go: 6431
2025-11-02 03:57:00,089 - INFO - Records in product_list: 5900
2025-11-02 03:57:02,982 - INFO - Completed: 6000 / To go: 6331
2025-11-02 03:57:02,982 - INFO - Records in product_list: 6000
2025-11-02 03:57:05,794 - INFO - Completed: 6100 / To go: 6231
2025-11-02 03:57:05,794 - INFO - Records in product_list: 6100
2025-11-02 03:57:08,668 - INFO - Completed: 6200 / To go: 6131
2025-11-02 03:57:08,668 - INFO - Records in product_list: 6200
2025-11-02 03:57:11,468 - INFO - Completed: 6300 / To go: 6031
2025-11-02 03:57:11,468 - INFO - Records in product_list: 6300
2025-11-02 03:57:14,252 - INFO - Completed: 6400 / To go: 5931
2025-11-02 03:57:14,253 - INFO - Records in product_list: 6400
2025-11-02 03:57:17,074 - INFO - Completed: 6500 / To go: 5831
2025-11-02 03:57:17,074 - INFO - Records in product_list: 6500
2025-11-02 03:57:19,863 - INFO - Completed: 6600 / To go: 5731
2025-11-02 03:57:19,863 - INFO - Records in product_list: 6600
2025-11-02 03:57:22,615 - INFO - Completed: 6700 / To go: 5631
2025-11-02 03:57:22,615 - INFO - Records in product_list: 6700
2025-11-02 03:57:25,500 - INFO - Completed: 6800 / To go: 5531
2025-11-02 03:57:25,500 - INFO - Records in product_list: 6800
2025-11-02 03:57:28,343 - INFO - Completed: 6900 / To go: 5431
2025-11-02 03:57:28,344 - INFO - Records in product_list: 6900
2025-11-02 03:57:31,269 - INFO - Completed: 7000 / To go: 5331
2025-11-02 03:57:31,269 - INFO - Records in product_list: 7000
2025-11-02 03:57:34,019 - INFO - Completed: 7100 / To go: 5231
2025-11-02 03:57:34,020 - INFO - Records in product_list: 7100
2025-11-02 03:57:36,785 - INFO - Completed: 7200 / To go: 5131
2025-11-02 03:57:36,785 - INFO - Records in product_list: 7200
2025-11-02 03:57:39,789 - INFO - Completed: 7300 / To go: 5031
2025-11-02 03:57:39,789 - INFO - Records in product_list: 7300
2025-11-02 03:57:42,565 - INFO - Completed: 7400 / To go: 4931
2025-11-02 03:57:42,565 - INFO - Records in product_list: 7400
2025-11-02 03:57:45,317 - INFO - Completed: 7500 / To go: 4831
2025-11-02 03:57:45,317 - INFO - Records in product_list: 7500
2025-11-02 03:57:48,276 - INFO - Completed: 7600 / To go: 4731
2025-11-02 03:57:48,276 - INFO - Records in product_list: 7600
2025-11-02 03:57:51,009 - INFO - Completed: 7700 / To go: 4631
2025-11-02 03:57:51,009 - INFO - Records in product_list: 7700
2025-11-02 03:57:53,784 - INFO - Completed: 7800 / To go: 4531
2025-11-02 03:57:53,784 - INFO - Records in product_list: 7800
2025-11-02 03:57:56,470 - INFO - Completed: 7900 / To go: 4431
2025-11-02 03:57:56,470 - INFO - Records in product_list: 7900
2025-11-02 03:57:59,175 - INFO - Completed: 8000 / To go: 4331
2025-11-02 03:57:59,175 - INFO - Records in product_list: 8000
2025-11-02 03:58:02,068 - INFO - Completed: 8100 / To go: 4231
2025-11-02 03:58:02,068 - INFO - Records in product_list: 8100
2025-11-02 03:58:04,802 - INFO - Completed: 8200 / To go: 4131
2025-11-02 03:58:04,803 - INFO - Records in product_list: 8200
2025-11-02 03:58:07,461 - INFO - Completed: 8300 / To go: 4031
2025-11-02 03:58:07,461 - INFO - Records in product_list: 8300
2025-11-02 03:58:10,287 - INFO - Completed: 8400 / To go: 3931
2025-11-02 03:58:10,287 - INFO - Records in product_list: 8400
2025-11-02 03:58:13,054 - INFO - Completed: 8500 / To go: 3831
2025-11-02 03:58:13,054 - INFO - Records in product_list: 8500
2025-11-02 03:58:15,767 - INFO - Completed: 8600 / To go: 3731
2025-11-02 03:58:15,767 - INFO - Records in product_list: 8600
2025-11-02 03:58:18,436 - INFO - Completed: 8700 / To go: 3631
2025-11-02 03:58:18,436 - INFO - Records in product_list: 8700
2025-11-02 03:58:21,158 - INFO - Completed: 8800 / To go: 3531
2025-11-02 03:58:21,158 - INFO - Records in product_list: 8800
2025-11-02 03:58:23,898 - INFO - Completed: 8900 / To go: 3431
2025-11-02 03:58:23,898 - INFO - Records in product_list: 8900
2025-11-02 03:58:26,544 - INFO - Completed: 9000 / To go: 3331
2025-11-02 03:58:26,545 - INFO - Records in product_list: 9000
2025-11-02 03:58:29,201 - INFO - Completed: 9100 / To go: 3231
2025-11-02 03:58:29,201 - INFO - Records in product_list: 9100
2025-11-02 03:58:31,845 - INFO - Completed: 9200 / To go: 3131
2025-11-02 03:58:31,845 - INFO - Records in product_list: 9200
2025-11-02 03:58:34,487 - INFO - Completed: 9300 / To go: 3031
2025-11-02 03:58:34,488 - INFO - Records in product_list: 9300
2025-11-02 03:58:37,162 - INFO - Completed: 9400 / To go: 2931
2025-11-02 03:58:37,162 - INFO - Records in product_list: 9400
2025-11-02 03:58:39,807 - INFO - Completed: 9500 / To go: 2831
2025-11-02 03:58:39,808 - INFO - Records in product_list: 9500
2025-11-02 03:58:42,557 - INFO - Completed: 9600 / To go: 2731
2025-11-02 03:58:42,557 - INFO - Records in product_list: 9600
2025-11-02 03:58:45,353 - INFO - Completed: 9700 / To go: 2631
2025-11-02 03:58:45,353 - INFO - Records in product_list: 9700
2025-11-02 03:58:48,024 - INFO - Completed: 9800 / To go: 2531
2025-11-02 03:58:48,025 - INFO - Records in product_list: 9800
2025-11-02 03:58:50,730 - INFO - Completed: 9900 / To go: 2431
2025-11-02 03:58:50,730 - INFO - Records in product_list: 9900
2025-11-02 03:58:53,590 - INFO - Completed: 10000 / To go: 2331
2025-11-02 03:58:53,590 - INFO - Records in product_list: 10000
2025-11-02 03:58:56,411 - INFO - Completed: 10100 / To go: 2231
2025-11-02 03:58:56,411 - INFO - Records in product_list: 10100
2025-11-02 03:58:59,099 - INFO - Completed: 10200 / To go: 2131
2025-11-02 03:58:59,099 - INFO - Records in product_list: 10200
2025-11-02 03:59:01,740 - INFO - Completed: 10300 / To go: 2031
2025-11-02 03:59:01,740 - INFO - Records in product_list: 10300
2025-11-02 03:59:04,599 - INFO - Completed: 10400 / To go: 1931
2025-11-02 03:59:04,600 - INFO - Records in product_list: 10400
2025-11-02 03:59:07,279 - INFO - Completed: 10500 / To go: 1831
2025-11-02 03:59:07,279 - INFO - Records in product_list: 10500
2025-11-02 03:59:10,053 - INFO - Completed: 10600 / To go: 1731
2025-11-02 03:59:10,053 - INFO - Records in product_list: 10600
2025-11-02 03:59:12,807 - INFO - Completed: 10700 / To go: 1631
2025-11-02 03:59:12,807 - INFO - Records in product_list: 10700
2025-11-02 03:59:15,616 - INFO - Completed: 10800 / To go: 1531
2025-11-02 03:59:15,616 - INFO - Records in product_list: 10800
2025-11-02 03:59:18,395 - INFO - Completed: 10900 / To go: 1431
2025-11-02 03:59:18,395 - INFO - Records in product_list: 10900
2025-11-02 03:59:21,238 - INFO - Completed: 11000 / To go: 1331
2025-11-02 03:59:21,238 - INFO - Records in product_list: 11000
2025-11-02 03:59:24,018 - INFO - Completed: 11100 / To go: 1231
2025-11-02 03:59:24,018 - INFO - Records in product_list: 11100
2025-11-02 03:59:26,776 - INFO - Completed: 11200 / To go: 1131
2025-11-02 03:59:26,776 - INFO - Records in product_list: 11200
2025-11-02 03:59:30,647 - INFO - Completed: 11300 / To go: 1031
2025-11-02 03:59:30,647 - INFO - Records in product_list: 11300
2025-11-02 03:59:33,412 - INFO - Completed: 11400 / To go: 931
2025-11-02 03:59:33,412 - INFO - Records in product_list: 11400
2025-11-02 03:59:36,205 - INFO - Completed: 11500 / To go: 831
2025-11-02 03:59:36,205 - INFO - Records in product_list: 11500
2025-11-02 03:59:39,165 - INFO - Completed: 11600 / To go: 731
2025-11-02 03:59:39,166 - INFO - Records in product_list: 11600
2025-11-02 03:59:41,931 - INFO - Completed: 11700 / To go: 631
2025-11-02 03:59:41,931 - INFO - Records in product_list: 11700
2025-11-02 03:59:44,765 - INFO - Completed: 11800 / To go: 531
2025-11-02 03:59:44,765 - INFO - Records in product_list: 11800
2025-11-02 03:59:47,563 - INFO - Completed: 11900 / To go: 431
2025-11-02 03:59:47,563 - INFO - Records in product_list: 11900
2025-11-02 03:59:50,292 - INFO - Completed: 12000 / To go: 331
2025-11-02 03:59:50,292 - INFO - Records in product_list: 12000
2025-11-02 03:59:53,047 - INFO - Completed: 12100 / To go: 231
2025-11-02 03:59:53,047 - INFO - Records in product_list: 12100
2025-11-02 03:59:55,828 - INFO - Completed: 12200 / To go: 131
2025-11-02 03:59:55,828 - INFO - Records in product_list: 12200
2025-11-02 03:59:58,502 - INFO - Completed: 12300 / To go: 31
2025-11-02 03:59:58,502 - INFO - Records in product_list: 12300
2025-11-02 04:00:01,036 - INFO - Completed: 12331 / To go: 0
2025-11-02 04:00:01,036 - INFO - Records in product_list: 12331
2025-11-02 04:00:04,238 - INFO - Loading combined dataframe from local file: updated_combined_dataframe.csv
2025-11-03 03:59:50,416 - INFO - ============================================================
2025-11-03 03:59:50,416 - INFO - Billa Price Scraper - Starting
2025-11-03 03:59:50,416 - INFO - ============================================================
2025-11-03 03:59:52,132 - INFO - Completed: 100 / To go: 12229
2025-11-03 03:59:52,132 - INFO - Records in product_list: 100
2025-11-03 03:59:55,185 - INFO - Completed: 200 / To go: 12129
2025-11-03 03:59:55,185 - INFO - Records in product_list: 200
2025-11-03 03:59:58,432 - INFO - Completed: 300 / To go: 12029
2025-11-03 03:59:58,432 - INFO - Records in product_list: 300
2025-11-03 04:00:01,610 - INFO - Completed: 400 / To go: 11929
2025-11-03 04:00:01,610 - INFO - Records in product_list: 400
2025-11-03 04:00:04,700 - INFO - Completed: 500 / To go: 11829
2025-11-03 04:00:04,700 - INFO - Records in product_list: 500
2025-11-03 04:00:07,721 - INFO - Completed: 600 / To go: 11729
2025-11-03 04:00:07,721 - INFO - Records in product_list: 600
2025-11-03 04:00:10,874 - INFO - Completed: 700 / To go: 11629
2025-11-03 04:00:10,874 - INFO - Records in product_list: 700
2025-11-03 04:00:14,169 - INFO - Completed: 800 / To go: 11529
2025-11-03 04:00:14,169 - INFO - Records in product_list: 800
2025-11-03 04:00:17,335 - INFO - Completed: 900 / To go: 11429
2025-11-03 04:00:17,335 - INFO - Records in product_list: 900
2025-11-03 04:00:20,447 - INFO - Completed: 1000 / To go: 11329
2025-11-03 04:00:20,447 - INFO - Records in product_list: 1000
2025-11-03 04:00:23,422 - INFO - Completed: 1100 / To go: 11229
2025-11-03 04:00:23,422 - INFO - Records in product_list: 1100
2025-11-03 04:00:26,654 - INFO - Completed: 1200 / To go: 11129
2025-11-03 04:00:26,654 - INFO - Records in product_list: 1200
2025-11-03 04:00:29,825 - INFO - Completed: 1300 / To go: 11029
2025-11-03 04:00:29,825 - INFO - Records in product_list: 1300
2025-11-03 04:00:33,050 - INFO - Completed: 1400 / To go: 10929
2025-11-03 04:00:33,050 - INFO - Records in product_list: 1400
2025-11-03 04:00:36,295 - INFO - Completed: 1500 / To go: 10829
2025-11-03 04:00:36,295 - INFO - Records in product_list: 1500
2025-11-03 04:00:39,347 - INFO - Completed: 1600 / To go: 10729
2025-11-03 04:00:39,347 - INFO - Records in product_list: 1600
2025-11-03 04:00:42,317 - INFO - Completed: 1700 / To go: 10629
2025-11-03 04:00:42,317 - INFO - Records in product_list: 1700
2025-11-03 04:00:45,284 - INFO - Completed: 1800 / To go: 10529
2025-11-03 04:00:45,284 - INFO - Records in product_list: 1800
2025-11-03 04:00:48,169 - INFO - Completed: 1900 / To go: 10429
2025-11-03 04:00:48,169 - INFO - Records in product_list: 1900
2025-11-03 04:00:51,320 - INFO - Completed: 2000 / To go: 10329
2025-11-03 04:00:51,320 - INFO - Records in product_list: 2000
2025-11-03 04:00:54,270 - INFO - Completed: 2100 / To go: 10229
2025-11-03 04:00:54,270 - INFO - Records in product_list: 2100
2025-11-03 04:00:57,234 - INFO - Completed: 2200 / To go: 10129
2025-11-03 04:00:57,234 - INFO - Records in product_list: 2200
2025-11-03 04:01:00,434 - INFO - Completed: 2300 / To go: 10029
2025-11-03 04:01:00,434 - INFO - Records in product_list: 2300
2025-11-03 04:01:03,768 - INFO - Completed: 2400 / To go: 9929
2025-11-03 04:01:03,768 - INFO - Records in product_list: 2400
2025-11-03 04:01:06,807 - INFO - Completed: 2500 / To go: 9829
2025-11-03 04:01:06,807 - INFO - Records in product_list: 2500
2025-11-03 04:01:09,787 - INFO - Completed: 2600 / To go: 9729
2025-11-03 04:01:09,787 - INFO - Records in product_list: 2600
2025-11-03 04:01:12,718 - INFO - Completed: 2700 / To go: 9629
2025-11-03 04:01:12,718 - INFO - Records in product_list: 2700
2025-11-03 04:01:15,604 - INFO - Completed: 2800 / To go: 9529
2025-11-03 04:01:15,605 - INFO - Records in product_list: 2800
2025-11-03 04:01:18,590 - INFO - Completed: 2900 / To go: 9429
2025-11-03 04:01:18,590 - INFO - Records in product_list: 2900
2025-11-03 04:01:21,476 - INFO - Completed: 3000 / To go: 9329
2025-11-03 04:01:21,476 - INFO - Records in product_list: 3000
2025-11-03 04:01:24,363 - INFO - Completed: 3100 / To go: 9229
2025-11-03 04:01:24,363 - INFO - Records in product_list: 3100
2025-11-03 04:01:27,232 - INFO - Completed: 3200 / To go: 9129
2025-11-03 04:01:27,232 - INFO - Records in product_list: 3200
2025-11-03 04:01:30,139 - INFO - Completed: 3300 / To go: 9029
2025-11-03 04:01:30,139 - INFO - Records in product_list: 3300
2025-11-03 04:01:33,030 - INFO - Completed: 3400 / To go: 8929
2025-11-03 04:01:33,031 - INFO - Records in product_list: 3400
2025-11-03 04:01:36,101 - INFO - Completed: 3500 / To go: 8829
2025-11-03 04:01:36,101 - INFO - Records in product_list: 3500
2025-11-03 04:01:39,093 - INFO - Completed: 3600 / To go: 8729
2025-11-03 04:01:39,093 - INFO - Records in product_list: 3600
2025-11-03 04:01:41,896 - INFO - Completed: 3700 / To go: 8629
2025-11-03 04:01:41,896 - INFO - Records in product_list: 3700
2025-11-03 04:01:45,032 - INFO - Completed: 3800 / To go: 8529
2025-11-03 04:01:45,032 - INFO - Records in product_list: 3800
2025-11-03 04:01:48,044 - INFO - Completed: 3900 / To go: 8429
2025-11-03 04:01:48,044 - INFO - Records in product_list: 3900
2025-11-03 04:01:51,031 - INFO - Completed: 4000 / To go: 8329
2025-11-03 04:01:51,031 - INFO - Records in product_list: 4000
2025-11-03 04:01:53,948 - INFO - Completed: 4100 / To go: 8229
2025-11-03 04:01:53,949 - INFO - Records in product_list: 4100
2025-11-03 04:01:56,852 - INFO - Completed: 4200 / To go: 8129
2025-11-03 04:01:56,853 - INFO - Records in product_list: 4200
2025-11-03 04:01:59,659 - INFO - Completed: 4300 / To go: 8029
2025-11-03 04:01:59,659 - INFO - Records in product_list: 4300
2025-11-03 04:02:02,735 - INFO - Completed: 4400 / To go: 7929
2025-11-03 04:02:02,736 - INFO - Records in product_list: 4400
2025-11-03 04:02:05,555 - INFO - Completed: 4500 / To go: 7829
2025-11-03 04:02:05,555 - INFO - Records in product_list: 4500
2025-11-03 04:02:08,617 - INFO - Completed: 4600 / To go: 7729
2025-11-03 04:02:08,617 - INFO - Records in product_list: 4600
2025-11-03 04:02:11,497 - INFO - Completed: 4700 / To go: 7629
2025-11-03 04:02:11,497 - INFO - Records in product_list: 4700
2025-11-03 04:02:14,271 - INFO - Completed: 4800 / To go: 7529
2025-11-03 04:02:14,271 - INFO - Records in product_list: 4800
2025-11-03 04:02:17,193 - INFO - Completed: 4900 / To go: 7429
2025-11-03 04:02:17,193 - INFO - Records in product_list: 4900
2025-11-03 04:02:20,041 - INFO - Completed: 5000 / To go: 7329
2025-11-03 04:02:20,041 - INFO - Records in product_list: 5000
2025-11-03 04:02:22,865 - INFO - Completed: 5100 / To go: 7229
2025-11-03 04:02:22,865 - INFO - Records in product_list: 5100
2025-11-03 04:02:25,754 - INFO - Completed: 5200 / To go: 7129
2025-11-03 04:02:25,754 - INFO - Records in product_list: 5200
2025-11-03 04:02:28,619 - INFO - Completed: 5300 / To go: 7029
2025-11-03 04:02:28,619 - INFO - Records in product_list: 5300
2025-11-03 04:02:31,882 - INFO - Completed: 5400 / To go: 6929
2025-11-03 04:02:31,882 - INFO - Records in product_list: 5400
2025-11-03 04:02:35,391 - INFO - Completed: 5500 / To go: 6829
2025-11-03 04:02:35,391 - INFO - Records in product_list: 5500
2025-11-03 04:02:38,249 - INFO - Completed: 5600 / To go: 6729
2025-11-03 04:02:38,249 - INFO - Records in product_list: 5600
2025-11-03 04:02:41,222 - INFO - Completed: 5700 / To go: 6629
2025-11-03 04:02:41,222 - INFO - Records in product_list: 5700
2025-11-03 04:02:44,368 - INFO - Completed: 5800 / To go: 6529
2025-11-03 04:02:44,368 - INFO - Records in product_list: 5800
2025-11-03 04:02:47,174 - INFO - Completed: 5900 / To go: 6429
2025-11-03 04:02:47,174 - INFO - Records in product_list: 5900
2025-11-03 04:02:49,939 - INFO - Completed: 6000 / To go: 6329
2025-11-03 04:02:49,939 - INFO - Records in product_list: 6000
2025-11-03 04:02:52,746 - INFO - Completed: 6100 / To go: 6229
2025-11-03 04:02:52,746 - INFO - Records in product_list: 6100
2025-11-03 04:02:55,628 - INFO - Completed: 6200 / To go: 6129
2025-11-03 04:02:55,628 - INFO - Records in product_list: 6200
2025-11-03 04:02:58,470 - INFO - Completed: 6300 / To go: 6029
2025-11-03 04:02:58,470 - INFO - Records in product_list: 6300
2025-11-03 04:03:01,271 - INFO - Completed: 6400 / To go: 5929
2025-11-03 04:03:01,271 - INFO - Records in product_list: 6400
2025-11-03 04:03:04,044 - INFO - Completed: 6500 / To go: 5829
2025-11-03 04:03:04,044 - INFO - Records in product_list: 6500
2025-11-03 04:03:06,854 - INFO - Completed: 6600 / To go: 5729
2025-11-03 04:03:06,854 - INFO - Records in product_list: 6600
2025-11-03 04:03:09,735 - INFO - Completed: 6700 / To go: 5629
2025-11-03 04:03:09,735 - INFO - Records in product_list: 6700
2025-11-03 04:03:12,595 - INFO - Completed: 6800 / To go: 5529
2025-11-03 04:03:12,595 - INFO - Records in product_list: 6800
2025-11-03 04:03:15,418 - INFO - Completed: 6900 / To go: 5429
2025-11-03 04:03:15,418 - INFO - Records in product_list: 6900
2025-11-03 04:03:18,184 - INFO - Completed: 7000 / To go: 5329
2025-11-03 04:03:18,184 - INFO - Records in product_list: 7000
2025-11-03 04:03:21,062 - INFO - Completed: 7100 / To go: 5229
2025-11-03 04:03:21,062 - INFO - Records in product_list: 7100
2025-11-03 04:03:23,837 - INFO - Completed: 7200 / To go: 5129
2025-11-03 04:03:23,837 - INFO - Records in product_list: 7200
2025-11-03 04:03:26,584 - INFO - Completed: 7300 / To go: 5029
2025-11-03 04:03:26,584 - INFO - Records in product_list: 7300
2025-11-03 04:03:29,349 - INFO - Completed: 7400 / To go: 4929
2025-11-03 04:03:29,349 - INFO - Records in product_list: 7400
2025-11-03 04:03:32,093 - INFO - Completed: 7500 / To go: 4829
2025-11-03 04:03:32,093 - INFO - Records in product_list: 7500
2025-11-03 04:03:34,828 - INFO - Completed: 7600 / To go: 4729
2025-11-03 04:03:34,828 - INFO - Records in product_list: 7600
2025-11-03 04:03:37,568 - INFO - Completed: 7700 / To go: 4629
2025-11-03 04:03:37,569 - INFO - Records in product_list: 7700
2025-11-03 04:03:40,385 - INFO - Completed: 7800 / To go: 4529
2025-11-03 04:03:40,385 - INFO - Records in product_list: 7800
2025-11-03 04:03:43,039 - INFO - Completed: 7900 / To go: 4429
2025-11-03 04:03:43,040 - INFO - Records in product_list: 7900
2025-11-03 04:03:45,787 - INFO - Completed: 8000 / To go: 4329
2025-11-03 04:03:45,787 - INFO - Records in product_list: 8000
2025-11-03 04:03:48,544 - INFO - Completed: 8100 / To go: 4229
2025-11-03 04:03:48,544 - INFO - Records in product_list: 8100
2025-11-03 04:03:51,384 - INFO - Completed: 8200 / To go: 4129
2025-11-03 04:03:51,384 - INFO - Records in product_list: 8200
2025-11-03 04:03:54,051 - INFO - Completed: 8300 / To go: 4029
2025-11-03 04:03:54,051 - INFO - Records in product_list: 8300
2025-11-03 04:03:56,779 - INFO - Completed: 8400 / To go: 3929
2025-11-03 04:03:56,780 - INFO - Records in product_list: 8400
2025-11-03 04:03:59,435 - INFO - Completed: 8500 / To go: 3829
2025-11-03 04:03:59,435 - INFO - Records in product_list: 8500
2025-11-03 04:04:02,251 - INFO - Completed: 8600 / To go: 3729
2025-11-03 04:04:02,251 - INFO - Records in product_list: 8600
2025-11-03 04:04:04,929 - INFO - Completed: 8700 / To go: 3629
2025-11-03 04:04:04,929 - INFO - Records in product_list: 8700
2025-11-03 04:04:07,598 - INFO - Completed: 8800 / To go: 3529
2025-11-03 04:04:07,598 - INFO - Records in product_list: 8800
2025-11-03 04:04:10,295 - INFO - Completed: 8900 / To go: 3429
2025-11-03 04:04:10,295 - INFO - Records in product_list: 8900
2025-11-03 04:04:13,007 - INFO - Completed: 9000 / To go: 3329
2025-11-03 04:04:13,007 - INFO - Records in product_list: 9000
2025-11-03 04:04:15,750 - INFO - Completed: 9100 / To go: 3229
2025-11-03 04:04:15,750 - INFO - Records in product_list: 9100
2025-11-03 04:04:18,342 - INFO - Completed: 9200 / To go: 3129
2025-11-03 04:04:18,342 - INFO - Records in product_list: 9200
2025-11-03 04:04:20,980 - INFO - Completed: 9300 / To go: 3029
2025-11-03 04:04:20,980 - INFO - Records in product_list: 9300
2025-11-03 04:04:23,748 - INFO - Completed: 9400 / To go: 2929
2025-11-03 04:04:23,748 - INFO - Records in product_list: 9400
2025-11-03 04:04:26,428 - INFO - Completed: 9500 / To go: 2829
2025-11-03 04:04:26,428 - INFO - Records in product_list: 9500
2025-11-03 04:04:29,132 - INFO - Completed: 9600 / To go: 2729
2025-11-03 04:04:29,133 - INFO - Records in product_list: 9600
2025-11-03 04:04:31,834 - INFO - Completed: 9700 / To go: 2629
2025-11-03 04:04:31,834 - INFO - Records in product_list: 9700
2025-11-03 04:04:34,503 - INFO - Completed: 9800 / To go: 2529
2025-11-03 04:04:34,503 - INFO - Records in product_list: 9800
2025-11-03 04:04:37,209 - INFO - Completed: 9900 / To go: 2429
2025-11-03 04:04:37,209 - INFO - Records in product_list: 9900
2025-11-03 04:04:40,015 - INFO - Completed: 10000 / To go: 2329
2025-11-03 04:04:40,015 - INFO - Records in product_list: 10000
2025-11-03 04:04:43,126 - INFO - Completed: 10100 / To go: 2229
2025-11-03 04:04:43,126 - INFO - Records in product_list: 10100
2025-11-03 04:04:45,814 - INFO - Completed: 10200 / To go: 2129
2025-11-03 04:04:45,814 - INFO - Records in product_list: 10200
2025-11-03 04:04:48,485 - INFO - Completed: 10300 / To go: 2029
2025-11-03 04:04:48,486 - INFO - Records in product_list: 10300
2025-11-03 04:04:51,219 - INFO - Completed: 10400 / To go: 1929
2025-11-03 04:04:51,219 - INFO - Records in product_list: 10400
2025-11-03 04:04:53,890 - INFO - Completed: 10500 / To go: 1829
2025-11-03 04:04:53,891 - INFO - Records in product_list: 10500
2025-11-03 04:04:56,678 - INFO - Completed: 10600 / To go: 1729
2025-11-03 04:04:56,679 - INFO - Records in product_list: 10600
2025-11-03 04:04:59,455 - INFO - Completed: 10700 / To go: 1629
2025-11-03 04:04:59,455 - INFO - Records in product_list: 10700
2025-11-03 04:05:02,300 - INFO - Completed: 10800 / To go: 1529
2025-11-03 04:05:02,300 - INFO - Records in product_list: 10800
2025-11-03 04:05:05,190 - INFO - Completed: 10900 / To go: 1429
2025-11-03 04:05:05,190 - INFO - Records in product_list: 10900
2025-11-03 04:05:08,089 - INFO - Completed: 11000 / To go: 1329
2025-11-03 04:05:08,089 - INFO - Records in product_list: 11000
2025-11-03 04:05:10,874 - INFO - Completed: 11100 / To go: 1229
2025-11-03 04:05:10,874 - INFO - Records in product_list: 11100
2025-11-03 04:05:13,646 - INFO - Completed: 11200 / To go: 1129
2025-11-03 04:05:13,646 - INFO - Records in product_list: 11200
2025-11-03 04:05:16,458 - INFO - Completed: 11300 / To go: 1029
2025-11-03 04:05:16,458 - INFO - Records in product_list: 11300
2025-11-03 04:05:19,197 - INFO - Completed: 11400 / To go: 929
2025-11-03 04:05:19,197 - INFO - Records in product_list: 11400
2025-11-03 04:05:22,267 - INFO - Completed: 11500 / To go: 829
2025-11-03 04:05:22,267 - INFO - Records in product_list: 11500
2025-11-03 04:05:25,185 - INFO - Completed: 11600 / To go: 729
2025-11-03 04:05:25,186 - INFO - Records in product_list: 11600
2025-11-03 04:05:28,012 - INFO - Completed: 11700 / To go: 629
2025-11-03 04:05:28,013 - INFO - Records in product_list: 11700
2025-11-03 04:05:30,757 - INFO - Completed: 11800 / To go: 529
2025-11-03 04:05:30,757 - INFO - Records in product_list: 11800
2025-11-03 04:05:33,525 - INFO - Completed: 11900 / To go: 429
2025-11-03 04:05:33,525 - INFO - Records in product_list: 11900
2025-11-03 04:05:36,257 - INFO - Completed: 12000 / To go: 329
2025-11-03 04:05:36,257 - INFO - Records in product_list: 12000
2025-11-03 04:05:39,125 - INFO - Completed: 12100 / To go: 229
2025-11-03 04:05:39,125 - INFO - Records in product_list: 12100
2025-11-03 04:05:41,964 - INFO - Completed: 12200 / To go: 129
2025-11-03 04:05:41,964 - INFO - Records in product_list: 12200
2025-11-03 04:05:44,590 - INFO - Completed: 12300 / To go: 29
2025-11-03 04:05:44,590 - INFO - Records in product_list: 12300
2025-11-03 04:05:47,000 - INFO - Completed: 12329 / To go: 0
2025-11-03 04:05:47,000 - INFO - Records in product_list: 12329
2025-11-03 04:05:50,262 - INFO - Loading combined dataframe from local file: updated_combined_dataframe.csv
2025-11-04 03:49:17,480 - INFO - ============================================================
2025-11-04 03:49:17,480 - INFO - Billa Price Scraper - Starting
2025-11-04 03:49:17,480 - INFO - ============================================================
2025-11-04 03:49:19,233 - INFO - Completed: 100 / To go: 12218
2025-11-04 03:49:19,233 - INFO - Records in product_list: 100
2025-11-04 03:49:22,402 - INFO - Completed: 200 / To go: 12118
2025-11-04 03:49:22,403 - INFO - Records in product_list: 200
2025-11-04 03:49:25,689 - INFO - Completed: 300 / To go: 12018
2025-11-04 03:49:25,689 - INFO - Records in product_list: 300
2025-11-04 03:49:28,808 - INFO - Completed: 400 / To go: 11918
2025-11-04 03:49:28,808 - INFO - Records in product_list: 400
2025-11-04 03:49:31,934 - INFO - Completed: 500 / To go: 11818
2025-11-04 03:49:31,934 - INFO - Records in product_list: 500
2025-11-04 03:49:34,930 - INFO - Completed: 600 / To go: 11718
2025-11-04 03:49:34,931 - INFO - Records in product_list: 600
2025-11-04 03:49:38,068 - INFO - Completed: 700 / To go: 11618
2025-11-04 03:49:38,069 - INFO - Records in product_list: 700
2025-11-04 03:49:41,389 - INFO - Completed: 800 / To go: 11518
2025-11-04 03:49:41,389 - INFO - Records in product_list: 800
2025-11-04 03:49:44,719 - INFO - Completed: 900 / To go: 11418
2025-11-04 03:49:44,719 - INFO - Records in product_list: 900
2025-11-04 03:49:47,928 - INFO - Completed: 1000 / To go: 11318
2025-11-04 03:49:47,928 - INFO - Records in product_list: 1000
2025-11-04 03:49:51,264 - INFO - Completed: 1100 / To go: 11218
2025-11-04 03:49:51,264 - INFO - Records in product_list: 1100
2025-11-04 03:49:54,452 - INFO - Completed: 1200 / To go: 11118
2025-11-04 03:49:54,452 - INFO - Records in product_list: 1200
2025-11-04 03:49:57,662 - INFO - Completed: 1300 / To go: 11018
2025-11-04 03:49:57,662 - INFO - Records in product_list: 1300
2025-11-04 03:50:00,887 - INFO - Completed: 1400 / To go: 10918
2025-11-04 03:50:00,887 - INFO - Records in product_list: 1400
2025-11-04 03:50:04,045 - INFO - Completed: 1500 / To go: 10818
2025-11-04 03:50:04,045 - INFO - Records in product_list: 1500
2025-11-04 03:50:07,099 - INFO - Completed: 1600 / To go: 10718
2025-11-04 03:50:07,099 - INFO - Records in product_list: 1600
2025-11-04 03:50:10,034 - INFO - Completed: 1700 / To go: 10618
2025-11-04 03:50:10,034 - INFO - Records in product_list: 1700
2025-11-04 03:50:13,541 - INFO - Completed: 1800 / To go: 10518
2025-11-04 03:50:13,541 - INFO - Records in product_list: 1800
2025-11-04 03:50:16,609 - INFO - Completed: 1900 / To go: 10418
2025-11-04 03:50:16,609 - INFO - Records in product_list: 1900
2025-11-04 03:50:19,625 - INFO - Completed: 2000 / To go: 10318
2025-11-04 03:50:19,625 - INFO - Records in product_list: 2000
2025-11-04 03:50:22,650 - INFO - Completed: 2100 / To go: 10218
2025-11-04 03:50:22,650 - INFO - Records in product_list: 2100
2025-11-04 03:50:25,682 - INFO - Completed: 2200 / To go: 10118
2025-11-04 03:50:25,682 - INFO - Records in product_list: 2200
2025-11-04 03:50:28,761 - INFO - Completed: 2300 / To go: 10018
2025-11-04 03:50:28,761 - INFO - Records in product_list: 2300
2025-11-04 03:50:31,989 - INFO - Completed: 2400 / To go: 9918
2025-11-04 03:50:31,989 - INFO - Records in product_list: 2400
2025-11-04 03:50:34,846 - INFO - Completed: 2500 / To go: 9818
2025-11-04 03:50:34,847 - INFO - Records in product_list: 2500
2025-11-04 03:50:37,938 - INFO - Completed: 2600 / To go: 9718
2025-11-04 03:50:37,938 - INFO - Records in product_list: 2600
2025-11-04 03:50:40,836 - INFO - Completed: 2700 / To go: 9618
2025-11-04 03:50:40,836 - INFO - Records in product_list: 2700
2025-11-04 03:50:43,860 - INFO - Completed: 2800 / To go: 9518
2025-11-04 03:50:43,860 - INFO - Records in product_list: 2800
2025-11-04 03:50:47,062 - INFO - Completed: 2900 / To go: 9418
2025-11-04 03:50:47,063 - INFO - Records in product_list: 2900
2025-11-04 03:50:50,154 - INFO - Completed: 3000 / To go: 9318
2025-11-04 03:50:50,154 - INFO - Records in product_list: 3000
2025-11-04 03:50:53,054 - INFO - Completed: 3100 / To go: 9218
2025-11-04 03:50:53,054 - INFO - Records in product_list: 3100
2025-11-04 03:50:56,112 - INFO - Completed: 3200 / To go: 9118
2025-11-04 03:50:56,113 - INFO - Records in product_list: 3200
2025-11-04 03:50:58,999 - INFO - Completed: 3300 / To go: 9018
2025-11-04 03:50:58,999 - INFO - Records in product_list: 3300
2025-11-04 03:51:01,853 - INFO - Completed: 3400 / To go: 8918
2025-11-04 03:51:01,853 - INFO - Records in product_list: 3400
2025-11-04 03:51:04,706 - INFO - Completed: 3500 / To go: 8818
2025-11-04 03:51:04,706 - INFO - Records in product_list: 3500
2025-11-04 03:51:07,712 - INFO - Completed: 3600 / To go: 8718
2025-11-04 03:51:07,712 - INFO - Records in product_list: 3600
2025-11-04 03:51:10,662 - INFO - Completed: 3700 / To go: 8618
2025-11-04 03:51:10,662 - INFO - Records in product_list: 3700
2025-11-04 03:51:13,539 - INFO - Completed: 3800 / To go: 8518
2025-11-04 03:51:13,539 - INFO - Records in product_list: 3800
2025-11-04 03:51:16,525 - INFO - Completed: 3900 / To go: 8418
2025-11-04 03:51:16,525 - INFO - Records in product_list: 3900
2025-11-04 03:51:19,385 - INFO - Completed: 4000 / To go: 8318
2025-11-04 03:51:19,385 - INFO - Records in product_list: 4000
2025-11-04 03:51:22,499 - INFO - Completed: 4100 / To go: 8218
2025-11-04 03:51:22,499 - INFO - Records in product_list: 4100
2025-11-04 03:51:25,342 - INFO - Completed: 4200 / To go: 8118
2025-11-04 03:51:25,342 - INFO - Records in product_list: 4200
2025-11-04 03:51:28,210 - INFO - Completed: 4300 / To go: 8018
2025-11-04 03:51:28,210 - INFO - Records in product_list: 4300
2025-11-04 03:51:31,119 - INFO - Completed: 4400 / To go: 7918
2025-11-04 03:51:31,119 - INFO - Records in product_list: 4400
2025-11-04 03:51:33,962 - INFO - Completed: 4500 / To go: 7818
2025-11-04 03:51:33,963 - INFO - Records in product_list: 4500
2025-11-04 03:51:36,841 - INFO - Completed: 4600 / To go: 7718
2025-11-04 03:51:36,841 - INFO - Records in product_list: 4600
2025-11-04 03:51:39,699 - INFO - Completed: 4700 / To go: 7618
2025-11-04 03:51:39,699 - INFO - Records in product_list: 4700
2025-11-04 03:51:42,574 - INFO - Completed: 4800 / To go: 7518
2025-11-04 03:51:42,574 - INFO - Records in product_list: 4800
2025-11-04 03:51:45,417 - INFO - Completed: 4900 / To go: 7418
2025-11-04 03:51:45,417 - INFO - Records in product_list: 4900
2025-11-04 03:51:48,207 - INFO - Completed: 5000 / To go: 7318
2025-11-04 03:51:48,207 - INFO - Records in product_list: 5000
2025-11-04 03:51:51,056 - INFO - Completed: 5100 / To go: 7218
2025-11-04 03:51:51,056 - INFO - Records in product_list: 5100
2025-11-04 03:51:53,947 - INFO - Completed: 5200 / To go: 7118
2025-11-04 03:51:53,947 - INFO - Records in product_list: 5200
2025-11-04 03:51:56,776 - INFO - Completed: 5300 / To go: 7018
2025-11-04 03:51:56,776 - INFO - Records in product_list: 5300
2025-11-04 03:51:59,599 - INFO - Completed: 5400 / To go: 6918
2025-11-04 03:51:59,599 - INFO - Records in product_list: 5400
2025-11-04 03:52:02,424 - INFO - Completed: 5500 / To go: 6818
2025-11-04 03:52:02,424 - INFO - Records in product_list: 5500
2025-11-04 03:52:05,262 - INFO - Completed: 5600 / To go: 6718
2025-11-04 03:52:05,262 - INFO - Records in product_list: 5600
2025-11-04 03:52:08,247 - INFO - Completed: 5700 / To go: 6618
2025-11-04 03:52:08,247 - INFO - Records in product_list: 5700
2025-11-04 03:52:11,194 - INFO - Completed: 5800 / To go: 6518
2025-11-04 03:52:11,195 - INFO - Records in product_list: 5800
2025-11-04 03:52:14,028 - INFO - Completed: 5900 / To go: 6418
2025-11-04 03:52:14,028 - INFO - Records in product_list: 5900
2025-11-04 03:52:16,874 - INFO - Completed: 6000 / To go: 6318
2025-11-04 03:52:16,874 - INFO - Records in product_list: 6000
2025-11-04 03:52:19,628 - INFO - Completed: 6100 / To go: 6218
2025-11-04 03:52:19,628 - INFO - Records in product_list: 6100
2025-11-04 03:52:22,485 - INFO - Completed: 6200 / To go: 6118
2025-11-04 03:52:22,485 - INFO - Records in product_list: 6200
2025-11-04 03:52:25,260 - INFO - Completed: 6300 / To go: 6018
2025-11-04 03:52:25,260 - INFO - Records in product_list: 6300
2025-11-04 03:52:28,063 - INFO - Completed: 6400 / To go: 5918
2025-11-04 03:52:28,063 - INFO - Records in product_list: 6400
2025-11-04 03:52:30,871 - INFO - Completed: 6500 / To go: 5818
2025-11-04 03:52:30,871 - INFO - Records in product_list: 6500
2025-11-04 03:52:33,580 - INFO - Completed: 6600 / To go: 5718
2025-11-04 03:52:33,580 - INFO - Records in product_list: 6600
2025-11-04 03:52:36,380 - INFO - Completed: 6700 / To go: 5618
2025-11-04 03:52:36,381 - INFO - Records in product_list: 6700
2025-11-04 03:52:39,125 - INFO - Completed: 6800 / To go: 5518
2025-11-04 03:52:39,125 - INFO - Records in product_list: 6800
2025-11-04 03:52:41,951 - INFO - Completed: 6900 / To go: 5418
2025-11-04 03:52:41,951 - INFO - Records in product_list: 6900
2025-11-04 03:52:44,653 - INFO - Completed: 7000 / To go: 5318
2025-11-04 03:52:44,653 - INFO - Records in product_list: 7000
2025-11-04 03:52:47,401 - INFO - Completed: 7100 / To go: 5218
2025-11-04 03:52:47,402 - INFO - Records in product_list: 7100
2025-11-04 03:52:50,187 - INFO - Completed: 7200 / To go: 5118
2025-11-04 03:52:50,187 - INFO - Records in product_list: 7200
2025-11-04 03:52:52,922 - INFO - Completed: 7300 / To go: 5018
2025-11-04 03:52:52,922 - INFO - Records in product_list: 7300
2025-11-04 03:52:55,821 - INFO - Completed: 7400 / To go: 4918
2025-11-04 03:52:55,821 - INFO - Records in product_list: 7400
2025-11-04 03:52:58,578 - INFO - Completed: 7500 / To go: 4818
2025-11-04 03:52:58,578 - INFO - Records in product_list: 7500
2025-11-04 03:53:01,423 - INFO - Completed: 7600 / To go: 4718
2025-11-04 03:53:01,423 - INFO - Records in product_list: 7600
2025-11-04 03:53:04,157 - INFO - Completed: 7700 / To go: 4618
2025-11-04 03:53:04,157 - INFO - Records in product_list: 7700
2025-11-04 03:53:06,929 - INFO - Completed: 7800 / To go: 4518
2025-11-04 03:53:06,930 - INFO - Records in product_list: 7800
2025-11-04 03:53:09,653 - INFO - Completed: 7900 / To go: 4418
2025-11-04 03:53:09,653 - INFO - Records in product_list: 7900
2025-11-04 03:53:12,376 - INFO - Completed: 8000 / To go: 4318
2025-11-04 03:53:12,376 - INFO - Records in product_list: 8000
2025-11-04 03:53:15,131 - INFO - Completed: 8100 / To go: 4218
2025-11-04 03:53:15,132 - INFO - Records in product_list: 8100
2025-11-04 03:53:17,902 - INFO - Completed: 8200 / To go: 4118
2025-11-04 03:53:17,902 - INFO - Records in product_list: 8200
2025-11-04 03:53:20,615 - INFO - Completed: 8300 / To go: 4018
2025-11-04 03:53:20,615 - INFO - Records in product_list: 8300
2025-11-04 03:53:23,256 - INFO - Completed: 8400 / To go: 3918
2025-11-04 03:53:23,256 - INFO - Records in product_list: 8400
2025-11-04 03:53:25,926 - INFO - Completed: 8500 / To go: 3818
2025-11-04 03:53:25,926 - INFO - Records in product_list: 8500
2025-11-04 03:53:28,596 - INFO - Completed: 8600 / To go: 3718
2025-11-04 03:53:28,597 - INFO - Records in product_list: 8600
2025-11-04 03:53:31,379 - INFO - Completed: 8700 / To go: 3618
2025-11-04 03:53:31,379 - INFO - Records in product_list: 8700
2025-11-04 03:53:34,095 - INFO - Completed: 8800 / To go: 3518
2025-11-04 03:53:34,095 - INFO - Records in product_list: 8800
2025-11-04 03:53:36,846 - INFO - Completed: 8900 / To go: 3418
2025-11-04 03:53:36,846 - INFO - Records in product_list: 8900
2025-11-04 03:53:39,601 - INFO - Completed: 9000 / To go: 3318
2025-11-04 03:53:39,601 - INFO - Records in product_list: 9000
2025-11-04 03:53:42,288 - INFO - Completed: 9100 / To go: 3218
2025-11-04 03:53:42,288 - INFO - Records in product_list: 9100
2025-11-04 03:53:44,898 - INFO - Completed: 9200 / To go: 3118
2025-11-04 03:53:44,898 - INFO - Records in product_list: 9200
2025-11-04 03:53:47,521 - INFO - Completed: 9300 / To go: 3018
2025-11-04 03:53:47,521 - INFO - Records in product_list: 9300
2025-11-04 03:53:50,166 - INFO - Completed: 9400 / To go: 2918
2025-11-04 03:53:50,166 - INFO - Records in product_list: 9400
2025-11-04 03:53:52,807 - INFO - Completed: 9500 / To go: 2818
2025-11-04 03:53:52,807 - INFO - Records in product_list: 9500
2025-11-04 03:53:55,559 - INFO - Completed: 9600 / To go: 2718
2025-11-04 03:53:55,559 - INFO - Records in product_list: 9600
2025-11-04 03:53:58,236 - INFO - Completed: 9700 / To go: 2618
2025-11-04 03:53:58,236 - INFO - Records in product_list: 9700
2025-11-04 03:54:00,875 - INFO - Completed: 9800 / To go: 2518
2025-11-04 03:54:00,876 - INFO - Records in product_list: 9800
2025-11-04 03:54:03,624 - INFO - Completed: 9900 / To go: 2418
2025-11-04 03:54:03,624 - INFO - Records in product_list: 9900
2025-11-04 03:54:06,528 - INFO - Completed: 10000 / To go: 2318
2025-11-04 03:54:06,528 - INFO - Records in product_list: 10000
2025-11-04 03:54:09,321 - INFO - Completed: 10100 / To go: 2218
2025-11-04 03:54:09,321 - INFO - Records in product_list: 10100
2025-11-04 03:54:12,079 - INFO - Completed: 10200 / To go: 2118
2025-11-04 03:54:12,079 - INFO - Records in product_list: 10200
2025-11-04 03:54:14,765 - INFO - Completed: 10300 / To go: 2018
2025-11-04 03:54:14,765 - INFO - Records in product_list: 10300
2025-11-04 03:54:17,465 - INFO - Completed: 10400 / To go: 1918
2025-11-04 03:54:17,465 - INFO - Records in product_list: 10400
2025-11-04 03:54:20,174 - INFO - Completed: 10500 / To go: 1818
2025-11-04 03:54:20,174 - INFO - Records in product_list: 10500
2025-11-04 03:54:22,934 - INFO - Completed: 10600 / To go: 1718
2025-11-04 03:54:22,934 - INFO - Records in product_list: 10600
2025-11-04 03:54:25,702 - INFO - Completed: 10700 / To go: 1618
2025-11-04 03:54:25,702 - INFO - Records in product_list: 10700
2025-11-04 03:54:28,513 - INFO - Completed: 10800 / To go: 1518
2025-11-04 03:54:28,513 - INFO - Records in product_list: 10800
2025-11-04 03:54:31,282 - INFO - Completed: 10900 / To go: 1418
2025-11-04 03:54:31,283 - INFO - Records in product_list: 10900
2025-11-04 03:54:34,121 - INFO - Completed: 11000 / To go: 1318
2025-11-04 03:54:34,121 - INFO - Records in product_list: 11000
2025-11-04 03:54:37,095 - INFO - Completed: 11100 / To go: 1218
2025-11-04 03:54:37,095 - INFO - Records in product_list: 11100
2025-11-04 03:54:40,027 - INFO - Completed: 11200 / To go: 1118
2025-11-04 03:54:40,027 - INFO - Records in product_list: 11200
2025-11-04 03:54:42,764 - INFO - Completed: 11300 / To go: 1018
2025-11-04 03:54:42,764 - INFO - Records in product_list: 11300
2025-11-04 03:54:45,569 - INFO - Completed: 11400 / To go: 918
2025-11-04 03:54:45,569 - INFO - Records in product_list: 11400
2025-11-04 03:54:48,351 - INFO - Completed: 11500 / To go: 818
2025-11-04 03:54:48,351 - INFO - Records in product_list: 11500
2025-11-04 03:54:51,123 - INFO - Completed: 11600 / To go: 718
2025-11-04 03:54:51,123 - INFO - Records in product_list: 11600
2025-11-04 03:54:53,907 - INFO - Completed: 11700 / To go: 618
2025-11-04 03:54:53,907 - INFO - Records in product_list: 11700
2025-11-04 03:54:56,682 - INFO - Completed: 11800 / To go: 518
2025-11-04 03:54:56,682 - INFO - Records in product_list: 11800
2025-11-04 03:54:59,481 - INFO - Completed: 11900 / To go: 418
2025-11-04 03:54:59,481 - INFO - Records in product_list: 11900
2025-11-04 03:55:02,211 - INFO - Completed: 12000 / To go: 318
2025-11-04 03:55:02,211 - INFO - Records in product_list: 12000
2025-11-04 03:55:04,941 - INFO - Completed: 12100 / To go: 218
2025-11-04 03:55:04,942 - INFO - Records in product_list: 12100
2025-11-04 03:55:07,771 - INFO - Completed: 12200 / To go: 118
2025-11-04 03:55:07,771 - INFO - Records in product_list: 12200
2025-11-04 03:55:10,486 - INFO - Completed: 12300 / To go: 18
2025-11-04 03:55:10,486 - INFO - Records in product_list: 12300
2025-11-04 03:55:12,961 - INFO - Completed: 12319 / To go: -1
2025-11-04 03:55:12,961 - INFO - Records in product_list: 12319
2025-11-04 03:55:16,158 - INFO - Loading combined dataframe from local file: updated_combined_dataframe.csv
2025-11-05 03:51:51,507 - INFO - ============================================================
2025-11-05 03:51:51,508 - INFO - Billa Price Scraper - Starting
2025-11-05 03:51:51,508 - INFO - ============================================================
2025-11-05 03:51:53,250 - INFO - Completed: 100 / To go: 12235
2025-11-05 03:51:53,250 - INFO - Records in product_list: 100
2025-11-05 03:51:56,401 - INFO - Completed: 200 / To go: 12135
2025-11-05 03:51:56,401 - INFO - Records in product_list: 200
2025-11-05 03:51:59,906 - INFO - Completed: 300 / To go: 12035
2025-11-05 03:51:59,906 - INFO - Records in product_list: 300
2025-11-05 03:52:03,006 - INFO - Completed: 400 / To go: 11935
2025-11-05 03:52:03,006 - INFO - Records in product_list: 400
2025-11-05 03:52:06,160 - INFO - Completed: 500 / To go: 11835
2025-11-05 03:52:06,160 - INFO - Records in product_list: 500
2025-11-05 03:52:11,044 - INFO - Completed: 600 / To go: 11735
2025-11-05 03:52:11,044 - INFO - Records in product_list: 600
2025-11-05 03:52:14,052 - INFO - Completed: 700 / To go: 11635
2025-11-05 03:52:14,052 - INFO - Records in product_list: 700
2025-11-05 03:52:17,381 - INFO - Completed: 800 / To go: 11535
2025-11-05 03:52:17,382 - INFO - Records in product_list: 800
2025-11-05 03:52:20,485 - INFO - Completed: 900 / To go: 11435
2025-11-05 03:52:20,485 - INFO - Records in product_list: 900
2025-11-05 03:52:23,507 - INFO - Completed: 1000 / To go: 11335
2025-11-05 03:52:23,507 - INFO - Records in product_list: 1000
2025-11-05 03:52:26,442 - INFO - Completed: 1100 / To go: 11235
2025-11-05 03:52:26,442 - INFO - Records in product_list: 1100
2025-11-05 03:52:29,521 - INFO - Completed: 1200 / To go: 11135
2025-11-05 03:52:29,521 - INFO - Records in product_list: 1200
2025-11-05 03:52:32,800 - INFO - Completed: 1300 / To go: 11035
2025-11-05 03:52:32,800 - INFO - Records in product_list: 1300
2025-11-05 03:52:36,001 - INFO - Completed: 1400 / To go: 10935
2025-11-05 03:52:36,001 - INFO - Records in product_list: 1400
2025-11-05 03:52:38,949 - INFO - Completed: 1500 / To go: 10835
2025-11-05 03:52:38,949 - INFO - Records in product_list: 1500
2025-11-05 03:52:42,143 - INFO - Completed: 1600 / To go: 10735
2025-11-05 03:52:42,143 - INFO - Records in product_list: 1600
2025-11-05 03:52:45,120 - INFO - Completed: 1700 / To go: 10635
2025-11-05 03:52:45,120 - INFO - Records in product_list: 1700
2025-11-05 03:52:48,424 - INFO - Completed: 1800 / To go: 10535
2025-11-05 03:52:48,424 - INFO - Records in product_list: 1800
2025-11-05 03:52:51,664 - INFO - Completed: 1900 / To go: 10435
2025-11-05 03:52:51,664 - INFO - Records in product_list: 1900
2025-11-05 03:52:54,702 - INFO - Completed: 2000 / To go: 10335
2025-11-05 03:52:54,702 - INFO - Records in product_list: 2000
2025-11-05 03:52:58,304 - INFO - Completed: 2100 / To go: 10235
2025-11-05 03:52:58,304 - INFO - Records in product_list: 2100
2025-11-05 03:53:01,361 - INFO - Completed: 2200 / To go: 10135
2025-11-05 03:53:01,361 - INFO - Records in product_list: 2200
2025-11-05 03:53:04,333 - INFO - Completed: 2300 / To go: 10035
2025-11-05 03:53:04,333 - INFO - Records in product_list: 2300
2025-11-05 03:53:07,327 - INFO - Completed: 2400 / To go: 9935
2025-11-05 03:53:07,327 - INFO - Records in product_list: 2400
2025-11-05 03:53:10,203 - INFO - Completed: 2500 / To go: 9835
2025-11-05 03:53:10,203 - INFO - Records in product_list: 2500
2025-11-05 03:53:13,154 - INFO - Completed: 2600 / To go: 9735
2025-11-05 03:53:13,154 - INFO - Records in product_list: 2600
2025-11-05 03:53:16,066 - INFO - Completed: 2700 / To go: 9635
2025-11-05 03:53:16,066 - INFO - Records in product_list: 2700
2025-11-05 03:53:19,381 - INFO - Completed: 2800 / To go: 9535
2025-11-05 03:53:19,381 - INFO - Records in product_list: 2800
2025-11-05 03:53:22,317 - INFO - Completed: 2900 / To go: 9435
2025-11-05 03:53:22,318 - INFO - Records in product_list: 2900
2025-11-05 03:53:25,187 - INFO - Completed: 3000 / To go: 9335
2025-11-05 03:53:25,187 - INFO - Records in product_list: 3000
2025-11-05 03:53:28,165 - INFO - Completed: 3100 / To go: 9235
2025-11-05 03:53:28,165 - INFO - Records in product_list: 3100
2025-11-05 03:53:31,009 - INFO - Completed: 3200 / To go: 9135
2025-11-05 03:53:31,010 - INFO - Records in product_list: 3200
2025-11-05 03:53:34,093 - INFO - Completed: 3300 / To go: 9035
2025-11-05 03:53:34,093 - INFO - Records in product_list: 3300
2025-11-05 03:53:37,034 - INFO - Completed: 3400 / To go: 8935
2025-11-05 03:53:37,035 - INFO - Records in product_list: 3400
2025-11-05 03:53:40,058 - INFO - Completed: 3500 / To go: 8835
2025-11-05 03:53:40,058 - INFO - Records in product_list: 3500
2025-11-05 03:53:43,000 - INFO - Completed: 3600 / To go: 8735
2025-11-05 03:53:43,000 - INFO - Records in product_list: 3600
2025-11-05 03:53:45,876 - INFO - Completed: 3700 / To go: 8635
2025-11-05 03:53:45,876 - INFO - Records in product_list: 3700
2025-11-05 03:53:48,884 - INFO - Completed: 3800 / To go: 8535
2025-11-05 03:53:48,884 - INFO - Records in product_list: 3800
2025-11-05 03:53:51,792 - INFO - Completed: 3900 / To go: 8435
2025-11-05 03:53:51,792 - INFO - Records in product_list: 3900
2025-11-05 03:53:54,656 - INFO - Completed: 4000 / To go: 8335
2025-11-05 03:53:54,656 - INFO - Records in product_list: 4000
2025-11-05 03:53:57,603 - INFO - Completed: 4100 / To go: 8235
2025-11-05 03:53:57,603 - INFO - Records in product_list: 4100
2025-11-05 03:54:00,501 - INFO - Completed: 4200 / To go: 8135
2025-11-05 03:54:00,501 - INFO - Records in product_list: 4200
2025-11-05 03:54:03,346 - INFO - Completed: 4300 / To go: 8035
2025-11-05 03:54:03,346 - INFO - Records in product_list: 4300
2025-11-05 03:54:06,357 - INFO - Completed: 4400 / To go: 7935
2025-11-05 03:54:06,357 - INFO - Records in product_list: 4400
2025-11-05 03:54:09,336 - INFO - Completed: 4500 / To go: 7835
2025-11-05 03:54:09,336 - INFO - Records in product_list: 4500
2025-11-05 03:54:12,317 - INFO - Completed: 4600 / To go: 7735
2025-11-05 03:54:12,317 - INFO - Records in product_list: 4600
2025-11-05 03:54:15,204 - INFO - Completed: 4700 / To go: 7635
2025-11-05 03:54:15,205 - INFO - Records in product_list: 4700
2025-11-05 03:54:17,994 - INFO - Completed: 4800 / To go: 7535
2025-11-05 03:54:17,994 - INFO - Records in product_list: 4800
2025-11-05 03:54:20,856 - INFO - Completed: 4900 / To go: 7435
2025-11-05 03:54:20,856 - INFO - Records in product_list: 4900
2025-11-05 03:54:23,670 - INFO - Completed: 5000 / To go: 7335
2025-11-05 03:54:23,671 - INFO - Records in product_list: 5000
2025-11-05 03:54:26,497 - INFO - Completed: 5100 / To go: 7235
2025-11-05 03:54:26,497 - INFO - Records in product_list: 5100
2025-11-05 03:54:29,361 - INFO - Completed: 5200 / To go: 7135
2025-11-05 03:54:29,361 - INFO - Records in product_list: 5200
2025-11-05 03:54:32,219 - INFO - Completed: 5300 / To go: 7035
2025-11-05 03:54:32,220 - INFO - Records in product_list: 5300
2025-11-05 03:54:35,083 - INFO - Completed: 5400 / To go: 6935
2025-11-05 03:54:35,083 - INFO - Records in product_list: 5400
2025-11-05 03:54:37,986 - INFO - Completed: 5500 / To go: 6835
2025-11-05 03:54:37,986 - INFO - Records in product_list: 5500
2025-11-05 03:54:40,792 - INFO - Completed: 5600 / To go: 6735
2025-11-05 03:54:40,792 - INFO - Records in product_list: 5600
2025-11-05 03:54:43,652 - INFO - Completed: 5700 / To go: 6635
2025-11-05 03:54:43,653 - INFO - Records in product_list: 5700
2025-11-05 03:54:46,524 - INFO - Completed: 5800 / To go: 6535
2025-11-05 03:54:46,524 - INFO - Records in product_list: 5800
2025-11-05 03:54:49,291 - INFO - Completed: 5900 / To go: 6435
2025-11-05 03:54:49,291 - INFO - Records in product_list: 5900
2025-11-05 03:54:52,099 - INFO - Completed: 6000 / To go: 6335
2025-11-05 03:54:52,099 - INFO - Records in product_list: 6000
2025-11-05 03:54:54,863 - INFO - Completed: 6100 / To go: 6235
2025-11-05 03:54:54,863 - INFO - Records in product_list: 6100
2025-11-05 03:54:57,758 - INFO - Completed: 6200 / To go: 6135
2025-11-05 03:54:57,758 - INFO - Records in product_list: 6200
2025-11-05 03:55:00,608 - INFO - Completed: 6300 / To go: 6035
2025-11-05 03:55:00,608 - INFO - Records in product_list: 6300
2025-11-05 03:55:03,497 - INFO - Completed: 6400 / To go: 5935
2025-11-05 03:55:03,497 - INFO - Records in product_list: 6400
2025-11-05 03:55:06,317 - INFO - Completed: 6500 / To go: 5835
2025-11-05 03:55:06,317 - INFO - Records in product_list: 6500
2025-11-05 03:55:09,126 - INFO - Completed: 6600 / To go: 5735
2025-11-05 03:55:09,126 - INFO - Records in product_list: 6600
2025-11-05 03:55:11,927 - INFO - Completed: 6700 / To go: 5635
2025-11-05 03:55:11,927 - INFO - Records in product_list: 6700
2025-11-05 03:55:14,762 - INFO - Completed: 6800 / To go: 5535
2025-11-05 03:55:14,762 - INFO - Records in product_list: 6800
2025-11-05 03:55:17,566 - INFO - Completed: 6900 / To go: 5435
2025-11-05 03:55:17,566 - INFO - Records in product_list: 6900
2025-11-05 03:55:20,371 - INFO - Completed: 7000 / To go: 5335
2025-11-05 03:55:20,372 - INFO - Records in product_list: 7000
2025-11-05 03:55:23,196 - INFO - Completed: 7100 / To go: 5235
2025-11-05 03:55:23,196 - INFO - Records in product_list: 7100
2025-11-05 03:55:25,965 - INFO - Completed: 7200 / To go: 5135
2025-11-05 03:55:25,965 - INFO - Records in product_list: 7200
2025-11-05 03:55:28,700 - INFO - Completed: 7300 / To go: 5035
2025-11-05 03:55:28,700 - INFO - Records in product_list: 7300
2025-11-05 03:55:31,487 - INFO - Completed: 7400 / To go: 4935
2025-11-05 03:55:31,487 - INFO - Records in product_list: 7400
2025-11-05 03:55:34,220 - INFO - Completed: 7500 / To go: 4835
2025-11-05 03:55:34,220 - INFO - Records in product_list: 7500
2025-11-05 03:55:36,952 - INFO - Completed: 7600 / To go: 4735
2025-11-05 03:55:36,952 - INFO - Records in product_list: 7600
2025-11-05 03:55:39,719 - INFO - Completed: 7700 / To go: 4635
2025-11-05 03:55:39,719 - INFO - Records in product_list: 7700
2025-11-05 03:55:42,465 - INFO - Completed: 7800 / To go: 4535
2025-11-05 03:55:42,465 - INFO - Records in product_list: 7800
2025-11-05 03:55:45,146 - INFO - Completed: 7900 / To go: 4435
2025-11-05 03:55:45,146 - INFO - Records in product_list: 7900
2025-11-05 03:55:47,822 - INFO - Completed: 8000 / To go: 4335
2025-11-05 03:55:47,822 - INFO - Records in product_list: 8000
2025-11-05 03:55:50,554 - INFO - Completed: 8100 / To go: 4235
2025-11-05 03:55:50,554 - INFO - Records in product_list: 8100
2025-11-05 03:55:53,512 - INFO - Completed: 8200 / To go: 4135
2025-11-05 03:55:53,512 - INFO - Records in product_list: 8200
2025-11-05 03:55:56,222 - INFO - Completed: 8300 / To go: 4035
2025-11-05 03:55:56,222 - INFO - Records in product_list: 8300
2025-11-05 03:55:58,896 - INFO - Completed: 8400 / To go: 3935
2025-11-05 03:55:58,896 - INFO - Records in product_list: 8400
2025-11-05 03:56:01,595 - INFO - Completed: 8500 / To go: 3835
2025-11-05 03:56:01,595 - INFO - Records in product_list: 8500
2025-11-05 03:56:04,279 - INFO - Completed: 8600 / To go: 3735
2025-11-05 03:56:04,279 - INFO - Records in product_list: 8600
2025-11-05 03:56:06,948 - INFO - Completed: 8700 / To go: 3635
2025-11-05 03:56:06,948 - INFO - Records in product_list: 8700
2025-11-05 03:56:09,632 - INFO - Completed: 8800 / To go: 3535
2025-11-05 03:56:09,632 - INFO - Records in product_list: 8800
2025-11-05 03:56:12,337 - INFO - Completed: 8900 / To go: 3435
2025-11-05 03:56:12,338 - INFO - Records in product_list: 8900
2025-11-05 03:56:15,043 - INFO - Completed: 9000 / To go: 3335
2025-11-05 03:56:15,043 - INFO - Records in product_list: 9000
2025-11-05 03:56:17,783 - INFO - Completed: 9100 / To go: 3235
2025-11-05 03:56:17,783 - INFO - Records in product_list: 9100
2025-11-05 03:56:20,388 - INFO - Completed: 9200 / To go: 3135
2025-11-05 03:56:20,389 - INFO - Records in product_list: 9200
2025-11-05 03:56:23,026 - INFO - Completed: 9300 / To go: 3035
2025-11-05 03:56:23,027 - INFO - Records in product_list: 9300
2025-11-05 03:56:25,679 - INFO - Completed: 9400 / To go: 2935
2025-11-05 03:56:25,679 - INFO - Records in product_list: 9400
2025-11-05 03:56:28,314 - INFO - Completed: 9500 / To go: 2835
2025-11-05 03:56:28,314 - INFO - Records in product_list: 9500
2025-11-05 03:56:31,058 - INFO - Completed: 9600 / To go: 2735
2025-11-05 03:56:31,058 - INFO - Records in product_list: 9600
2025-11-05 03:56:33,740 - INFO - Completed: 9700 / To go: 2635
2025-11-05 03:56:33,740 - INFO - Records in product_list: 9700
2025-11-05 03:56:36,398 - INFO - Completed: 9800 / To go: 2535
2025-11-05 03:56:36,399 - INFO - Records in product_list: 9800
2025-11-05 03:56:39,126 - INFO - Completed: 9900 / To go: 2435
2025-11-05 03:56:39,126 - INFO - Records in product_list: 9900
2025-11-05 03:56:42,013 - INFO - Completed: 10000 / To go: 2335
2025-11-05 03:56:42,014 - INFO - Records in product_list: 10000
2025-11-05 03:56:44,852 - INFO - Completed: 10100 / To go: 2235
2025-11-05 03:56:44,852 - INFO - Records in product_list: 10100
2025-11-05 03:56:47,784 - INFO - Completed: 10200 / To go: 2135
2025-11-05 03:56:47,784 - INFO - Records in product_list: 10200
2025-11-05 03:56:50,552 - INFO - Completed: 10300 / To go: 2035
2025-11-05 03:56:50,552 - INFO - Records in product_list: 10300
2025-11-05 03:56:53,266 - INFO - Completed: 10400 / To go: 1935
2025-11-05 03:56:53,266 - INFO - Records in product_list: 10400
2025-11-05 03:56:55,939 - INFO - Completed: 10500 / To go: 1835
2025-11-05 03:56:55,939 - INFO - Records in product_list: 10500
2025-11-05 03:56:58,840 - INFO - Completed: 10600 / To go: 1735
2025-11-05 03:56:58,840 - INFO - Records in product_list: 10600
2025-11-05 03:57:01,648 - INFO - Completed: 10700 / To go: 1635
2025-11-05 03:57:01,648 - INFO - Records in product_list: 10700
2025-11-05 03:57:04,423 - INFO - Completed: 10800 / To go: 1535
2025-11-05 03:57:04,424 - INFO - Records in product_list: 10800
2025-11-05 03:57:07,292 - INFO - Completed: 10900 / To go: 1435
2025-11-05 03:57:07,292 - INFO - Records in product_list: 10900
2025-11-05 03:57:10,138 - INFO - Completed: 11000 / To go: 1335
2025-11-05 03:57:10,138 - INFO - Records in product_list: 11000
2025-11-05 03:57:12,916 - INFO - Completed: 11100 / To go: 1235
2025-11-05 03:57:12,916 - INFO - Records in product_list: 11100
2025-11-05 03:57:15,712 - INFO - Completed: 11200 / To go: 1135
2025-11-05 03:57:15,712 - INFO - Records in product_list: 11200
2025-11-05 03:57:18,470 - INFO - Completed: 11300 / To go: 1035
2025-11-05 03:57:18,470 - INFO - Records in product_list: 11300
2025-11-05 03:57:21,258 - INFO - Completed: 11400 / To go: 935
2025-11-05 03:57:21,258 - INFO - Records in product_list: 11400
2025-11-05 03:57:24,072 - INFO - Completed: 11500 / To go: 835
2025-11-05 03:57:24,072 - INFO - Records in product_list: 11500
2025-11-05 03:57:27,030 - INFO - Completed: 11600 / To go: 735
2025-11-05 03:57:27,031 - INFO - Records in product_list: 11600
2025-11-05 03:57:29,765 - INFO - Completed: 11700 / To go: 635
2025-11-05 03:57:29,765 - INFO - Records in product_list: 11700
2025-11-05 03:57:32,561 - INFO - Completed: 11800 / To go: 535
2025-11-05 03:57:32,561 - INFO - Records in product_list: 11800
2025-11-05 03:57:35,378 - INFO - Completed: 11900 / To go: 435
2025-11-05 03:57:35,378 - INFO - Records in product_list: 11900
2025-11-05 03:57:38,098 - INFO - Completed: 12000 / To go: 335
2025-11-05 03:57:38,098 - INFO - Records in product_list: 12000
2025-11-05 03:57:40,889 - INFO - Completed: 12100 / To go: 235
2025-11-05 03:57:40,889 - INFO - Records in product_list: 12100
2025-11-05 03:57:43,650 - INFO - Completed: 12200 / To go: 135
2025-11-05 03:57:43,650 - INFO - Records in product_list: 12200
2025-11-05 03:57:46,278 - INFO - Completed: 12300 / To go: 35
2025-11-05 03:57:46,278 - INFO - Records in product_list: 12300
2025-11-05 03:57:48,779 - INFO - Completed: 12334 / To go: 1
2025-11-05 03:57:48,779 - INFO - Records in product_list: 12334
2025-11-05 03:57:51,304 - INFO - Completed: 12334 / To go: 1
2025-11-05 03:57:51,304 - INFO - Records in product_list: 12334
2025-11-05 03:57:53,592 - INFO - Completed: 12334 / To go: 1
2025-11-05 03:57:53,592 - INFO - Records in product_list: 12334
2025-11-05 03:57:55,870 - INFO - Completed: 12334 / To go: 1
2025-11-05 03:57:55,870 - INFO - Records in product_list: 12334
2025-11-05 03:57:58,214 - INFO - Completed: 12334 / To go: 1
2025-11-05 03:57:58,214 - INFO - Records in product_list: 12334
2025-11-05 03:58:00,502 - INFO - Completed: 12334 / To go: 1
2025-11-05 03:58:00,502 - INFO - Records in product_list: 12334
2025-11-05 03:58:02,783 - INFO - Completed: 12334 / To go: 1
2025-11-05 03:58:02,783 - INFO - Records in product_list: 12334
2025-11-05 03:58:05,055 - INFO - Completed: 12334 / To go: 1
2025-11-05 03:58:05,055 - INFO - Records in product_list: 12334
2025-11-05 03:58:07,425 - INFO - Completed: 12334 / To go: 1
2025-11-05 03:58:07,425 - INFO - Records in product_list: 12334
2025-11-05 03:58:09,842 - INFO - Completed: 12334 / To go: 1
2025-11-05 03:58:09,843 - INFO - Records in product_list: 12334
2025-11-05 03:58:12,199 - INFO - Completed: 12334 / To go: 1
2025-11-05 03:58:12,199 - INFO - Records in product_list: 12334
2025-11-05 03:58:14,539 - INFO - Completed: 12334 / To go: 1
2025-11-05 03:58:14,539 - INFO - Records in product_list: 12334
2025-11-05 03:58:16,829 - INFO - Completed: 12334 / To go: 1
2025-11-05 03:58:16,829 - INFO - Records in product_list: 12334
2025-11-05 03:58:19,111 - INFO - Completed: 12334 / To go: 1
2025-11-05 03:58:19,111 - INFO - Records in product_list: 12334
2025-11-05 03:58:21,403 - INFO - Completed: 12334 / To go: 1
2025-11-05 03:58:21,403 - INFO - Records in product_list: 12334
2025-11-05 03:58:23,718 - INFO - Completed: 12334 / To go: 1
2025-11-05 03:58:23,718 - INFO - Records in product_list: 12334
2025-11-05 03:58:26,181 - INFO - Completed: 12334 / To go: 1
2025-11-05 03:58:26,181 - INFO - Records in product_list: 12334
2025-11-05 03:58:28,538 - INFO - Completed: 12334 / To go: 1
2025-11-05 03:58:28,539 - INFO - Records in product_list: 12334
2025-11-05 03:58:30,821 - INFO - Completed: 12334 / To go: 1
2025-11-05 03:58:30,821 - INFO - Records in product_list: 12334
2025-11-05 03:58:33,936 - INFO - Completed: 12334 / To go: 1
2025-11-05 03:58:33,936 - INFO - Records in product_list: 12334
2025-11-05 03:58:36,225 - INFO - Completed: 12334 / To go: 1
2025-11-05 03:58:36,225 - INFO - Records in product_list: 12334
2025-11-05 03:58:38,503 - INFO - Completed: 12334 / To go: 1
2025-11-05 03:58:38,503 - INFO - Records in product_list: 12334
2025-11-05 03:58:40,792 - INFO - Completed: 12334 / To go: 1
2025-11-05 03:58:40,792 - INFO - Records in product_list: 12334
2025-11-05 03:58:45,126 - INFO - Completed: 12334 / To go: 1
2025-11-05 03:58:45,126 - INFO - Records in product_list: 12334
2025-11-05 03:58:47,407 - INFO - Completed: 12334 / To go: 1
2025-11-05 03:58:47,407 - INFO - Records in product_list: 12334
2025-11-05 03:58:49,681 - INFO - Completed: 12334 / To go: 1
2025-11-05 03:58:49,681 - INFO - Records in product_list: 12334
2025-11-05 03:58:51,967 - INFO - Completed: 12334 / To go: 1
2025-11-05 03:58:51,967 - INFO - Records in product_list: 12334
2025-11-05 03:58:54,251 - INFO - Completed: 12334 / To go: 1
2025-11-05 03:58:54,252 - INFO - Records in product_list: 12334
2025-11-05 03:58:56,536 - INFO - Completed: 12334 / To go: 1
2025-11-05 03:58:56,536 - INFO - Records in product_list: 12334
2025-11-05 03:58:58,834 - INFO - Completed: 12334 / To go: 1
2025-11-05 03:58:58,834 - INFO - Records in product_list: 12334
2025-11-05 03:59:01,121 - INFO - Completed: 12334 / To go: 1
2025-11-05 03:59:01,121 - INFO - Records in product_list: 12334
2025-11-05 03:59:03,415 - INFO - Completed: 12334 / To go: 1
2025-11-05 03:59:03,415 - INFO - Records in product_list: 12334
2025-11-05 03:59:05,703 - INFO - Completed: 12334 / To go: 1
2025-11-05 03:59:05,703 - INFO - Records in product_list: 12334
2025-11-05 03:59:07,977 - INFO - Completed: 12334 / To go: 1
2025-11-05 03:59:07,977 - INFO - Records in product_list: 12334
2025-11-05 03:59:10,268 - INFO - Completed: 12334 / To go: 1
2025-11-05 03:59:10,268 - INFO - Records in product_list: 12334
2025-11-05 03:59:12,557 - INFO - Completed: 12334 / To go: 1
2025-11-05 03:59:12,557 - INFO - Records in product_list: 12334
2025-11-05 03:59:14,836 - INFO - Completed: 12334 / To go: 1
2025-11-05 03:59:14,836 - INFO - Records in product_list: 12334
2025-11-05 03:59:17,123 - INFO - Completed: 12334 / To go: 1
2025-11-05 03:59:17,123 - INFO - Records in product_list: 12334
2025-11-05 03:59:19,415 - INFO - Completed: 12334 / To go: 1
2025-11-05 03:59:19,415 - INFO - Records in product_list: 12334
2025-11-05 03:59:21,699 - INFO - Completed: 12334 / To go: 1
2025-11-05 03:59:21,699 - INFO - Records in product_list: 12334
2025-11-05 03:59:23,992 - INFO - Completed: 12334 / To go: 1
2025-11-05 03:59:23,992 - INFO - Records in product_list: 12334
2025-11-05 03:59:26,283 - INFO - Completed: 12334 / To go: 1
2025-11-05 03:59:26,283 - INFO - Records in product_list: 12334
2025-11-05 03:59:28,564 - INFO - Completed: 12334 / To go: 1
2025-11-05 03:59:28,564 - INFO - Records in product_list: 12334
2025-11-05 03:59:30,848 - INFO - Completed: 12334 / To go: 1
2025-11-05 03:59:30,849 - INFO - Records in product_list: 12334
2025-11-05 03:59:33,122 - INFO - Completed: 12334 / To go: 1
2025-11-05 03:59:33,122 - INFO - Records in product_list: 12334
2025-11-05 03:59:35,432 - INFO - Completed: 12334 / To go: 1
2025-11-05 03:59:35,432 - INFO - Records in product_list: 12334
2025-11-05 03:59:37,716 - INFO - Completed: 12334 / To go: 1
2025-11-05 03:59:37,716 - INFO - Records in product_list: 12334
2025-11-05 03:59:40,013 - INFO - Completed: 12334 / To go: 1
2025-11-05 03:59:40,013 - INFO - Records in product_list: 12334
2025-11-05 03:59:42,294 - INFO - Completed: 12334 / To go: 1
2025-11-05 03:59:42,294 - INFO - Records in product_list: 12334
2025-11-05 03:59:44,666 - INFO - Completed: 12334 / To go: 1
2025-11-05 03:59:44,666 - INFO - Records in product_list: 12334
2025-11-05 03:59:46,949 - INFO - Completed: 12334 / To go: 1
2025-11-05 03:59:46,950 - INFO - Records in product_list: 12334
2025-11-05 03:59:49,245 - INFO - Completed: 12334 / To go: 1
2025-11-05 03:59:49,245 - INFO - Records in product_list: 12334
2025-11-05 03:59:51,518 - INFO - Completed: 12334 / To go: 1
2025-11-05 03:59:51,519 - INFO - Records in product_list: 12334
2025-11-05 03:59:53,806 - INFO - Completed: 12334 / To go: 1
2025-11-05 03:59:53,806 - INFO - Records in product_list: 12334
2025-11-05 03:59:56,166 - INFO - Completed: 12334 / To go: 1
2025-11-05 03:59:56,166 - INFO - Records in product_list: 12334
2025-11-05 03:59:58,513 - INFO - Completed: 12334 / To go: 1
2025-11-05 03:59:58,514 - INFO - Records in product_list: 12334
2025-11-05 04:00:00,811 - INFO - Completed: 12334 / To go: 1
2025-11-05 04:00:00,812 - INFO - Records in product_list: 12334
2025-11-05 04:00:03,181 - INFO - Completed: 12334 / To go: 1
2025-11-05 04:00:03,181 - INFO - Records in product_list: 12334
2025-11-05 04:00:05,471 - INFO - Completed: 12334 / To go: 1
2025-11-05 04:00:05,471 - INFO - Records in product_list: 12334
2025-11-05 04:00:07,754 - INFO - Completed: 12334 / To go: 1
2025-11-05 04:00:07,754 - INFO - Records in product_list: 12334
2025-11-05 04:00:10,058 - INFO - Completed: 12334 / To go: 1
2025-11-05 04:00:10,058 - INFO - Records in product_list: 12334
2025-11-05 04:00:12,335 - INFO - Completed: 12334 / To go: 1
2025-11-05 04:00:12,335 - INFO - Records in product_list: 12334
2025-11-05 04:00:14,626 - INFO - Completed: 12334 / To go: 1
2025-11-05 04:00:14,626 - INFO - Records in product_list: 12334
2025-11-05 04:00:16,941 - INFO - Completed: 12334 / To go: 1
2025-11-05 04:00:16,941 - INFO - Records in product_list: 12334
2025-11-05 04:00:19,219 - INFO - Completed: 12334 / To go: 1
2025-11-05 04:00:19,219 - INFO - Records in product_list: 12334
2025-11-05 04:00:21,509 - INFO - Completed: 12334 / To go: 1
2025-11-05 04:00:21,509 - INFO - Records in product_list: 12334
2025-11-05 04:00:23,792 - INFO - Completed: 12334 / To go: 1
2025-11-05 04:00:23,792 - INFO - Records in product_list: 12334
2025-11-05 04:00:26,071 - INFO - Completed: 12334 / To go: 1
2025-11-05 04:00:26,071 - INFO - Records in product_list: 12334
2025-11-05 04:00:28,368 - INFO - Completed: 12334 / To go: 1
2025-11-05 04:00:28,368 - INFO - Records in product_list: 12334
2025-11-05 04:00:30,651 - INFO - Completed: 12334 / To go: 1
2025-11-05 04:00:30,652 - INFO - Records in product_list: 12334
2025-11-05 04:00:32,941 - INFO - Completed: 12334 / To go: 1
2025-11-05 04:00:32,941 - INFO - Records in product_list: 12334
2025-11-05 04:00:35,321 - INFO - Completed: 12334 / To go: 1
2025-11-05 04:00:35,321 - INFO - Records in product_list: 12334
2025-11-05 04:00:37,637 - INFO - Completed: 12334 / To go: 1
2025-11-05 04:00:37,637 - INFO - Records in product_list: 12334
2025-11-05 04:00:39,935 - INFO - Completed: 12334 / To go: 1
2025-11-05 04:00:39,935 - INFO - Records in product_list: 12334
2025-11-05 04:00:42,227 - INFO - Completed: 12334 / To go: 1
2025-11-05 04:00:42,227 - INFO - Records in product_list: 12334
2025-11-05 04:00:44,539 - INFO - Completed: 12334 / To go: 1
2025-11-05 04:00:44,540 - INFO - Records in product_list: 12334
2025-11-05 04:00:46,827 - INFO - Completed: 12334 / To go: 1
2025-11-05 04:00:46,827 - INFO - Records in product_list: 12334
2025-11-05 04:00:49,123 - INFO - Completed: 12334 / To go: 1
2025-11-05 04:00:49,123 - INFO - Records in product_list: 12334
2025-11-05 04:00:51,437 - INFO - Completed: 12334 / To go: 1
2025-11-05 04:00:51,437 - INFO - Records in product_list: 12334
2025-11-05 04:00:53,753 - INFO - Completed: 12334 / To go: 1
2025-11-05 04:00:53,753 - INFO - Records in product_list: 12334
2025-11-05 04:00:56,032 - INFO - Completed: 12334 / To go: 1
2025-11-05 04:00:56,032 - INFO - Records in product_list: 12334
2025-11-05 04:00:58,321 - INFO - Completed: 12334 / To go: 1
2025-11-05 04:00:58,321 - INFO - Records in product_list: 12334
2025-11-05 04:01:00,610 - INFO - Completed: 12334 / To go: 1
2025-11-05 04:01:00,610 - INFO - Records in product_list: 12334
2025-11-05 04:01:02,977 - INFO - Completed: 12334 / To go: 1
2025-11-05 04:01:02,977 - INFO - Records in product_list: 12334
2025-11-05 04:01:05,261 - INFO - Completed: 12334 / To go: 1
2025-11-05 04:01:05,261 - INFO - Records in product_list: 12334
2025-11-05 04:01:07,545 - INFO - Completed: 12334 / To go: 1
2025-11-05 04:01:07,546 - INFO - Records in product_list: 12334
2025-11-05 04:01:10,060 - INFO - Completed: 12334 / To go: 1
2025-11-05 04:01:10,061 - INFO - Records in product_list: 12334
2025-11-05 04:01:12,344 - INFO - Completed: 12334 / To go: 1
2025-11-05 04:01:12,344 - INFO - Records in product_list: 12334
2025-11-05 04:01:14,621 - INFO - Completed: 12334 / To go: 1
2025-11-05 04:01:14,622 - INFO - Records in product_list: 12334
2025-11-05 04:01:16,907 - INFO - Completed: 12334 / To go: 1
2025-11-05 04:01:16,907 - INFO - Records in product_list: 12334
2025-11-05 04:01:19,180 - INFO - Completed: 12334 / To go: 1
2025-11-05 04:01:19,180 - INFO - Records in product_list: 12334
2025-11-05 04:01:21,465 - INFO - Completed: 12334 / To go: 1
2025-11-05 04:01:21,465 - INFO - Records in product_list: 12334
2025-11-05 04:01:23,751 - INFO - Completed: 12334 / To go: 1
2025-11-05 04:01:23,751 - INFO - Records in product_list: 12334
2025-11-05 04:01:26,075 - INFO - Completed: 12334 / To go: 1
2025-11-05 04:01:26,075 - INFO - Records in product_list: 12334
2025-11-05 04:01:28,375 - INFO - Completed: 12334 / To go: 1
2025-11-05 04:01:28,375 - INFO - Records in product_list: 12334
2025-11-05 04:01:30,661 - INFO - Completed: 12334 / To go: 1
2025-11-05 04:01:30,662 - INFO - Records in product_list: 12334
2025-11-05 04:01:32,943 - INFO - Completed: 12334 / To go: 1
2025-11-05 04:01:32,943 - INFO - Records in product_list: 12334
2025-11-05 04:01:35,248 - INFO - Completed: 12334 / To go: 1
2025-11-05 04:01:35,248 - INFO - Records in product_list: 12334
2025-11-05 04:01:37,551 - INFO - Completed: 12334 / To go: 1
2025-11-05 04:01:37,551 - INFO - Records in product_list: 12334
2025-11-05 04:01:39,865 - INFO - Completed: 12334 / To go: 1
2025-11-05 04:01:39,865 - INFO - Records in product_list: 12334
2025-11-05 04:01:42,169 - INFO - Completed: 12334 / To go: 1
2025-11-05 04:01:42,170 - INFO - Records in product_list: 12334
2025-11-05 04:01:44,456 - INFO - Completed: 12334 / To go: 1
2025-11-05 04:01:44,456 - INFO - Records in product_list: 12334
2025-11-05 04:01:46,744 - INFO - Completed: 12334 / To go: 1
2025-11-05 04:01:46,744 - INFO - Records in product_list: 12334
2025-11-05 04:01:49,041 - INFO - Completed: 12334 / To go: 1
2025-11-05 04:01:49,041 - INFO - Records in product_list: 12334
2025-11-05 04:01:51,319 - INFO - Completed: 12334 / To go: 1
2025-11-05 04:01:51,319 - INFO - Records in product_list: 12334
2025-11-05 04:01:53,624 - INFO - Completed: 12334 / To go: 1
2025-11-05 04:01:53,624 - INFO - Records in product_list: 12334
2025-11-05 04:01:55,903 - INFO - Completed: 12334 / To go: 1
2025-11-05 04:01:55,903 - INFO - Records in product_list: 12334
2025-11-05 04:01:58,203 - INFO - Completed: 12334 / To go: 1
2025-11-05 04:01:58,203 - INFO - Records in product_list: 12334
2025-11-05 04:02:00,495 - INFO - Completed: 12334 / To go: 1
2025-11-05 04:02:00,495 - INFO - Records in product_list: 12334
2025-11-05 04:02:02,783 - INFO - Completed: 12334 / To go: 1
2025-11-05 04:02:02,783 - INFO - Records in product_list: 12334
2025-11-05 04:02:05,083 - INFO - Completed: 12334 / To go: 1
2025-11-05 04:02:05,083 - INFO - Records in product_list: 12334
2025-11-05 04:02:07,441 - INFO - Completed: 12334 / To go: 1
2025-11-05 04:02:07,441 - INFO - Records in product_list: 12334
2025-11-05 04:02:09,794 - INFO - Completed: 12334 / To go: 1
2025-11-05 04:02:09,794 - INFO - Records in product_list: 12334
2025-11-05 04:02:12,067 - INFO - Completed: 12334 / To go: 1
2025-11-05 04:02:12,067 - INFO - Records in product_list: 12334
2025-11-05 04:02:14,365 - INFO - Completed: 12334 / To go: 1
2025-11-05 04:02:14,365 - INFO - Records in product_list: 12334
2025-11-05 04:02:16,658 - INFO - Completed: 12334 / To go: 1
2025-11-05 04:02:16,658 - INFO - Records in product_list: 12334
2025-11-05 04:02:18,962 - INFO - Completed: 12334 / To go: 1
2025-11-05 04:02:18,962 - INFO - Records in product_list: 12334
2025-11-05 04:02:21,239 - INFO - Completed: 12334 / To go: 1
2025-11-05 04:02:21,239 - INFO - Records in product_list: 12334
2025-11-05 04:02:23,541 - INFO - Completed: 12334 / To go: 1
2025-11-05 04:02:23,541 - INFO - Records in product_list: 12334
2025-11-05 04:02:25,837 - INFO - Completed: 12334 / To go: 1
2025-11-05 04:02:25,837 - INFO - Records in product_list: 12334
2025-11-05 04:02:28,125 - INFO - Completed: 12334 / To go: 1
2025-11-05 04:02:28,125 - INFO - Records in product_list: 12334
2025-11-05 04:02:30,415 - INFO - Completed: 12334 / To go: 1
2025-11-05 04:02:30,416 - INFO - Records in product_list: 12334
2025-11-05 04:02:32,709 - INFO - Completed: 12334 / To go: 1
2025-11-05 04:02:32,709 - INFO - Records in product_list: 12334
2025-11-05 04:02:35,000 - INFO - Completed: 12334 / To go: 1
2025-11-05 04:02:35,000 - INFO - Records in product_list: 12334
2025-11-05 04:02:37,277 - INFO - Completed: 12334 / To go: 1
2025-11-05 04:02:37,277 - INFO - Records in product_list: 12334
2025-11-05 04:02:39,565 - INFO - Completed: 12334 / To go: 1
2025-11-05 04:02:39,565 - INFO - Records in product_list: 12334
2025-11-05 04:02:41,933 - INFO - Completed: 12334 / To go: 1
2025-11-05 04:02:41,934 - INFO - Records in product_list: 12334
2025-11-05 04:02:44,215 - INFO - Completed: 12334 / To go: 1
2025-11-05 04:02:44,215 - INFO - Records in product_list: 12334
2025-11-05 04:02:46,771 - INFO - Completed: 12334 / To go: 1
2025-11-05 04:02:46,771 - INFO - Records in product_list: 12334
2025-11-05 04:02:49,164 - INFO - Completed: 12334 / To go: 1
2025-11-05 04:02:49,164 - INFO - Records in product_list: 12334
2025-11-05 04:02:51,456 - INFO - Completed: 12334 / To go: 1
2025-11-05 04:02:51,456 - INFO - Records in product_list: 12334
2025-11-05 04:02:53,789 - INFO - Completed: 12334 / To go: 1
2025-11-05 04:02:53,789 - INFO - Records in product_list: 12334
2025-11-05 04:02:56,143 - INFO - Completed: 12334 / To go: 1
2025-11-05 04:02:56,144 - INFO - Records in product_list: 12334
2025-11-05 04:02:58,449 - INFO - Completed: 12334 / To go: 1
2025-11-05 04:02:58,450 - INFO - Records in product_list: 12334
2025-11-05 04:03:00,757 - INFO - Completed: 12334 / To go: 1
2025-11-05 04:03:00,757 - INFO - Records in product_list: 12334
2025-11-05 04:03:03,088 - INFO - Completed: 12334 / To go: 1
2025-11-05 04:03:03,088 - INFO - Records in product_list: 12334
2025-11-05 04:03:05,402 - INFO - Completed: 12334 / To go: 1
2025-11-05 04:03:05,402 - INFO - Records in product_list: 12334
2025-11-05 04:03:07,768 - INFO - Completed: 12334 / To go: 1
2025-11-05 04:03:07,768 - INFO - Records in product_list: 12334
2025-11-05 04:03:10,079 - INFO - Completed: 12334 / To go: 1
2025-11-05 04:03:10,079 - INFO - Records in product_list: 12334
2025-11-05 04:03:12,379 - INFO - Completed: 12334 / To go: 1
2025-11-05 04:03:12,379 - INFO - Records in product_list: 12334
2025-11-05 04:03:14,672 - INFO - Completed: 12334 / To go: 1
2025-11-05 04:03:14,672 - INFO - Records in product_list: 12334
2025-11-05 04:03:16,950 - INFO - Completed: 12334 / To go: 1
2025-11-05 04:03:16,950 - INFO - Records in product_list: 12334
2025-11-05 04:03:19,295 - INFO - Completed: 12334 / To go: 1
2025-11-05 04:03:19,295 - INFO - Records in product_list: 12334
2025-11-05 04:03:21,597 - INFO - Completed: 12334 / To go: 1
2025-11-05 04:03:21,597 - INFO - Records in product_list: 12334
2025-11-05 04:03:23,907 - INFO - Completed: 12334 / To go: 1
2025-11-05 04:03:23,907 - INFO - Records in product_list: 12334
2025-11-05 04:03:26,261 - INFO - Completed: 12334 / To go: 1
2025-11-05 04:03:26,261 - INFO - Records in product_list: 12334
2025-11-05 04:03:28,549 - INFO - Completed: 12334 / To go: 1
2025-11-05 04:03:28,549 - INFO - Records in product_list: 12334
2025-11-05 04:03:30,857 - INFO - Completed: 12334 / To go: 1
2025-11-05 04:03:30,857 - INFO - Records in product_list: 12334
2025-11-05 04:03:33,163 - INFO - Completed: 12334 / To go: 1
2025-11-05 04:03:33,163 - INFO - Records in product_list: 12334
2025-11-05 04:03:35,441 - INFO - Completed: 12334 / To go: 1
2025-11-05 04:03:35,441 - INFO - Records in product_list: 12334
2025-11-05 04:03:37,785 - INFO - Completed: 12334 / To go: 1
2025-11-05 04:03:37,785 - INFO - Records in product_list: 12334
2025-11-05 04:03:40,075 - INFO - Completed: 12334 / To go: 1
2025-11-05 04:03:40,076 - INFO - Records in product_list: 12334
2025-11-05 04:03:42,378 - INFO - Completed: 12334 / To go: 1
2025-11-05 04:03:42,378 - INFO - Records in product_list: 12334
2025-11-05 04:03:44,750 - INFO - Completed: 12334 / To go: 1
2025-11-05 04:03:44,750 - INFO - Records in product_list: 12334
2025-11-05 04:03:47,034 - INFO - Completed: 12334 / To go: 1
2025-11-05 04:03:47,034 - INFO - Records in product_list: 12334
2025-11-05 04:03:49,321 - INFO - Completed: 12334 / To go: 1
2025-11-05 04:03:49,322 - INFO - Records in product_list: 12334
2025-11-05 04:03:51,776 - INFO - Completed: 12334 / To go: 1
2025-11-05 04:03:51,777 - INFO - Records in product_list: 12334
2025-11-05 04:03:54,062 - INFO - Completed: 12334 / To go: 1
2025-11-05 04:03:54,063 - INFO - Records in product_list: 12334
2025-11-05 04:03:56,350 - INFO - Completed: 12334 / To go: 1
2025-11-05 04:03:56,351 - INFO - Records in product_list: 12334
2025-11-05 04:03:58,650 - INFO - Completed: 12334 / To go: 1
2025-11-05 04:03:58,650 - INFO - Records in product_list: 12334
2025-11-05 04:04:00,934 - INFO - Completed: 12334 / To go: 1
2025-11-05 04:04:00,934 - INFO - Records in product_list: 12334
2025-11-05 04:04:03,248 - INFO - Completed: 12334 / To go: 1
2025-11-05 04:04:03,248 - INFO - Records in product_list: 12334
2025-11-05 04:04:05,532 - INFO - Completed: 12334 / To go: 1
2025-11-05 04:04:05,532 - INFO - Records in product_list: 12334
2025-11-05 04:04:07,828 - INFO - Completed: 12334 / To go: 1
2025-11-05 04:04:07,828 - INFO - Records in product_list: 12334
2025-11-05 04:04:10,112 - INFO - Completed: 12334 / To go: 1
2025-11-05 04:04:10,112 - INFO - Records in product_list: 12334
2025-11-05 04:04:12,401 - INFO - Completed: 12334 / To go: 1
2025-11-05 04:04:12,401 - INFO - Records in product_list: 12334
2025-11-05 04:04:14,766 - INFO - Completed: 12334 / To go: 1
2025-11-05 04:04:14,766 - INFO - Records in product_list: 12334
2025-11-05 04:04:17,069 - INFO - Completed: 12334 / To go: 1
2025-11-05 04:04:17,069 - INFO - Records in product_list: 12334
2025-11-05 04:04:19,708 - INFO - Completed: 12334 / To go: 1
2025-11-05 04:04:19,708 - INFO - Records in product_list: 12334
2025-11-05 04:04:22,028 - INFO - Completed: 12334 / To go: 1
2025-11-05 04:04:22,028 - INFO - Records in product_list: 12334
2025-11-05 04:04:24,600 - INFO - Completed: 12334 / To go: 1
2025-11-05 04:04:24,600 - INFO - Records in product_list: 12334
2025-11-05 04:04:26,901 - INFO - Completed: 12334 / To go: 1
2025-11-05 04:04:26,901 - INFO - Records in product_list: 12334
2025-11-05 04:04:29,183 - INFO - Completed: 12334 / To go: 1
2025-11-05 04:04:29,183 - INFO - Records in product_list: 12334
2025-11-05 04:04:31,483 - INFO - Completed: 12334 / To go: 1
2025-11-05 04:04:31,483 - INFO - Records in product_list: 12334
2025-11-05 04:04:33,861 - INFO - Completed: 12334 / To go: 1
2025-11-05 04:04:33,861 - INFO - Records in product_list: 12334
2025-11-05 04:04:36,217 - INFO - Completed: 12334 / To go: 1
2025-11-05 04:04:36,217 - INFO - Records in product_list: 12334
2025-11-05 04:04:38,504 - INFO - Completed: 12334 / To go: 1
2025-11-05 04:04:38,504 - INFO - Records in product_list: 12334
2025-11-05 04:04:40,799 - INFO - Completed: 12334 / To go: 1
2025-11-05 04:04:40,799 - INFO - Records in product_list: 12334
2025-11-05 04:04:43,092 - INFO - Completed: 12334 / To go: 1
2025-11-05 04:04:43,092 - INFO - Records in product_list: 12334
2025-11-05 04:04:45,392 - INFO - Completed: 12334 / To go: 1
2025-11-05 04:04:45,392 - INFO - Records in product_list: 12334
2025-11-05 04:04:47,681 - INFO - Completed: 12334 / To go: 1
2025-11-05 04:04:47,681 - INFO - Records in product_list: 12334
2025-11-05 04:04:49,963 - INFO - Completed: 12334 / To go: 1
2025-11-05 04:04:49,963 - INFO - Records in product_list: 12334
2025-11-05 04:04:52,260 - INFO - Completed: 12334 / To go: 1
2025-11-05 04:04:52,260 - INFO - Records in product_list: 12334
2025-11-05 04:04:54,562 - INFO - Completed: 12334 / To go: 1
2025-11-05 04:04:54,562 - INFO - Records in product_list: 12334
2025-11-05 04:04:56,845 - INFO - Completed: 12334 / To go: 1
2025-11-05 04:04:56,845 - INFO - Records in product_list: 12334
2025-11-05 04:04:59,187 - INFO - Completed: 12334 / To go: 1
2025-11-05 04:04:59,187 - INFO - Records in product_list: 12334
2025-11-05 04:05:01,476 - INFO - Completed: 12334 / To go: 1
2025-11-05 04:05:01,476 - INFO - Records in product_list: 12334
2025-11-05 04:05:03,805 - INFO - Completed: 12334 / To go: 1
2025-11-05 04:05:03,805 - INFO - Records in product_list: 12334
2025-11-05 04:05:06,095 - INFO - Completed: 12334 / To go: 1
2025-11-05 04:05:06,095 - INFO - Records in product_list: 12334
2025-11-05 04:05:08,412 - INFO - Completed: 12334 / To go: 1
2025-11-05 04:05:08,412 - INFO - Records in product_list: 12334
2025-11-05 04:05:10,794 - INFO - Completed: 12334 / To go: 1
2025-11-05 04:05:10,794 - INFO - Records in product_list: 12334
2025-11-05 04:05:13,097 - INFO - Completed: 12334 / To go: 1
2025-11-05 04:05:13,097 - INFO - Records in product_list: 12334
2025-11-05 04:05:15,389 - INFO - Completed: 12334 / To go: 1
2025-11-05 04:05:15,389 - INFO - Records in product_list: 12334
2025-11-05 04:05:17,704 - INFO - Completed: 12334 / To go: 1
2025-11-05 04:05:17,704 - INFO - Records in product_list: 12334
2025-11-05 04:05:19,999 - INFO - Completed: 12334 / To go: 1
2025-11-05 04:05:20,000 - INFO - Records in product_list: 12334
2025-11-05 04:05:22,283 - INFO - Completed: 12334 / To go: 1
2025-11-05 04:05:22,284 - INFO - Records in product_list: 12334
2025-11-05 04:05:24,566 - INFO - Completed: 12334 / To go: 1
2025-11-05 04:05:24,566 - INFO - Records in product_list: 12334
2025-11-05 04:05:26,851 - INFO - Completed: 12334 / To go: 1
2025-11-05 04:05:26,851 - INFO - Records in product_list: 12334
2025-11-05 04:05:29,151 - INFO - Completed: 12334 / To go: 1
2025-11-05 04:05:29,151 - INFO - Records in product_list: 12334
2025-11-05 04:05:31,432 - INFO - Completed: 12334 / To go: 1
2025-11-05 04:05:31,433 - INFO - Records in product_list: 12334
2025-11-05 04:05:33,722 - INFO - Completed: 12334 / To go: 1
2025-11-05 04:05:33,722 - INFO - Records in product_list: 12334
2025-11-05 04:05:36,013 - INFO - Completed: 12334 / To go: 1
2025-11-05 04:05:36,013 - INFO - Records in product_list: 12334
2025-11-05 04:05:38,303 - INFO - Completed: 12334 / To go: 1
2025-11-05 04:05:38,303 - INFO - Records in product_list: 12334
2025-11-05 04:05:40,593 - INFO - Completed: 12334 / To go: 1
2025-11-05 04:05:40,593 - INFO - Records in product_list: 12334
2025-11-05 04:05:42,877 - INFO - Completed: 12334 / To go: 1
2025-11-05 04:05:42,877 - INFO - Records in product_list: 12334
2025-11-05 04:05:45,169 - INFO - Completed: 12334 / To go: 1
2025-11-05 04:05:45,169 - INFO - Records in product_list: 12334
2025-11-05 04:05:47,458 - INFO - Completed: 12334 / To go: 1
2025-11-05 04:05:47,458 - INFO - Records in product_list: 12334
2025-11-05 04:05:49,827 - INFO - Completed: 12334 / To go: 1
2025-11-05 04:05:49,827 - INFO - Records in product_list: 12334
2025-11-05 04:05:52,132 - INFO - Completed: 12334 / To go: 1
2025-11-05 04:05:52,132 - INFO - Records in product_list: 12334
2025-11-05 04:05:54,424 - INFO - Completed: 12334 / To go: 1
2025-11-05 04:05:54,424 - INFO - Records in product_list: 12334
2025-11-05 04:05:56,722 - INFO - Completed: 12334 / To go: 1
2025-11-05 04:05:56,722 - INFO - Records in product_list: 12334
2025-11-05 04:05:59,020 - INFO - Completed: 12334 / To go: 1
2025-11-05 04:05:59,020 - INFO - Records in product_list: 12334
2025-11-05 04:06:01,308 - INFO - Completed: 12334 / To go: 1
2025-11-05 04:06:01,309 - INFO - Records in product_list: 12334
2025-11-05 04:06:03,601 - INFO - Completed: 12334 / To go: 1
2025-11-05 04:06:03,601 - INFO - Records in product_list: 12334
2025-11-05 04:06:05,969 - INFO - Completed: 12334 / To go: 1
2025-11-05 04:06:05,969 - INFO - Records in product_list: 12334
2025-11-05 04:06:08,264 - INFO - Completed: 12334 / To go: 1
2025-11-05 04:06:08,264 - INFO - Records in product_list: 12334
2025-11-05 04:06:10,552 - INFO - Completed: 12334 / To go: 1
2025-11-05 04:06:10,552 - INFO - Records in product_list: 12334
2025-11-05 04:06:12,835 - INFO - Completed: 12334 / To go: 1
2025-11-05 04:06:12,835 - INFO - Records in product_list: 12334
2025-11-05 04:06:15,143 - INFO - Completed: 12334 / To go: 1
2025-11-05 04:06:15,143 - INFO - Records in product_list: 12334
2025-11-05 04:06:17,442 - INFO - Completed: 12334 / To go: 1
2025-11-05 04:06:17,442 - INFO - Records in product_list: 12334
2025-11-05 04:06:19,747 - INFO - Completed: 12334 / To go: 1
2025-11-05 04:06:19,748 - INFO - Records in product_list: 12334
2025-11-05 04:06:22,029 - INFO - Completed: 12334 / To go: 1
2025-11-05 04:06:22,029 - INFO - Records in product_list: 12334
2025-11-05 04:06:24,395 - INFO - Completed: 12334 / To go: 1
2025-11-05 04:06:24,395 - INFO - Records in product_list: 12334
2025-11-05 04:06:26,717 - INFO - Completed: 12334 / To go: 1
2025-11-05 04:06:26,717 - INFO - Records in product_list: 12334
2025-11-05 04:06:29,010 - INFO - Completed: 12334 / To go: 1
2025-11-05 04:06:29,010 - INFO - Records in product_list: 12334
2025-11-05 04:06:31,299 - INFO - Completed: 12334 / To go: 1
2025-11-05 04:06:31,299 - INFO - Records in product_list: 12334
2025-11-05 04:06:33,583 - INFO - Completed: 12334 / To go: 1
2025-11-05 04:06:33,583 - INFO - Records in product_list: 12334
2025-11-05 04:06:35,866 - INFO - Completed: 12334 / To go: 1
2025-11-05 04:06:35,866 - INFO - Records in product_list: 12334
2025-11-05 04:06:38,155 - INFO - Completed: 12334 / To go: 1
2025-11-05 04:06:38,156 - INFO - Records in product_list: 12334
2025-11-05 04:06:40,447 - INFO - Completed: 12334 / To go: 1
2025-11-05 04:06:40,447 - INFO - Records in product_list: 12334
2025-11-05 04:06:42,750 - INFO - Completed: 12334 / To go: 1
2025-11-05 04:06:42,751 - INFO - Records in product_list: 12334
2025-11-05 04:06:45,039 - INFO - Completed: 12334 / To go: 1
2025-11-05 04:06:45,039 - INFO - Records in product_list: 12334
2025-11-05 04:06:47,330 - INFO - Completed: 12334 / To go: 1
2025-11-05 04:06:47,330 - INFO - Records in product_list: 12334
2025-11-05 04:06:49,627 - INFO - Completed: 12334 / To go: 1
2025-11-05 04:06:49,627 - INFO - Records in product_list: 12334
2025-11-05 04:06:51,923 - INFO - Completed: 12334 / To go: 1
2025-11-05 04:06:51,924 - INFO - Records in product_list: 12334
2025-11-05 04:06:54,212 - INFO - Completed: 12334 / To go: 1
2025-11-05 04:06:54,212 - INFO - Records in product_list: 12334
2025-11-05 04:06:56,500 - INFO - Completed: 12334 / To go: 1
2025-11-05 04:06:56,500 - INFO - Records in product_list: 12334
2025-11-05 04:06:58,774 - INFO - Completed: 12334 / To go: 1
2025-11-05 04:06:58,774 - INFO - Records in product_list: 12334
2025-11-05 04:07:01,080 - INFO - Completed: 12334 / To go: 1
2025-11-05 04:07:01,080 - INFO - Records in product_list: 12334
2025-11-05 04:07:03,359 - INFO - Completed: 12334 / To go: 1
2025-11-05 04:07:03,360 - INFO - Records in product_list: 12334
2025-11-05 04:07:05,654 - INFO - Completed: 12334 / To go: 1
2025-11-05 04:07:05,655 - INFO - Records in product_list: 12334
2025-11-05 04:07:07,943 - INFO - Completed: 12334 / To go: 1
2025-11-05 04:07:07,943 - INFO - Records in product_list: 12334
2025-11-05 04:07:10,301 - INFO - Completed: 12334 / To go: 1
2025-11-05 04:07:10,301 - INFO - Records in product_list: 12334
2025-11-05 04:07:12,656 - INFO - Completed: 12334 / To go: 1
2025-11-05 04:07:12,656 - INFO - Records in product_list: 12334
2025-11-05 04:07:14,951 - INFO - Completed: 12334 / To go: 1
2025-11-05 04:07:14,951 - INFO - Records in product_list: 12334
2025-11-05 04:07:17,247 - INFO - Completed: 12334 / To go: 1
2025-11-05 04:07:17,247 - INFO - Records in product_list: 12334
2025-11-05 04:07:19,533 - INFO - Completed: 12334 / To go: 1
2025-11-05 04:07:19,533 - INFO - Records in product_list: 12334
2025-11-05 04:07:21,820 - INFO - Completed: 12334 / To go: 1
2025-11-05 04:07:21,820 - INFO - Records in product_list: 12334
2025-11-05 04:07:24,111 - INFO - Completed: 12334 / To go: 1
2025-11-05 04:07:24,111 - INFO - Records in product_list: 12334
2025-11-05 04:07:26,401 - INFO - Completed: 12334 / To go: 1
2025-11-05 04:07:26,401 - INFO - Records in product_list: 12334
2025-11-05 04:07:28,679 - INFO - Completed: 12334 / To go: 1
2025-11-05 04:07:28,679 - INFO - Records in product_list: 12334
2025-11-05 04:07:30,958 - INFO - Completed: 12334 / To go: 1
2025-11-05 04:07:30,958 - INFO - Records in product_list: 12334
2025-11-05 04:07:33,255 - INFO - Completed: 12334 / To go: 1
2025-11-05 04:07:33,255 - INFO - Records in product_list: 12334
2025-11-05 04:07:35,538 - INFO - Completed: 12334 / To go: 1
2025-11-05 04:07:35,538 - INFO - Records in product_list: 12334
2025-11-05 04:07:37,817 - INFO - Completed: 12334 / To go: 1
2025-11-05 04:07:37,817 - INFO - Records in product_list: 12334
2025-11-05 04:07:40,096 - INFO - Completed: 12334 / To go: 1
2025-11-05 04:07:40,096 - INFO - Records in product_list: 12334
2025-11-05 04:07:42,514 - INFO - Completed: 12334 / To go: 1
2025-11-05 04:07:42,514 - INFO - Records in product_list: 12334
2025-11-05 04:07:44,807 - INFO - Completed: 12334 / To go: 1
2025-11-05 04:07:44,807 - INFO - Records in product_list: 12334
2025-11-05 04:07:47,098 - INFO - Completed: 12334 / To go: 1
2025-11-05 04:07:47,098 - INFO - Records in product_list: 12334
2025-11-05 04:07:49,398 - INFO - Completed: 12334 / To go: 1
2025-11-05 04:07:49,398 - INFO - Records in product_list: 12334
2025-11-05 04:07:52,092 - INFO - Completed: 12334 / To go: 1
2025-11-05 04:07:52,092 - INFO - Records in product_list: 12334
2025-11-05 04:07:54,377 - INFO - Completed: 12334 / To go: 1
2025-11-05 04:07:54,377 - INFO - Records in product_list: 12334
2025-11-05 04:07:56,693 - INFO - Completed: 12334 / To go: 1
2025-11-05 04:07:56,693 - INFO - Records in product_list: 12334
2025-11-05 04:07:58,971 - INFO - Completed: 12334 / To go: 1
2025-11-05 04:07:58,971 - INFO - Records in product_list: 12334
2025-11-05 04:08:01,254 - INFO - Completed: 12334 / To go: 1
2025-11-05 04:08:01,255 - INFO - Records in product_list: 12334
2025-11-05 04:08:03,561 - INFO - Completed: 12334 / To go: 1
2025-11-05 04:08:03,561 - INFO - Records in product_list: 12334
2025-11-05 04:08:05,856 - INFO - Completed: 12334 / To go: 1
2025-11-05 04:08:05,856 - INFO - Records in product_list: 12334
2025-11-05 04:08:08,147 - INFO - Completed: 12334 / To go: 1
2025-11-05 04:08:08,147 - INFO - Records in product_list: 12334
2025-11-05 04:08:10,440 - INFO - Completed: 12334 / To go: 1
2025-11-05 04:08:10,440 - INFO - Records in product_list: 12334
2025-11-05 04:08:12,718 - INFO - Completed: 12334 / To go: 1
2025-11-05 04:08:12,718 - INFO - Records in product_list: 12334
2025-11-05 04:08:15,017 - INFO - Completed: 12334 / To go: 1
2025-11-05 04:08:15,017 - INFO - Records in product_list: 12334
2025-11-05 04:08:17,306 - INFO - Completed: 12334 / To go: 1
2025-11-05 04:08:17,306 - INFO - Records in product_list: 12334
2025-11-05 04:08:19,597 - INFO - Completed: 12334 / To go: 1
2025-11-05 04:08:19,597 - INFO - Records in product_list: 12334
2025-11-05 04:08:21,889 - INFO - Completed: 12334 / To go: 1
2025-11-05 04:08:21,890 - INFO - Records in product_list: 12334
2025-11-05 04:08:24,177 - INFO - Completed: 12334 / To go: 1
2025-11-05 04:08:24,178 - INFO - Records in product_list: 12334
2025-11-05 04:08:26,468 - INFO - Completed: 12334 / To go: 1
2025-11-05 04:08:26,468 - INFO - Records in product_list: 12334
2025-11-05 04:08:28,749 - INFO - Completed: 12334 / To go: 1
2025-11-05 04:08:28,749 - INFO - Records in product_list: 12334
2025-11-05 04:08:31,145 - INFO - Completed: 12334 / To go: 1
2025-11-05 04:08:31,145 - INFO - Records in product_list: 12334
2025-11-05 04:08:33,425 - INFO - Completed: 12334 / To go: 1
2025-11-05 04:08:33,426 - INFO - Records in product_list: 12334
2025-11-05 04:08:35,725 - INFO - Completed: 12334 / To go: 1
2025-11-05 04:08:35,725 - INFO - Records in product_list: 12334
2025-11-05 04:08:38,018 - INFO - Completed: 12334 / To go: 1
2025-11-05 04:08:38,018 - INFO - Records in product_list: 12334
2025-11-05 04:08:40,306 - INFO - Completed: 12334 / To go: 1
2025-11-05 04:08:40,306 - INFO - Records in product_list: 12334
2025-11-05 04:08:42,690 - INFO - Completed: 12334 / To go: 1
2025-11-05 04:08:42,690 - INFO - Records in product_list: 12334
2025-11-05 04:08:44,978 - INFO - Completed: 12334 / To go: 1
2025-11-05 04:08:44,978 - INFO - Records in product_list: 12334
2025-11-05 04:08:47,257 - INFO - Completed: 12334 / To go: 1
2025-11-05 04:08:47,257 - INFO - Records in product_list: 12334
2025-11-05 04:08:49,537 - INFO - Completed: 12334 / To go: 1
2025-11-05 04:08:49,538 - INFO - Records in product_list: 12334
2025-11-05 04:08:51,831 - INFO - Completed: 12334 / To go: 1
2025-11-05 04:08:51,831 - INFO - Records in product_list: 12334
2025-11-05 04:08:54,146 - INFO - Completed: 12334 / To go: 1
2025-11-05 04:08:54,146 - INFO - Records in product_list: 12334
2025-11-05 04:08:56,446 - INFO - Completed: 12334 / To go: 1
2025-11-05 04:08:56,446 - INFO - Records in product_list: 12334
2025-11-05 04:08:58,736 - INFO - Completed: 12334 / To go: 1
2025-11-05 04:08:58,736 - INFO - Records in product_list: 12334
2025-11-05 04:09:01,022 - INFO - Completed: 12334 / To go: 1
2025-11-05 04:09:01,023 - INFO - Records in product_list: 12334
2025-11-05 04:09:03,320 - INFO - Completed: 12334 / To go: 1
2025-11-05 04:09:03,320 - INFO - Records in product_list: 12334
2025-11-05 04:09:05,608 - INFO - Completed: 12334 / To go: 1
2025-11-05 04:09:05,608 - INFO - Records in product_list: 12334
2025-11-05 04:09:07,908 - INFO - Completed: 12334 / To go: 1
2025-11-05 04:09:07,908 - INFO - Records in product_list: 12334
2025-11-05 04:09:10,206 - INFO - Completed: 12334 / To go: 1
2025-11-05 04:09:10,207 - INFO - Records in product_list: 12334
2025-11-05 04:09:12,501 - INFO - Completed: 12334 / To go: 1
2025-11-05 04:09:12,501 - INFO - Records in product_list: 12334
2025-11-05 04:09:14,820 - INFO - Completed: 12334 / To go: 1
2025-11-05 04:09:14,820 - INFO - Records in product_list: 12334
2025-11-05 04:09:17,113 - INFO - Completed: 12334 / To go: 1
2025-11-05 04:09:17,113 - INFO - Records in product_list: 12334
2025-11-05 04:09:19,393 - INFO - Completed: 12334 / To go: 1
2025-11-05 04:09:19,393 - INFO - Records in product_list: 12334
2025-11-05 04:09:21,684 - INFO - Completed: 12334 / To go: 1
2025-11-05 04:09:21,684 - INFO - Records in product_list: 12334
2025-11-05 04:09:23,965 - INFO - Completed: 12334 / To go: 1
2025-11-05 04:09:23,965 - INFO - Records in product_list: 12334
2025-11-05 04:09:26,271 - INFO - Completed: 12334 / To go: 1
2025-11-05 04:09:26,272 - INFO - Records in product_list: 12334
2025-11-05 04:09:28,577 - INFO - Completed: 12334 / To go: 1
2025-11-05 04:09:28,577 - INFO - Records in product_list: 12334
2025-11-05 04:09:30,873 - INFO - Completed: 12334 / To go: 1
2025-11-05 04:09:30,873 - INFO - Records in product_list: 12334
2025-11-05 04:09:33,158 - INFO - Completed: 12334 / To go: 1
2025-11-05 04:09:33,159 - INFO - Records in product_list: 12334
2025-11-05 04:09:35,455 - INFO - Completed: 12334 / To go: 1
2025-11-05 04:09:35,455 - INFO - Records in product_list: 12334
2025-11-05 04:09:37,803 - INFO - Completed: 12334 / To go: 1
2025-11-05 04:09:37,803 - INFO - Records in product_list: 12334
2025-11-05 04:09:40,092 - INFO - Completed: 12334 / To go: 1
2025-11-05 04:09:40,092 - INFO - Records in product_list: 12334
2025-11-05 04:09:42,377 - INFO - Completed: 12334 / To go: 1
2025-11-05 04:09:42,378 - INFO - Records in product_list: 12334
2025-11-05 04:09:44,768 - INFO - Completed: 12334 / To go: 1
2025-11-05 04:09:44,768 - INFO - Records in product_list: 12334
2025-11-05 04:09:47,066 - INFO - Completed: 12334 / To go: 1
2025-11-05 04:09:47,066 - INFO - Records in product_list: 12334
2025-11-05 04:09:49,361 - INFO - Completed: 12334 / To go: 1
2025-11-05 04:09:49,361 - INFO - Records in product_list: 12334
2025-11-05 04:09:51,661 - INFO - Completed: 12334 / To go: 1
2025-11-05 04:09:51,662 - INFO - Records in product_list: 12334
2025-11-05 04:09:53,948 - INFO - Completed: 12334 / To go: 1
2025-11-05 04:09:53,948 - INFO - Records in product_list: 12334
2025-11-05 04:09:56,259 - INFO - Completed: 12334 / To go: 1
2025-11-05 04:09:56,259 - INFO - Records in product_list: 12334
2025-11-05 04:09:58,634 - INFO - Completed: 12334 / To go: 1
2025-11-05 04:09:58,634 - INFO - Records in product_list: 12334
2025-11-05 04:10:00,917 - INFO - Completed: 12334 / To go: 1
2025-11-05 04:10:00,918 - INFO - Records in product_list: 12334
2025-11-05 04:10:03,205 - INFO - Completed: 12334 / To go: 1
2025-11-05 04:10:03,205 - INFO - Records in product_list: 12334
2025-11-05 04:10:05,506 - INFO - Completed: 12334 / To go: 1
2025-11-05 04:10:05,507 - INFO - Records in product_list: 12334
2025-11-05 04:10:07,796 - INFO - Completed: 12334 / To go: 1
2025-11-05 04:10:07,796 - INFO - Records in product_list: 12334
2025-11-05 04:10:10,138 - INFO - Completed: 12334 / To go: 1
2025-11-05 04:10:10,138 - INFO - Records in product_list: 12334
2025-11-05 04:10:12,422 - INFO - Completed: 12334 / To go: 1
2025-11-05 04:10:12,422 - INFO - Records in product_list: 12334
2025-11-05 04:10:14,711 - INFO - Completed: 12334 / To go: 1
2025-11-05 04:10:14,711 - INFO - Records in product_list: 12334
2025-11-05 04:10:16,996 - INFO - Completed: 12334 / To go: 1
2025-11-05 04:10:16,996 - INFO - Records in product_list: 12334
2025-11-05 04:10:19,277 - INFO - Completed: 12334 / To go: 1
2025-11-05 04:10:19,277 - INFO - Records in product_list: 12334
2025-11-05 04:10:21,563 - INFO - Completed: 12334 / To go: 1
2025-11-05 04:10:21,563 - INFO - Records in product_list: 12334
2025-11-05 04:10:23,912 - INFO - Completed: 12334 / To go: 1
2025-11-05 04:10:23,912 - INFO - Records in product_list: 12334
2025-11-05 04:10:26,238 - INFO - Completed: 12334 / To go: 1
2025-11-05 04:10:26,238 - INFO - Records in product_list: 12334
2025-11-05 04:10:28,526 - INFO - Completed: 12334 / To go: 1
2025-11-05 04:10:28,526 - INFO - Records in product_list: 12334
2025-11-05 04:10:30,818 - INFO - Completed: 12334 / To go: 1
2025-11-05 04:10:30,818 - INFO - Records in product_list: 12334
2025-11-05 04:10:33,134 - INFO - Completed: 12334 / To go: 1
2025-11-05 04:10:33,134 - INFO - Records in product_list: 12334
2025-11-05 04:10:35,490 - INFO - Completed: 12334 / To go: 1
2025-11-05 04:10:35,490 - INFO - Records in product_list: 12334
2025-11-05 04:10:38,263 - INFO - Completed: 12334 / To go: 1
2025-11-05 04:10:38,263 - INFO - Records in product_list: 12334
2025-11-05 04:10:40,564 - INFO - Completed: 12334 / To go: 1
2025-11-05 04:10:40,564 - INFO - Records in product_list: 12334
2025-11-05 04:10:43,037 - INFO - Completed: 12334 / To go: 1
2025-11-05 04:10:43,037 - INFO - Records in product_list: 12334
2025-11-05 04:10:45,322 - INFO - Completed: 12334 / To go: 1
2025-11-05 04:10:45,322 - INFO - Records in product_list: 12334
2025-11-05 04:10:47,613 - INFO - Completed: 12334 / To go: 1
2025-11-05 04:10:47,613 - INFO - Records in product_list: 12334
2025-11-05 04:10:49,896 - INFO - Completed: 12334 / To go: 1
2025-11-05 04:10:49,896 - INFO - Records in product_list: 12334
2025-11-05 04:10:52,180 - INFO - Completed: 12334 / To go: 1
2025-11-05 04:10:52,180 - INFO - Records in product_list: 12334
2025-11-05 04:10:54,471 - INFO - Completed: 12334 / To go: 1
2025-11-05 04:10:54,471 - INFO - Records in product_list: 12334
2025-11-05 04:10:56,760 - INFO - Completed: 12334 / To go: 1
2025-11-05 04:10:56,760 - INFO - Records in product_list: 12334
2025-11-05 04:10:59,056 - INFO - Completed: 12334 / To go: 1
2025-11-05 04:10:59,056 - INFO - Records in product_list: 12334
2025-11-05 04:11:01,353 - INFO - Completed: 12334 / To go: 1
2025-11-05 04:11:01,353 - INFO - Records in product_list: 12334
2025-11-05 04:11:03,868 - INFO - Completed: 12334 / To go: 1
2025-11-05 04:11:03,869 - INFO - Records in product_list: 12334
2025-11-05 04:11:06,142 - INFO - Completed: 12334 / To go: 1
2025-11-05 04:11:06,143 - INFO - Records in product_list: 12334
2025-11-05 04:11:08,431 - INFO - Completed: 12334 / To go: 1
2025-11-05 04:11:08,431 - INFO - Records in product_list: 12334
2025-11-05 04:11:10,806 - INFO - Completed: 12334 / To go: 1
2025-11-05 04:11:10,806 - INFO - Records in product_list: 12334
2025-11-05 04:11:13,130 - INFO - Completed: 12334 / To go: 1
2025-11-05 04:11:13,131 - INFO - Records in product_list: 12334
2025-11-05 04:11:15,417 - INFO - Completed: 12334 / To go: 1
2025-11-05 04:11:15,418 - INFO - Records in product_list: 12334
2025-11-05 04:11:17,703 - INFO - Completed: 12334 / To go: 1
2025-11-05 04:11:17,704 - INFO - Records in product_list: 12334
2025-11-05 04:11:19,998 - INFO - Completed: 12334 / To go: 1
2025-11-05 04:11:19,999 - INFO - Records in product_list: 12334
2025-11-05 04:11:22,316 - INFO - Completed: 12334 / To go: 1
2025-11-05 04:11:22,316 - INFO - Records in product_list: 12334
2025-11-05 04:11:24,592 - INFO - Completed: 12334 / To go: 1
2025-11-05 04:11:24,592 - INFO - Records in product_list: 12334
2025-11-05 04:11:26,962 - INFO - Completed: 12334 / To go: 1
2025-11-05 04:11:26,962 - INFO - Records in product_list: 12334
2025-11-05 04:11:29,269 - INFO - Completed: 12334 / To go: 1
2025-11-05 04:11:29,269 - INFO - Records in product_list: 12334
2025-11-05 04:11:31,569 - INFO - Completed: 12334 / To go: 1
2025-11-05 04:11:31,569 - INFO - Records in product_list: 12334
2025-11-05 04:11:33,869 - INFO - Completed: 12334 / To go: 1
2025-11-05 04:11:33,870 - INFO - Records in product_list: 12334
2025-11-05 04:11:36,173 - INFO - Completed: 12334 / To go: 1
2025-11-05 04:11:36,173 - INFO - Records in product_list: 12334
2025-11-05 04:11:38,451 - INFO - Completed: 12334 / To go: 1
2025-11-05 04:11:38,451 - INFO - Records in product_list: 12334
2025-11-05 04:11:40,757 - INFO - Completed: 12334 / To go: 1
2025-11-05 04:11:40,757 - INFO - Records in product_list: 12334
2025-11-05 04:11:43,041 - INFO - Completed: 12334 / To go: 1
2025-11-05 04:11:43,041 - INFO - Records in product_list: 12334
2025-11-05 04:11:45,330 - INFO - Completed: 12334 / To go: 1
2025-11-05 04:11:45,330 - INFO - Records in product_list: 12334
2025-11-05 04:11:47,618 - INFO - Completed: 12334 / To go: 1
2025-11-05 04:11:47,619 - INFO - Records in product_list: 12334
2025-11-05 04:11:49,940 - INFO - Completed: 12334 / To go: 1
2025-11-05 04:11:49,941 - INFO - Records in product_list: 12334
2025-11-05 04:11:52,225 - INFO - Completed: 12334 / To go: 1
2025-11-05 04:11:52,225 - INFO - Records in product_list: 12334
2025-11-05 04:11:54,515 - INFO - Completed: 12334 / To go: 1
2025-11-05 04:11:54,515 - INFO - Records in product_list: 12334
2025-11-05 04:11:56,814 - INFO - Completed: 12334 / To go: 1
2025-11-05 04:11:56,814 - INFO - Records in product_list: 12334
2025-11-05 04:11:59,105 - INFO - Completed: 12334 / To go: 1
2025-11-05 04:11:59,106 - INFO - Records in product_list: 12334
2025-11-05 04:12:01,382 - INFO - Completed: 12334 / To go: 1
2025-11-05 04:12:01,383 - INFO - Records in product_list: 12334
2025-11-05 04:12:03,666 - INFO - Completed: 12334 / To go: 1
2025-11-05 04:12:03,666 - INFO - Records in product_list: 12334
2025-11-05 04:12:05,971 - INFO - Completed: 12334 / To go: 1
2025-11-05 04:12:05,971 - INFO - Records in product_list: 12334
2025-11-05 04:12:08,291 - INFO - Completed: 12334 / To go: 1
2025-11-05 04:12:08,291 - INFO - Records in product_list: 12334
2025-11-05 04:12:10,602 - INFO - Completed: 12334 / To go: 1
2025-11-05 04:12:10,602 - INFO - Records in product_list: 12334
2025-11-05 04:12:12,893 - INFO - Completed: 12334 / To go: 1
2025-11-05 04:12:12,893 - INFO - Records in product_list: 12334
2025-11-05 04:12:15,200 - INFO - Completed: 12334 / To go: 1
2025-11-05 04:12:15,200 - INFO - Records in product_list: 12334
2025-11-05 04:12:17,497 - INFO - Completed: 12334 / To go: 1
2025-11-05 04:12:17,497 - INFO - Records in product_list: 12334
2025-11-05 04:12:19,787 - INFO - Completed: 12334 / To go: 1
2025-11-05 04:12:19,787 - INFO - Records in product_list: 12334
2025-11-05 04:12:22,072 - INFO - Completed: 12334 / To go: 1
2025-11-05 04:12:22,073 - INFO - Records in product_list: 12334
2025-11-05 04:12:24,360 - INFO - Completed: 12334 / To go: 1
2025-11-05 04:12:24,360 - INFO - Records in product_list: 12334
2025-11-05 04:12:26,657 - INFO - Completed: 12334 / To go: 1
2025-11-05 04:12:26,657 - INFO - Records in product_list: 12334
2025-11-05 04:12:28,937 - INFO - Completed: 12334 / To go: 1
2025-11-05 04:12:28,937 - INFO - Records in product_list: 12334
2025-11-05 04:12:31,220 - INFO - Completed: 12334 / To go: 1
2025-11-05 04:12:31,220 - INFO - Records in product_list: 12334
2025-11-05 04:12:33,509 - INFO - Completed: 12334 / To go: 1
2025-11-05 04:12:33,509 - INFO - Records in product_list: 12334
2025-11-05 04:12:35,806 - INFO - Completed: 12334 / To go: 1
2025-11-05 04:12:35,807 - INFO - Records in product_list: 12334
2025-11-05 04:12:38,106 - INFO - Completed: 12334 / To go: 1
2025-11-05 04:12:38,106 - INFO - Records in product_list: 12334
2025-11-05 04:12:40,391 - INFO - Completed: 12334 / To go: 1
2025-11-05 04:12:40,391 - INFO - Records in product_list: 12334
2025-11-05 04:12:42,685 - INFO - Completed: 12334 / To go: 1
2025-11-05 04:12:42,685 - INFO - Records in product_list: 12334
2025-11-05 04:12:44,979 - INFO - Completed: 12334 / To go: 1
2025-11-05 04:12:44,979 - INFO - Records in product_list: 12334
2025-11-05 04:12:47,281 - INFO - Completed: 12334 / To go: 1
2025-11-05 04:12:47,281 - INFO - Records in product_list: 12334
2025-11-05 04:12:49,573 - INFO - Completed: 12334 / To go: 1
2025-11-05 04:12:49,574 - INFO - Records in product_list: 12334
2025-11-05 04:12:51,866 - INFO - Completed: 12334 / To go: 1
2025-11-05 04:12:51,867 - INFO - Records in product_list: 12334
2025-11-05 04:12:54,172 - INFO - Completed: 12334 / To go: 1
2025-11-05 04:12:54,172 - INFO - Records in product_list: 12334
2025-11-05 04:12:56,447 - INFO - Completed: 12334 / To go: 1
2025-11-05 04:12:56,448 - INFO - Records in product_list: 12334
2025-11-05 04:12:58,696 - WARNING - Error fetching data from https://shop.billa.at/api/product-discovery/products?sortBy=relevance&page=516&pageSize=100: 503 Server Error: Service Unavailable for url: https://shop.billa.at/api/product-discovery/products?sortBy=relevance&page=516&pageSize=100. Retrying in 3 seconds... (Attempt 1/5)
2025-11-05 04:13:01,963 - INFO - Completed: 12334 / To go: 1
2025-11-05 04:13:01,963 - INFO - Records in product_list: 12334
2025-11-05 04:13:04,281 - INFO - Completed: 12334 / To go: 1
2025-11-05 04:13:04,281 - INFO - Records in product_list: 12334
2025-11-05 04:13:06,565 - INFO - Completed: 12334 / To go: 1
2025-11-05 04:13:06,565 - INFO - Records in product_list: 12334
2025-11-05 04:13:08,854 - INFO - Completed: 12334 / To go: 1
2025-11-05 04:13:08,854 - INFO - Records in product_list: 12334
2025-11-05 04:13:11,140 - INFO - Completed: 12334 / To go: 1
2025-11-05 04:13:11,140 - INFO - Records in product_list: 12334
2025-11-05 04:13:13,465 - INFO - Completed: 12334 / To go: 1
2025-11-05 04:13:13,466 - INFO - Records in product_list: 12334
2025-11-05 04:13:15,761 - INFO - Completed: 12334 / To go: 1
2025-11-05 04:13:15,761 - INFO - Records in product_list: 12334
2025-11-05 04:13:18,060 - INFO - Completed: 12334 / To go: 1
2025-11-05 04:13:18,060 - INFO - Records in product_list: 12334
2025-11-05 04:13:20,344 - INFO - Completed: 12334 / To go: 1
2025-11-05 04:13:20,345 - INFO - Records in product_list: 12334
2025-11-05 04:13:22,652 - INFO - Completed: 12334 / To go: 1
2025-11-05 04:13:22,652 - INFO - Records in product_list: 12334
2025-11-05 04:13:24,927 - INFO - Completed: 12334 / To go: 1
2025-11-05 04:13:24,927 - INFO - Records in product_list: 12334
2025-11-05 04:13:27,210 - INFO - Completed: 12334 / To go: 1
2025-11-05 04:13:27,210 - INFO - Records in product_list: 12334
2025-11-05 04:13:29,569 - INFO - Completed: 12334 / To go: 1
2025-11-05 04:13:29,569 - INFO - Records in product_list: 12334
2025-11-05 04:13:31,885 - INFO - Completed: 12334 / To go: 1
2025-11-05 04:13:31,885 - INFO - Records in product_list: 12334
2025-11-05 04:13:34,180 - INFO - Completed: 12334 / To go: 1
2025-11-05 04:13:34,180 - INFO - Records in product_list: 12334
2025-11-05 04:13:36,475 - INFO - Completed: 12334 / To go: 1
2025-11-05 04:13:36,475 - INFO - Records in product_list: 12334
2025-11-05 04:13:38,756 - INFO - Completed: 12334 / To go: 1
2025-11-05 04:13:38,756 - INFO - Records in product_list: 12334
2025-11-05 04:13:41,062 - INFO - Completed: 12334 / To go: 1
2025-11-05 04:13:41,062 - INFO - Records in product_list: 12334
2025-11-05 04:13:43,341 - INFO - Completed: 12334 / To go: 1
2025-11-05 04:13:43,341 - INFO - Records in product_list: 12334
2025-11-05 04:13:45,627 - INFO - Completed: 12334 / To go: 1
2025-11-05 04:13:45,627 - INFO - Records in product_list: 12334
2025-11-05 04:13:47,914 - INFO - Completed: 12334 / To go: 1
2025-11-05 04:13:47,915 - INFO - Records in product_list: 12334
2025-11-05 04:13:50,227 - INFO - Completed: 12334 / To go: 1
2025-11-05 04:13:50,227 - INFO - Records in product_list: 12334
2025-11-05 04:13:52,531 - INFO - Completed: 12334 / To go: 1
2025-11-05 04:13:52,531 - INFO - Records in product_list: 12334
2025-11-05 04:13:54,812 - INFO - Completed: 12334 / To go: 1
2025-11-05 04:13:54,812 - INFO - Records in product_list: 12334
2025-11-05 04:13:57,106 - INFO - Completed: 12334 / To go: 1
2025-11-05 04:13:57,106 - INFO - Records in product_list: 12334
2025-11-05 04:13:59,410 - INFO - Completed: 12334 / To go: 1
2025-11-05 04:13:59,410 - INFO - Records in product_list: 12334
2025-11-05 04:14:01,789 - INFO - Completed: 12334 / To go: 1
2025-11-05 04:14:01,790 - INFO - Records in product_list: 12334
2025-11-05 04:14:04,075 - INFO - Completed: 12334 / To go: 1
2025-11-05 04:14:04,075 - INFO - Records in product_list: 12334
2025-11-05 04:14:06,377 - INFO - Completed: 12334 / To go: 1
2025-11-05 04:14:06,377 - INFO - Records in product_list: 12334
2025-11-05 04:14:08,691 - INFO - Completed: 12334 / To go: 1
2025-11-05 04:14:08,691 - INFO - Records in product_list: 12334
2025-11-05 04:14:10,982 - INFO - Completed: 12334 / To go: 1
2025-11-05 04:14:10,982 - INFO - Records in product_list: 12334
2025-11-05 04:14:13,269 - INFO - Completed: 12334 / To go: 1
2025-11-05 04:14:13,269 - INFO - Records in product_list: 12334
2025-11-05 04:14:15,561 - INFO - Completed: 12334 / To go: 1
2025-11-05 04:14:15,561 - INFO - Records in product_list: 12334
2025-11-05 04:14:17,870 - INFO - Completed: 12334 / To go: 1
2025-11-05 04:14:17,870 - INFO - Records in product_list: 12334
2025-11-05 04:14:20,164 - INFO - Completed: 12334 / To go: 1
2025-11-05 04:14:20,164 - INFO - Records in product_list: 12334
2025-11-05 04:14:22,524 - INFO - Completed: 12334 / To go: 1
2025-11-05 04:14:22,524 - INFO - Records in product_list: 12334
2025-11-05 04:14:24,804 - INFO - Completed: 12334 / To go: 1
2025-11-05 04:14:24,804 - INFO - Records in product_list: 12334
2025-11-05 04:14:27,163 - INFO - Completed: 12334 / To go: 1
2025-11-05 04:14:27,163 - INFO - Records in product_list: 12334
2025-11-05 04:14:29,441 - INFO - Completed: 12334 / To go: 1
2025-11-05 04:14:29,441 - INFO - Records in product_list: 12334
2025-11-05 04:14:31,727 - INFO - Completed: 12334 / To go: 1
2025-11-05 04:14:31,727 - INFO - Records in product_list: 12334
2025-11-05 04:14:34,013 - INFO - Completed: 12334 / To go: 1
2025-11-05 04:14:34,013 - INFO - Records in product_list: 12334
2025-11-05 04:14:36,382 - INFO - Completed: 12334 / To go: 1
2025-11-05 04:14:36,382 - INFO - Records in product_list: 12334
2025-11-05 04:14:38,671 - INFO - Completed: 12334 / To go: 1
2025-11-05 04:14:38,671 - INFO - Records in product_list: 12334
2025-11-05 04:14:40,962 - INFO - Completed: 12334 / To go: 1
2025-11-05 04:14:40,962 - INFO - Records in product_list: 12334
2025-11-05 04:14:43,244 - INFO - Completed: 12334 / To go: 1
2025-11-05 04:14:43,244 - INFO - Records in product_list: 12334
2025-11-05 04:14:45,548 - INFO - Completed: 12334 / To go: 1
2025-11-05 04:14:45,549 - INFO - Records in product_list: 12334
2025-11-05 04:14:47,827 - INFO - Completed: 12334 / To go: 1
2025-11-05 04:14:47,827 - INFO - Records in product_list: 12334
2025-11-05 04:14:50,103 - INFO - Completed: 12334 / To go: 1
2025-11-05 04:14:50,103 - INFO - Records in product_list: 12334
2025-11-05 04:14:52,449 - INFO - Completed: 12334 / To go: 1
2025-11-05 04:14:52,449 - INFO - Records in product_list: 12334
2025-11-05 04:14:54,753 - INFO - Completed: 12334 / To go: 1
2025-11-05 04:14:54,753 - INFO - Records in product_list: 12334
2025-11-05 04:14:57,037 - INFO - Completed: 12334 / To go: 1
2025-11-05 04:14:57,037 - INFO - Records in product_list: 12334
2025-11-05 04:14:59,320 - INFO - Completed: 12334 / To go: 1
2025-11-05 04:14:59,320 - INFO - Records in product_list: 12334
2025-11-05 04:15:01,610 - INFO - Completed: 12334 / To go: 1
2025-11-05 04:15:01,611 - INFO - Records in product_list: 12334
2025-11-05 04:15:03,909 - INFO - Completed: 12334 / To go: 1
2025-11-05 04:15:03,910 - INFO - Records in product_list: 12334
2025-11-05 04:15:06,197 - INFO - Completed: 12334 / To go: 1
2025-11-05 04:15:06,198 - INFO - Records in product_list: 12334
2025-11-05 04:15:08,481 - INFO - Completed: 12334 / To go: 1
2025-11-05 04:15:08,481 - INFO - Records in product_list: 12334
2025-11-05 04:15:11,065 - INFO - Completed: 12334 / To go: 1
2025-11-05 04:15:11,065 - INFO - Records in product_list: 12334
2025-11-05 04:15:13,374 - INFO - Completed: 12334 / To go: 1
2025-11-05 04:15:13,375 - INFO - Records in product_list: 12334
2025-11-05 04:15:15,688 - INFO - Completed: 12334 / To go: 1
2025-11-05 04:15:15,688 - INFO - Records in product_list: 12334
2025-11-05 04:15:17,975 - INFO - Completed: 12334 / To go: 1
2025-11-05 04:15:17,975 - INFO - Records in product_list: 12334
2025-11-05 04:15:20,268 - INFO - Completed: 12334 / To go: 1
2025-11-05 04:15:20,268 - INFO - Records in product_list: 12334
2025-11-05 04:15:22,591 - INFO - Completed: 12334 / To go: 1
2025-11-05 04:15:22,591 - INFO - Records in product_list: 12334
2025-11-05 04:15:24,884 - INFO - Completed: 12334 / To go: 1
2025-11-05 04:15:24,884 - INFO - Records in product_list: 12334
2025-11-05 04:15:27,171 - INFO - Completed: 12334 / To go: 1
2025-11-05 04:15:27,171 - INFO - Records in product_list: 12334
2025-11-05 04:15:29,459 - INFO - Completed: 12334 / To go: 1
2025-11-05 04:15:29,459 - INFO - Records in product_list: 12334
2025-11-05 04:15:31,818 - INFO - Completed: 12334 / To go: 1
2025-11-05 04:15:31,819 - INFO - Records in product_list: 12334
2025-11-05 04:15:34,105 - INFO - Completed: 12334 / To go: 1
2025-11-05 04:15:34,106 - INFO - Records in product_list: 12334
2025-11-05 04:15:36,400 - INFO - Completed: 12334 / To go: 1
2025-11-05 04:15:36,400 - INFO - Records in product_list: 12334
2025-11-05 04:15:39,021 - INFO - Completed: 12334 / To go: 1
2025-11-05 04:15:39,021 - INFO - Records in product_list: 12334
2025-11-05 04:15:41,317 - INFO - Completed: 12334 / To go: 1
2025-11-05 04:15:41,317 - INFO - Records in product_list: 12334
2025-11-05 04:15:43,609 - INFO - Completed: 12334 / To go: 1
2025-11-05 04:15:43,609 - INFO - Records in product_list: 12334
2025-11-05 04:15:45,898 - INFO - Completed: 12334 / To go: 1
2025-11-05 04:15:45,898 - INFO - Records in product_list: 12334
2025-11-05 04:15:48,186 - INFO - Completed: 12334 / To go: 1
2025-11-05 04:15:48,187 - INFO - Records in product_list: 12334
2025-11-05 04:15:50,514 - INFO - Completed: 12334 / To go: 1
2025-11-05 04:15:50,514 - INFO - Records in product_list: 12334
2025-11-05 04:15:52,884 - INFO - Completed: 12334 / To go: 1
2025-11-05 04:15:52,884 - INFO - Records in product_list: 12334
2025-11-05 04:15:55,164 - INFO - Completed: 12334 / To go: 1
2025-11-05 04:15:55,164 - INFO - Records in product_list: 12334
2025-11-05 04:15:57,482 - INFO - Completed: 12334 / To go: 1
2025-11-05 04:15:57,483 - INFO - Records in product_list: 12334
2025-11-05 04:15:59,807 - INFO - Completed: 12334 / To go: 1
2025-11-05 04:15:59,807 - INFO - Records in product_list: 12334
2025-11-05 04:16:02,160 - INFO - Completed: 12334 / To go: 1
2025-11-05 04:16:02,160 - INFO - Records in product_list: 12334
2025-11-05 04:16:04,433 - INFO - Completed: 12334 / To go: 1
2025-11-05 04:16:04,433 - INFO - Records in product_list: 12334
2025-11-05 04:16:06,719 - INFO - Completed: 12334 / To go: 1
2025-11-05 04:16:06,719 - INFO - Records in product_list: 12334
2025-11-05 04:16:09,022 - INFO - Completed: 12334 / To go: 1
2025-11-05 04:16:09,022 - INFO - Records in product_list: 12334
2025-11-05 04:16:11,331 - INFO - Completed: 12334 / To go: 1
2025-11-05 04:16:11,331 - INFO - Records in product_list: 12334
2025-11-05 04:16:13,680 - INFO - Completed: 12334 / To go: 1
2025-11-05 04:16:13,680 - INFO - Records in product_list: 12334
2025-11-05 04:16:15,968 - INFO - Completed: 12334 / To go: 1
2025-11-05 04:16:15,968 - INFO - Records in product_list: 12334
2025-11-05 04:16:18,263 - INFO - Completed: 12334 / To go: 1
2025-11-05 04:16:18,263 - INFO - Records in product_list: 12334
2025-11-05 04:16:20,542 - INFO - Completed: 12334 / To go: 1
2025-11-05 04:16:20,542 - INFO - Records in product_list: 12334
2025-11-05 04:16:22,864 - INFO - Completed: 12334 / To go: 1
2025-11-05 04:16:22,864 - INFO - Records in product_list: 12334
2025-11-05 04:16:25,153 - INFO - Completed: 12334 / To go: 1
2025-11-05 04:16:25,153 - INFO - Records in product_list: 12334
2025-11-05 04:16:27,452 - INFO - Completed: 12334 / To go: 1
2025-11-05 04:16:27,452 - INFO - Records in product_list: 12334
2025-11-05 04:16:29,805 - INFO - Completed: 12334 / To go: 1
2025-11-05 04:16:29,805 - INFO - Records in product_list: 12334
2025-11-05 04:16:32,091 - INFO - Completed: 12334 / To go: 1
2025-11-05 04:16:32,091 - INFO - Records in product_list: 12334
2025-11-05 04:16:34,377 - INFO - Completed: 12334 / To go: 1
2025-11-05 04:16:34,377 - INFO - Records in product_list: 12334
2025-11-05 04:16:36,671 - INFO - Completed: 12334 / To go: 1
2025-11-05 04:16:36,671 - INFO - Records in product_list: 12334
2025-11-05 04:16:39,008 - INFO - Completed: 12334 / To go: 1
2025-11-05 04:16:39,008 - INFO - Records in product_list: 12334
2025-11-05 04:16:41,283 - INFO - Completed: 12334 / To go: 1
2025-11-05 04:16:41,283 - INFO - Records in product_list: 12334
2025-11-05 04:16:43,558 - INFO - Completed: 12334 / To go: 1
2025-11-05 04:16:43,558 - INFO - Records in product_list: 12334
2025-11-05 04:16:45,862 - INFO - Completed: 12334 / To go: 1
2025-11-05 04:16:45,862 - INFO - Records in product_list: 12334
2025-11-05 04:16:48,163 - INFO - Completed: 12334 / To go: 1
2025-11-05 04:16:48,163 - INFO - Records in product_list: 12334
2025-11-05 04:16:50,532 - INFO - Completed: 12334 / To go: 1
2025-11-05 04:16:50,533 - INFO - Records in product_list: 12334
2025-11-05 04:16:52,829 - INFO - Completed: 12334 / To go: 1
2025-11-05 04:16:52,830 - INFO - Records in product_list: 12334
2025-11-05 04:16:55,134 - INFO - Completed: 12334 / To go: 1
2025-11-05 04:16:55,134 - INFO - Records in product_list: 12334
2025-11-05 04:16:57,426 - INFO - Completed: 12334 / To go: 1
2025-11-05 04:16:57,426 - INFO - Records in product_list: 12334
2025-11-05 04:16:59,729 - INFO - Completed: 12334 / To go: 1
2025-11-05 04:16:59,729 - INFO - Records in product_list: 12334
2025-11-05 04:17:02,300 - INFO - Completed: 12334 / To go: 1
2025-11-05 04:17:02,300 - INFO - Records in product_list: 12334
2025-11-05 04:17:04,665 - INFO - Completed: 12334 / To go: 1
2025-11-05 04:17:04,666 - INFO - Records in product_list: 12334
2025-11-05 04:17:06,958 - INFO - Completed: 12334 / To go: 1
2025-11-05 04:17:06,958 - INFO - Records in product_list: 12334
2025-11-05 04:17:09,239 - INFO - Completed: 12334 / To go: 1
2025-11-05 04:17:09,239 - INFO - Records in product_list: 12334
2025-11-05 04:17:11,519 - INFO - Completed: 12334 / To go: 1
2025-11-05 04:17:11,519 - INFO - Records in product_list: 12334
2025-11-05 04:17:13,819 - INFO - Completed: 12334 / To go: 1
2025-11-05 04:17:13,819 - INFO - Records in product_list: 12334
2025-11-05 04:17:16,105 - INFO - Completed: 12334 / To go: 1
2025-11-05 04:17:16,105 - INFO - Records in product_list: 12334
2025-11-05 04:17:18,383 - INFO - Completed: 12334 / To go: 1
2025-11-05 04:17:18,383 - INFO - Records in product_list: 12334
2025-11-05 04:17:20,749 - INFO - Completed: 12334 / To go: 1
2025-11-05 04:17:20,749 - INFO - Records in product_list: 12334
2025-11-05 04:17:23,058 - INFO - Completed: 12334 / To go: 1
2025-11-05 04:17:23,058 - INFO - Records in product_list: 12334
2025-11-05 04:17:25,338 - INFO - Completed: 12334 / To go: 1
2025-11-05 04:17:25,338 - INFO - Records in product_list: 12334
2025-11-05 04:17:27,622 - INFO - Completed: 12334 / To go: 1
2025-11-05 04:17:27,623 - INFO - Records in product_list: 12334
2025-11-05 04:17:29,912 - INFO - Completed: 12334 / To go: 1
2025-11-05 04:17:29,912 - INFO - Records in product_list: 12334
2025-11-05 04:17:32,214 - INFO - Completed: 12334 / To go: 1
2025-11-05 04:17:32,214 - INFO - Records in product_list: 12334
2025-11-05 04:17:34,495 - INFO - Completed: 12334 / To go: 1
2025-11-05 04:17:34,495 - INFO - Records in product_list: 12334
2025-11-05 04:17:36,783 - INFO - Completed: 12334 / To go: 1
2025-11-05 04:17:36,784 - INFO - Records in product_list: 12334
2025-11-05 04:17:39,088 - INFO - Completed: 12334 / To go: 1
2025-11-05 04:17:39,088 - INFO - Records in product_list: 12334
2025-11-05 04:17:41,434 - INFO - Completed: 12334 / To go: 1
2025-11-05 04:17:41,434 - INFO - Records in product_list: 12334
2025-11-05 04:17:43,713 - INFO - Completed: 12334 / To go: 1
2025-11-05 04:17:43,714 - INFO - Records in product_list: 12334
2025-11-05 04:17:45,998 - INFO - Completed: 12334 / To go: 1
2025-11-05 04:17:45,998 - INFO - Records in product_list: 12334
2025-11-05 04:17:48,290 - INFO - Completed: 12334 / To go: 1
2025-11-05 04:17:48,290 - INFO - Records in product_list: 12334
2025-11-05 04:17:50,583 - INFO - Completed: 12334 / To go: 1
2025-11-05 04:17:50,583 - INFO - Records in product_list: 12334
2025-11-05 04:17:52,945 - INFO - Completed: 12334 / To go: 1
2025-11-05 04:17:52,945 - INFO - Records in product_list: 12334
2025-11-05 04:17:55,233 - INFO - Completed: 12334 / To go: 1
2025-11-05 04:17:55,233 - INFO - Records in product_list: 12334
2025-11-05 04:17:57,527 - INFO - Completed: 12334 / To go: 1
2025-11-05 04:17:57,527 - INFO - Records in product_list: 12334
2025-11-05 04:17:59,832 - INFO - Completed: 12334 / To go: 1
2025-11-05 04:17:59,832 - INFO - Records in product_list: 12334
2025-11-05 04:18:02,116 - INFO - Completed: 12334 / To go: 1
2025-11-05 04:18:02,116 - INFO - Records in product_list: 12334
2025-11-05 04:18:04,398 - INFO - Completed: 12334 / To go: 1
2025-11-05 04:18:04,398 - INFO - Records in product_list: 12334
2025-11-05 04:18:06,708 - INFO - Completed: 12334 / To go: 1
2025-11-05 04:18:06,708 - INFO - Records in product_list: 12334
2025-11-05 04:18:09,013 - INFO - Completed: 12334 / To go: 1
2025-11-05 04:18:09,013 - INFO - Records in product_list: 12334
2025-11-05 04:18:11,293 - INFO - Completed: 12334 / To go: 1
2025-11-05 04:18:11,293 - INFO - Records in product_list: 12334
2025-11-05 04:18:13,572 - INFO - Completed: 12334 / To go: 1
2025-11-05 04:18:13,572 - INFO - Records in product_list: 12334
2025-11-05 04:18:15,863 - INFO - Completed: 12334 / To go: 1
2025-11-05 04:18:15,863 - INFO - Records in product_list: 12334
2025-11-05 04:18:18,162 - INFO - Completed: 12334 / To go: 1
2025-11-05 04:18:18,162 - INFO - Records in product_list: 12334
2025-11-05 04:18:20,447 - INFO - Completed: 12334 / To go: 1
2025-11-05 04:18:20,448 - INFO - Records in product_list: 12334
2025-11-05 04:18:22,738 - INFO - Completed: 12334 / To go: 1
2025-11-05 04:18:22,738 - INFO - Records in product_list: 12334
2025-11-05 04:18:25,058 - INFO - Completed: 12334 / To go: 1
2025-11-05 04:18:25,058 - INFO - Records in product_list: 12334
2025-11-05 04:18:27,362 - INFO - Completed: 12334 / To go: 1
2025-11-05 04:18:27,362 - INFO - Records in product_list: 12334
2025-11-05 04:18:29,641 - INFO - Completed: 12334 / To go: 1
2025-11-05 04:18:29,641 - INFO - Records in product_list: 12334
2025-11-05 04:18:32,010 - INFO - Completed: 12334 / To go: 1
2025-11-05 04:18:32,010 - INFO - Records in product_list: 12334
2025-11-05 04:18:34,301 - INFO - Completed: 12334 / To go: 1
2025-11-05 04:18:34,301 - INFO - Records in product_list: 12334
2025-11-05 04:18:36,609 - INFO - Completed: 12334 / To go: 1
2025-11-05 04:18:36,609 - INFO - Records in product_list: 12334
2025-11-05 04:18:38,985 - INFO - Completed: 12334 / To go: 1
2025-11-05 04:18:38,985 - INFO - Records in product_list: 12334
2025-11-05 04:18:41,273 - INFO - Completed: 12334 / To go: 1
2025-11-05 04:18:41,273 - INFO - Records in product_list: 12334
2025-11-05 04:18:43,557 - INFO - Completed: 12334 / To go: 1
2025-11-05 04:18:43,557 - INFO - Records in product_list: 12334
2025-11-05 04:18:45,864 - INFO - Completed: 12334 / To go: 1
2025-11-05 04:18:45,864 - INFO - Records in product_list: 12334
2025-11-05 04:18:48,149 - INFO - Completed: 12334 / To go: 1
2025-11-05 04:18:48,150 - INFO - Records in product_list: 12334
2025-11-05 04:18:50,536 - INFO - Completed: 12334 / To go: 1
2025-11-05 04:18:50,536 - INFO - Records in product_list: 12334
2025-11-05 04:18:52,830 - INFO - Completed: 12334 / To go: 1
2025-11-05 04:18:52,830 - INFO - Records in product_list: 12334
2025-11-05 04:18:55,220 - INFO - Completed: 12334 / To go: 1
2025-11-05 04:18:55,220 - INFO - Records in product_list: 12334
2025-11-05 04:18:57,504 - INFO - Completed: 12334 / To go: 1
2025-11-05 04:18:57,504 - INFO - Records in product_list: 12334
2025-11-05 04:18:59,793 - INFO - Completed: 12334 / To go: 1
2025-11-05 04:18:59,793 - INFO - Records in product_list: 12334
2025-11-05 04:19:02,130 - INFO - Completed: 12334 / To go: 1
2025-11-05 04:19:02,130 - INFO - Records in product_list: 12334
2025-11-05 04:19:04,532 - INFO - Completed: 12334 / To go: 1
2025-11-05 04:19:04,532 - INFO - Records in product_list: 12334
2025-11-05 04:19:06,818 - INFO - Completed: 12334 / To go: 1
2025-11-05 04:19:06,818 - INFO - Records in product_list: 12334
2025-11-05 04:19:09,102 - INFO - Completed: 12334 / To go: 1
2025-11-05 04:19:09,102 - INFO - Records in product_list: 12334
2025-11-05 04:19:11,390 - INFO - Completed: 12334 / To go: 1
2025-11-05 04:19:11,390 - INFO - Records in product_list: 12334
2025-11-05 04:19:13,692 - INFO - Completed: 12334 / To go: 1
2025-11-05 04:19:13,693 - INFO - Records in product_list: 12334
2025-11-05 04:19:15,976 - INFO - Completed: 12334 / To go: 1
2025-11-05 04:19:15,976 - INFO - Records in product_list: 12334
2025-11-05 04:19:18,252 - INFO - Completed: 12334 / To go: 1
2025-11-05 04:19:18,252 - INFO - Records in product_list: 12334
2025-11-05 04:19:20,535 - INFO - Completed: 12334 / To go: 1
2025-11-05 04:19:20,535 - INFO - Records in product_list: 12334
2025-11-05 04:19:22,841 - INFO - Completed: 12334 / To go: 1
2025-11-05 04:19:22,841 - INFO - Records in product_list: 12334
2025-11-05 04:19:25,138 - INFO - Completed: 12334 / To go: 1
2025-11-05 04:19:25,139 - INFO - Records in product_list: 12334
2025-11-05 04:19:27,435 - INFO - Completed: 12334 / To go: 1
2025-11-05 04:19:27,435 - INFO - Records in product_list: 12334
2025-11-05 04:19:29,722 - INFO - Completed: 12334 / To go: 1
2025-11-05 04:19:29,722 - INFO - Records in product_list: 12334
2025-11-05 04:19:32,043 - INFO - Completed: 12334 / To go: 1
2025-11-05 04:19:32,044 - INFO - Records in product_list: 12334
2025-11-05 04:19:34,325 - INFO - Completed: 12334 / To go: 1
2025-11-05 04:19:34,325 - INFO - Records in product_list: 12334
2025-11-05 04:19:36,620 - INFO - Completed: 12334 / To go: 1
2025-11-05 04:19:36,620 - INFO - Records in product_list: 12334
2025-11-05 04:19:39,176 - INFO - Completed: 12334 / To go: 1
2025-11-05 04:19:39,176 - INFO - Records in product_list: 12334
2025-11-05 04:19:41,477 - INFO - Completed: 12334 / To go: 1
2025-11-05 04:19:41,477 - INFO - Records in product_list: 12334
2025-11-05 04:19:43,845 - INFO - Completed: 12334 / To go: 1
2025-11-05 04:19:43,845 - INFO - Records in product_list: 12334
2025-11-05 04:19:46,144 - INFO - Completed: 12334 / To go: 1
2025-11-05 04:19:46,144 - INFO - Records in product_list: 12334
2025-11-05 04:19:48,455 - INFO - Completed: 12334 / To go: 1
2025-11-05 04:19:48,455 - INFO - Records in product_list: 12334
2025-11-05 04:19:50,822 - INFO - Completed: 12334 / To go: 1
2025-11-05 04:19:50,822 - INFO - Records in product_list: 12334
2025-11-05 04:19:53,115 - INFO - Completed: 12334 / To go: 1
2025-11-05 04:19:53,115 - INFO - Records in product_list: 12334
2025-11-05 04:19:55,404 - INFO - Completed: 12334 / To go: 1
2025-11-05 04:19:55,404 - INFO - Records in product_list: 12334
2025-11-05 04:19:57,692 - INFO - Completed: 12334 / To go: 1
2025-11-05 04:19:57,692 - INFO - Records in product_list: 12334
2025-11-05 04:19:59,997 - INFO - Completed: 12334 / To go: 1
2025-11-05 04:19:59,998 - INFO - Records in product_list: 12334
2025-11-05 04:20:02,280 - INFO - Completed: 12334 / To go: 1
2025-11-05 04:20:02,280 - INFO - Records in product_list: 12334
2025-11-05 04:20:04,575 - INFO - Completed: 12334 / To go: 1
2025-11-05 04:20:04,575 - INFO - Records in product_list: 12334
2025-11-05 04:20:06,871 - INFO - Completed: 12334 / To go: 1
2025-11-05 04:20:06,871 - INFO - Records in product_list: 12334
2025-11-05 04:20:09,180 - INFO - Completed: 12334 / To go: 1
2025-11-05 04:20:09,180 - INFO - Records in product_list: 12334
2025-11-05 04:20:11,471 - INFO - Completed: 12334 / To go: 1
2025-11-05 04:20:11,471 - INFO - Records in product_list: 12334
2025-11-05 04:20:13,761 - INFO - Completed: 12334 / To go: 1
2025-11-05 04:20:13,761 - INFO - Records in product_list: 12334
2025-11-05 04:20:16,040 - INFO - Completed: 12334 / To go: 1
2025-11-05 04:20:16,040 - INFO - Records in product_list: 12334
2025-11-05 04:20:18,340 - INFO - Completed: 12334 / To go: 1
2025-11-05 04:20:18,340 - INFO - Records in product_list: 12334
2025-11-05 04:20:21,755 - INFO - Completed: 12334 / To go: 1
2025-11-05 04:20:21,756 - INFO - Records in product_list: 12334
2025-11-05 04:20:24,137 - INFO - Completed: 12334 / To go: 1
2025-11-05 04:20:24,137 - INFO - Records in product_list: 12334
2025-11-05 04:20:26,423 - INFO - Completed: 12334 / To go: 1
2025-11-05 04:20:26,423 - INFO - Records in product_list: 12334
2025-11-05 04:20:28,720 - INFO - Completed: 12334 / To go: 1
2025-11-05 04:20:28,720 - INFO - Records in product_list: 12334
2025-11-05 04:20:31,101 - INFO - Completed: 12334 / To go: 1
2025-11-05 04:20:31,101 - INFO - Records in product_list: 12334
2025-11-05 04:20:33,612 - INFO - Completed: 12334 / To go: 1
2025-11-05 04:20:33,612 - INFO - Records in product_list: 12334
2025-11-05 04:20:35,900 - INFO - Completed: 12334 / To go: 1
2025-11-05 04:20:35,900 - INFO - Records in product_list: 12334
2025-11-05 04:20:38,192 - INFO - Completed: 12334 / To go: 1
2025-11-05 04:20:38,193 - INFO - Records in product_list: 12334
2025-11-05 04:20:40,482 - INFO - Completed: 12334 / To go: 1
2025-11-05 04:20:40,482 - INFO - Records in product_list: 12334
2025-11-05 04:20:42,764 - INFO - Completed: 12334 / To go: 1
2025-11-05 04:20:42,764 - INFO - Records in product_list: 12334
2025-11-05 04:20:45,047 - INFO - Completed: 12334 / To go: 1
2025-11-05 04:20:45,048 - INFO - Records in product_list: 12334
2025-11-05 04:20:47,337 - INFO - Completed: 12334 / To go: 1
2025-11-05 04:20:47,338 - INFO - Records in product_list: 12334
2025-11-05 04:20:49,632 - INFO - Completed: 12334 / To go: 1
2025-11-05 04:20:49,632 - INFO - Records in product_list: 12334
2025-11-05 04:20:51,917 - INFO - Completed: 12334 / To go: 1
2025-11-05 04:20:51,917 - INFO - Records in product_list: 12334
2025-11-05 04:20:54,205 - INFO - Completed: 12334 / To go: 1
2025-11-05 04:20:54,205 - INFO - Records in product_list: 12334
2025-11-05 04:20:56,507 - INFO - Completed: 12334 / To go: 1
2025-11-05 04:20:56,508 - INFO - Records in product_list: 12334
2025-11-05 04:20:58,786 - INFO - Completed: 12334 / To go: 1
2025-11-05 04:20:58,786 - INFO - Records in product_list: 12334
2025-11-05 04:21:01,064 - INFO - Completed: 12334 / To go: 1
2025-11-05 04:21:01,064 - INFO - Records in product_list: 12334
2025-11-05 04:21:03,342 - INFO - Completed: 12334 / To go: 1
2025-11-05 04:21:03,342 - INFO - Records in product_list: 12334
2025-11-05 04:21:05,649 - INFO - Completed: 12334 / To go: 1
2025-11-05 04:21:05,649 - INFO - Records in product_list: 12334
2025-11-05 04:21:08,139 - INFO - Completed: 12334 / To go: 1
2025-11-05 04:21:08,139 - INFO - Records in product_list: 12334
2025-11-05 04:21:10,436 - INFO - Completed: 12334 / To go: 1
2025-11-05 04:21:10,436 - INFO - Records in product_list: 12334
2025-11-05 04:21:12,728 - INFO - Completed: 12334 / To go: 1
2025-11-05 04:21:12,728 - INFO - Records in product_list: 12334
2025-11-05 04:21:15,037 - INFO - Completed: 12334 / To go: 1
2025-11-05 04:21:15,038 - INFO - Records in product_list: 12334
2025-11-05 04:21:17,329 - INFO - Completed: 12334 / To go: 1
2025-11-05 04:21:17,329 - INFO - Records in product_list: 12334
2025-11-05 04:21:19,994 - INFO - Completed: 12334 / To go: 1
2025-11-05 04:21:19,994 - INFO - Records in product_list: 12334
2025-11-05 04:21:22,292 - INFO - Completed: 12334 / To go: 1
2025-11-05 04:21:22,292 - INFO - Records in product_list: 12334
2025-11-05 04:21:24,588 - INFO - Completed: 12334 / To go: 1
2025-11-05 04:21:24,588 - INFO - Records in product_list: 12334
2025-11-05 04:21:26,884 - INFO - Completed: 12334 / To go: 1
2025-11-05 04:21:26,884 - INFO - Records in product_list: 12334
2025-11-05 04:21:29,252 - INFO - Completed: 12334 / To go: 1
2025-11-05 04:21:29,252 - INFO - Records in product_list: 12334
2025-11-05 04:21:31,534 - INFO - Completed: 12334 / To go: 1
2025-11-05 04:21:31,534 - INFO - Records in product_list: 12334
2025-11-05 04:21:33,887 - INFO - Completed: 12334 / To go: 1
2025-11-05 04:21:33,887 - INFO - Records in product_list: 12334
2025-11-05 04:21:36,169 - INFO - Completed: 12334 / To go: 1
2025-11-05 04:21:36,169 - INFO - Records in product_list: 12334
2025-11-05 04:21:38,447 - INFO - Completed: 12334 / To go: 1
2025-11-05 04:21:38,447 - INFO - Records in product_list: 12334
2025-11-05 04:21:40,728 - INFO - Completed: 12334 / To go: 1
2025-11-05 04:21:40,728 - INFO - Records in product_list: 12334
2025-11-05 04:21:43,021 - INFO - Completed: 12334 / To go: 1
2025-11-05 04:21:43,021 - INFO - Records in product_list: 12334
2025-11-05 04:21:45,408 - INFO - Completed: 12334 / To go: 1
2025-11-05 04:21:45,408 - INFO - Records in product_list: 12334
2025-11-05 04:21:47,753 - INFO - Completed: 12334 / To go: 1
2025-11-05 04:21:47,753 - INFO - Records in product_list: 12334
2025-11-05 04:21:50,056 - INFO - Completed: 12334 / To go: 1
2025-11-05 04:21:50,056 - INFO - Records in product_list: 12334
2025-11-05 04:21:52,426 - INFO - Completed: 12334 / To go: 1
2025-11-05 04:21:52,426 - INFO - Records in product_list: 12334
2025-11-05 04:21:54,717 - INFO - Completed: 12334 / To go: 1
2025-11-05 04:21:54,717 - INFO - Records in product_list: 12334
2025-11-05 04:21:57,011 - INFO - Completed: 12334 / To go: 1
2025-11-05 04:21:57,011 - INFO - Records in product_list: 12334
2025-11-05 04:21:59,301 - INFO - Completed: 12334 / To go: 1
2025-11-05 04:21:59,301 - INFO - Records in product_list: 12334
2025-11-05 04:22:01,599 - INFO - Completed: 12334 / To go: 1
2025-11-05 04:22:01,599 - INFO - Records in product_list: 12334
2025-11-05 04:22:03,885 - INFO - Completed: 12334 / To go: 1
2025-11-05 04:22:03,885 - INFO - Records in product_list: 12334
2025-11-05 04:22:06,186 - INFO - Completed: 12334 / To go: 1
2025-11-05 04:22:06,186 - INFO - Records in product_list: 12334
2025-11-05 04:22:08,600 - INFO - Completed: 12334 / To go: 1
2025-11-05 04:22:08,600 - INFO - Records in product_list: 12334
2025-11-05 04:22:10,925 - INFO - Completed: 12334 / To go: 1
2025-11-05 04:22:10,925 - INFO - Records in product_list: 12334
2025-11-05 04:22:13,426 - INFO - Completed: 12334 / To go: 1
2025-11-05 04:22:13,426 - INFO - Records in product_list: 12334
2025-11-05 04:22:15,713 - INFO - Completed: 12334 / To go: 1
2025-11-05 04:22:15,713 - INFO - Records in product_list: 12334
2025-11-05 04:22:18,126 - INFO - Completed: 12334 / To go: 1
2025-11-05 04:22:18,127 - INFO - Records in product_list: 12334
2025-11-05 04:22:20,429 - INFO - Completed: 12334 / To go: 1
2025-11-05 04:22:20,429 - INFO - Records in product_list: 12334
2025-11-05 04:22:22,721 - INFO - Completed: 12334 / To go: 1
2025-11-05 04:22:22,721 - INFO - Records in product_list: 12334
2025-11-05 04:22:25,007 - INFO - Completed: 12334 / To go: 1
2025-11-05 04:22:25,007 - INFO - Records in product_list: 12334
2025-11-05 04:22:27,305 - INFO - Completed: 12334 / To go: 1
2025-11-05 04:22:27,305 - INFO - Records in product_list: 12334
2025-11-05 04:22:29,721 - INFO - Completed: 12334 / To go: 1
2025-11-05 04:22:29,721 - INFO - Records in product_list: 12334
2025-11-05 04:22:32,010 - INFO - Completed: 12334 / To go: 1
2025-11-05 04:22:32,010 - INFO - Records in product_list: 12334
2025-11-05 04:22:34,786 - INFO - Completed: 12334 / To go: 1
2025-11-05 04:22:34,786 - INFO - Records in product_list: 12334
2025-11-05 04:22:37,178 - INFO - Completed: 12334 / To go: 1
2025-11-05 04:22:37,178 - INFO - Records in product_list: 12334
2025-11-05 04:22:39,480 - INFO - Completed: 12334 / To go: 1
2025-11-05 04:22:39,480 - INFO - Records in product_list: 12334
2025-11-05 04:22:41,766 - INFO - Completed: 12334 / To go: 1
2025-11-05 04:22:41,766 - INFO - Records in product_list: 12334
2025-11-05 04:22:44,217 - INFO - Completed: 12334 / To go: 1
2025-11-05 04:22:44,218 - INFO - Records in product_list: 12334
2025-11-05 04:22:46,522 - INFO - Completed: 12334 / To go: 1
2025-11-05 04:22:46,522 - INFO - Records in product_list: 12334
2025-11-05 04:22:48,820 - INFO - Completed: 12334 / To go: 1
2025-11-05 04:22:48,820 - INFO - Records in product_list: 12334
2025-11-05 04:22:51,116 - INFO - Completed: 12334 / To go: 1
2025-11-05 04:22:51,116 - INFO - Records in product_list: 12334
2025-11-05 04:22:53,571 - INFO - Completed: 12334 / To go: 1
2025-11-05 04:22:53,571 - INFO - Records in product_list: 12334
2025-11-05 04:22:55,903 - INFO - Completed: 12334 / To go: 1
2025-11-05 04:22:55,904 - INFO - Records in product_list: 12334
2025-11-05 04:22:58,225 - INFO - Completed: 12334 / To go: 1
2025-11-05 04:22:58,225 - INFO - Records in product_list: 12334
2025-11-05 04:23:00,558 - INFO - Completed: 12334 / To go: 1
2025-11-05 04:23:00,558 - INFO - Records in product_list: 12334
2025-11-05 04:23:02,919 - INFO - Completed: 12334 / To go: 1
2025-11-05 04:23:02,919 - INFO - Records in product_list: 12334
2025-11-05 04:23:05,210 - INFO - Completed: 12334 / To go: 1
2025-11-05 04:23:05,210 - INFO - Records in product_list: 12334
2025-11-05 04:23:07,523 - INFO - Completed: 12334 / To go: 1
2025-11-05 04:23:07,523 - INFO - Records in product_list: 12334
2025-11-05 04:23:09,810 - INFO - Completed: 12334 / To go: 1
2025-11-05 04:23:09,810 - INFO - Records in product_list: 12334
2025-11-05 04:23:12,107 - INFO - Completed: 12334 / To go: 1
2025-11-05 04:23:12,107 - INFO - Records in product_list: 12334
2025-11-05 04:23:14,488 - INFO - Completed: 12334 / To go: 1
2025-11-05 04:23:14,488 - INFO - Records in product_list: 12334
2025-11-05 04:23:16,795 - INFO - Completed: 12334 / To go: 1
2025-11-05 04:23:16,795 - INFO - Records in product_list: 12334
2025-11-05 04:23:19,084 - INFO - Completed: 12334 / To go: 1
2025-11-05 04:23:19,084 - INFO - Records in product_list: 12334
2025-11-05 04:23:21,386 - INFO - Completed: 12334 / To go: 1
2025-11-05 04:23:21,386 - INFO - Records in product_list: 12334
2025-11-05 04:23:23,674 - INFO - Completed: 12334 / To go: 1
2025-11-05 04:23:23,674 - INFO - Records in product_list: 12334
2025-11-05 04:23:25,980 - INFO - Completed: 12334 / To go: 1
2025-11-05 04:23:25,980 - INFO - Records in product_list: 12334
2025-11-05 04:23:28,277 - INFO - Completed: 12334 / To go: 1
2025-11-05 04:23:28,277 - INFO - Records in product_list: 12334
2025-11-05 04:23:30,566 - INFO - Completed: 12334 / To go: 1
2025-11-05 04:23:30,566 - INFO - Records in product_list: 12334
2025-11-05 04:23:33,457 - INFO - Completed: 12334 / To go: 1
2025-11-05 04:23:33,457 - INFO - Records in product_list: 12334
2025-11-05 04:23:35,785 - INFO - Completed: 12334 / To go: 1
2025-11-05 04:23:35,785 - INFO - Records in product_list: 12334
2025-11-05 04:23:38,070 - INFO - Completed: 12334 / To go: 1
2025-11-05 04:23:38,070 - INFO - Records in product_list: 12334
2025-11-05 04:23:40,382 - INFO - Completed: 12334 / To go: 1
2025-11-05 04:23:40,382 - INFO - Records in product_list: 12334
2025-11-05 04:23:42,678 - INFO - Completed: 12334 / To go: 1
2025-11-05 04:23:42,678 - INFO - Records in product_list: 12334
2025-11-05 04:23:45,012 - INFO - Completed: 12334 / To go: 1
2025-11-05 04:23:45,012 - INFO - Records in product_list: 12334
2025-11-05 04:23:47,345 - INFO - Completed: 12334 / To go: 1
2025-11-05 04:23:47,345 - INFO - Records in product_list: 12334
2025-11-05 04:23:49,645 - INFO - Completed: 12334 / To go: 1
2025-11-05 04:23:49,645 - INFO - Records in product_list: 12334
2025-11-05 04:23:51,956 - INFO - Completed: 12334 / To go: 1
2025-11-05 04:23:51,956 - INFO - Records in product_list: 12334
2025-11-05 04:23:54,251 - INFO - Completed: 12334 / To go: 1
2025-11-05 04:23:54,252 - INFO - Records in product_list: 12334
2025-11-05 04:23:56,642 - INFO - Completed: 12334 / To go: 1
2025-11-05 04:23:56,642 - INFO - Records in product_list: 12334
2025-11-05 04:23:59,083 - INFO - Completed: 12334 / To go: 1
2025-11-05 04:23:59,084 - INFO - Records in product_list: 12334
2025-11-05 04:24:01,380 - INFO - Completed: 12334 / To go: 1
2025-11-05 04:24:01,381 - INFO - Records in product_list: 12334
2025-11-05 04:24:03,687 - INFO - Completed: 12334 / To go: 1
2025-11-05 04:24:03,687 - INFO - Records in product_list: 12334
2025-11-05 04:24:05,985 - INFO - Completed: 12334 / To go: 1
2025-11-05 04:24:05,985 - INFO - Records in product_list: 12334
2025-11-05 04:24:08,291 - INFO - Completed: 12334 / To go: 1
2025-11-05 04:24:08,292 - INFO - Records in product_list: 12334
2025-11-05 04:24:10,604 - INFO - Completed: 12334 / To go: 1
2025-11-05 04:24:10,604 - INFO - Records in product_list: 12334
2025-11-05 04:24:12,903 - INFO - Completed: 12334 / To go: 1
2025-11-05 04:24:12,903 - INFO - Records in product_list: 12334
2025-11-05 04:24:15,198 - INFO - Completed: 12334 / To go: 1
2025-11-05 04:24:15,198 - INFO - Records in product_list: 12334
2025-11-05 04:24:17,696 - INFO - Completed: 12334 / To go: 1
2025-11-05 04:24:17,696 - INFO - Records in product_list: 12334
2025-11-05 04:24:19,990 - INFO - Completed: 12334 / To go: 1
2025-11-05 04:24:19,990 - INFO - Records in product_list: 12334
2025-11-05 04:24:22,286 - INFO - Completed: 12334 / To go: 1
2025-11-05 04:24:22,286 - INFO - Records in product_list: 12334
2025-11-05 04:24:24,590 - INFO - Completed: 12334 / To go: 1
2025-11-05 04:24:24,590 - INFO - Records in product_list: 12334
2025-11-05 04:24:26,883 - INFO - Completed: 12334 / To go: 1
2025-11-05 04:24:26,883 - INFO - Records in product_list: 12334
2025-11-05 04:24:29,212 - INFO - Completed: 12334 / To go: 1
2025-11-05 04:24:29,212 - INFO - Records in product_list: 12334
2025-11-05 04:24:31,522 - INFO - Completed: 12334 / To go: 1
2025-11-05 04:24:31,522 - INFO - Records in product_list: 12334
2025-11-05 04:24:33,813 - INFO - Completed: 12334 / To go: 1
2025-11-05 04:24:33,813 - INFO - Records in product_list: 12334
2025-11-05 04:24:36,108 - INFO - Completed: 12334 / To go: 1
2025-11-05 04:24:36,108 - INFO - Records in product_list: 12334
2025-11-05 04:24:38,414 - INFO - Completed: 12334 / To go: 1
2025-11-05 04:24:38,414 - INFO - Records in product_list: 12334
2025-11-05 04:24:40,718 - INFO - Completed: 12334 / To go: 1
2025-11-05 04:24:40,718 - INFO - Records in product_list: 12334
2025-11-05 04:24:43,024 - INFO - Completed: 12334 / To go: 1
2025-11-05 04:24:43,024 - INFO - Records in product_list: 12334
2025-11-05 04:24:45,419 - INFO - Completed: 12334 / To go: 1
2025-11-05 04:24:45,419 - INFO - Records in product_list: 12334
2025-11-05 04:24:47,721 - INFO - Completed: 12334 / To go: 1
2025-11-05 04:24:47,721 - INFO - Records in product_list: 12334
2025-11-05 04:24:50,195 - INFO - Completed: 12334 / To go: 1
2025-11-05 04:24:50,195 - INFO - Records in product_list: 12334
2025-11-05 04:24:52,501 - INFO - Completed: 12334 / To go: 1
2025-11-05 04:24:52,501 - INFO - Records in product_list: 12334
2025-11-05 04:24:54,787 - INFO - Completed: 12334 / To go: 1
2025-11-05 04:24:54,787 - INFO - Records in product_list: 12334
2025-11-05 04:24:57,078 - INFO - Completed: 12334 / To go: 1
2025-11-05 04:24:57,078 - INFO - Records in product_list: 12334
2025-11-05 04:24:59,390 - INFO - Completed: 12334 / To go: 1
2025-11-05 04:24:59,390 - INFO - Records in product_list: 12334
2025-11-05 04:25:01,688 - INFO - Completed: 12334 / To go: 1
2025-11-05 04:25:01,688 - INFO - Records in product_list: 12334
2025-11-05 04:25:04,085 - INFO - Completed: 12334 / To go: 1
2025-11-05 04:25:04,085 - INFO - Records in product_list: 12334
2025-11-05 04:25:06,370 - INFO - Completed: 12334 / To go: 1
2025-11-05 04:25:06,370 - INFO - Records in product_list: 12334
2025-11-05 04:25:08,676 - INFO - Completed: 12334 / To go: 1
2025-11-05 04:25:08,676 - INFO - Records in product_list: 12334
2025-11-05 04:25:11,110 - INFO - Completed: 12334 / To go: 1
2025-11-05 04:25:11,110 - INFO - Records in product_list: 12334
2025-11-05 04:25:13,405 - INFO - Completed: 12334 / To go: 1
2025-11-05 04:25:13,405 - INFO - Records in product_list: 12334
2025-11-05 04:25:15,709 - INFO - Completed: 12334 / To go: 1
2025-11-05 04:25:15,709 - INFO - Records in product_list: 12334
2025-11-05 04:25:18,014 - INFO - Completed: 12334 / To go: 1
2025-11-05 04:25:18,014 - INFO - Records in product_list: 12334
2025-11-05 04:25:20,311 - INFO - Completed: 12334 / To go: 1
2025-11-05 04:25:20,311 - INFO - Records in product_list: 12334
2025-11-05 04:25:22,612 - INFO - Completed: 12334 / To go: 1
2025-11-05 04:25:22,612 - INFO - Records in product_list: 12334
2025-11-05 04:25:24,903 - INFO - Completed: 12334 / To go: 1
2025-11-05 04:25:24,904 - INFO - Records in product_list: 12334
2025-11-05 04:25:27,275 - INFO - Completed: 12334 / To go: 1
2025-11-05 04:25:27,276 - INFO - Records in product_list: 12334
2025-11-05 04:25:29,574 - INFO - Completed: 12334 / To go: 1
2025-11-05 04:25:29,574 - INFO - Records in product_list: 12334
2025-11-05 04:25:32,054 - INFO - Completed: 12334 / To go: 1
2025-11-05 04:25:32,054 - INFO - Records in product_list: 12334
2025-11-05 04:25:34,439 - INFO - Completed: 12334 / To go: 1
2025-11-05 04:25:34,439 - INFO - Records in product_list: 12334
2025-11-05 04:25:36,855 - INFO - Completed: 12334 / To go: 1
2025-11-05 04:25:36,855 - INFO - Records in product_list: 12334
2025-11-05 04:25:39,138 - INFO - Completed: 12334 / To go: 1
2025-11-05 04:25:39,138 - INFO - Records in product_list: 12334
2025-11-05 04:25:41,433 - INFO - Completed: 12334 / To go: 1
2025-11-05 04:25:41,433 - INFO - Records in product_list: 12334
2025-11-05 04:25:43,847 - INFO - Completed: 12334 / To go: 1
2025-11-05 04:25:43,847 - INFO - Records in product_list: 12334
2025-11-05 04:25:46,151 - INFO - Completed: 12334 / To go: 1
2025-11-05 04:25:46,151 - INFO - Records in product_list: 12334
2025-11-05 04:25:48,451 - INFO - Completed: 12334 / To go: 1
2025-11-05 04:25:48,451 - INFO - Records in product_list: 12334
2025-11-05 04:25:50,735 - INFO - Completed: 12334 / To go: 1
2025-11-05 04:25:50,735 - INFO - Records in product_list: 12334
2025-11-05 04:25:53,150 - INFO - Completed: 12334 / To go: 1
2025-11-05 04:25:53,150 - INFO - Records in product_list: 12334
2025-11-05 04:25:55,438 - INFO - Completed: 12334 / To go: 1
2025-11-05 04:25:55,438 - INFO - Records in product_list: 12334
2025-11-05 04:25:57,733 - INFO - Completed: 12334 / To go: 1
2025-11-05 04:25:57,733 - INFO - Records in product_list: 12334
2025-11-05 04:26:00,024 - INFO - Completed: 12334 / To go: 1
2025-11-05 04:26:00,024 - INFO - Records in product_list: 12334
2025-11-05 04:26:02,407 - INFO - Completed: 12334 / To go: 1
2025-11-05 04:26:02,407 - INFO - Records in product_list: 12334
2025-11-05 04:26:04,716 - INFO - Completed: 12334 / To go: 1
2025-11-05 04:26:04,716 - INFO - Records in product_list: 12334
2025-11-05 04:26:07,014 - INFO - Completed: 12334 / To go: 1
2025-11-05 04:26:07,015 - INFO - Records in product_list: 12334
2025-11-05 04:26:09,321 - INFO - Completed: 12334 / To go: 1
2025-11-05 04:26:09,322 - INFO - Records in product_list: 12334
2025-11-05 04:26:11,622 - INFO - Completed: 12334 / To go: 1
2025-11-05 04:26:11,622 - INFO - Records in product_list: 12334
2025-11-05 04:26:13,928 - INFO - Completed: 12334 / To go: 1
2025-11-05 04:26:13,928 - INFO - Records in product_list: 12334
2025-11-05 04:26:16,231 - INFO - Completed: 12334 / To go: 1
2025-11-05 04:26:16,232 - INFO - Records in product_list: 12334
2025-11-05 04:26:18,521 - INFO - Completed: 12334 / To go: 1
2025-11-05 04:26:18,521 - INFO - Records in product_list: 12334
2025-11-05 04:26:20,835 - INFO - Completed: 12334 / To go: 1
2025-11-05 04:26:20,835 - INFO - Records in product_list: 12334
2025-11-05 04:26:23,137 - INFO - Completed: 12334 / To go: 1
2025-11-05 04:26:23,137 - INFO - Records in product_list: 12334
2025-11-05 04:26:25,426 - INFO - Completed: 12334 / To go: 1
2025-11-05 04:26:25,426 - INFO - Records in product_list: 12334
2025-11-05 04:26:27,821 - INFO - Completed: 12334 / To go: 1
2025-11-05 04:26:27,821 - INFO - Records in product_list: 12334
2025-11-05 04:26:30,122 - INFO - Completed: 12334 / To go: 1
2025-11-05 04:26:30,122 - INFO - Records in product_list: 12334
2025-11-05 04:26:32,431 - INFO - Completed: 12334 / To go: 1
2025-11-05 04:26:32,431 - INFO - Records in product_list: 12334
2025-11-05 04:26:34,718 - INFO - Completed: 12334 / To go: 1
2025-11-05 04:26:34,718 - INFO - Records in product_list: 12334
2025-11-05 04:26:37,013 - INFO - Completed: 12334 / To go: 1
2025-11-05 04:26:37,013 - INFO - Records in product_list: 12334
2025-11-05 04:26:39,314 - INFO - Completed: 12334 / To go: 1
2025-11-05 04:26:39,314 - INFO - Records in product_list: 12334
2025-11-05 04:26:41,791 - INFO - Completed: 12334 / To go: 1
2025-11-05 04:26:41,791 - INFO - Records in product_list: 12334
2025-11-05 04:26:44,093 - INFO - Completed: 12334 / To go: 1
2025-11-05 04:26:44,093 - INFO - Records in product_list: 12334
2025-11-05 04:26:46,389 - INFO - Completed: 12334 / To go: 1
2025-11-05 04:26:46,389 - INFO - Records in product_list: 12334
2025-11-05 04:26:48,835 - INFO - Completed: 12334 / To go: 1
2025-11-05 04:26:48,835 - INFO - Records in product_list: 12334
2025-11-05 04:26:51,138 - INFO - Completed: 12334 / To go: 1
2025-11-05 04:26:51,139 - INFO - Records in product_list: 12334
2025-11-05 04:26:53,648 - INFO - Completed: 12334 / To go: 1
2025-11-05 04:26:53,648 - INFO - Records in product_list: 12334
2025-11-05 04:26:56,100 - INFO - Completed: 12334 / To go: 1
2025-11-05 04:26:56,100 - INFO - Records in product_list: 12334
2025-11-05 04:26:58,396 - INFO - Completed: 12334 / To go: 1
2025-11-05 04:26:58,396 - INFO - Records in product_list: 12334
2025-11-05 04:27:00,701 - INFO - Completed: 12334 / To go: 1
2025-11-05 04:27:00,701 - INFO - Records in product_list: 12334
2025-11-05 04:27:02,989 - INFO - Completed: 12334 / To go: 1
2025-11-05 04:27:02,989 - INFO - Records in product_list: 12334
2025-11-05 04:27:05,291 - INFO - Completed: 12334 / To go: 1
2025-11-05 04:27:05,291 - INFO - Records in product_list: 12334
2025-11-05 04:27:07,595 - INFO - Completed: 12334 / To go: 1
2025-11-05 04:27:07,595 - INFO - Records in product_list: 12334
2025-11-05 04:27:09,903 - INFO - Completed: 12334 / To go: 1
2025-11-05 04:27:09,903 - INFO - Records in product_list: 12334
2025-11-05 04:27:12,178 - INFO - Completed: 12334 / To go: 1
2025-11-05 04:27:12,178 - INFO - Records in product_list: 12334
2025-11-05 04:27:14,471 - INFO - Completed: 12334 / To go: 1
2025-11-05 04:27:14,471 - INFO - Records in product_list: 12334
2025-11-05 04:27:16,760 - INFO - Completed: 12334 / To go: 1
2025-11-05 04:27:16,760 - INFO - Records in product_list: 12334
2025-11-05 04:27:19,047 - INFO - Completed: 12334 / To go: 1
2025-11-05 04:27:19,047 - INFO - Records in product_list: 12334
2025-11-05 04:27:21,341 - INFO - Completed: 12334 / To go: 1
2025-11-05 04:27:21,341 - INFO - Records in product_list: 12334
2025-11-05 04:27:23,723 - INFO - Completed: 12334 / To go: 1
2025-11-05 04:27:23,723 - INFO - Records in product_list: 12334
2025-11-05 04:27:26,021 - INFO - Completed: 12334 / To go: 1
2025-11-05 04:27:26,021 - INFO - Records in product_list: 12334
2025-11-05 04:27:28,863 - INFO - Completed: 12334 / To go: 1
2025-11-05 04:27:28,863 - INFO - Records in product_list: 12334
2025-11-05 04:27:31,155 - INFO - Completed: 12334 / To go: 1
2025-11-05 04:27:31,155 - INFO - Records in product_list: 12334
2025-11-05 04:27:34,628 - INFO - Completed: 12334 / To go: 1
2025-11-05 04:27:34,628 - INFO - Records in product_list: 12334
2025-11-05 04:27:36,941 - INFO - Completed: 12334 / To go: 1
2025-11-05 04:27:36,941 - INFO - Records in product_list: 12334
2025-11-05 04:27:39,242 - INFO - Completed: 12334 / To go: 1
2025-11-05 04:27:39,242 - INFO - Records in product_list: 12334
2025-11-05 04:27:41,590 - INFO - Completed: 12334 / To go: 1
2025-11-05 04:27:41,590 - INFO - Records in product_list: 12334
2025-11-05 04:27:43,882 - INFO - Completed: 12334 / To go: 1
2025-11-05 04:27:43,882 - INFO - Records in product_list: 12334
2025-11-05 04:27:46,196 - INFO - Completed: 12334 / To go: 1
2025-11-05 04:27:46,197 - INFO - Records in product_list: 12334
2025-11-05 04:27:48,503 - INFO - Completed: 12334 / To go: 1
2025-11-05 04:27:48,503 - INFO - Records in product_list: 12334
2025-11-05 04:27:50,803 - INFO - Completed: 12334 / To go: 1
2025-11-05 04:27:50,803 - INFO - Records in product_list: 12334
2025-11-05 04:27:53,095 - INFO - Completed: 12334 / To go: 1
2025-11-05 04:27:53,095 - INFO - Records in product_list: 12334
2025-11-05 04:27:55,400 - INFO - Completed: 12334 / To go: 1
2025-11-05 04:27:55,400 - INFO - Records in product_list: 12334
2025-11-05 04:27:57,702 - INFO - Completed: 12334 / To go: 1
2025-11-05 04:27:57,702 - INFO - Records in product_list: 12334
2025-11-05 04:27:59,981 - INFO - Completed: 12334 / To go: 1
2025-11-05 04:27:59,981 - INFO - Records in product_list: 12334
2025-11-05 04:28:02,273 - INFO - Completed: 12334 / To go: 1
2025-11-05 04:28:02,273 - INFO - Records in product_list: 12334
2025-11-05 04:28:04,558 - INFO - Completed: 12334 / To go: 1
2025-11-05 04:28:04,558 - INFO - Records in product_list: 12334
2025-11-05 04:28:06,871 - INFO - Completed: 12334 / To go: 1
2025-11-05 04:28:06,871 - INFO - Records in product_list: 12334
2025-11-05 04:28:09,167 - INFO - Completed: 12334 / To go: 1
2025-11-05 04:28:09,167 - INFO - Records in product_list: 12334
2025-11-05 04:28:11,457 - INFO - Completed: 12334 / To go: 1
2025-11-05 04:28:11,457 - INFO - Records in product_list: 12334
2025-11-05 04:28:13,769 - INFO - Completed: 12334 / To go: 1
2025-11-05 04:28:13,769 - INFO - Records in product_list: 12334
2025-11-05 04:28:16,077 - INFO - Completed: 12334 / To go: 1
2025-11-05 04:28:16,077 - INFO - Records in product_list: 12334
2025-11-05 04:28:18,381 - INFO - Completed: 12334 / To go: 1
2025-11-05 04:28:18,381 - INFO - Records in product_list: 12334
2025-11-05 04:28:20,687 - INFO - Completed: 12334 / To go: 1
2025-11-05 04:28:20,687 - INFO - Records in product_list: 12334
2025-11-05 04:28:22,977 - INFO - Completed: 12334 / To go: 1
2025-11-05 04:28:22,977 - INFO - Records in product_list: 12334
2025-11-05 04:28:25,272 - INFO - Completed: 12334 / To go: 1
2025-11-05 04:28:25,272 - INFO - Records in product_list: 12334
2025-11-05 04:28:27,567 - INFO - Completed: 12334 / To go: 1
2025-11-05 04:28:27,568 - INFO - Records in product_list: 12334
2025-11-05 04:28:29,864 - INFO - Completed: 12334 / To go: 1
2025-11-05 04:28:29,864 - INFO - Records in product_list: 12334
2025-11-05 04:28:32,165 - INFO - Completed: 12334 / To go: 1
2025-11-05 04:28:32,165 - INFO - Records in product_list: 12334
2025-11-05 04:28:35,634 - INFO - Completed: 12334 / To go: 1
2025-11-05 04:28:35,634 - INFO - Records in product_list: 12334
2025-11-05 04:28:38,218 - INFO - Completed: 12334 / To go: 1
2025-11-05 04:28:38,219 - INFO - Records in product_list: 12334
2025-11-05 04:28:40,511 - INFO - Completed: 12334 / To go: 1
2025-11-05 04:28:40,512 - INFO - Records in product_list: 12334
2025-11-05 04:28:42,811 - INFO - Completed: 12334 / To go: 1
2025-11-05 04:28:42,812 - INFO - Records in product_list: 12334
2025-11-05 04:28:45,095 - INFO - Completed: 12334 / To go: 1
2025-11-05 04:28:45,095 - INFO - Records in product_list: 12334
2025-11-05 04:28:47,385 - INFO - Completed: 12334 / To go: 1
2025-11-05 04:28:47,385 - INFO - Records in product_list: 12334
2025-11-05 04:28:49,671 - INFO - Completed: 12334 / To go: 1
2025-11-05 04:28:49,671 - INFO - Records in product_list: 12334
2025-11-05 04:28:51,959 - INFO - Completed: 12334 / To go: 1
2025-11-05 04:28:51,959 - INFO - Records in product_list: 12334
2025-11-05 04:28:54,270 - INFO - Completed: 12334 / To go: 1
2025-11-05 04:28:54,270 - INFO - Records in product_list: 12334
2025-11-05 04:28:56,568 - INFO - Completed: 12334 / To go: 1
2025-11-05 04:28:56,568 - INFO - Records in product_list: 12334
2025-11-05 04:28:58,856 - INFO - Completed: 12334 / To go: 1
2025-11-05 04:28:58,857 - INFO - Records in product_list: 12334
2025-11-05 04:29:01,223 - INFO - Completed: 12334 / To go: 1
2025-11-05 04:29:01,223 - INFO - Records in product_list: 12334
2025-11-05 04:29:03,467 - WARNING - Error fetching data from https://shop.billa.at/api/product-discovery/products?sortBy=relevance&page=929&pageSize=100: 503 Server Error: Service Unavailable for url: https://shop.billa.at/api/product-discovery/products?sortBy=relevance&page=929&pageSize=100. Retrying in 3 seconds... (Attempt 1/5)
2025-11-05 04:29:06,717 - INFO - Completed: 12334 / To go: 1
2025-11-05 04:29:06,717 - INFO - Records in product_list: 12334
2025-11-05 04:29:09,205 - INFO - Completed: 12334 / To go: 1
2025-11-05 04:29:09,206 - INFO - Records in product_list: 12334
2025-11-05 04:29:11,567 - INFO - Completed: 12334 / To go: 1
2025-11-05 04:29:11,568 - INFO - Records in product_list: 12334
2025-11-05 04:29:13,873 - INFO - Completed: 12334 / To go: 1
2025-11-05 04:29:13,873 - INFO - Records in product_list: 12334
2025-11-05 04:29:16,208 - INFO - Completed: 12334 / To go: 1
2025-11-05 04:29:16,208 - INFO - Records in product_list: 12334
2025-11-05 04:29:18,567 - INFO - Completed: 12334 / To go: 1
2025-11-05 04:29:18,567 - INFO - Records in product_list: 12334
2025-11-05 04:29:20,861 - INFO - Completed: 12334 / To go: 1
2025-11-05 04:29:20,861 - INFO - Records in product_list: 12334
2025-11-05 04:29:23,165 - INFO - Completed: 12334 / To go: 1
2025-11-05 04:29:23,165 - INFO - Records in product_list: 12334
2025-11-05 04:29:25,447 - INFO - Completed: 12334 / To go: 1
2025-11-05 04:29:25,448 - INFO - Records in product_list: 12334
2025-11-05 04:29:27,747 - INFO - Completed: 12334 / To go: 1
2025-11-05 04:29:27,747 - INFO - Records in product_list: 12334
2025-11-05 04:29:30,091 - INFO - Completed: 12334 / To go: 1
2025-11-05 04:29:30,091 - INFO - Records in product_list: 12334
2025-11-05 04:29:32,386 - INFO - Completed: 12334 / To go: 1
2025-11-05 04:29:32,386 - INFO - Records in product_list: 12334
2025-11-05 04:29:34,713 - INFO - Completed: 12334 / To go: 1
2025-11-05 04:29:34,713 - INFO - Records in product_list: 12334
2025-11-05 04:29:37,082 - INFO - Completed: 12334 / To go: 1
2025-11-05 04:29:37,082 - INFO - Records in product_list: 12334
2025-11-05 04:29:39,460 - INFO - Completed: 12334 / To go: 1
2025-11-05 04:29:39,460 - INFO - Records in product_list: 12334
2025-11-05 04:29:41,776 - INFO - Completed: 12334 / To go: 1
2025-11-05 04:29:41,776 - INFO - Records in product_list: 12334
2025-11-05 04:29:44,062 - INFO - Completed: 12334 / To go: 1
2025-11-05 04:29:44,062 - INFO - Records in product_list: 12334
2025-11-05 04:29:46,354 - INFO - Completed: 12334 / To go: 1
2025-11-05 04:29:46,354 - INFO - Records in product_list: 12334
2025-11-05 04:29:48,651 - INFO - Completed: 12334 / To go: 1
2025-11-05 04:29:48,651 - INFO - Records in product_list: 12334
2025-11-05 04:29:51,040 - INFO - Completed: 12334 / To go: 1
2025-11-05 04:29:51,040 - INFO - Records in product_list: 12334
2025-11-05 04:29:53,327 - INFO - Completed: 12334 / To go: 1
2025-11-05 04:29:53,328 - INFO - Records in product_list: 12334
2025-11-05 04:29:55,618 - INFO - Completed: 12334 / To go: 1
2025-11-05 04:29:55,618 - INFO - Records in product_list: 12334
2025-11-05 04:29:57,920 - INFO - Completed: 12334 / To go: 1
2025-11-05 04:29:57,920 - INFO - Records in product_list: 12334
2025-11-05 04:30:00,229 - INFO - Completed: 12334 / To go: 1
2025-11-05 04:30:00,230 - INFO - Records in product_list: 12334
2025-11-05 04:30:02,580 - INFO - Completed: 12334 / To go: 1
2025-11-05 04:30:02,581 - INFO - Records in product_list: 12334
2025-11-05 04:30:04,869 - INFO - Completed: 12334 / To go: 1
2025-11-05 04:30:04,869 - INFO - Records in product_list: 12334
2025-11-05 04:30:07,175 - INFO - Completed: 12334 / To go: 1
2025-11-05 04:30:07,175 - INFO - Records in product_list: 12334
2025-11-05 04:30:09,465 - INFO - Completed: 12334 / To go: 1
2025-11-05 04:30:09,465 - INFO - Records in product_list: 12334
2025-11-05 04:30:11,771 - INFO - Completed: 12334 / To go: 1
2025-11-05 04:30:11,771 - INFO - Records in product_list: 12334
2025-11-05 04:30:14,059 - INFO - Completed: 12334 / To go: 1
2025-11-05 04:30:14,060 - INFO - Records in product_list: 12334
2025-11-05 04:30:16,421 - INFO - Completed: 12334 / To go: 1
2025-11-05 04:30:16,421 - INFO - Records in product_list: 12334
2025-11-05 04:30:18,718 - INFO - Completed: 12334 / To go: 1
2025-11-05 04:30:18,718 - INFO - Records in product_list: 12334
2025-11-05 04:30:21,018 - INFO - Completed: 12334 / To go: 1
2025-11-05 04:30:21,018 - INFO - Records in product_list: 12334
2025-11-05 04:30:23,316 - INFO - Completed: 12334 / To go: 1
2025-11-05 04:30:23,316 - INFO - Records in product_list: 12334
2025-11-05 04:30:25,682 - INFO - Completed: 12334 / To go: 1
2025-11-05 04:30:25,682 - INFO - Records in product_list: 12334
2025-11-05 04:30:27,978 - INFO - Completed: 12334 / To go: 1
2025-11-05 04:30:27,978 - INFO - Records in product_list: 12334
2025-11-05 04:30:30,329 - INFO - Completed: 12334 / To go: 1
2025-11-05 04:30:30,329 - INFO - Records in product_list: 12334
2025-11-05 04:30:32,633 - INFO - Completed: 12334 / To go: 1
2025-11-05 04:30:32,633 - INFO - Records in product_list: 12334
2025-11-05 04:30:34,942 - INFO - Completed: 12334 / To go: 1
2025-11-05 04:30:34,942 - INFO - Records in product_list: 12334
2025-11-05 04:30:37,235 - INFO - Completed: 12334 / To go: 1
2025-11-05 04:30:37,235 - INFO - Records in product_list: 12334
2025-11-05 04:30:39,538 - INFO - Completed: 12334 / To go: 1
2025-11-05 04:30:39,538 - INFO - Records in product_list: 12334
2025-11-05 04:30:41,816 - INFO - Completed: 12334 / To go: 1
2025-11-05 04:30:41,817 - INFO - Records in product_list: 12334
2025-11-05 04:30:44,109 - INFO - Completed: 12334 / To go: 1
2025-11-05 04:30:44,109 - INFO - Records in product_list: 12334
2025-11-05 04:30:46,409 - INFO - Completed: 12334 / To go: 1
2025-11-05 04:30:46,409 - INFO - Records in product_list: 12334
2025-11-05 04:30:48,711 - INFO - Completed: 12334 / To go: 1
2025-11-05 04:30:48,711 - INFO - Records in product_list: 12334
2025-11-05 04:30:51,012 - INFO - Completed: 12334 / To go: 1
2025-11-05 04:30:51,012 - INFO - Records in product_list: 12334
2025-11-05 04:30:53,308 - INFO - Completed: 12334 / To go: 1
2025-11-05 04:30:53,308 - INFO - Records in product_list: 12334
2025-11-05 04:30:55,600 - INFO - Completed: 12334 / To go: 1
2025-11-05 04:30:55,600 - INFO - Records in product_list: 12334
2025-11-05 04:30:57,899 - INFO - Completed: 12334 / To go: 1
2025-11-05 04:30:57,899 - INFO - Records in product_list: 12334
2025-11-05 04:31:00,196 - INFO - Completed: 12334 / To go: 1
2025-11-05 04:31:00,196 - INFO - Records in product_list: 12334
2025-11-05 04:31:02,502 - INFO - Completed: 12334 / To go: 1
2025-11-05 04:31:02,502 - INFO - Records in product_list: 12334
2025-11-05 04:31:04,804 - INFO - Completed: 12334 / To go: 1
2025-11-05 04:31:04,804 - INFO - Records in product_list: 12334
2025-11-05 04:31:07,092 - INFO - Completed: 12334 / To go: 1
2025-11-05 04:31:07,092 - INFO - Records in product_list: 12334
2025-11-05 04:31:09,379 - INFO - Completed: 12334 / To go: 1
2025-11-05 04:31:09,379 - INFO - Records in product_list: 12334
2025-11-05 04:31:11,831 - INFO - Completed: 12334 / To go: 1
2025-11-05 04:31:11,831 - INFO - Records in product_list: 12334
2025-11-05 04:31:14,124 - INFO - Completed: 12334 / To go: 1
2025-11-05 04:31:14,124 - INFO - Records in product_list: 12334
2025-11-05 04:31:16,483 - INFO - Completed: 12334 / To go: 1
2025-11-05 04:31:16,484 - INFO - Records in product_list: 12334
2025-11-05 04:31:18,832 - INFO - Completed: 12334 / To go: 1
2025-11-05 04:31:18,832 - INFO - Records in product_list: 12334
2025-11-05 04:31:21,148 - INFO - Completed: 12334 / To go: 1
2025-11-05 04:31:21,148 - INFO - Records in product_list: 12334
2025-11-05 04:31:23,437 - INFO - Completed: 12334 / To go: 1
2025-11-05 04:31:23,437 - INFO - Records in product_list: 12334
2025-11-05 04:31:25,726 - INFO - Completed: 12334 / To go: 1
2025-11-05 04:31:25,726 - INFO - Records in product_list: 12334
2025-11-05 04:31:28,022 - INFO - Completed: 12334 / To go: 1
2025-11-05 04:31:28,023 - INFO - Records in product_list: 12334
2025-11-05 04:31:30,319 - INFO - Completed: 12334 / To go: 1
2025-11-05 04:31:30,319 - INFO - Records in product_list: 12334
2025-11-05 04:31:32,623 - INFO - Completed: 12334 / To go: 1
2025-11-05 04:31:32,623 - INFO - Records in product_list: 12334
2025-11-05 04:31:34,935 - INFO - Completed: 12334 / To go: 1
2025-11-05 04:31:34,936 - INFO - Records in product_list: 12334
2025-11-05 04:31:37,226 - INFO - Completed: 12334 / To go: 1
2025-11-05 04:31:37,226 - INFO - Records in product_list: 12334
2025-11-05 04:31:39,617 - INFO - Completed: 12334 / To go: 1
2025-11-05 04:31:39,618 - INFO - Records in product_list: 12334
2025-11-05 04:31:41,912 - INFO - Completed: 12334 / To go: 1
2025-11-05 04:31:41,912 - INFO - Records in product_list: 12334
2025-11-05 04:31:44,210 - INFO - Completed: 12334 / To go: 1
2025-11-05 04:31:44,210 - INFO - Records in product_list: 12334
2025-11-05 04:31:46,502 - INFO - Completed: 12334 / To go: 1
2025-11-05 04:31:46,502 - INFO - Records in product_list: 12334
2025-11-05 04:31:48,803 - INFO - Completed: 12334 / To go: 1
2025-11-05 04:31:48,803 - INFO - Records in product_list: 12334
2025-11-05 04:31:51,463 - WARNING - Error fetching data from https://shop.billa.at/api/product-discovery/products?sortBy=relevance&page=1000&pageSize=100: 500 Server Error: Internal Server Error for url: https://shop.billa.at/api/product-discovery/products?sortBy=relevance&page=1000&pageSize=100. Retrying in 3 seconds... (Attempt 1/5)
2025-11-05 04:31:54,675 - WARNING - Error fetching data from https://shop.billa.at/api/product-discovery/products?sortBy=relevance&page=1000&pageSize=100: 500 Server Error: Internal Server Error for url: https://shop.billa.at/api/product-discovery/products?sortBy=relevance&page=1000&pageSize=100. Retrying in 3 seconds... (Attempt 2/5)
2025-11-05 04:31:57,955 - WARNING - Error fetching data from https://shop.billa.at/api/product-discovery/products?sortBy=relevance&page=1000&pageSize=100: 500 Server Error: Internal Server Error for url: https://shop.billa.at/api/product-discovery/products?sortBy=relevance&page=1000&pageSize=100. Retrying in 3 seconds... (Attempt 3/5)
2025-11-05 04:32:01,174 - WARNING - Error fetching data from https://shop.billa.at/api/product-discovery/products?sortBy=relevance&page=1000&pageSize=100: 500 Server Error: Internal Server Error for url: https://shop.billa.at/api/product-discovery/products?sortBy=relevance&page=1000&pageSize=100. Retrying in 3 seconds... (Attempt 4/5)
2025-11-05 04:32:04,379 - WARNING - Error fetching data from https://shop.billa.at/api/product-discovery/products?sortBy=relevance&page=1000&pageSize=100: 500 Server Error: Internal Server Error for url: https://shop.billa.at/api/product-discovery/products?sortBy=relevance&page=1000&pageSize=100. Retrying in 3 seconds... (Attempt 5/5)
2025-11-05 04:32:07,383 - ERROR - Failed to scrape page 1000 after 5 retries. Stopping scraping.
2025-11-05 04:32:08,558 - INFO - Loading combined dataframe from local file: updated_combined_dataframe.csv
2025-11-06 03:55:41,307 - INFO - ============================================================
2025-11-06 03:55:41,308 - INFO - Billa Price Scraper - Starting
2025-11-06 03:55:41,308 - INFO - ============================================================
2025-11-06 03:55:43,201 - INFO - Completed: 100 / To go: 12233
2025-11-06 03:55:43,201 - INFO - Records in product_list: 100
2025-11-06 03:55:46,659 - INFO - Completed: 200 / To go: 12133
2025-11-06 03:55:46,659 - INFO - Records in product_list: 200
2025-11-06 03:55:49,672 - INFO - Completed: 300 / To go: 12033
2025-11-06 03:55:49,672 - INFO - Records in product_list: 300
2025-11-06 03:55:53,139 - INFO - Completed: 400 / To go: 11933
2025-11-06 03:55:53,139 - INFO - Records in product_list: 400
2025-11-06 03:55:56,150 - INFO - Completed: 500 / To go: 11833
2025-11-06 03:55:56,150 - INFO - Records in product_list: 500
2025-11-06 03:55:59,169 - INFO - Completed: 600 / To go: 11733
2025-11-06 03:55:59,169 - INFO - Records in product_list: 600
2025-11-06 03:56:02,283 - INFO - Completed: 700 / To go: 11633
2025-11-06 03:56:02,283 - INFO - Records in product_list: 700
2025-11-06 03:56:05,244 - INFO - Completed: 800 / To go: 11533
2025-11-06 03:56:05,244 - INFO - Records in product_list: 800
2025-11-06 03:56:08,310 - INFO - Completed: 900 / To go: 11433
2025-11-06 03:56:08,310 - INFO - Records in product_list: 900
2025-11-06 03:56:11,577 - INFO - Completed: 1000 / To go: 11333
2025-11-06 03:56:11,577 - INFO - Records in product_list: 1000
2025-11-06 03:56:14,973 - INFO - Completed: 1100 / To go: 11233
2025-11-06 03:56:14,973 - INFO - Records in product_list: 1100
2025-11-06 03:56:18,175 - INFO - Completed: 1200 / To go: 11133
2025-11-06 03:56:18,175 - INFO - Records in product_list: 1200
2025-11-06 03:56:21,139 - INFO - Completed: 1300 / To go: 11033
2025-11-06 03:56:21,139 - INFO - Records in product_list: 1300
2025-11-06 03:56:24,160 - INFO - Completed: 1400 / To go: 10933
2025-11-06 03:56:24,160 - INFO - Records in product_list: 1400
2025-11-06 03:56:27,143 - INFO - Completed: 1500 / To go: 10833
2025-11-06 03:56:27,143 - INFO - Records in product_list: 1500
2025-11-06 03:56:30,162 - INFO - Completed: 1600 / To go: 10733
2025-11-06 03:56:30,162 - INFO - Records in product_list: 1600
2025-11-06 03:56:33,124 - INFO - Completed: 1700 / To go: 10633
2025-11-06 03:56:33,124 - INFO - Records in product_list: 1700
2025-11-06 03:56:36,284 - INFO - Completed: 1800 / To go: 10533
2025-11-06 03:56:36,285 - INFO - Records in product_list: 1800
2025-11-06 03:56:39,261 - INFO - Completed: 1900 / To go: 10433
2025-11-06 03:56:39,261 - INFO - Records in product_list: 1900
2025-11-06 03:56:42,228 - INFO - Completed: 2000 / To go: 10333
2025-11-06 03:56:42,228 - INFO - Records in product_list: 2000
2025-11-06 03:56:45,113 - INFO - Completed: 2100 / To go: 10233
2025-11-06 03:56:45,113 - INFO - Records in product_list: 2100
2025-11-06 03:56:48,059 - INFO - Completed: 2200 / To go: 10133
2025-11-06 03:56:48,059 - INFO - Records in product_list: 2200
2025-11-06 03:56:51,012 - INFO - Completed: 2300 / To go: 10033
2025-11-06 03:56:51,012 - INFO - Records in product_list: 2300
2025-11-06 03:56:54,013 - INFO - Completed: 2400 / To go: 9933
2025-11-06 03:56:54,013 - INFO - Records in product_list: 2400
2025-11-06 03:56:57,050 - INFO - Completed: 2500 / To go: 9833
2025-11-06 03:56:57,050 - INFO - Records in product_list: 2500
2025-11-06 03:57:00,038 - INFO - Completed: 2600 / To go: 9733
2025-11-06 03:57:00,038 - INFO - Records in product_list: 2600
2025-11-06 03:57:03,227 - INFO - Completed: 2700 / To go: 9633
2025-11-06 03:57:03,227 - INFO - Records in product_list: 2700
2025-11-06 03:57:06,169 - INFO - Completed: 2800 / To go: 9533
2025-11-06 03:57:06,170 - INFO - Records in product_list: 2800
2025-11-06 03:57:09,208 - INFO - Completed: 2900 / To go: 9433
2025-11-06 03:57:09,208 - INFO - Records in product_list: 2900
2025-11-06 03:57:12,259 - INFO - Completed: 3000 / To go: 9333
2025-11-06 03:57:12,259 - INFO - Records in product_list: 3000
2025-11-06 03:57:15,189 - INFO - Completed: 3100 / To go: 9233
2025-11-06 03:57:15,189 - INFO - Records in product_list: 3100
2025-11-06 03:57:18,119 - INFO - Completed: 3200 / To go: 9133
2025-11-06 03:57:18,119 - INFO - Records in product_list: 3200
2025-11-06 03:57:20,971 - INFO - Completed: 3300 / To go: 9033
2025-11-06 03:57:20,971 - INFO - Records in product_list: 3300
2025-11-06 03:57:23,922 - INFO - Completed: 3400 / To go: 8933
2025-11-06 03:57:23,923 - INFO - Records in product_list: 3400
2025-11-06 03:57:26,896 - INFO - Completed: 3500 / To go: 8833
2025-11-06 03:57:26,897 - INFO - Records in product_list: 3500
2025-11-06 03:57:29,847 - INFO - Completed: 3600 / To go: 8733
2025-11-06 03:57:29,847 - INFO - Records in product_list: 3600
2025-11-06 03:57:32,757 - INFO - Completed: 3700 / To go: 8633
2025-11-06 03:57:32,757 - INFO - Records in product_list: 3700
2025-11-06 03:57:35,692 - INFO - Completed: 3800 / To go: 8533
2025-11-06 03:57:35,692 - INFO - Records in product_list: 3800
2025-11-06 03:57:38,609 - INFO - Completed: 3900 / To go: 8433
2025-11-06 03:57:38,609 - INFO - Records in product_list: 3900
2025-11-06 03:57:41,572 - INFO - Completed: 4000 / To go: 8333
2025-11-06 03:57:41,572 - INFO - Records in product_list: 4000
2025-11-06 03:57:44,416 - INFO - Completed: 4100 / To go: 8233
2025-11-06 03:57:44,416 - INFO - Records in product_list: 4100
2025-11-06 03:57:47,298 - INFO - Completed: 4200 / To go: 8133
2025-11-06 03:57:47,298 - INFO - Records in product_list: 4200
2025-11-06 03:57:50,147 - INFO - Completed: 4300 / To go: 8033
2025-11-06 03:57:50,147 - INFO - Records in product_list: 4300
2025-11-06 03:57:53,121 - INFO - Completed: 4400 / To go: 7933
2025-11-06 03:57:53,121 - INFO - Records in product_list: 4400
2025-11-06 03:57:56,024 - INFO - Completed: 4500 / To go: 7833
2025-11-06 03:57:56,024 - INFO - Records in product_list: 4500
2025-11-06 03:57:58,997 - INFO - Completed: 4600 / To go: 7733
2025-11-06 03:57:58,997 - INFO - Records in product_list: 4600
2025-11-06 03:58:02,126 - INFO - Completed: 4700 / To go: 7633
2025-11-06 03:58:02,126 - INFO - Records in product_list: 4700
2025-11-06 03:58:04,999 - INFO - Completed: 4800 / To go: 7533
2025-11-06 03:58:04,999 - INFO - Records in product_list: 4800
2025-11-06 03:58:07,900 - INFO - Completed: 4900 / To go: 7433
2025-11-06 03:58:07,900 - INFO - Records in product_list: 4900
2025-11-06 03:58:10,780 - INFO - Completed: 5000 / To go: 7333
2025-11-06 03:58:10,780 - INFO - Records in product_list: 5000
2025-11-06 03:58:13,818 - INFO - Completed: 5100 / To go: 7233
2025-11-06 03:58:13,818 - INFO - Records in product_list: 5100
2025-11-06 03:58:16,694 - INFO - Completed: 5200 / To go: 7133
2025-11-06 03:58:16,694 - INFO - Records in product_list: 5200
2025-11-06 03:58:19,591 - INFO - Completed: 5300 / To go: 7033
2025-11-06 03:58:19,591 - INFO - Records in product_list: 5300
2025-11-06 03:58:22,479 - INFO - Completed: 5400 / To go: 6933
2025-11-06 03:58:22,479 - INFO - Records in product_list: 5400
2025-11-06 03:58:25,244 - INFO - Completed: 5500 / To go: 6833
2025-11-06 03:58:25,244 - INFO - Records in product_list: 5500
2025-11-06 03:58:28,159 - INFO - Completed: 5600 / To go: 6733
2025-11-06 03:58:28,159 - INFO - Records in product_list: 5600
2025-11-06 03:58:31,016 - INFO - Completed: 5700 / To go: 6633
2025-11-06 03:58:31,016 - INFO - Records in product_list: 5700
2025-11-06 03:58:33,964 - INFO - Completed: 5800 / To go: 6533
2025-11-06 03:58:33,964 - INFO - Records in product_list: 5800
2025-11-06 03:58:36,833 - INFO - Completed: 5900 / To go: 6433
2025-11-06 03:58:36,833 - INFO - Records in product_list: 5900
2025-11-06 03:58:39,713 - INFO - Completed: 6000 / To go: 6333
2025-11-06 03:58:39,714 - INFO - Records in product_list: 6000
2025-11-06 03:58:42,913 - INFO - Completed: 6100 / To go: 6233
2025-11-06 03:58:42,913 - INFO - Records in product_list: 6100
2025-11-06 03:58:45,789 - INFO - Completed: 6200 / To go: 6133
2025-11-06 03:58:45,790 - INFO - Records in product_list: 6200
2025-11-06 03:58:48,594 - INFO - Completed: 6300 / To go: 6033
2025-11-06 03:58:48,594 - INFO - Records in product_list: 6300
2025-11-06 03:58:51,437 - INFO - Completed: 6400 / To go: 5933
2025-11-06 03:58:51,437 - INFO - Records in product_list: 6400
2025-11-06 03:58:54,430 - INFO - Completed: 6500 / To go: 5833
2025-11-06 03:58:54,430 - INFO - Records in product_list: 6500
2025-11-06 03:58:57,240 - INFO - Completed: 6600 / To go: 5733
2025-11-06 03:58:57,240 - INFO - Records in product_list: 6600
2025-11-06 03:59:00,039 - INFO - Completed: 6700 / To go: 5633
2025-11-06 03:59:00,039 - INFO - Records in product_list: 6700
2025-11-06 03:59:02,888 - INFO - Completed: 6800 / To go: 5533
2025-11-06 03:59:02,888 - INFO - Records in product_list: 6800
2025-11-06 03:59:05,669 - INFO - Completed: 6900 / To go: 5433
2025-11-06 03:59:05,670 - INFO - Records in product_list: 6900
2025-11-06 03:59:08,549 - INFO - Completed: 7000 / To go: 5333
2025-11-06 03:59:08,549 - INFO - Records in product_list: 7000
2025-11-06 03:59:11,342 - INFO - Completed: 7100 / To go: 5233
2025-11-06 03:59:11,342 - INFO - Records in product_list: 7100
2025-11-06 03:59:14,145 - INFO - Completed: 7200 / To go: 5133
2025-11-06 03:59:14,145 - INFO - Records in product_list: 7200
2025-11-06 03:59:16,998 - INFO - Completed: 7300 / To go: 5033
2025-11-06 03:59:16,998 - INFO - Records in product_list: 7300
2025-11-06 03:59:19,791 - INFO - Completed: 7400 / To go: 4933
2025-11-06 03:59:19,791 - INFO - Records in product_list: 7400
2025-11-06 03:59:22,529 - INFO - Completed: 7500 / To go: 4833
2025-11-06 03:59:22,530 - INFO - Records in product_list: 7500
2025-11-06 03:59:25,374 - INFO - Completed: 7600 / To go: 4733
2025-11-06 03:59:25,374 - INFO - Records in product_list: 7600
2025-11-06 03:59:28,177 - INFO - Completed: 7700 / To go: 4633
2025-11-06 03:59:28,178 - INFO - Records in product_list: 7700
2025-11-06 03:59:31,047 - INFO - Completed: 7800 / To go: 4533
2025-11-06 03:59:31,047 - INFO - Records in product_list: 7800
2025-11-06 03:59:33,749 - INFO - Completed: 7900 / To go: 4433
2025-11-06 03:59:33,750 - INFO - Records in product_list: 7900
2025-11-06 03:59:36,530 - INFO - Completed: 8000 / To go: 4333
2025-11-06 03:59:36,530 - INFO - Records in product_list: 8000
2025-11-06 03:59:39,249 - INFO - Completed: 8100 / To go: 4233
2025-11-06 03:59:39,249 - INFO - Records in product_list: 8100
2025-11-06 03:59:42,021 - INFO - Completed: 8200 / To go: 4133
2025-11-06 03:59:42,021 - INFO - Records in product_list: 8200
2025-11-06 03:59:44,744 - INFO - Completed: 8300 / To go: 4033
2025-11-06 03:59:44,744 - INFO - Records in product_list: 8300
2025-11-06 03:59:47,501 - INFO - Completed: 8400 / To go: 3933
2025-11-06 03:59:47,501 - INFO - Records in product_list: 8400
2025-11-06 03:59:50,247 - INFO - Completed: 8500 / To go: 3833
2025-11-06 03:59:50,247 - INFO - Records in product_list: 8500
2025-11-06 03:59:52,981 - INFO - Completed: 8600 / To go: 3733
2025-11-06 03:59:52,981 - INFO - Records in product_list: 8600
2025-11-06 03:59:55,672 - INFO - Completed: 8700 / To go: 3633
2025-11-06 03:59:55,672 - INFO - Records in product_list: 8700
2025-11-06 03:59:58,392 - INFO - Completed: 8800 / To go: 3533
2025-11-06 03:59:58,392 - INFO - Records in product_list: 8800
2025-11-06 04:00:01,173 - INFO - Completed: 8900 / To go: 3433
2025-11-06 04:00:01,173 - INFO - Records in product_list: 8900
2025-11-06 04:00:04,066 - INFO - Completed: 9000 / To go: 3333
2025-11-06 04:00:04,066 - INFO - Records in product_list: 9000
2025-11-06 04:00:06,819 - INFO - Completed: 9100 / To go: 3233
2025-11-06 04:00:06,819 - INFO - Records in product_list: 9100
2025-11-06 04:00:09,486 - INFO - Completed: 9200 / To go: 3133
2025-11-06 04:00:09,486 - INFO - Records in product_list: 9200
2025-11-06 04:00:12,189 - INFO - Completed: 9300 / To go: 3033
2025-11-06 04:00:12,189 - INFO - Records in product_list: 9300
2025-11-06 04:00:15,093 - INFO - Completed: 9400 / To go: 2933
2025-11-06 04:00:15,093 - INFO - Records in product_list: 9400
2025-11-06 04:00:17,836 - INFO - Completed: 9500 / To go: 2833
2025-11-06 04:00:17,836 - INFO - Records in product_list: 9500
2025-11-06 04:00:20,784 - INFO - Completed: 9600 / To go: 2733
2025-11-06 04:00:20,784 - INFO - Records in product_list: 9600
2025-11-06 04:00:23,590 - INFO - Completed: 9700 / To go: 2633
2025-11-06 04:00:23,590 - INFO - Records in product_list: 9700
2025-11-06 04:00:26,274 - INFO - Completed: 9800 / To go: 2533
2025-11-06 04:00:26,274 - INFO - Records in product_list: 9800
2025-11-06 04:00:29,203 - INFO - Completed: 9900 / To go: 2433
2025-11-06 04:00:29,203 - INFO - Records in product_list: 9900
2025-11-06 04:00:32,127 - INFO - Completed: 10000 / To go: 2333
2025-11-06 04:00:32,127 - INFO - Records in product_list: 10000
2025-11-06 04:00:34,998 - INFO - Completed: 10100 / To go: 2233
2025-11-06 04:00:34,998 - INFO - Records in product_list: 10100
2025-11-06 04:00:37,772 - INFO - Completed: 10200 / To go: 2133
2025-11-06 04:00:37,772 - INFO - Records in product_list: 10200
2025-11-06 04:00:40,509 - INFO - Completed: 10300 / To go: 2033
2025-11-06 04:00:40,509 - INFO - Records in product_list: 10300
2025-11-06 04:00:43,322 - INFO - Completed: 10400 / To go: 1933
2025-11-06 04:00:43,322 - INFO - Records in product_list: 10400
2025-11-06 04:00:46,533 - INFO - Completed: 10500 / To go: 1833
2025-11-06 04:00:46,533 - INFO - Records in product_list: 10500
2025-11-06 04:00:49,692 - INFO - Completed: 10600 / To go: 1733
2025-11-06 04:00:49,692 - INFO - Records in product_list: 10600
2025-11-06 04:00:52,671 - INFO - Completed: 10700 / To go: 1633
2025-11-06 04:00:52,671 - INFO - Records in product_list: 10700
2025-11-06 04:00:55,548 - INFO - Completed: 10800 / To go: 1533
2025-11-06 04:00:55,548 - INFO - Records in product_list: 10800
2025-11-06 04:00:58,477 - INFO - Completed: 10900 / To go: 1433
2025-11-06 04:00:58,478 - INFO - Records in product_list: 10900
2025-11-06 04:01:01,473 - INFO - Completed: 11000 / To go: 1333
2025-11-06 04:01:01,473 - INFO - Records in product_list: 11000
2025-11-06 04:01:04,280 - INFO - Completed: 11100 / To go: 1233
2025-11-06 04:01:04,281 - INFO - Records in product_list: 11100
2025-11-06 04:01:07,206 - INFO - Completed: 11200 / To go: 1133
2025-11-06 04:01:07,206 - INFO - Records in product_list: 11200
2025-11-06 04:01:10,068 - INFO - Completed: 11300 / To go: 1033
2025-11-06 04:01:10,068 - INFO - Records in product_list: 11300
2025-11-06 04:01:12,849 - INFO - Completed: 11400 / To go: 933
2025-11-06 04:01:12,849 - INFO - Records in product_list: 11400
2025-11-06 04:01:15,645 - INFO - Completed: 11500 / To go: 833
2025-11-06 04:01:15,645 - INFO - Records in product_list: 11500
2025-11-06 04:01:18,515 - INFO - Completed: 11600 / To go: 733
2025-11-06 04:01:18,515 - INFO - Records in product_list: 11600
2025-11-06 04:01:21,361 - INFO - Completed: 11700 / To go: 633
2025-11-06 04:01:21,362 - INFO - Records in product_list: 11700
2025-11-06 04:01:24,178 - INFO - Completed: 11800 / To go: 533
2025-11-06 04:01:24,178 - INFO - Records in product_list: 11800
2025-11-06 04:01:27,042 - INFO - Completed: 11900 / To go: 433
2025-11-06 04:01:27,042 - INFO - Records in product_list: 11900
2025-11-06 04:01:29,762 - INFO - Completed: 12000 / To go: 333
2025-11-06 04:01:29,762 - INFO - Records in product_list: 12000
2025-11-06 04:01:32,679 - INFO - Completed: 12100 / To go: 233
2025-11-06 04:01:32,679 - INFO - Records in product_list: 12100
2025-11-06 04:01:35,622 - INFO - Completed: 12200 / To go: 133
2025-11-06 04:01:35,622 - INFO - Records in product_list: 12200
2025-11-06 04:01:38,379 - INFO - Completed: 12300 / To go: 33
2025-11-06 04:01:38,379 - INFO - Records in product_list: 12300
2025-11-06 04:01:40,872 - INFO - Completed: 12333 / To go: 0
2025-11-06 04:01:40,873 - INFO - Records in product_list: 12333
2025-11-06 04:01:44,061 - INFO - Loading combined dataframe from local file: updated_combined_dataframe.csv
2025-11-07 03:50:29,378 - INFO - ============================================================
2025-11-07 03:50:29,378 - INFO - Billa Price Scraper - Starting
2025-11-07 03:50:29,379 - INFO - ============================================================
2025-11-07 03:50:30,825 - INFO - Completed: 100 / To go: 12231
2025-11-07 03:50:30,825 - INFO - Records in product_list: 100
2025-11-07 03:50:34,046 - INFO - Completed: 200 / To go: 12131
2025-11-07 03:50:34,046 - INFO - Records in product_list: 200
2025-11-07 03:50:37,202 - INFO - Completed: 300 / To go: 12031
2025-11-07 03:50:37,202 - INFO - Records in product_list: 300
2025-11-07 03:50:40,409 - INFO - Completed: 400 / To go: 11931
2025-11-07 03:50:40,409 - INFO - Records in product_list: 400
2025-11-07 03:50:43,401 - INFO - Completed: 500 / To go: 11831
2025-11-07 03:50:43,401 - INFO - Records in product_list: 500
2025-11-07 03:50:46,555 - INFO - Completed: 600 / To go: 11731
2025-11-07 03:50:46,556 - INFO - Records in product_list: 600
2025-11-07 03:50:49,723 - INFO - Completed: 700 / To go: 11631
2025-11-07 03:50:49,723 - INFO - Records in product_list: 700
2025-11-07 03:50:52,696 - INFO - Completed: 800 / To go: 11531
2025-11-07 03:50:52,696 - INFO - Records in product_list: 800
2025-11-07 03:50:55,647 - INFO - Completed: 900 / To go: 11431
2025-11-07 03:50:55,647 - INFO - Records in product_list: 900
2025-11-07 03:50:58,708 - INFO - Completed: 1000 / To go: 11331
2025-11-07 03:50:58,708 - INFO - Records in product_list: 1000
2025-11-07 03:51:01,741 - INFO - Completed: 1100 / To go: 11231
2025-11-07 03:51:01,741 - INFO - Records in product_list: 1100
2025-11-07 03:51:05,081 - INFO - Completed: 1200 / To go: 11131
2025-11-07 03:51:05,081 - INFO - Records in product_list: 1200
2025-11-07 03:51:08,172 - INFO - Completed: 1300 / To go: 11031
2025-11-07 03:51:08,172 - INFO - Records in product_list: 1300
2025-11-07 03:51:11,196 - INFO - Completed: 1400 / To go: 10931
2025-11-07 03:51:11,197 - INFO - Records in product_list: 1400
2025-11-07 03:51:14,387 - INFO - Completed: 1500 / To go: 10831
2025-11-07 03:51:14,387 - INFO - Records in product_list: 1500
2025-11-07 03:51:17,317 - INFO - Completed: 1600 / To go: 10731
2025-11-07 03:51:17,317 - INFO - Records in product_list: 1600
2025-11-07 03:51:20,173 - INFO - Completed: 1700 / To go: 10631
2025-11-07 03:51:20,173 - INFO - Records in product_list: 1700
2025-11-07 03:51:23,169 - INFO - Completed: 1800 / To go: 10531
2025-11-07 03:51:23,169 - INFO - Records in product_list: 1800
2025-11-07 03:51:26,295 - INFO - Completed: 1900 / To go: 10431
2025-11-07 03:51:26,295 - INFO - Records in product_list: 1900
2025-11-07 03:51:29,304 - INFO - Completed: 2000 / To go: 10331
2025-11-07 03:51:29,304 - INFO - Records in product_list: 2000
2025-11-07 03:51:32,268 - INFO - Completed: 2100 / To go: 10231
2025-11-07 03:51:32,268 - INFO - Records in product_list: 2100
2025-11-07 03:51:35,353 - INFO - Completed: 2200 / To go: 10131
2025-11-07 03:51:35,354 - INFO - Records in product_list: 2200
2025-11-07 03:51:38,336 - INFO - Completed: 2300 / To go: 10031
2025-11-07 03:51:38,336 - INFO - Records in product_list: 2300
2025-11-07 03:51:41,341 - INFO - Completed: 2400 / To go: 9931
2025-11-07 03:51:41,341 - INFO - Records in product_list: 2400
2025-11-07 03:51:44,169 - INFO - Completed: 2500 / To go: 9831
2025-11-07 03:51:44,169 - INFO - Records in product_list: 2500
2025-11-07 03:51:47,106 - INFO - Completed: 2600 / To go: 9731
2025-11-07 03:51:47,106 - INFO - Records in product_list: 2600
2025-11-07 03:51:49,978 - INFO - Completed: 2700 / To go: 9631
2025-11-07 03:51:49,978 - INFO - Records in product_list: 2700
2025-11-07 03:51:52,907 - INFO - Completed: 2800 / To go: 9531
2025-11-07 03:51:52,907 - INFO - Records in product_list: 2800
2025-11-07 03:51:55,911 - INFO - Completed: 2900 / To go: 9431
2025-11-07 03:51:55,911 - INFO - Records in product_list: 2900
2025-11-07 03:51:58,958 - INFO - Completed: 3000 / To go: 9331
2025-11-07 03:51:58,958 - INFO - Records in product_list: 3000
2025-11-07 03:52:02,011 - INFO - Completed: 3100 / To go: 9231
2025-11-07 03:52:02,011 - INFO - Records in product_list: 3100
2025-11-07 03:52:04,915 - INFO - Completed: 3200 / To go: 9131
2025-11-07 03:52:04,915 - INFO - Records in product_list: 3200
2025-11-07 03:52:07,844 - INFO - Completed: 3300 / To go: 9031
2025-11-07 03:52:07,844 - INFO - Records in product_list: 3300
2025-11-07 03:52:10,757 - INFO - Completed: 3400 / To go: 8931
2025-11-07 03:52:10,757 - INFO - Records in product_list: 3400
2025-11-07 03:52:13,622 - INFO - Completed: 3500 / To go: 8831
2025-11-07 03:52:13,622 - INFO - Records in product_list: 3500
2025-11-07 03:52:16,508 - INFO - Completed: 3600 / To go: 8731
2025-11-07 03:52:16,509 - INFO - Records in product_list: 3600
2025-11-07 03:52:19,271 - INFO - Completed: 3700 / To go: 8631
2025-11-07 03:52:19,272 - INFO - Records in product_list: 3700
2025-11-07 03:52:22,192 - INFO - Completed: 3800 / To go: 8531
2025-11-07 03:52:22,192 - INFO - Records in product_list: 3800
2025-11-07 03:52:25,037 - INFO - Completed: 3900 / To go: 8431
2025-11-07 03:52:25,037 - INFO - Records in product_list: 3900
2025-11-07 03:52:27,883 - INFO - Completed: 4000 / To go: 8331
2025-11-07 03:52:27,883 - INFO - Records in product_list: 4000
2025-11-07 03:52:30,697 - INFO - Completed: 4100 / To go: 8231
2025-11-07 03:52:30,697 - INFO - Records in product_list: 4100
2025-11-07 03:52:33,538 - INFO - Completed: 4200 / To go: 8131
2025-11-07 03:52:33,539 - INFO - Records in product_list: 4200
2025-11-07 03:52:36,384 - INFO - Completed: 4300 / To go: 8031
2025-11-07 03:52:36,385 - INFO - Records in product_list: 4300
2025-11-07 03:52:39,272 - INFO - Completed: 4400 / To go: 7931
2025-11-07 03:52:39,272 - INFO - Records in product_list: 4400
2025-11-07 03:52:42,865 - INFO - Completed: 4500 / To go: 7831
2025-11-07 03:52:42,865 - INFO - Records in product_list: 4500
2025-11-07 03:52:45,836 - INFO - Completed: 4600 / To go: 7731
2025-11-07 03:52:45,836 - INFO - Records in product_list: 4600
2025-11-07 03:52:48,657 - INFO - Completed: 4700 / To go: 7631
2025-11-07 03:52:48,657 - INFO - Records in product_list: 4700
2025-11-07 03:52:51,432 - INFO - Completed: 4800 / To go: 7531
2025-11-07 03:52:51,432 - INFO - Records in product_list: 4800
2025-11-07 03:52:54,324 - INFO - Completed: 4900 / To go: 7431
2025-11-07 03:52:54,324 - INFO - Records in product_list: 4900
2025-11-07 03:52:57,136 - INFO - Completed: 5000 / To go: 7331
2025-11-07 03:52:57,136 - INFO - Records in product_list: 5000
2025-11-07 03:53:00,074 - INFO - Completed: 5100 / To go: 7231
2025-11-07 03:53:00,074 - INFO - Records in product_list: 5100
2025-11-07 03:53:02,930 - INFO - Completed: 5200 / To go: 7131
2025-11-07 03:53:02,930 - INFO - Records in product_list: 5200
2025-11-07 03:53:05,753 - INFO - Completed: 5300 / To go: 7031
2025-11-07 03:53:05,753 - INFO - Records in product_list: 5300
2025-11-07 03:53:08,598 - INFO - Completed: 5400 / To go: 6931
2025-11-07 03:53:08,598 - INFO - Records in product_list: 5400
2025-11-07 03:53:11,391 - INFO - Completed: 5500 / To go: 6831
2025-11-07 03:53:11,391 - INFO - Records in product_list: 5500
2025-11-07 03:53:14,416 - INFO - Completed: 5600 / To go: 6731
2025-11-07 03:53:14,416 - INFO - Records in product_list: 5600
2025-11-07 03:53:17,253 - INFO - Completed: 5700 / To go: 6631
2025-11-07 03:53:17,254 - INFO - Records in product_list: 5700
2025-11-07 03:53:20,122 - INFO - Completed: 5800 / To go: 6531
2025-11-07 03:53:20,122 - INFO - Records in product_list: 5800
2025-11-07 03:53:22,924 - INFO - Completed: 5900 / To go: 6431
2025-11-07 03:53:22,925 - INFO - Records in product_list: 5900
2025-11-07 03:53:25,853 - INFO - Completed: 6000 / To go: 6331
2025-11-07 03:53:25,853 - INFO - Records in product_list: 6000
2025-11-07 03:53:28,586 - INFO - Completed: 6100 / To go: 6231
2025-11-07 03:53:28,586 - INFO - Records in product_list: 6100
2025-11-07 03:53:31,337 - INFO - Completed: 6200 / To go: 6131
2025-11-07 03:53:31,338 - INFO - Records in product_list: 6200
2025-11-07 03:53:34,133 - INFO - Completed: 6300 / To go: 6031
2025-11-07 03:53:34,133 - INFO - Records in product_list: 6300
2025-11-07 03:53:36,965 - INFO - Completed: 6400 / To go: 5931
2025-11-07 03:53:36,965 - INFO - Records in product_list: 6400
2025-11-07 03:53:39,790 - INFO - Completed: 6500 / To go: 5831
2025-11-07 03:53:39,791 - INFO - Records in product_list: 6500
2025-11-07 03:53:42,560 - INFO - Completed: 6600 / To go: 5731
2025-11-07 03:53:42,560 - INFO - Records in product_list: 6600
2025-11-07 03:53:45,302 - INFO - Completed: 6700 / To go: 5631
2025-11-07 03:53:45,302 - INFO - Records in product_list: 6700
2025-11-07 03:53:48,077 - INFO - Completed: 6800 / To go: 5531
2025-11-07 03:53:48,077 - INFO - Records in product_list: 6800
2025-11-07 03:53:50,819 - INFO - Completed: 6900 / To go: 5431
2025-11-07 03:53:50,819 - INFO - Records in product_list: 6900
2025-11-07 03:53:53,889 - INFO - Completed: 7000 / To go: 5331
2025-11-07 03:53:53,890 - INFO - Records in product_list: 7000
2025-11-07 03:53:56,630 - INFO - Completed: 7100 / To go: 5231
2025-11-07 03:53:56,630 - INFO - Records in product_list: 7100
2025-11-07 03:53:59,368 - INFO - Completed: 7200 / To go: 5131
2025-11-07 03:53:59,368 - INFO - Records in product_list: 7200
2025-11-07 03:54:02,076 - INFO - Completed: 7300 / To go: 5031
2025-11-07 03:54:02,076 - INFO - Records in product_list: 7300
2025-11-07 03:54:04,869 - INFO - Completed: 7400 / To go: 4931
2025-11-07 03:54:04,869 - INFO - Records in product_list: 7400
2025-11-07 03:54:07,610 - INFO - Completed: 7500 / To go: 4831
2025-11-07 03:54:07,610 - INFO - Records in product_list: 7500
2025-11-07 03:54:10,349 - INFO - Completed: 7600 / To go: 4731
2025-11-07 03:54:10,349 - INFO - Records in product_list: 7600
2025-11-07 03:54:13,111 - INFO - Completed: 7700 / To go: 4631
2025-11-07 03:54:13,111 - INFO - Records in product_list: 7700
2025-11-07 03:54:15,839 - INFO - Completed: 7800 / To go: 4531
2025-11-07 03:54:15,839 - INFO - Records in product_list: 7800
2025-11-07 03:54:18,510 - INFO - Completed: 7900 / To go: 4431
2025-11-07 03:54:18,510 - INFO - Records in product_list: 7900
2025-11-07 03:54:21,225 - INFO - Completed: 8000 / To go: 4331
2025-11-07 03:54:21,225 - INFO - Records in product_list: 8000
2025-11-07 03:54:23,916 - INFO - Completed: 8100 / To go: 4231
2025-11-07 03:54:23,916 - INFO - Records in product_list: 8100
2025-11-07 03:54:26,595 - INFO - Completed: 8200 / To go: 4131
2025-11-07 03:54:26,595 - INFO - Records in product_list: 8200
2025-11-07 03:54:29,305 - INFO - Completed: 8300 / To go: 4031
2025-11-07 03:54:29,305 - INFO - Records in product_list: 8300
2025-11-07 03:54:32,004 - INFO - Completed: 8400 / To go: 3931
2025-11-07 03:54:32,004 - INFO - Records in product_list: 8400
2025-11-07 03:54:34,638 - INFO - Completed: 8500 / To go: 3831
2025-11-07 03:54:34,639 - INFO - Records in product_list: 8500
2025-11-07 03:54:37,327 - INFO - Completed: 8600 / To go: 3731
2025-11-07 03:54:37,327 - INFO - Records in product_list: 8600
2025-11-07 03:54:39,966 - INFO - Completed: 8700 / To go: 3631
2025-11-07 03:54:39,966 - INFO - Records in product_list: 8700
2025-11-07 03:54:42,657 - INFO - Completed: 8800 / To go: 3531
2025-11-07 03:54:42,657 - INFO - Records in product_list: 8800
2025-11-07 03:54:45,390 - INFO - Completed: 8900 / To go: 3431
2025-11-07 03:54:45,390 - INFO - Records in product_list: 8900
2025-11-07 03:54:48,042 - INFO - Completed: 9000 / To go: 3331
2025-11-07 03:54:48,042 - INFO - Records in product_list: 9000
2025-11-07 03:54:50,689 - INFO - Completed: 9100 / To go: 3231
2025-11-07 03:54:50,690 - INFO - Records in product_list: 9100
2025-11-07 03:54:53,295 - INFO - Completed: 9200 / To go: 3131
2025-11-07 03:54:53,295 - INFO - Records in product_list: 9200
2025-11-07 03:54:55,919 - INFO - Completed: 9300 / To go: 3031
2025-11-07 03:54:55,919 - INFO - Records in product_list: 9300
2025-11-07 03:54:58,564 - INFO - Completed: 9400 / To go: 2931
2025-11-07 03:54:58,564 - INFO - Records in product_list: 9400
2025-11-07 03:55:01,219 - INFO - Completed: 9500 / To go: 2831
2025-11-07 03:55:01,219 - INFO - Records in product_list: 9500
2025-11-07 03:55:03,971 - INFO - Completed: 9600 / To go: 2731
2025-11-07 03:55:03,971 - INFO - Records in product_list: 9600
2025-11-07 03:55:06,695 - INFO - Completed: 9700 / To go: 2631
2025-11-07 03:55:06,695 - INFO - Records in product_list: 9700
2025-11-07 03:55:09,363 - INFO - Completed: 9800 / To go: 2531
2025-11-07 03:55:09,363 - INFO - Records in product_list: 9800
2025-11-07 03:55:12,096 - INFO - Completed: 9900 / To go: 2431
2025-11-07 03:55:12,096 - INFO - Records in product_list: 9900
2025-11-07 03:55:14,892 - INFO - Completed: 10000 / To go: 2331
2025-11-07 03:55:14,892 - INFO - Records in product_list: 10000
2025-11-07 03:55:17,788 - INFO - Completed: 10100 / To go: 2231
2025-11-07 03:55:17,788 - INFO - Records in product_list: 10100
2025-11-07 03:55:20,487 - INFO - Completed: 10200 / To go: 2131
2025-11-07 03:55:20,487 - INFO - Records in product_list: 10200
2025-11-07 03:55:23,192 - INFO - Completed: 10300 / To go: 2031
2025-11-07 03:55:23,193 - INFO - Records in product_list: 10300
2025-11-07 03:55:26,335 - INFO - Completed: 10400 / To go: 1931
2025-11-07 03:55:26,335 - INFO - Records in product_list: 10400
2025-11-07 03:55:28,989 - INFO - Completed: 10500 / To go: 1831
2025-11-07 03:55:28,990 - INFO - Records in product_list: 10500
2025-11-07 03:55:31,784 - INFO - Completed: 10600 / To go: 1731
2025-11-07 03:55:31,784 - INFO - Records in product_list: 10600
2025-11-07 03:55:34,507 - INFO - Completed: 10700 / To go: 1631
2025-11-07 03:55:34,507 - INFO - Records in product_list: 10700
2025-11-07 03:55:37,511 - INFO - Completed: 10800 / To go: 1531
2025-11-07 03:55:37,511 - INFO - Records in product_list: 10800
2025-11-07 03:55:40,279 - INFO - Completed: 10900 / To go: 1431
2025-11-07 03:55:40,279 - INFO - Records in product_list: 10900
2025-11-07 03:55:43,095 - INFO - Completed: 11000 / To go: 1331
2025-11-07 03:55:43,095 - INFO - Records in product_list: 11000
2025-11-07 03:55:45,878 - INFO - Completed: 11100 / To go: 1231
2025-11-07 03:55:45,878 - INFO - Records in product_list: 11100
2025-11-07 03:55:48,732 - INFO - Completed: 11200 / To go: 1131
2025-11-07 03:55:48,732 - INFO - Records in product_list: 11200
2025-11-07 03:55:51,494 - INFO - Completed: 11300 / To go: 1031
2025-11-07 03:55:51,494 - INFO - Records in product_list: 11300
2025-11-07 03:55:54,317 - INFO - Completed: 11400 / To go: 931
2025-11-07 03:55:54,317 - INFO - Records in product_list: 11400
2025-11-07 03:55:57,085 - INFO - Completed: 11500 / To go: 831
2025-11-07 03:55:57,085 - INFO - Records in product_list: 11500
2025-11-07 03:55:59,957 - INFO - Completed: 11600 / To go: 731
2025-11-07 03:55:59,957 - INFO - Records in product_list: 11600
2025-11-07 03:56:02,705 - INFO - Completed: 11700 / To go: 631
2025-11-07 03:56:02,705 - INFO - Records in product_list: 11700
2025-11-07 03:56:05,533 - INFO - Completed: 11800 / To go: 531
2025-11-07 03:56:05,533 - INFO - Records in product_list: 11800
2025-11-07 03:56:08,300 - INFO - Completed: 11900 / To go: 431
2025-11-07 03:56:08,300 - INFO - Records in product_list: 11900
2025-11-07 03:56:11,000 - INFO - Completed: 12000 / To go: 331
2025-11-07 03:56:11,001 - INFO - Records in product_list: 12000
2025-11-07 03:56:13,700 - INFO - Completed: 12100 / To go: 231
2025-11-07 03:56:13,700 - INFO - Records in product_list: 12100
2025-11-07 03:56:16,471 - INFO - Completed: 12200 / To go: 131
2025-11-07 03:56:16,471 - INFO - Records in product_list: 12200
2025-11-07 03:56:19,073 - INFO - Completed: 12300 / To go: 31
2025-11-07 03:56:19,074 - INFO - Records in product_list: 12300
2025-11-07 03:56:21,485 - INFO - Completed: 12331 / To go: 0
2025-11-07 03:56:21,485 - INFO - Records in product_list: 12331
2025-11-07 03:56:24,662 - INFO - Loading combined dataframe from local file: updated_combined_dataframe.csv
2025-11-08 03:41:25,855 - INFO - ============================================================
2025-11-08 03:41:25,855 - INFO - Billa Price Scraper - Starting
2025-11-08 03:41:25,855 - INFO - ============================================================
2025-11-08 03:41:27,230 - INFO - Completed: 100 / To go: 12225
2025-11-08 03:41:27,230 - INFO - Records in product_list: 100
2025-11-08 03:41:30,616 - INFO - Completed: 200 / To go: 12125
2025-11-08 03:41:30,616 - INFO - Records in product_list: 200
2025-11-08 03:41:33,884 - INFO - Completed: 300 / To go: 12025
2025-11-08 03:41:33,884 - INFO - Records in product_list: 300
2025-11-08 03:41:38,681 - INFO - Completed: 400 / To go: 11925
2025-11-08 03:41:38,681 - INFO - Records in product_list: 400
2025-11-08 03:41:42,119 - INFO - Completed: 500 / To go: 11825
2025-11-08 03:41:42,119 - INFO - Records in product_list: 500
2025-11-08 03:41:45,322 - INFO - Completed: 600 / To go: 11725
2025-11-08 03:41:45,323 - INFO - Records in product_list: 600
2025-11-08 03:41:48,206 - INFO - Completed: 700 / To go: 11625
2025-11-08 03:41:48,207 - INFO - Records in product_list: 700
2025-11-08 03:41:51,175 - INFO - Completed: 800 / To go: 11525
2025-11-08 03:41:51,176 - INFO - Records in product_list: 800
2025-11-08 03:41:54,999 - INFO - Completed: 900 / To go: 11425
2025-11-08 03:41:54,999 - INFO - Records in product_list: 900
2025-11-08 03:41:58,007 - INFO - Completed: 1000 / To go: 11325
2025-11-08 03:41:58,007 - INFO - Records in product_list: 1000
2025-11-08 03:42:00,977 - INFO - Completed: 1100 / To go: 11225
2025-11-08 03:42:00,977 - INFO - Records in product_list: 1100
2025-11-08 03:42:03,815 - INFO - Completed: 1200 / To go: 11125
2025-11-08 03:42:03,815 - INFO - Records in product_list: 1200
2025-11-08 03:42:06,758 - INFO - Completed: 1300 / To go: 11025
2025-11-08 03:42:06,758 - INFO - Records in product_list: 1300
2025-11-08 03:42:09,737 - INFO - Completed: 1400 / To go: 10925
2025-11-08 03:42:09,737 - INFO - Records in product_list: 1400
2025-11-08 03:42:12,715 - INFO - Completed: 1500 / To go: 10825
2025-11-08 03:42:12,715 - INFO - Records in product_list: 1500
2025-11-08 03:42:15,564 - INFO - Completed: 1600 / To go: 10725
2025-11-08 03:42:15,564 - INFO - Records in product_list: 1600
2025-11-08 03:42:18,408 - INFO - Completed: 1700 / To go: 10625
2025-11-08 03:42:18,408 - INFO - Records in product_list: 1700
2025-11-08 03:42:21,313 - INFO - Completed: 1800 / To go: 10525
2025-11-08 03:42:21,313 - INFO - Records in product_list: 1800
2025-11-08 03:42:24,171 - INFO - Completed: 1900 / To go: 10425
2025-11-08 03:42:24,171 - INFO - Records in product_list: 1900
2025-11-08 03:42:27,018 - INFO - Completed: 2000 / To go: 10325
2025-11-08 03:42:27,018 - INFO - Records in product_list: 2000
2025-11-08 03:42:29,915 - INFO - Completed: 2100 / To go: 10225
2025-11-08 03:42:29,915 - INFO - Records in product_list: 2100
2025-11-08 03:42:32,975 - INFO - Completed: 2200 / To go: 10125
2025-11-08 03:42:32,975 - INFO - Records in product_list: 2200
2025-11-08 03:42:35,925 - INFO - Completed: 2300 / To go: 10025
2025-11-08 03:42:35,926 - INFO - Records in product_list: 2300
2025-11-08 03:42:38,949 - INFO - Completed: 2400 / To go: 9925
2025-11-08 03:42:38,949 - INFO - Records in product_list: 2400
2025-11-08 03:42:41,837 - INFO - Completed: 2500 / To go: 9825
2025-11-08 03:42:41,837 - INFO - Records in product_list: 2500
2025-11-08 03:42:44,740 - INFO - Completed: 2600 / To go: 9725
2025-11-08 03:42:44,740 - INFO - Records in product_list: 2600
2025-11-08 03:42:47,725 - INFO - Completed: 2700 / To go: 9625
2025-11-08 03:42:47,725 - INFO - Records in product_list: 2700
2025-11-08 03:42:50,659 - INFO - Completed: 2800 / To go: 9525
2025-11-08 03:42:50,659 - INFO - Records in product_list: 2800
2025-11-08 03:42:53,526 - INFO - Completed: 2900 / To go: 9425
2025-11-08 03:42:53,526 - INFO - Records in product_list: 2900
2025-11-08 03:42:56,429 - INFO - Completed: 3000 / To go: 9325
2025-11-08 03:42:56,429 - INFO - Records in product_list: 3000
2025-11-08 03:42:59,326 - INFO - Completed: 3100 / To go: 9225
2025-11-08 03:42:59,327 - INFO - Records in product_list: 3100
2025-11-08 03:43:02,172 - INFO - Completed: 3200 / To go: 9125
2025-11-08 03:43:02,172 - INFO - Records in product_list: 3200
2025-11-08 03:43:04,988 - INFO - Completed: 3300 / To go: 9025
2025-11-08 03:43:04,988 - INFO - Records in product_list: 3300
2025-11-08 03:43:07,926 - INFO - Completed: 3400 / To go: 8925
2025-11-08 03:43:07,926 - INFO - Records in product_list: 3400
2025-11-08 03:43:10,755 - INFO - Completed: 3500 / To go: 8825
2025-11-08 03:43:10,755 - INFO - Records in product_list: 3500
2025-11-08 03:43:13,552 - INFO - Completed: 3600 / To go: 8725
2025-11-08 03:43:13,552 - INFO - Records in product_list: 3600
2025-11-08 03:43:16,326 - INFO - Completed: 3700 / To go: 8625
2025-11-08 03:43:16,326 - INFO - Records in product_list: 3700
2025-11-08 03:43:19,263 - INFO - Completed: 3800 / To go: 8525
2025-11-08 03:43:19,263 - INFO - Records in product_list: 3800
2025-11-08 03:43:22,332 - INFO - Completed: 3900 / To go: 8425
2025-11-08 03:43:22,332 - INFO - Records in product_list: 3900
2025-11-08 03:43:25,129 - INFO - Completed: 4000 / To go: 8325
2025-11-08 03:43:25,130 - INFO - Records in product_list: 4000
2025-11-08 03:43:27,964 - INFO - Completed: 4100 / To go: 8225
2025-11-08 03:43:27,964 - INFO - Records in product_list: 4100
2025-11-08 03:43:30,779 - INFO - Completed: 4200 / To go: 8125
2025-11-08 03:43:30,779 - INFO - Records in product_list: 4200
2025-11-08 03:43:33,565 - INFO - Completed: 4300 / To go: 8025
2025-11-08 03:43:33,565 - INFO - Records in product_list: 4300
2025-11-08 03:43:36,397 - INFO - Completed: 4400 / To go: 7925
2025-11-08 03:43:36,397 - INFO - Records in product_list: 4400
2025-11-08 03:43:39,368 - INFO - Completed: 4500 / To go: 7825
2025-11-08 03:43:39,368 - INFO - Records in product_list: 4500
2025-11-08 03:43:42,184 - INFO - Completed: 4600 / To go: 7725
2025-11-08 03:43:42,184 - INFO - Records in product_list: 4600
2025-11-08 03:43:45,114 - INFO - Completed: 4700 / To go: 7625
2025-11-08 03:43:45,114 - INFO - Records in product_list: 4700
2025-11-08 03:43:47,911 - INFO - Completed: 4800 / To go: 7525
2025-11-08 03:43:47,911 - INFO - Records in product_list: 4800
2025-11-08 03:43:50,730 - INFO - Completed: 4900 / To go: 7425
2025-11-08 03:43:50,730 - INFO - Records in product_list: 4900
2025-11-08 03:43:53,478 - INFO - Completed: 5000 / To go: 7325
2025-11-08 03:43:53,478 - INFO - Records in product_list: 5000
2025-11-08 03:43:56,277 - INFO - Completed: 5100 / To go: 7225
2025-11-08 03:43:56,277 - INFO - Records in product_list: 5100
2025-11-08 03:43:59,068 - INFO - Completed: 5200 / To go: 7125
2025-11-08 03:43:59,068 - INFO - Records in product_list: 5200
2025-11-08 03:44:02,065 - INFO - Completed: 5300 / To go: 7025
2025-11-08 03:44:02,065 - INFO - Records in product_list: 5300
2025-11-08 03:44:04,840 - INFO - Completed: 5400 / To go: 6925
2025-11-08 03:44:04,840 - INFO - Records in product_list: 5400
2025-11-08 03:44:07,551 - INFO - Completed: 5500 / To go: 6825
2025-11-08 03:44:07,551 - INFO - Records in product_list: 5500
2025-11-08 03:44:10,390 - INFO - Completed: 5600 / To go: 6725
2025-11-08 03:44:10,390 - INFO - Records in product_list: 5600
2025-11-08 03:44:13,467 - INFO - Completed: 5700 / To go: 6625
2025-11-08 03:44:13,467 - INFO - Records in product_list: 5700
2025-11-08 03:44:16,295 - INFO - Completed: 5800 / To go: 6525
2025-11-08 03:44:16,295 - INFO - Records in product_list: 5800
2025-11-08 03:44:19,224 - INFO - Completed: 5900 / To go: 6425
2025-11-08 03:44:19,224 - INFO - Records in product_list: 5900
2025-11-08 03:44:21,997 - INFO - Completed: 6000 / To go: 6325
2025-11-08 03:44:21,997 - INFO - Records in product_list: 6000
2025-11-08 03:44:24,710 - INFO - Completed: 6100 / To go: 6225
2025-11-08 03:44:24,710 - INFO - Records in product_list: 6100
2025-11-08 03:44:27,508 - INFO - Completed: 6200 / To go: 6125
2025-11-08 03:44:27,508 - INFO - Records in product_list: 6200
2025-11-08 03:44:30,211 - INFO - Completed: 6300 / To go: 6025
2025-11-08 03:44:30,211 - INFO - Records in product_list: 6300
2025-11-08 03:44:32,998 - INFO - Completed: 6400 / To go: 5925
2025-11-08 03:44:32,998 - INFO - Records in product_list: 6400
2025-11-08 03:44:35,735 - INFO - Completed: 6500 / To go: 5825
2025-11-08 03:44:35,735 - INFO - Records in product_list: 6500
2025-11-08 03:44:38,489 - INFO - Completed: 6600 / To go: 5725
2025-11-08 03:44:38,489 - INFO - Records in product_list: 6600
2025-11-08 03:44:41,181 - INFO - Completed: 6700 / To go: 5625
2025-11-08 03:44:41,181 - INFO - Records in product_list: 6700
2025-11-08 03:44:44,042 - INFO - Completed: 6800 / To go: 5525
2025-11-08 03:44:44,042 - INFO - Records in product_list: 6800
2025-11-08 03:44:46,892 - INFO - Completed: 6900 / To go: 5425
2025-11-08 03:44:46,892 - INFO - Records in product_list: 6900
2025-11-08 03:44:49,611 - INFO - Completed: 7000 / To go: 5325
2025-11-08 03:44:49,611 - INFO - Records in product_list: 7000
2025-11-08 03:44:52,274 - INFO - Completed: 7100 / To go: 5225
2025-11-08 03:44:52,274 - INFO - Records in product_list: 7100
2025-11-08 03:44:55,027 - INFO - Completed: 7200 / To go: 5125
2025-11-08 03:44:55,028 - INFO - Records in product_list: 7200
2025-11-08 03:44:57,854 - INFO - Completed: 7300 / To go: 5025
2025-11-08 03:44:57,854 - INFO - Records in product_list: 7300
2025-11-08 03:45:00,696 - INFO - Completed: 7400 / To go: 4925
2025-11-08 03:45:00,696 - INFO - Records in product_list: 7400
2025-11-08 03:45:03,393 - INFO - Completed: 7500 / To go: 4825
2025-11-08 03:45:03,393 - INFO - Records in product_list: 7500
2025-11-08 03:45:06,053 - INFO - Completed: 7600 / To go: 4725
2025-11-08 03:45:06,053 - INFO - Records in product_list: 7600
2025-11-08 03:45:08,744 - INFO - Completed: 7700 / To go: 4625
2025-11-08 03:45:08,744 - INFO - Records in product_list: 7700
2025-11-08 03:45:11,443 - INFO - Completed: 7800 / To go: 4525
2025-11-08 03:45:11,443 - INFO - Records in product_list: 7800
2025-11-08 03:45:14,404 - INFO - Completed: 7900 / To go: 4425
2025-11-08 03:45:14,404 - INFO - Records in product_list: 7900
2025-11-08 03:45:17,074 - INFO - Completed: 8000 / To go: 4325
2025-11-08 03:45:17,074 - INFO - Records in product_list: 8000
2025-11-08 03:45:19,847 - INFO - Completed: 8100 / To go: 4225
2025-11-08 03:45:19,847 - INFO - Records in product_list: 8100
2025-11-08 03:45:22,552 - INFO - Completed: 8200 / To go: 4125
2025-11-08 03:45:22,552 - INFO - Records in product_list: 8200
2025-11-08 03:45:25,466 - INFO - Completed: 8300 / To go: 4025
2025-11-08 03:45:25,466 - INFO - Records in product_list: 8300
2025-11-08 03:45:28,103 - INFO - Completed: 8400 / To go: 3925
2025-11-08 03:45:28,104 - INFO - Records in product_list: 8400
2025-11-08 03:45:30,762 - INFO - Completed: 8500 / To go: 3825
2025-11-08 03:45:30,763 - INFO - Records in product_list: 8500
2025-11-08 03:45:33,443 - INFO - Completed: 8600 / To go: 3725
2025-11-08 03:45:33,443 - INFO - Records in product_list: 8600
2025-11-08 03:45:36,123 - INFO - Completed: 8700 / To go: 3625
2025-11-08 03:45:36,123 - INFO - Records in product_list: 8700
2025-11-08 03:45:38,738 - INFO - Completed: 8800 / To go: 3525
2025-11-08 03:45:38,739 - INFO - Records in product_list: 8800
2025-11-08 03:45:41,494 - INFO - Completed: 8900 / To go: 3425
2025-11-08 03:45:41,494 - INFO - Records in product_list: 8900
2025-11-08 03:45:44,171 - INFO - Completed: 9000 / To go: 3325
2025-11-08 03:45:44,172 - INFO - Records in product_list: 9000
2025-11-08 03:45:46,885 - INFO - Completed: 9100 / To go: 3225
2025-11-08 03:45:46,885 - INFO - Records in product_list: 9100
2025-11-08 03:45:49,458 - INFO - Completed: 9200 / To go: 3125
2025-11-08 03:45:49,458 - INFO - Records in product_list: 9200
2025-11-08 03:45:52,111 - INFO - Completed: 9300 / To go: 3025
2025-11-08 03:45:52,112 - INFO - Records in product_list: 9300
2025-11-08 03:45:54,787 - INFO - Completed: 9400 / To go: 2925
2025-11-08 03:45:54,787 - INFO - Records in product_list: 9400
2025-11-08 03:45:57,450 - INFO - Completed: 9500 / To go: 2825
2025-11-08 03:45:57,450 - INFO - Records in product_list: 9500
2025-11-08 03:46:00,106 - INFO - Completed: 9600 / To go: 2725
2025-11-08 03:46:00,106 - INFO - Records in product_list: 9600
2025-11-08 03:46:02,811 - INFO - Completed: 9700 / To go: 2625
2025-11-08 03:46:02,811 - INFO - Records in product_list: 9700
2025-11-08 03:46:05,495 - INFO - Completed: 9800 / To go: 2525
2025-11-08 03:46:05,496 - INFO - Records in product_list: 9800
2025-11-08 03:46:08,421 - INFO - Completed: 9900 / To go: 2425
2025-11-08 03:46:08,421 - INFO - Records in product_list: 9900
2025-11-08 03:46:11,305 - INFO - Completed: 10000 / To go: 2325
2025-11-08 03:46:11,306 - INFO - Records in product_list: 10000
2025-11-08 03:46:13,997 - INFO - Completed: 10100 / To go: 2225
2025-11-08 03:46:13,997 - INFO - Records in product_list: 10100
2025-11-08 03:46:16,614 - INFO - Completed: 10200 / To go: 2125
2025-11-08 03:46:16,614 - INFO - Records in product_list: 10200
2025-11-08 03:46:19,463 - INFO - Completed: 10300 / To go: 2025
2025-11-08 03:46:19,464 - INFO - Records in product_list: 10300
2025-11-08 03:46:22,219 - INFO - Completed: 10400 / To go: 1925
2025-11-08 03:46:22,219 - INFO - Records in product_list: 10400
2025-11-08 03:46:24,807 - INFO - Completed: 10500 / To go: 1825
2025-11-08 03:46:24,807 - INFO - Records in product_list: 10500
2025-11-08 03:46:27,576 - INFO - Completed: 10600 / To go: 1725
2025-11-08 03:46:27,576 - INFO - Records in product_list: 10600
2025-11-08 03:46:30,354 - INFO - Completed: 10700 / To go: 1625
2025-11-08 03:46:30,354 - INFO - Records in product_list: 10700
2025-11-08 03:46:33,061 - INFO - Completed: 10800 / To go: 1525
2025-11-08 03:46:33,061 - INFO - Records in product_list: 10800
2025-11-08 03:46:35,977 - INFO - Completed: 10900 / To go: 1425
2025-11-08 03:46:35,977 - INFO - Records in product_list: 10900
2025-11-08 03:46:38,784 - INFO - Completed: 11000 / To go: 1325
2025-11-08 03:46:38,784 - INFO - Records in product_list: 11000
2025-11-08 03:46:41,592 - INFO - Completed: 11100 / To go: 1225
2025-11-08 03:46:41,592 - INFO - Records in product_list: 11100
2025-11-08 03:46:44,353 - INFO - Completed: 11200 / To go: 1125
2025-11-08 03:46:44,353 - INFO - Records in product_list: 11200
2025-11-08 03:46:47,040 - INFO - Completed: 11300 / To go: 1025
2025-11-08 03:46:47,040 - INFO - Records in product_list: 11300
2025-11-08 03:46:49,986 - INFO - Completed: 11400 / To go: 925
2025-11-08 03:46:49,986 - INFO - Records in product_list: 11400
2025-11-08 03:46:52,745 - INFO - Completed: 11500 / To go: 825
2025-11-08 03:46:52,745 - INFO - Records in product_list: 11500
2025-11-08 03:46:55,495 - INFO - Completed: 11600 / To go: 725
2025-11-08 03:46:55,495 - INFO - Records in product_list: 11600
2025-11-08 03:46:58,279 - INFO - Completed: 11700 / To go: 625
2025-11-08 03:46:58,279 - INFO - Records in product_list: 11700
2025-11-08 03:47:01,088 - INFO - Completed: 11800 / To go: 525
2025-11-08 03:47:01,089 - INFO - Records in product_list: 11800
2025-11-08 03:47:03,808 - INFO - Completed: 11900 / To go: 425
2025-11-08 03:47:03,808 - INFO - Records in product_list: 11900
2025-11-08 03:47:06,444 - INFO - Completed: 12000 / To go: 325
2025-11-08 03:47:06,445 - INFO - Records in product_list: 12000
2025-11-08 03:47:09,101 - INFO - Completed: 12100 / To go: 225
2025-11-08 03:47:09,101 - INFO - Records in product_list: 12100
2025-11-08 03:47:11,957 - INFO - Completed: 12200 / To go: 125
2025-11-08 03:47:11,958 - INFO - Records in product_list: 12200
2025-11-08 03:47:14,533 - INFO - Completed: 12300 / To go: 25
2025-11-08 03:47:14,533 - INFO - Records in product_list: 12300
2025-11-08 03:47:16,923 - INFO - Completed: 12325 / To go: 0
2025-11-08 03:47:16,923 - INFO - Records in product_list: 12325
2025-11-08 03:47:19,969 - INFO - Loading combined dataframe from local file: updated_combined_dataframe.csv
2025-11-09 03:51:49,728 - INFO - ============================================================
2025-11-09 03:51:49,728 - INFO - Billa Price Scraper - Starting
2025-11-09 03:51:49,728 - INFO - ============================================================
2025-11-09 03:51:51,943 - INFO - Completed: 100 / To go: 12219
2025-11-09 03:51:51,943 - INFO - Records in product_list: 100
2025-11-09 03:51:55,359 - INFO - Completed: 200 / To go: 12119
2025-11-09 03:51:55,359 - INFO - Records in product_list: 200
2025-11-09 03:51:58,866 - INFO - Completed: 300 / To go: 12019
2025-11-09 03:51:58,866 - INFO - Records in product_list: 300
2025-11-09 03:52:02,326 - INFO - Completed: 400 / To go: 11919
2025-11-09 03:52:02,326 - INFO - Records in product_list: 400
2025-11-09 03:52:05,634 - INFO - Completed: 500 / To go: 11819
2025-11-09 03:52:05,634 - INFO - Records in product_list: 500
2025-11-09 03:52:08,948 - INFO - Completed: 600 / To go: 11719
2025-11-09 03:52:08,949 - INFO - Records in product_list: 600
2025-11-09 03:52:12,301 - INFO - Completed: 700 / To go: 11619
2025-11-09 03:52:12,301 - INFO - Records in product_list: 700
2025-11-09 03:52:15,663 - INFO - Completed: 800 / To go: 11519
2025-11-09 03:52:15,663 - INFO - Records in product_list: 800
2025-11-09 03:52:19,034 - INFO - Completed: 900 / To go: 11419
2025-11-09 03:52:19,034 - INFO - Records in product_list: 900
2025-11-09 03:52:22,351 - INFO - Completed: 1000 / To go: 11319
2025-11-09 03:52:22,351 - INFO - Records in product_list: 1000
2025-11-09 03:52:25,902 - INFO - Completed: 1100 / To go: 11219
2025-11-09 03:52:25,902 - INFO - Records in product_list: 1100
2025-11-09 03:52:29,031 - INFO - Completed: 1200 / To go: 11119
2025-11-09 03:52:29,031 - INFO - Records in product_list: 1200
2025-11-09 03:52:32,177 - INFO - Completed: 1300 / To go: 11019
2025-11-09 03:52:32,177 - INFO - Records in product_list: 1300
2025-11-09 03:52:35,539 - INFO - Completed: 1400 / To go: 10919
2025-11-09 03:52:35,539 - INFO - Records in product_list: 1400
2025-11-09 03:52:38,627 - INFO - Completed: 1500 / To go: 10819
2025-11-09 03:52:38,627 - INFO - Records in product_list: 1500
2025-11-09 03:52:41,941 - INFO - Completed: 1600 / To go: 10719
2025-11-09 03:52:41,941 - INFO - Records in product_list: 1600
2025-11-09 03:52:45,282 - INFO - Completed: 1700 / To go: 10619
2025-11-09 03:52:45,282 - INFO - Records in product_list: 1700
2025-11-09 03:52:48,356 - INFO - Completed: 1800 / To go: 10519
2025-11-09 03:52:48,356 - INFO - Records in product_list: 1800
2025-11-09 03:52:51,669 - INFO - Completed: 1900 / To go: 10419
2025-11-09 03:52:51,669 - INFO - Records in product_list: 1900
2025-11-09 03:52:54,769 - INFO - Completed: 2000 / To go: 10319
2025-11-09 03:52:54,770 - INFO - Records in product_list: 2000
2025-11-09 03:52:58,080 - INFO - Completed: 2100 / To go: 10219
2025-11-09 03:52:58,080 - INFO - Records in product_list: 2100
2025-11-09 03:53:01,215 - INFO - Completed: 2200 / To go: 10119
2025-11-09 03:53:01,215 - INFO - Records in product_list: 2200
2025-11-09 03:53:04,347 - INFO - Completed: 2300 / To go: 10019
2025-11-09 03:53:04,347 - INFO - Records in product_list: 2300
2025-11-09 03:53:07,430 - INFO - Completed: 2400 / To go: 9919
2025-11-09 03:53:07,430 - INFO - Records in product_list: 2400
2025-11-09 03:53:10,498 - INFO - Completed: 2500 / To go: 9819
2025-11-09 03:53:10,498 - INFO - Records in product_list: 2500
2025-11-09 03:53:13,624 - INFO - Completed: 2600 / To go: 9719
2025-11-09 03:53:13,624 - INFO - Records in product_list: 2600
2025-11-09 03:53:16,715 - INFO - Completed: 2700 / To go: 9619
2025-11-09 03:53:16,716 - INFO - Records in product_list: 2700
2025-11-09 03:53:19,801 - INFO - Completed: 2800 / To go: 9519
2025-11-09 03:53:19,801 - INFO - Records in product_list: 2800
2025-11-09 03:53:22,879 - INFO - Completed: 2900 / To go: 9419
2025-11-09 03:53:22,880 - INFO - Records in product_list: 2900
2025-11-09 03:53:25,856 - INFO - Completed: 3000 / To go: 9319
2025-11-09 03:53:25,856 - INFO - Records in product_list: 3000
2025-11-09 03:53:28,904 - INFO - Completed: 3100 / To go: 9219
2025-11-09 03:53:28,904 - INFO - Records in product_list: 3100
2025-11-09 03:53:31,910 - INFO - Completed: 3200 / To go: 9119
2025-11-09 03:53:31,910 - INFO - Records in product_list: 3200
2025-11-09 03:53:34,847 - INFO - Completed: 3300 / To go: 9019
2025-11-09 03:53:34,847 - INFO - Records in product_list: 3300
2025-11-09 03:53:37,885 - INFO - Completed: 3400 / To go: 8919
2025-11-09 03:53:37,885 - INFO - Records in product_list: 3400
2025-11-09 03:53:40,890 - INFO - Completed: 3500 / To go: 8819
2025-11-09 03:53:40,890 - INFO - Records in product_list: 3500
2025-11-09 03:53:43,841 - INFO - Completed: 3600 / To go: 8719
2025-11-09 03:53:43,841 - INFO - Records in product_list: 3600
2025-11-09 03:53:46,824 - INFO - Completed: 3700 / To go: 8619
2025-11-09 03:53:46,824 - INFO - Records in product_list: 3700
2025-11-09 03:53:49,794 - INFO - Completed: 3800 / To go: 8519
2025-11-09 03:53:49,794 - INFO - Records in product_list: 3800
2025-11-09 03:53:52,840 - INFO - Completed: 3900 / To go: 8419
2025-11-09 03:53:52,841 - INFO - Records in product_list: 3900
2025-11-09 03:53:55,748 - INFO - Completed: 4000 / To go: 8319
2025-11-09 03:53:55,748 - INFO - Records in product_list: 4000
2025-11-09 03:53:58,676 - INFO - Completed: 4100 / To go: 8219
2025-11-09 03:53:58,676 - INFO - Records in product_list: 4100
2025-11-09 03:54:01,600 - INFO - Completed: 4200 / To go: 8119
2025-11-09 03:54:01,600 - INFO - Records in product_list: 4200
2025-11-09 03:54:04,478 - INFO - Completed: 4300 / To go: 8019
2025-11-09 03:54:04,478 - INFO - Records in product_list: 4300
2025-11-09 03:54:07,378 - INFO - Completed: 4400 / To go: 7919
2025-11-09 03:54:07,378 - INFO - Records in product_list: 4400
2025-11-09 03:54:10,337 - INFO - Completed: 4500 / To go: 7819
2025-11-09 03:54:10,337 - INFO - Records in product_list: 4500
2025-11-09 03:54:13,462 - INFO - Completed: 4600 / To go: 7719
2025-11-09 03:54:13,462 - INFO - Records in product_list: 4600
2025-11-09 03:54:16,450 - INFO - Completed: 4700 / To go: 7619
2025-11-09 03:54:16,450 - INFO - Records in product_list: 4700
2025-11-09 03:54:19,346 - INFO - Completed: 4800 / To go: 7519
2025-11-09 03:54:19,346 - INFO - Records in product_list: 4800
2025-11-09 03:54:22,230 - INFO - Completed: 4900 / To go: 7419
2025-11-09 03:54:22,230 - INFO - Records in product_list: 4900
2025-11-09 03:54:25,093 - INFO - Completed: 5000 / To go: 7319
2025-11-09 03:54:25,094 - INFO - Records in product_list: 5000
2025-11-09 03:54:27,985 - INFO - Completed: 5100 / To go: 7219
2025-11-09 03:54:27,985 - INFO - Records in product_list: 5100
2025-11-09 03:54:30,910 - INFO - Completed: 5200 / To go: 7119
2025-11-09 03:54:30,910 - INFO - Records in product_list: 5200
2025-11-09 03:54:33,762 - INFO - Completed: 5300 / To go: 7019
2025-11-09 03:54:33,762 - INFO - Records in product_list: 5300
2025-11-09 03:54:36,647 - INFO - Completed: 5400 / To go: 6919
2025-11-09 03:54:36,647 - INFO - Records in product_list: 5400
2025-11-09 03:54:39,597 - INFO - Completed: 5500 / To go: 6819
2025-11-09 03:54:39,597 - INFO - Records in product_list: 5500
2025-11-09 03:54:42,514 - INFO - Completed: 5600 / To go: 6719
2025-11-09 03:54:42,514 - INFO - Records in product_list: 5600
2025-11-09 03:54:45,419 - INFO - Completed: 5700 / To go: 6619
2025-11-09 03:54:45,420 - INFO - Records in product_list: 5700
2025-11-09 03:54:48,344 - INFO - Completed: 5800 / To go: 6519
2025-11-09 03:54:48,344 - INFO - Records in product_list: 5800
2025-11-09 03:54:51,172 - INFO - Completed: 5900 / To go: 6419
2025-11-09 03:54:51,172 - INFO - Records in product_list: 5900
2025-11-09 03:54:54,031 - INFO - Completed: 6000 / To go: 6319
2025-11-09 03:54:54,031 - INFO - Records in product_list: 6000
2025-11-09 03:54:56,839 - INFO - Completed: 6100 / To go: 6219
2025-11-09 03:54:56,839 - INFO - Records in product_list: 6100
2025-11-09 03:54:59,701 - INFO - Completed: 6200 / To go: 6119
2025-11-09 03:54:59,701 - INFO - Records in product_list: 6200
2025-11-09 03:55:02,602 - INFO - Completed: 6300 / To go: 6019
2025-11-09 03:55:02,602 - INFO - Records in product_list: 6300
2025-11-09 03:55:05,485 - INFO - Completed: 6400 / To go: 5919
2025-11-09 03:55:05,485 - INFO - Records in product_list: 6400
2025-11-09 03:55:08,374 - INFO - Completed: 6500 / To go: 5819
2025-11-09 03:55:08,374 - INFO - Records in product_list: 6500
2025-11-09 03:55:11,206 - INFO - Completed: 6600 / To go: 5719
2025-11-09 03:55:11,206 - INFO - Records in product_list: 6600
2025-11-09 03:55:14,043 - INFO - Completed: 6700 / To go: 5619
2025-11-09 03:55:14,043 - INFO - Records in product_list: 6700
2025-11-09 03:55:16,900 - INFO - Completed: 6800 / To go: 5519
2025-11-09 03:55:16,900 - INFO - Records in product_list: 6800
2025-11-09 03:55:19,881 - INFO - Completed: 6900 / To go: 5419
2025-11-09 03:55:19,881 - INFO - Records in product_list: 6900
2025-11-09 03:55:22,676 - INFO - Completed: 7000 / To go: 5319
2025-11-09 03:55:22,676 - INFO - Records in product_list: 7000
2025-11-09 03:55:25,483 - INFO - Completed: 7100 / To go: 5219
2025-11-09 03:55:25,483 - INFO - Records in product_list: 7100
2025-11-09 03:55:28,312 - INFO - Completed: 7200 / To go: 5119
2025-11-09 03:55:28,312 - INFO - Records in product_list: 7200
2025-11-09 03:55:31,221 - INFO - Completed: 7300 / To go: 5019
2025-11-09 03:55:31,222 - INFO - Records in product_list: 7300
2025-11-09 03:55:34,071 - INFO - Completed: 7400 / To go: 4919
2025-11-09 03:55:34,072 - INFO - Records in product_list: 7400
2025-11-09 03:55:36,917 - INFO - Completed: 7500 / To go: 4819
2025-11-09 03:55:36,917 - INFO - Records in product_list: 7500
2025-11-09 03:55:39,700 - INFO - Completed: 7600 / To go: 4719
2025-11-09 03:55:39,700 - INFO - Records in product_list: 7600
2025-11-09 03:55:42,483 - INFO - Completed: 7700 / To go: 4619
2025-11-09 03:55:42,483 - INFO - Records in product_list: 7700
2025-11-09 03:55:45,296 - INFO - Completed: 7800 / To go: 4519
2025-11-09 03:55:45,296 - INFO - Records in product_list: 7800
2025-11-09 03:55:48,059 - INFO - Completed: 7900 / To go: 4419
2025-11-09 03:55:48,060 - INFO - Records in product_list: 7900
2025-11-09 03:55:50,868 - INFO - Completed: 8000 / To go: 4319
2025-11-09 03:55:50,869 - INFO - Records in product_list: 8000
2025-11-09 03:55:53,640 - INFO - Completed: 8100 / To go: 4219
2025-11-09 03:55:53,640 - INFO - Records in product_list: 8100
2025-11-09 03:55:56,397 - INFO - Completed: 8200 / To go: 4119
2025-11-09 03:55:56,397 - INFO - Records in product_list: 8200
2025-11-09 03:55:59,188 - INFO - Completed: 8300 / To go: 4019
2025-11-09 03:55:59,188 - INFO - Records in product_list: 8300
2025-11-09 03:56:01,915 - INFO - Completed: 8400 / To go: 3919
2025-11-09 03:56:01,915 - INFO - Records in product_list: 8400
2025-11-09 03:56:04,624 - INFO - Completed: 8500 / To go: 3819
2025-11-09 03:56:04,624 - INFO - Records in product_list: 8500
2025-11-09 03:56:07,401 - INFO - Completed: 8600 / To go: 3719
2025-11-09 03:56:07,401 - INFO - Records in product_list: 8600
2025-11-09 03:56:10,129 - INFO - Completed: 8700 / To go: 3619
2025-11-09 03:56:10,130 - INFO - Records in product_list: 8700
2025-11-09 03:56:12,877 - INFO - Completed: 8800 / To go: 3519
2025-11-09 03:56:12,877 - INFO - Records in product_list: 8800
2025-11-09 03:56:15,690 - INFO - Completed: 8900 / To go: 3419
2025-11-09 03:56:15,690 - INFO - Records in product_list: 8900
2025-11-09 03:56:18,409 - INFO - Completed: 9000 / To go: 3319
2025-11-09 03:56:18,409 - INFO - Records in product_list: 9000
2025-11-09 03:56:21,157 - INFO - Completed: 9100 / To go: 3219
2025-11-09 03:56:21,157 - INFO - Records in product_list: 9100
2025-11-09 03:56:23,858 - INFO - Completed: 9200 / To go: 3119
2025-11-09 03:56:23,858 - INFO - Records in product_list: 9200
2025-11-09 03:56:26,608 - INFO - Completed: 9300 / To go: 3019
2025-11-09 03:56:26,608 - INFO - Records in product_list: 9300
2025-11-09 03:56:29,393 - INFO - Completed: 9400 / To go: 2919
2025-11-09 03:56:29,393 - INFO - Records in product_list: 9400
2025-11-09 03:56:32,200 - INFO - Completed: 9500 / To go: 2819
2025-11-09 03:56:32,200 - INFO - Records in product_list: 9500
2025-11-09 03:56:34,997 - INFO - Completed: 9600 / To go: 2719
2025-11-09 03:56:34,997 - INFO - Records in product_list: 9600
2025-11-09 03:56:37,791 - INFO - Completed: 9700 / To go: 2619
2025-11-09 03:56:37,791 - INFO - Records in product_list: 9700
2025-11-09 03:56:40,549 - INFO - Completed: 9800 / To go: 2519
2025-11-09 03:56:40,549 - INFO - Records in product_list: 9800
2025-11-09 03:56:43,347 - INFO - Completed: 9900 / To go: 2419
2025-11-09 03:56:43,347 - INFO - Records in product_list: 9900
2025-11-09 03:56:46,176 - INFO - Completed: 10000 / To go: 2319
2025-11-09 03:56:46,176 - INFO - Records in product_list: 10000
2025-11-09 03:56:48,978 - INFO - Completed: 10100 / To go: 2219
2025-11-09 03:56:48,978 - INFO - Records in product_list: 10100
2025-11-09 03:56:51,715 - INFO - Completed: 10200 / To go: 2119
2025-11-09 03:56:51,715 - INFO - Records in product_list: 10200
2025-11-09 03:56:54,687 - INFO - Completed: 10300 / To go: 2019
2025-11-09 03:56:54,687 - INFO - Records in product_list: 10300
2025-11-09 03:56:57,554 - INFO - Completed: 10400 / To go: 1919
2025-11-09 03:56:57,554 - INFO - Records in product_list: 10400
2025-11-09 03:57:00,283 - INFO - Completed: 10500 / To go: 1819
2025-11-09 03:57:00,283 - INFO - Records in product_list: 10500
2025-11-09 03:57:03,134 - INFO - Completed: 10600 / To go: 1719
2025-11-09 03:57:03,134 - INFO - Records in product_list: 10600
2025-11-09 03:57:06,038 - INFO - Completed: 10700 / To go: 1619
2025-11-09 03:57:06,038 - INFO - Records in product_list: 10700
2025-11-09 03:57:08,854 - INFO - Completed: 10800 / To go: 1519
2025-11-09 03:57:08,854 - INFO - Records in product_list: 10800
2025-11-09 03:57:11,671 - INFO - Completed: 10900 / To go: 1419
2025-11-09 03:57:11,671 - INFO - Records in product_list: 10900
2025-11-09 03:57:14,628 - INFO - Completed: 11000 / To go: 1319
2025-11-09 03:57:14,628 - INFO - Records in product_list: 11000
2025-11-09 03:57:17,476 - INFO - Completed: 11100 / To go: 1219
2025-11-09 03:57:17,476 - INFO - Records in product_list: 11100
2025-11-09 03:57:20,397 - INFO - Completed: 11200 / To go: 1119
2025-11-09 03:57:20,397 - INFO - Records in product_list: 11200
2025-11-09 03:57:23,188 - INFO - Completed: 11300 / To go: 1019
2025-11-09 03:57:23,188 - INFO - Records in product_list: 11300
2025-11-09 03:57:26,074 - INFO - Completed: 11400 / To go: 919
2025-11-09 03:57:26,074 - INFO - Records in product_list: 11400
2025-11-09 03:57:29,037 - INFO - Completed: 11500 / To go: 819
2025-11-09 03:57:29,037 - INFO - Records in product_list: 11500
2025-11-09 03:57:31,859 - INFO - Completed: 11600 / To go: 719
2025-11-09 03:57:31,859 - INFO - Records in product_list: 11600
2025-11-09 03:57:34,795 - INFO - Completed: 11700 / To go: 619
2025-11-09 03:57:34,795 - INFO - Records in product_list: 11700
2025-11-09 03:57:37,577 - INFO - Completed: 11800 / To go: 519
2025-11-09 03:57:37,578 - INFO - Records in product_list: 11800
2025-11-09 03:57:40,396 - INFO - Completed: 11900 / To go: 419
2025-11-09 03:57:40,397 - INFO - Records in product_list: 11900
2025-11-09 03:57:43,148 - INFO - Completed: 12000 / To go: 319
2025-11-09 03:57:43,148 - INFO - Records in product_list: 12000
2025-11-09 03:57:46,010 - INFO - Completed: 12100 / To go: 219
2025-11-09 03:57:46,010 - INFO - Records in product_list: 12100
2025-11-09 03:57:48,890 - INFO - Completed: 12200 / To go: 119
2025-11-09 03:57:48,890 - INFO - Records in product_list: 12200
2025-11-09 03:57:51,532 - INFO - Completed: 12300 / To go: 19
2025-11-09 03:57:51,532 - INFO - Records in product_list: 12300
2025-11-09 03:57:53,965 - INFO - Completed: 12319 / To go: 0
2025-11-09 03:57:53,965 - INFO - Records in product_list: 12319
2025-11-09 03:57:57,146 - INFO - Loading combined dataframe from local file: updated_combined_dataframe.csv
2025-11-10 03:59:15,557 - INFO - ============================================================
2025-11-10 03:59:15,558 - INFO - Billa Price Scraper - Starting
2025-11-10 03:59:15,558 - INFO - ============================================================
2025-11-10 03:59:17,193 - INFO - Completed: 100 / To go: 12237
2025-11-10 03:59:17,194 - INFO - Records in product_list: 100
2025-11-10 03:59:20,497 - INFO - Completed: 200 / To go: 12137
2025-11-10 03:59:20,497 - INFO - Records in product_list: 200
2025-11-10 03:59:23,844 - INFO - Completed: 300 / To go: 12037
2025-11-10 03:59:23,844 - INFO - Records in product_list: 300
2025-11-10 03:59:27,190 - INFO - Completed: 400 / To go: 11937
2025-11-10 03:59:27,190 - INFO - Records in product_list: 400
2025-11-10 03:59:30,429 - INFO - Completed: 500 / To go: 11837
2025-11-10 03:59:30,429 - INFO - Records in product_list: 500
2025-11-10 03:59:33,655 - INFO - Completed: 600 / To go: 11737
2025-11-10 03:59:33,655 - INFO - Records in product_list: 600
2025-11-10 03:59:36,818 - INFO - Completed: 700 / To go: 11637
2025-11-10 03:59:36,818 - INFO - Records in product_list: 700
2025-11-10 03:59:39,890 - INFO - Completed: 800 / To go: 11537
2025-11-10 03:59:39,890 - INFO - Records in product_list: 800
2025-11-10 03:59:43,059 - INFO - Completed: 900 / To go: 11437
2025-11-10 03:59:43,059 - INFO - Records in product_list: 900
2025-11-10 03:59:46,357 - INFO - Completed: 1000 / To go: 11337
2025-11-10 03:59:46,357 - INFO - Records in product_list: 1000
2025-11-10 03:59:49,574 - INFO - Completed: 1100 / To go: 11237
2025-11-10 03:59:49,574 - INFO - Records in product_list: 1100
2025-11-10 03:59:52,692 - INFO - Completed: 1200 / To go: 11137
2025-11-10 03:59:52,692 - INFO - Records in product_list: 1200
2025-11-10 03:59:55,850 - INFO - Completed: 1300 / To go: 11037
2025-11-10 03:59:55,850 - INFO - Records in product_list: 1300
2025-11-10 03:59:59,070 - INFO - Completed: 1400 / To go: 10937
2025-11-10 03:59:59,070 - INFO - Records in product_list: 1400
2025-11-10 04:00:01,982 - INFO - Completed: 1500 / To go: 10837
2025-11-10 04:00:01,982 - INFO - Records in product_list: 1500
2025-11-10 04:00:04,954 - INFO - Completed: 1600 / To go: 10737
2025-11-10 04:00:04,954 - INFO - Records in product_list: 1600
2025-11-10 04:00:08,061 - INFO - Completed: 1700 / To go: 10637
2025-11-10 04:00:08,062 - INFO - Records in product_list: 1700
2025-11-10 04:00:11,087 - INFO - Completed: 1800 / To go: 10537
2025-11-10 04:00:11,087 - INFO - Records in product_list: 1800
2025-11-10 04:00:14,076 - INFO - Completed: 1900 / To go: 10437
2025-11-10 04:00:14,076 - INFO - Records in product_list: 1900
2025-11-10 04:00:17,338 - INFO - Completed: 2000 / To go: 10337
2025-11-10 04:00:17,338 - INFO - Records in product_list: 2000
2025-11-10 04:00:20,393 - INFO - Completed: 2100 / To go: 10237
2025-11-10 04:00:20,393 - INFO - Records in product_list: 2100
2025-11-10 04:00:23,375 - INFO - Completed: 2200 / To go: 10137
2025-11-10 04:00:23,375 - INFO - Records in product_list: 2200
2025-11-10 04:00:26,350 - INFO - Completed: 2300 / To go: 10037
2025-11-10 04:00:26,350 - INFO - Records in product_list: 2300
2025-11-10 04:00:29,400 - INFO - Completed: 2400 / To go: 9937
2025-11-10 04:00:29,400 - INFO - Records in product_list: 2400
2025-11-10 04:00:32,434 - INFO - Completed: 2500 / To go: 9837
2025-11-10 04:00:32,435 - INFO - Records in product_list: 2500
2025-11-10 04:00:35,496 - INFO - Completed: 2600 / To go: 9737
2025-11-10 04:00:35,496 - INFO - Records in product_list: 2600
2025-11-10 04:00:38,424 - INFO - Completed: 2700 / To go: 9637
2025-11-10 04:00:38,424 - INFO - Records in product_list: 2700
2025-11-10 04:00:41,498 - INFO - Completed: 2800 / To go: 9537
2025-11-10 04:00:41,498 - INFO - Records in product_list: 2800
2025-11-10 04:00:44,509 - INFO - Completed: 2900 / To go: 9437
2025-11-10 04:00:44,509 - INFO - Records in product_list: 2900
2025-11-10 04:00:47,467 - INFO - Completed: 3000 / To go: 9337
2025-11-10 04:00:47,467 - INFO - Records in product_list: 3000
2025-11-10 04:00:50,474 - INFO - Completed: 3100 / To go: 9237
2025-11-10 04:00:50,474 - INFO - Records in product_list: 3100
2025-11-10 04:00:53,382 - INFO - Completed: 3200 / To go: 9137
2025-11-10 04:00:53,383 - INFO - Records in product_list: 3200
2025-11-10 04:00:56,477 - INFO - Completed: 3300 / To go: 9037
2025-11-10 04:00:56,477 - INFO - Records in product_list: 3300
2025-11-10 04:00:59,456 - INFO - Completed: 3400 / To go: 8937
2025-11-10 04:00:59,456 - INFO - Records in product_list: 3400
2025-11-10 04:01:02,315 - INFO - Completed: 3500 / To go: 8837
2025-11-10 04:01:02,315 - INFO - Records in product_list: 3500
2025-11-10 04:01:05,228 - INFO - Completed: 3600 / To go: 8737
2025-11-10 04:01:05,228 - INFO - Records in product_list: 3600
2025-11-10 04:01:08,203 - INFO - Completed: 3700 / To go: 8637
2025-11-10 04:01:08,203 - INFO - Records in product_list: 3700
2025-11-10 04:01:11,183 - INFO - Completed: 3800 / To go: 8537
2025-11-10 04:01:11,183 - INFO - Records in product_list: 3800
2025-11-10 04:01:14,412 - INFO - Completed: 3900 / To go: 8437
2025-11-10 04:01:14,412 - INFO - Records in product_list: 3900
2025-11-10 04:01:17,230 - INFO - Completed: 4000 / To go: 8337
2025-11-10 04:01:17,231 - INFO - Records in product_list: 4000
2025-11-10 04:01:20,397 - INFO - Completed: 4100 / To go: 8237
2025-11-10 04:01:20,397 - INFO - Records in product_list: 4100
2025-11-10 04:01:23,397 - INFO - Completed: 4200 / To go: 8137
2025-11-10 04:01:23,397 - INFO - Records in product_list: 4200
2025-11-10 04:01:26,239 - INFO - Completed: 4300 / To go: 8037
2025-11-10 04:01:26,239 - INFO - Records in product_list: 4300
2025-11-10 04:01:29,112 - INFO - Completed: 4400 / To go: 7937
2025-11-10 04:01:29,112 - INFO - Records in product_list: 4400
2025-11-10 04:01:32,052 - INFO - Completed: 4500 / To go: 7837
2025-11-10 04:01:32,052 - INFO - Records in product_list: 4500
2025-11-10 04:01:35,169 - INFO - Completed: 4600 / To go: 7737
2025-11-10 04:01:35,169 - INFO - Records in product_list: 4600
2025-11-10 04:01:38,010 - INFO - Completed: 4700 / To go: 7637
2025-11-10 04:01:38,011 - INFO - Records in product_list: 4700
2025-11-10 04:01:40,796 - INFO - Completed: 4800 / To go: 7537
2025-11-10 04:01:40,796 - INFO - Records in product_list: 4800
2025-11-10 04:01:43,823 - INFO - Completed: 4900 / To go: 7437
2025-11-10 04:01:43,823 - INFO - Records in product_list: 4900
2025-11-10 04:01:46,647 - INFO - Completed: 5000 / To go: 7337
2025-11-10 04:01:46,647 - INFO - Records in product_list: 5000
2025-11-10 04:01:49,641 - INFO - Completed: 5100 / To go: 7237
2025-11-10 04:01:49,641 - INFO - Records in product_list: 5100
2025-11-10 04:01:52,483 - INFO - Completed: 5200 / To go: 7137
2025-11-10 04:01:52,483 - INFO - Records in product_list: 5200
2025-11-10 04:01:55,373 - INFO - Completed: 5300 / To go: 7037
2025-11-10 04:01:55,373 - INFO - Records in product_list: 5300
2025-11-10 04:01:58,226 - INFO - Completed: 5400 / To go: 6937
2025-11-10 04:01:58,226 - INFO - Records in product_list: 5400
2025-11-10 04:02:01,060 - INFO - Completed: 5500 / To go: 6837
2025-11-10 04:02:01,060 - INFO - Records in product_list: 5500
2025-11-10 04:02:03,887 - INFO - Completed: 5600 / To go: 6737
2025-11-10 04:02:03,887 - INFO - Records in product_list: 5600
2025-11-10 04:02:06,764 - INFO - Completed: 5700 / To go: 6637
2025-11-10 04:02:06,764 - INFO - Records in product_list: 5700
2025-11-10 04:02:09,775 - INFO - Completed: 5800 / To go: 6537
2025-11-10 04:02:09,775 - INFO - Records in product_list: 5800
2025-11-10 04:02:12,657 - INFO - Completed: 5900 / To go: 6437
2025-11-10 04:02:12,657 - INFO - Records in product_list: 5900
2025-11-10 04:02:15,502 - INFO - Completed: 6000 / To go: 6337
2025-11-10 04:02:15,502 - INFO - Records in product_list: 6000
2025-11-10 04:02:18,311 - INFO - Completed: 6100 / To go: 6237
2025-11-10 04:02:18,311 - INFO - Records in product_list: 6100
2025-11-10 04:02:21,440 - INFO - Completed: 6200 / To go: 6137
2025-11-10 04:02:21,440 - INFO - Records in product_list: 6200
2025-11-10 04:02:24,266 - INFO - Completed: 6300 / To go: 6037
2025-11-10 04:02:24,266 - INFO - Records in product_list: 6300
2025-11-10 04:02:27,441 - INFO - Completed: 6400 / To go: 5937
2025-11-10 04:02:27,441 - INFO - Records in product_list: 6400
2025-11-10 04:02:30,208 - INFO - Completed: 6500 / To go: 5837
2025-11-10 04:02:30,208 - INFO - Records in product_list: 6500
2025-11-10 04:02:32,988 - INFO - Completed: 6600 / To go: 5737
2025-11-10 04:02:32,988 - INFO - Records in product_list: 6600
2025-11-10 04:02:35,817 - INFO - Completed: 6700 / To go: 5637
2025-11-10 04:02:35,817 - INFO - Records in product_list: 6700
2025-11-10 04:02:38,651 - INFO - Completed: 6800 / To go: 5537
2025-11-10 04:02:38,651 - INFO - Records in product_list: 6800
2025-11-10 04:02:41,479 - INFO - Completed: 6900 / To go: 5437
2025-11-10 04:02:41,479 - INFO - Records in product_list: 6900
2025-11-10 04:02:44,498 - INFO - Completed: 7000 / To go: 5337
2025-11-10 04:02:44,498 - INFO - Records in product_list: 7000
2025-11-10 04:02:47,310 - INFO - Completed: 7100 / To go: 5237
2025-11-10 04:02:47,310 - INFO - Records in product_list: 7100
2025-11-10 04:02:50,146 - INFO - Completed: 7200 / To go: 5137
2025-11-10 04:02:50,146 - INFO - Records in product_list: 7200
2025-11-10 04:02:52,883 - INFO - Completed: 7300 / To go: 5037
2025-11-10 04:02:52,883 - INFO - Records in product_list: 7300
2025-11-10 04:02:55,673 - INFO - Completed: 7400 / To go: 4937
2025-11-10 04:02:55,673 - INFO - Records in product_list: 7400
2025-11-10 04:02:58,453 - INFO - Completed: 7500 / To go: 4837
2025-11-10 04:02:58,453 - INFO - Records in product_list: 7500
2025-11-10 04:03:01,212 - INFO - Completed: 7600 / To go: 4737
2025-11-10 04:03:01,212 - INFO - Records in product_list: 7600
2025-11-10 04:03:03,926 - INFO - Completed: 7700 / To go: 4637
2025-11-10 04:03:03,927 - INFO - Records in product_list: 7700
2025-11-10 04:03:06,667 - INFO - Completed: 7800 / To go: 4537
2025-11-10 04:03:06,668 - INFO - Records in product_list: 7800
2025-11-10 04:03:09,342 - INFO - Completed: 7900 / To go: 4437
2025-11-10 04:03:09,342 - INFO - Records in product_list: 7900
2025-11-10 04:03:12,061 - INFO - Completed: 8000 / To go: 4337
2025-11-10 04:03:12,062 - INFO - Records in product_list: 8000
2025-11-10 04:03:14,801 - INFO - Completed: 8100 / To go: 4237
2025-11-10 04:03:14,801 - INFO - Records in product_list: 8100
2025-11-10 04:03:17,528 - INFO - Completed: 8200 / To go: 4137
2025-11-10 04:03:17,528 - INFO - Records in product_list: 8200
2025-11-10 04:03:20,204 - INFO - Completed: 8300 / To go: 4037
2025-11-10 04:03:20,204 - INFO - Records in product_list: 8300
2025-11-10 04:03:22,868 - INFO - Completed: 8400 / To go: 3937
2025-11-10 04:03:22,868 - INFO - Records in product_list: 8400
2025-11-10 04:03:25,528 - INFO - Completed: 8500 / To go: 3837
2025-11-10 04:03:25,528 - INFO - Records in product_list: 8500
2025-11-10 04:03:28,341 - INFO - Completed: 8600 / To go: 3737
2025-11-10 04:03:28,341 - INFO - Records in product_list: 8600
2025-11-10 04:03:30,981 - INFO - Completed: 8700 / To go: 3637
2025-11-10 04:03:30,981 - INFO - Records in product_list: 8700
2025-11-10 04:03:33,700 - INFO - Completed: 8800 / To go: 3537
2025-11-10 04:03:33,700 - INFO - Records in product_list: 8800
2025-11-10 04:03:36,461 - INFO - Completed: 8900 / To go: 3437
2025-11-10 04:03:36,461 - INFO - Records in product_list: 8900
2025-11-10 04:03:39,129 - INFO - Completed: 9000 / To go: 3337
2025-11-10 04:03:39,129 - INFO - Records in product_list: 9000
2025-11-10 04:03:41,816 - INFO - Completed: 9100 / To go: 3237
2025-11-10 04:03:41,816 - INFO - Records in product_list: 9100
2025-11-10 04:03:44,472 - INFO - Completed: 9200 / To go: 3137
2025-11-10 04:03:44,472 - INFO - Records in product_list: 9200
2025-11-10 04:03:47,100 - INFO - Completed: 9300 / To go: 3037
2025-11-10 04:03:47,100 - INFO - Records in product_list: 9300
2025-11-10 04:03:49,793 - INFO - Completed: 9400 / To go: 2937
2025-11-10 04:03:49,793 - INFO - Records in product_list: 9400
2025-11-10 04:03:52,461 - INFO - Completed: 9500 / To go: 2837
2025-11-10 04:03:52,461 - INFO - Records in product_list: 9500
2025-11-10 04:03:55,148 - INFO - Completed: 9600 / To go: 2737
2025-11-10 04:03:55,148 - INFO - Records in product_list: 9600
2025-11-10 04:03:57,863 - INFO - Completed: 9700 / To go: 2637
2025-11-10 04:03:57,863 - INFO - Records in product_list: 9700
2025-11-10 04:04:00,557 - INFO - Completed: 9800 / To go: 2537
2025-11-10 04:04:00,557 - INFO - Records in product_list: 9800
2025-11-10 04:04:03,274 - INFO - Completed: 9900 / To go: 2437
2025-11-10 04:04:03,274 - INFO - Records in product_list: 9900
2025-11-10 04:04:06,084 - INFO - Completed: 10000 / To go: 2337
2025-11-10 04:04:06,084 - INFO - Records in product_list: 10000
2025-11-10 04:04:08,867 - INFO - Completed: 10100 / To go: 2237
2025-11-10 04:04:08,867 - INFO - Records in product_list: 10100
2025-11-10 04:04:11,542 - INFO - Completed: 10200 / To go: 2137
2025-11-10 04:04:11,543 - INFO - Records in product_list: 10200
2025-11-10 04:04:14,172 - INFO - Completed: 10300 / To go: 2037
2025-11-10 04:04:14,173 - INFO - Records in product_list: 10300
2025-11-10 04:04:16,946 - INFO - Completed: 10400 / To go: 1937
2025-11-10 04:04:16,946 - INFO - Records in product_list: 10400
2025-11-10 04:04:19,635 - INFO - Completed: 10500 / To go: 1837
2025-11-10 04:04:19,635 - INFO - Records in product_list: 10500
2025-11-10 04:04:22,513 - INFO - Completed: 10600 / To go: 1737
2025-11-10 04:04:22,513 - INFO - Records in product_list: 10600
2025-11-10 04:04:25,367 - INFO - Completed: 10700 / To go: 1637
2025-11-10 04:04:25,367 - INFO - Records in product_list: 10700
2025-11-10 04:04:28,114 - INFO - Completed: 10800 / To go: 1537
2025-11-10 04:04:28,114 - INFO - Records in product_list: 10800
2025-11-10 04:04:30,874 - INFO - Completed: 10900 / To go: 1437
2025-11-10 04:04:30,874 - INFO - Records in product_list: 10900
2025-11-10 04:04:33,820 - INFO - Completed: 11000 / To go: 1337
2025-11-10 04:04:33,820 - INFO - Records in product_list: 11000
2025-11-10 04:04:36,570 - INFO - Completed: 11100 / To go: 1237
2025-11-10 04:04:36,570 - INFO - Records in product_list: 11100
2025-11-10 04:04:39,416 - INFO - Completed: 11200 / To go: 1137
2025-11-10 04:04:39,417 - INFO - Records in product_list: 11200
2025-11-10 04:04:42,184 - INFO - Completed: 11300 / To go: 1037
2025-11-10 04:04:42,185 - INFO - Records in product_list: 11300
2025-11-10 04:04:45,294 - INFO - Completed: 11400 / To go: 937
2025-11-10 04:04:45,295 - INFO - Records in product_list: 11400
2025-11-10 04:04:48,108 - INFO - Completed: 11500 / To go: 837
2025-11-10 04:04:48,109 - INFO - Records in product_list: 11500
2025-11-10 04:04:51,178 - INFO - Completed: 11600 / To go: 737
2025-11-10 04:04:51,178 - INFO - Records in product_list: 11600
2025-11-10 04:04:54,113 - INFO - Completed: 11700 / To go: 637
2025-11-10 04:04:54,114 - INFO - Records in product_list: 11700
2025-11-10 04:04:56,884 - INFO - Completed: 11800 / To go: 537
2025-11-10 04:04:56,884 - INFO - Records in product_list: 11800
2025-11-10 04:04:59,673 - INFO - Completed: 11900 / To go: 437
2025-11-10 04:04:59,673 - INFO - Records in product_list: 11900
2025-11-10 04:05:02,481 - INFO - Completed: 12000 / To go: 337
2025-11-10 04:05:02,481 - INFO - Records in product_list: 12000
2025-11-10 04:05:05,305 - INFO - Completed: 12100 / To go: 237
2025-11-10 04:05:05,306 - INFO - Records in product_list: 12100
2025-11-10 04:05:08,112 - INFO - Completed: 12200 / To go: 137
2025-11-10 04:05:08,112 - INFO - Records in product_list: 12200
2025-11-10 04:05:10,752 - INFO - Completed: 12300 / To go: 37
2025-11-10 04:05:10,752 - INFO - Records in product_list: 12300
2025-11-10 04:05:13,192 - INFO - Completed: 12342 / To go: -5
2025-11-10 04:05:13,193 - INFO - Records in product_list: 12342
2025-11-10 04:05:16,559 - INFO - Loading combined dataframe from local file: updated_combined_dataframe.csv
2025-11-11 03:54:17,388 - INFO - ============================================================
2025-11-11 03:54:17,388 - INFO - Billa Price Scraper - Starting
2025-11-11 03:54:17,388 - INFO - ============================================================
2025-11-11 03:54:19,690 - INFO - Completed: 100 / To go: 12290
2025-11-11 03:54:19,690 - INFO - Records in product_list: 100
2025-11-11 03:54:23,082 - INFO - Completed: 200 / To go: 12190
2025-11-11 03:54:23,082 - INFO - Records in product_list: 200
2025-11-11 03:54:26,419 - INFO - Completed: 300 / To go: 12090
2025-11-11 03:54:26,419 - INFO - Records in product_list: 300
2025-11-11 03:54:29,900 - INFO - Completed: 400 / To go: 11990
2025-11-11 03:54:29,900 - INFO - Records in product_list: 400
2025-11-11 03:54:33,412 - INFO - Completed: 500 / To go: 11890
2025-11-11 03:54:33,412 - INFO - Records in product_list: 500
2025-11-11 03:54:36,796 - INFO - Completed: 600 / To go: 11790
2025-11-11 03:54:36,796 - INFO - Records in product_list: 600
2025-11-11 03:54:39,799 - INFO - Completed: 700 / To go: 11690
2025-11-11 03:54:39,799 - INFO - Records in product_list: 700
2025-11-11 03:54:43,136 - INFO - Completed: 800 / To go: 11590
2025-11-11 03:54:43,136 - INFO - Records in product_list: 800
2025-11-11 03:54:46,269 - INFO - Completed: 900 / To go: 11490
2025-11-11 03:54:46,270 - INFO - Records in product_list: 900
2025-11-11 03:54:49,709 - INFO - Completed: 1000 / To go: 11390
2025-11-11 03:54:49,709 - INFO - Records in product_list: 1000
2025-11-11 03:54:53,061 - INFO - Completed: 1100 / To go: 11290
2025-11-11 03:54:53,061 - INFO - Records in product_list: 1100
2025-11-11 03:54:56,422 - INFO - Completed: 1200 / To go: 11190
2025-11-11 03:54:56,422 - INFO - Records in product_list: 1200
2025-11-11 03:54:59,815 - INFO - Completed: 1300 / To go: 11090
2025-11-11 03:54:59,815 - INFO - Records in product_list: 1300
2025-11-11 03:55:03,241 - INFO - Completed: 1400 / To go: 10990
2025-11-11 03:55:03,241 - INFO - Records in product_list: 1400
2025-11-11 03:55:06,670 - INFO - Completed: 1500 / To go: 10890
2025-11-11 03:55:06,670 - INFO - Records in product_list: 1500
2025-11-11 03:55:10,060 - INFO - Completed: 1600 / To go: 10790
2025-11-11 03:55:10,061 - INFO - Records in product_list: 1600
2025-11-11 03:55:13,080 - INFO - Completed: 1700 / To go: 10690
2025-11-11 03:55:13,080 - INFO - Records in product_list: 1700
2025-11-11 03:55:16,211 - INFO - Completed: 1800 / To go: 10590
2025-11-11 03:55:16,211 - INFO - Records in product_list: 1800
2025-11-11 03:55:19,592 - INFO - Completed: 1900 / To go: 10490
2025-11-11 03:55:19,592 - INFO - Records in product_list: 1900
2025-11-11 03:55:22,915 - INFO - Completed: 2000 / To go: 10390
2025-11-11 03:55:22,915 - INFO - Records in product_list: 2000
2025-11-11 03:55:26,352 - INFO - Completed: 2100 / To go: 10290
2025-11-11 03:55:26,352 - INFO - Records in product_list: 2100
2025-11-11 03:55:29,644 - INFO - Completed: 2200 / To go: 10190
2025-11-11 03:55:29,644 - INFO - Records in product_list: 2200
2025-11-11 03:55:32,656 - INFO - Completed: 2300 / To go: 10090
2025-11-11 03:55:32,656 - INFO - Records in product_list: 2300
2025-11-11 03:55:36,143 - INFO - Completed: 2400 / To go: 9990
2025-11-11 03:55:36,143 - INFO - Records in product_list: 2400
2025-11-11 03:55:39,183 - INFO - Completed: 2500 / To go: 9890
2025-11-11 03:55:39,183 - INFO - Records in product_list: 2500
2025-11-11 03:55:42,532 - INFO - Completed: 2600 / To go: 9790
2025-11-11 03:55:42,532 - INFO - Records in product_list: 2600
2025-11-11 03:55:45,454 - INFO - Completed: 2700 / To go: 9690
2025-11-11 03:55:45,454 - INFO - Records in product_list: 2700
2025-11-11 03:55:48,796 - INFO - Completed: 2800 / To go: 9590
2025-11-11 03:55:48,796 - INFO - Records in product_list: 2800
2025-11-11 03:55:51,721 - INFO - Completed: 2900 / To go: 9490
2025-11-11 03:55:51,721 - INFO - Records in product_list: 2900
2025-11-11 03:55:54,996 - INFO - Completed: 3000 / To go: 9390
2025-11-11 03:55:54,996 - INFO - Records in product_list: 3000
2025-11-11 03:55:58,146 - INFO - Completed: 3100 / To go: 9290
2025-11-11 03:55:58,146 - INFO - Records in product_list: 3100
2025-11-11 03:56:01,235 - INFO - Completed: 3200 / To go: 9190
2025-11-11 03:56:01,236 - INFO - Records in product_list: 3200
2025-11-11 03:56:04,582 - INFO - Completed: 3300 / To go: 9090
2025-11-11 03:56:04,583 - INFO - Records in product_list: 3300
2025-11-11 03:56:07,615 - INFO - Completed: 3400 / To go: 8990
2025-11-11 03:56:07,615 - INFO - Records in product_list: 3400
2025-11-11 03:56:10,891 - INFO - Completed: 3500 / To go: 8890
2025-11-11 03:56:10,891 - INFO - Records in product_list: 3500
2025-11-11 03:56:13,843 - INFO - Completed: 3600 / To go: 8790
2025-11-11 03:56:13,843 - INFO - Records in product_list: 3600
2025-11-11 03:56:17,160 - INFO - Completed: 3700 / To go: 8690
2025-11-11 03:56:17,160 - INFO - Records in product_list: 3700
2025-11-11 03:56:20,469 - INFO - Completed: 3800 / To go: 8590
2025-11-11 03:56:20,470 - INFO - Records in product_list: 3800
2025-11-11 03:56:23,740 - INFO - Completed: 3900 / To go: 8490
2025-11-11 03:56:23,740 - INFO - Records in product_list: 3900
2025-11-11 03:56:26,683 - INFO - Completed: 4000 / To go: 8390
2025-11-11 03:56:26,683 - INFO - Records in product_list: 4000
2025-11-11 03:56:29,985 - INFO - Completed: 4100 / To go: 8290
2025-11-11 03:56:29,985 - INFO - Records in product_list: 4100
2025-11-11 03:56:33,286 - INFO - Completed: 4200 / To go: 8190
2025-11-11 03:56:33,286 - INFO - Records in product_list: 4200
2025-11-11 03:56:36,570 - INFO - Completed: 4300 / To go: 8090
2025-11-11 03:56:36,570 - INFO - Records in product_list: 4300
2025-11-11 03:56:39,924 - INFO - Completed: 4400 / To go: 7990
2025-11-11 03:56:39,924 - INFO - Records in product_list: 4400
2025-11-11 03:56:43,184 - INFO - Completed: 4500 / To go: 7890
2025-11-11 03:56:43,184 - INFO - Records in product_list: 4500
2025-11-11 03:56:46,495 - INFO - Completed: 4600 / To go: 7790
2025-11-11 03:56:46,495 - INFO - Records in product_list: 4600
2025-11-11 03:56:49,456 - INFO - Completed: 4700 / To go: 7690
2025-11-11 03:56:49,456 - INFO - Records in product_list: 4700
2025-11-11 03:56:52,689 - INFO - Completed: 4800 / To go: 7590
2025-11-11 03:56:52,689 - INFO - Records in product_list: 4800
2025-11-11 03:56:55,945 - INFO - Completed: 4900 / To go: 7490
2025-11-11 03:56:55,945 - INFO - Records in product_list: 4900
2025-11-11 03:56:59,145 - INFO - Completed: 5000 / To go: 7390
2025-11-11 03:56:59,145 - INFO - Records in product_list: 5000
2025-11-11 03:57:02,063 - INFO - Completed: 5100 / To go: 7290
2025-11-11 03:57:02,063 - INFO - Records in product_list: 5100
2025-11-11 03:57:05,323 - INFO - Completed: 5200 / To go: 7190
2025-11-11 03:57:05,324 - INFO - Records in product_list: 5200
2025-11-11 03:57:08,392 - INFO - Completed: 5300 / To go: 7090
2025-11-11 03:57:08,392 - INFO - Records in product_list: 5300
2025-11-11 03:57:11,656 - INFO - Completed: 5400 / To go: 6990
2025-11-11 03:57:11,656 - INFO - Records in product_list: 5400
2025-11-11 03:57:14,565 - INFO - Completed: 5500 / To go: 6890
2025-11-11 03:57:14,566 - INFO - Records in product_list: 5500
2025-11-11 03:57:17,844 - INFO - Completed: 5600 / To go: 6790
2025-11-11 03:57:17,844 - INFO - Records in product_list: 5600
2025-11-11 03:57:21,165 - INFO - Completed: 5700 / To go: 6690
2025-11-11 03:57:21,165 - INFO - Records in product_list: 5700
2025-11-11 03:57:24,385 - INFO - Completed: 5800 / To go: 6590
2025-11-11 03:57:24,385 - INFO - Records in product_list: 5800
2025-11-11 03:57:27,670 - INFO - Completed: 5900 / To go: 6490
2025-11-11 03:57:27,671 - INFO - Records in product_list: 5900
2025-11-11 03:57:30,610 - INFO - Completed: 6000 / To go: 6390
2025-11-11 03:57:30,610 - INFO - Records in product_list: 6000
2025-11-11 03:57:33,829 - INFO - Completed: 6100 / To go: 6290
2025-11-11 03:57:33,829 - INFO - Records in product_list: 6100
2025-11-11 03:57:37,018 - INFO - Completed: 6200 / To go: 6190
2025-11-11 03:57:37,018 - INFO - Records in product_list: 6200
2025-11-11 03:57:39,926 - INFO - Completed: 6300 / To go: 6090
2025-11-11 03:57:39,926 - INFO - Records in product_list: 6300
2025-11-11 03:57:42,867 - INFO - Completed: 6400 / To go: 5990
2025-11-11 03:57:42,868 - INFO - Records in product_list: 6400
2025-11-11 03:57:46,123 - INFO - Completed: 6500 / To go: 5890
2025-11-11 03:57:46,123 - INFO - Records in product_list: 6500
2025-11-11 03:57:49,433 - INFO - Completed: 6600 / To go: 5790
2025-11-11 03:57:49,433 - INFO - Records in product_list: 6600
2025-11-11 03:57:52,623 - INFO - Completed: 6700 / To go: 5690
2025-11-11 03:57:52,623 - INFO - Records in product_list: 6700
2025-11-11 03:57:55,851 - INFO - Completed: 6800 / To go: 5590
2025-11-11 03:57:55,851 - INFO - Records in product_list: 6800
2025-11-11 03:57:59,155 - INFO - Completed: 6900 / To go: 5490
2025-11-11 03:57:59,155 - INFO - Records in product_list: 6900
2025-11-11 03:58:02,514 - INFO - Completed: 7000 / To go: 5390
2025-11-11 03:58:02,514 - INFO - Records in product_list: 7000
2025-11-11 03:58:05,352 - INFO - Completed: 7100 / To go: 5290
2025-11-11 03:58:05,352 - INFO - Records in product_list: 7100
2025-11-11 03:58:08,560 - INFO - Completed: 7200 / To go: 5190
2025-11-11 03:58:08,560 - INFO - Records in product_list: 7200
2025-11-11 03:58:11,686 - INFO - Completed: 7300 / To go: 5090
2025-11-11 03:58:11,686 - INFO - Records in product_list: 7300
2025-11-11 03:58:14,985 - INFO - Completed: 7400 / To go: 4990
2025-11-11 03:58:14,986 - INFO - Records in product_list: 7400
2025-11-11 03:58:18,164 - INFO - Completed: 7500 / To go: 4890
2025-11-11 03:58:18,164 - INFO - Records in product_list: 7500
2025-11-11 03:58:21,344 - INFO - Completed: 7600 / To go: 4790
2025-11-11 03:58:21,344 - INFO - Records in product_list: 7600
2025-11-11 03:58:24,470 - INFO - Completed: 7700 / To go: 4690
2025-11-11 03:58:24,470 - INFO - Records in product_list: 7700
2025-11-11 03:58:27,646 - INFO - Completed: 7800 / To go: 4590
2025-11-11 03:58:27,646 - INFO - Records in product_list: 7800
2025-11-11 03:58:30,828 - INFO - Completed: 7900 / To go: 4490
2025-11-11 03:58:30,828 - INFO - Records in product_list: 7900
2025-11-11 03:58:33,979 - INFO - Completed: 8000 / To go: 4390
2025-11-11 03:58:33,979 - INFO - Records in product_list: 8000
2025-11-11 03:58:37,134 - INFO - Completed: 8100 / To go: 4290
2025-11-11 03:58:37,134 - INFO - Records in product_list: 8100
2025-11-11 03:58:40,273 - INFO - Completed: 8200 / To go: 4190
2025-11-11 03:58:40,273 - INFO - Records in product_list: 8200
2025-11-11 03:58:43,409 - INFO - Completed: 8300 / To go: 4090
2025-11-11 03:58:43,409 - INFO - Records in product_list: 8300
2025-11-11 03:58:46,516 - INFO - Completed: 8400 / To go: 3990
2025-11-11 03:58:46,516 - INFO - Records in product_list: 8400
2025-11-11 03:58:49,667 - INFO - Completed: 8500 / To go: 3890
2025-11-11 03:58:49,668 - INFO - Records in product_list: 8500
2025-11-11 03:58:52,808 - INFO - Completed: 8600 / To go: 3790
2025-11-11 03:58:52,808 - INFO - Records in product_list: 8600
2025-11-11 03:58:55,925 - INFO - Completed: 8700 / To go: 3690
2025-11-11 03:58:55,925 - INFO - Records in product_list: 8700
2025-11-11 03:58:59,060 - INFO - Completed: 8800 / To go: 3590
2025-11-11 03:58:59,061 - INFO - Records in product_list: 8800
2025-11-11 03:59:02,208 - INFO - Completed: 8900 / To go: 3490
2025-11-11 03:59:02,208 - INFO - Records in product_list: 8900
2025-11-11 03:59:05,087 - INFO - Completed: 9000 / To go: 3390
2025-11-11 03:59:05,087 - INFO - Records in product_list: 9000
2025-11-11 03:59:08,158 - INFO - Completed: 9100 / To go: 3290
2025-11-11 03:59:08,158 - INFO - Records in product_list: 9100
2025-11-11 03:59:11,245 - INFO - Completed: 9200 / To go: 3190
2025-11-11 03:59:11,245 - INFO - Records in product_list: 9200
2025-11-11 03:59:14,326 - INFO - Completed: 9300 / To go: 3090
2025-11-11 03:59:14,326 - INFO - Records in product_list: 9300
2025-11-11 03:59:17,534 - INFO - Completed: 9400 / To go: 2990
2025-11-11 03:59:17,534 - INFO - Records in product_list: 9400
2025-11-11 03:59:20,641 - INFO - Completed: 9500 / To go: 2890
2025-11-11 03:59:20,641 - INFO - Records in product_list: 9500
2025-11-11 03:59:23,823 - INFO - Completed: 9600 / To go: 2790
2025-11-11 03:59:23,823 - INFO - Records in product_list: 9600
2025-11-11 03:59:27,024 - INFO - Completed: 9700 / To go: 2690
2025-11-11 03:59:27,024 - INFO - Records in product_list: 9700
2025-11-11 03:59:30,232 - INFO - Completed: 9800 / To go: 2590
2025-11-11 03:59:30,232 - INFO - Records in product_list: 9800
2025-11-11 03:59:33,357 - INFO - Completed: 9900 / To go: 2490
2025-11-11 03:59:33,357 - INFO - Records in product_list: 9900
2025-11-11 03:59:36,307 - INFO - Completed: 10000 / To go: 2390
2025-11-11 03:59:36,307 - INFO - Records in product_list: 10000
2025-11-11 03:59:39,334 - INFO - Completed: 10100 / To go: 2290
2025-11-11 03:59:39,334 - INFO - Records in product_list: 10100
2025-11-11 03:59:42,581 - INFO - Completed: 10200 / To go: 2190
2025-11-11 03:59:42,581 - INFO - Records in product_list: 10200
2025-11-11 03:59:45,333 - INFO - Completed: 10300 / To go: 2090
2025-11-11 03:59:45,333 - INFO - Records in product_list: 10300
2025-11-11 03:59:48,148 - INFO - Completed: 10400 / To go: 1990
2025-11-11 03:59:48,148 - INFO - Records in product_list: 10400
2025-11-11 03:59:51,257 - INFO - Completed: 10500 / To go: 1890
2025-11-11 03:59:51,257 - INFO - Records in product_list: 10500
2025-11-11 03:59:54,091 - INFO - Completed: 10600 / To go: 1790
2025-11-11 03:59:54,091 - INFO - Records in product_list: 10600
2025-11-11 03:59:57,140 - INFO - Completed: 10700 / To go: 1690
2025-11-11 03:59:57,140 - INFO - Records in product_list: 10700
2025-11-11 04:00:00,165 - INFO - Completed: 10800 / To go: 1590
2025-11-11 04:00:00,165 - INFO - Records in product_list: 10800
2025-11-11 04:00:03,175 - INFO - Completed: 10900 / To go: 1490
2025-11-11 04:00:03,175 - INFO - Records in product_list: 10900
2025-11-11 04:00:06,218 - INFO - Completed: 11000 / To go: 1390
2025-11-11 04:00:06,218 - INFO - Records in product_list: 11000
2025-11-11 04:00:09,172 - INFO - Completed: 11100 / To go: 1290
2025-11-11 04:00:09,172 - INFO - Records in product_list: 11100
2025-11-11 04:00:11,913 - INFO - Completed: 11200 / To go: 1190
2025-11-11 04:00:11,913 - INFO - Records in product_list: 11200
2025-11-11 04:00:15,318 - INFO - Completed: 11300 / To go: 1090
2025-11-11 04:00:15,318 - INFO - Records in product_list: 11300
2025-11-11 04:00:18,197 - INFO - Completed: 11400 / To go: 990
2025-11-11 04:00:18,197 - INFO - Records in product_list: 11400
2025-11-11 04:00:21,480 - INFO - Completed: 11500 / To go: 890
2025-11-11 04:00:21,480 - INFO - Records in product_list: 11500
2025-11-11 04:00:24,707 - INFO - Completed: 11600 / To go: 790
2025-11-11 04:00:24,707 - INFO - Records in product_list: 11600
2025-11-11 04:00:27,777 - INFO - Completed: 11700 / To go: 690
2025-11-11 04:00:27,777 - INFO - Records in product_list: 11700
2025-11-11 04:00:30,671 - INFO - Completed: 11800 / To go: 590
2025-11-11 04:00:30,671 - INFO - Records in product_list: 11800
2025-11-11 04:00:34,723 - INFO - Completed: 11900 / To go: 490
2025-11-11 04:00:34,723 - INFO - Records in product_list: 11900
2025-11-11 04:00:37,583 - INFO - Completed: 12000 / To go: 390
2025-11-11 04:00:37,583 - INFO - Records in product_list: 12000
2025-11-11 04:00:40,350 - INFO - Completed: 12100 / To go: 290
2025-11-11 04:00:40,350 - INFO - Records in product_list: 12100
2025-11-11 04:00:43,132 - INFO - Completed: 12200 / To go: 190
2025-11-11 04:00:43,132 - INFO - Records in product_list: 12200
2025-11-11 04:00:46,100 - INFO - Completed: 12300 / To go: 90
2025-11-11 04:00:46,100 - INFO - Records in product_list: 12300
2025-11-11 04:00:48,741 - INFO - Completed: 12392 / To go: -2
2025-11-11 04:00:48,741 - INFO - Records in product_list: 12392
2025-11-11 04:00:51,887 - INFO - Loading combined dataframe from local file: updated_combined_dataframe.csv
2025-11-12 03:52:13,632 - INFO - ============================================================
2025-11-12 03:52:13,632 - INFO - Billa Price Scraper - Starting
2025-11-12 03:52:13,632 - INFO - ============================================================
2025-11-12 03:52:16,119 - INFO - Completed: 100 / To go: 12326
2025-11-12 03:52:16,119 - INFO - Records in product_list: 100
2025-11-12 03:52:19,247 - INFO - Completed: 200 / To go: 12226
2025-11-12 03:52:19,247 - INFO - Records in product_list: 200
2025-11-12 03:52:22,380 - INFO - Completed: 300 / To go: 12126
2025-11-12 03:52:22,380 - INFO - Records in product_list: 300
2025-11-12 03:52:25,752 - INFO - Completed: 400 / To go: 12026
2025-11-12 03:52:25,752 - INFO - Records in product_list: 400
2025-11-12 03:52:28,907 - INFO - Completed: 500 / To go: 11926
2025-11-12 03:52:28,908 - INFO - Records in product_list: 500
2025-11-12 03:52:32,106 - INFO - Completed: 600 / To go: 11826
2025-11-12 03:52:32,106 - INFO - Records in product_list: 600
2025-11-12 03:52:35,653 - INFO - Completed: 700 / To go: 11726
2025-11-12 03:52:35,653 - INFO - Records in product_list: 700
2025-11-12 03:52:39,039 - INFO - Completed: 800 / To go: 11626
2025-11-12 03:52:39,039 - INFO - Records in product_list: 800
2025-11-12 03:52:42,415 - INFO - Completed: 900 / To go: 11526
2025-11-12 03:52:42,415 - INFO - Records in product_list: 900
2025-11-12 03:52:45,419 - INFO - Completed: 1000 / To go: 11426
2025-11-12 03:52:45,420 - INFO - Records in product_list: 1000
2025-11-12 03:52:48,662 - INFO - Completed: 1100 / To go: 11326
2025-11-12 03:52:48,663 - INFO - Records in product_list: 1100
2025-11-12 03:52:52,211 - INFO - Completed: 1200 / To go: 11226
2025-11-12 03:52:52,211 - INFO - Records in product_list: 1200
2025-11-12 03:52:55,505 - INFO - Completed: 1300 / To go: 11126
2025-11-12 03:52:55,505 - INFO - Records in product_list: 1300
2025-11-12 03:52:59,053 - INFO - Completed: 1400 / To go: 11026
2025-11-12 03:52:59,053 - INFO - Records in product_list: 1400
2025-11-12 03:53:02,061 - INFO - Completed: 1500 / To go: 10926
2025-11-12 03:53:02,061 - INFO - Records in product_list: 1500
2025-11-12 03:53:05,658 - INFO - Completed: 1600 / To go: 10826
2025-11-12 03:53:05,658 - INFO - Records in product_list: 1600
2025-11-12 03:53:08,742 - INFO - Completed: 1700 / To go: 10726
2025-11-12 03:53:08,742 - INFO - Records in product_list: 1700
2025-11-12 03:53:12,111 - INFO - Completed: 1800 / To go: 10626
2025-11-12 03:53:12,111 - INFO - Records in product_list: 1800
2025-11-12 03:53:15,378 - INFO - Completed: 1900 / To go: 10526
2025-11-12 03:53:15,378 - INFO - Records in product_list: 1900
2025-11-12 03:53:18,372 - INFO - Completed: 2000 / To go: 10426
2025-11-12 03:53:18,373 - INFO - Records in product_list: 2000
2025-11-12 03:53:21,325 - INFO - Completed: 2100 / To go: 10326
2025-11-12 03:53:21,325 - INFO - Records in product_list: 2100
2025-11-12 03:53:24,744 - INFO - Completed: 2200 / To go: 10226
2025-11-12 03:53:24,744 - INFO - Records in product_list: 2200
2025-11-12 03:53:27,802 - INFO - Completed: 2300 / To go: 10126
2025-11-12 03:53:27,802 - INFO - Records in product_list: 2300
2025-11-12 03:53:30,867 - INFO - Completed: 2400 / To go: 10026
2025-11-12 03:53:30,867 - INFO - Records in product_list: 2400
2025-11-12 03:53:33,857 - INFO - Completed: 2500 / To go: 9926
2025-11-12 03:53:33,857 - INFO - Records in product_list: 2500
2025-11-12 03:53:36,963 - INFO - Completed: 2600 / To go: 9826
2025-11-12 03:53:36,963 - INFO - Records in product_list: 2600
2025-11-12 03:53:39,894 - INFO - Completed: 2700 / To go: 9726
2025-11-12 03:53:39,894 - INFO - Records in product_list: 2700
2025-11-12 03:53:43,208 - INFO - Completed: 2800 / To go: 9626
2025-11-12 03:53:43,208 - INFO - Records in product_list: 2800
2025-11-12 03:53:46,170 - INFO - Completed: 2900 / To go: 9526
2025-11-12 03:53:46,170 - INFO - Records in product_list: 2900
2025-11-12 03:53:49,148 - INFO - Completed: 3000 / To go: 9426
2025-11-12 03:53:49,148 - INFO - Records in product_list: 3000
2025-11-12 03:53:52,180 - INFO - Completed: 3100 / To go: 9326
2025-11-12 03:53:52,180 - INFO - Records in product_list: 3100
2025-11-12 03:53:55,327 - INFO - Completed: 3200 / To go: 9226
2025-11-12 03:53:55,327 - INFO - Records in product_list: 3200
2025-11-12 03:53:58,267 - INFO - Completed: 3300 / To go: 9126
2025-11-12 03:53:58,267 - INFO - Records in product_list: 3300
2025-11-12 03:54:01,608 - INFO - Completed: 3400 / To go: 9026
2025-11-12 03:54:01,608 - INFO - Records in product_list: 3400
2025-11-12 03:54:04,555 - INFO - Completed: 3500 / To go: 8926
2025-11-12 03:54:04,555 - INFO - Records in product_list: 3500
2025-11-12 03:54:07,591 - INFO - Completed: 3600 / To go: 8826
2025-11-12 03:54:07,592 - INFO - Records in product_list: 3600
2025-11-12 03:54:10,561 - INFO - Completed: 3700 / To go: 8726
2025-11-12 03:54:10,561 - INFO - Records in product_list: 3700
2025-11-12 03:54:13,519 - INFO - Completed: 3800 / To go: 8626
2025-11-12 03:54:13,519 - INFO - Records in product_list: 3800
2025-11-12 03:54:16,626 - INFO - Completed: 3900 / To go: 8526
2025-11-12 03:54:16,626 - INFO - Records in product_list: 3900
2025-11-12 03:54:19,578 - INFO - Completed: 4000 / To go: 8426
2025-11-12 03:54:19,578 - INFO - Records in product_list: 4000
2025-11-12 03:54:22,561 - INFO - Completed: 4100 / To go: 8326
2025-11-12 03:54:22,561 - INFO - Records in product_list: 4100
2025-11-12 03:54:25,672 - INFO - Completed: 4200 / To go: 8226
2025-11-12 03:54:25,672 - INFO - Records in product_list: 4200
2025-11-12 03:54:28,575 - INFO - Completed: 4300 / To go: 8126
2025-11-12 03:54:28,575 - INFO - Records in product_list: 4300
2025-11-12 03:54:31,494 - INFO - Completed: 4400 / To go: 8026
2025-11-12 03:54:31,494 - INFO - Records in product_list: 4400
2025-11-12 03:54:34,340 - INFO - Completed: 4500 / To go: 7926
2025-11-12 03:54:34,340 - INFO - Records in product_list: 4500
2025-11-12 03:54:37,277 - INFO - Completed: 4600 / To go: 7826
2025-11-12 03:54:37,277 - INFO - Records in product_list: 4600
2025-11-12 03:54:40,271 - INFO - Completed: 4700 / To go: 7726
2025-11-12 03:54:40,271 - INFO - Records in product_list: 4700
2025-11-12 03:54:43,213 - INFO - Completed: 4800 / To go: 7626
2025-11-12 03:54:43,213 - INFO - Records in product_list: 4800
2025-11-12 03:54:46,094 - INFO - Completed: 4900 / To go: 7526
2025-11-12 03:54:46,094 - INFO - Records in product_list: 4900
2025-11-12 03:54:49,018 - INFO - Completed: 5000 / To go: 7426
2025-11-12 03:54:49,018 - INFO - Records in product_list: 5000
2025-11-12 03:54:51,955 - INFO - Completed: 5100 / To go: 7326
2025-11-12 03:54:51,955 - INFO - Records in product_list: 5100
2025-11-12 03:54:54,939 - INFO - Completed: 5200 / To go: 7226
2025-11-12 03:54:54,939 - INFO - Records in product_list: 5200
2025-11-12 03:54:57,794 - INFO - Completed: 5300 / To go: 7126
2025-11-12 03:54:57,795 - INFO - Records in product_list: 5300
2025-11-12 03:55:00,688 - INFO - Completed: 5400 / To go: 7026
2025-11-12 03:55:00,688 - INFO - Records in product_list: 5400
2025-11-12 03:55:03,557 - INFO - Completed: 5500 / To go: 6926
2025-11-12 03:55:03,557 - INFO - Records in product_list: 5500
2025-11-12 03:55:06,477 - INFO - Completed: 5600 / To go: 6826
2025-11-12 03:55:06,478 - INFO - Records in product_list: 5600
2025-11-12 03:55:09,778 - INFO - Completed: 5700 / To go: 6726
2025-11-12 03:55:09,778 - INFO - Records in product_list: 5700
2025-11-12 03:55:12,682 - INFO - Completed: 5800 / To go: 6626
2025-11-12 03:55:12,682 - INFO - Records in product_list: 5800
2025-11-12 03:55:15,560 - INFO - Completed: 5900 / To go: 6526
2025-11-12 03:55:15,560 - INFO - Records in product_list: 5900
2025-11-12 03:55:18,402 - INFO - Completed: 6000 / To go: 6426
2025-11-12 03:55:18,402 - INFO - Records in product_list: 6000
2025-11-12 03:55:21,340 - INFO - Completed: 6100 / To go: 6326
2025-11-12 03:55:21,340 - INFO - Records in product_list: 6100
2025-11-12 03:55:24,182 - INFO - Completed: 6200 / To go: 6226
2025-11-12 03:55:24,182 - INFO - Records in product_list: 6200
2025-11-12 03:55:27,062 - INFO - Completed: 6300 / To go: 6126
2025-11-12 03:55:27,063 - INFO - Records in product_list: 6300
2025-11-12 03:55:29,896 - INFO - Completed: 6400 / To go: 6026
2025-11-12 03:55:29,896 - INFO - Records in product_list: 6400
2025-11-12 03:55:32,741 - INFO - Completed: 6500 / To go: 5926
2025-11-12 03:55:32,741 - INFO - Records in product_list: 6500
2025-11-12 03:55:35,643 - INFO - Completed: 6600 / To go: 5826
2025-11-12 03:55:35,643 - INFO - Records in product_list: 6600
2025-11-12 03:55:38,510 - INFO - Completed: 6700 / To go: 5726
2025-11-12 03:55:38,510 - INFO - Records in product_list: 6700
2025-11-12 03:55:41,375 - INFO - Completed: 6800 / To go: 5626
2025-11-12 03:55:41,375 - INFO - Records in product_list: 6800
2025-11-12 03:55:44,274 - INFO - Completed: 6900 / To go: 5526
2025-11-12 03:55:44,274 - INFO - Records in product_list: 6900
2025-11-12 03:55:47,298 - INFO - Completed: 7000 / To go: 5426
2025-11-12 03:55:47,298 - INFO - Records in product_list: 7000
2025-11-12 03:55:50,121 - INFO - Completed: 7100 / To go: 5326
2025-11-12 03:55:50,121 - INFO - Records in product_list: 7100
2025-11-12 03:55:52,921 - INFO - Completed: 7200 / To go: 5226
2025-11-12 03:55:52,921 - INFO - Records in product_list: 7200
2025-11-12 03:55:55,751 - INFO - Completed: 7300 / To go: 5126
2025-11-12 03:55:55,751 - INFO - Records in product_list: 7300
2025-11-12 03:55:58,653 - INFO - Completed: 7400 / To go: 5026
2025-11-12 03:55:58,653 - INFO - Records in product_list: 7400
2025-11-12 03:56:01,709 - INFO - Completed: 7500 / To go: 4926
2025-11-12 03:56:01,709 - INFO - Records in product_list: 7500
2025-11-12 03:56:04,552 - INFO - Completed: 7600 / To go: 4826
2025-11-12 03:56:04,552 - INFO - Records in product_list: 7600
2025-11-12 03:56:07,804 - INFO - Completed: 7700 / To go: 4726
2025-11-12 03:56:07,804 - INFO - Records in product_list: 7700
2025-11-12 03:56:10,654 - INFO - Completed: 7800 / To go: 4626
2025-11-12 03:56:10,654 - INFO - Records in product_list: 7800
2025-11-12 03:56:13,426 - INFO - Completed: 7900 / To go: 4526
2025-11-12 03:56:13,426 - INFO - Records in product_list: 7900
2025-11-12 03:56:16,167 - INFO - Completed: 8000 / To go: 4426
2025-11-12 03:56:16,167 - INFO - Records in product_list: 8000
2025-11-12 03:56:18,961 - INFO - Completed: 8100 / To go: 4326
2025-11-12 03:56:18,961 - INFO - Records in product_list: 8100
2025-11-12 03:56:21,759 - INFO - Completed: 8200 / To go: 4226
2025-11-12 03:56:21,759 - INFO - Records in product_list: 8200
2025-11-12 03:56:24,816 - INFO - Completed: 8300 / To go: 4126
2025-11-12 03:56:24,816 - INFO - Records in product_list: 8300
2025-11-12 03:56:27,559 - INFO - Completed: 8400 / To go: 4026
2025-11-12 03:56:27,559 - INFO - Records in product_list: 8400
2025-11-12 03:56:30,282 - INFO - Completed: 8500 / To go: 3926
2025-11-12 03:56:30,283 - INFO - Records in product_list: 8500
2025-11-12 03:56:33,081 - INFO - Completed: 8600 / To go: 3826
2025-11-12 03:56:33,082 - INFO - Records in product_list: 8600
2025-11-12 03:56:35,829 - INFO - Completed: 8700 / To go: 3726
2025-11-12 03:56:35,830 - INFO - Records in product_list: 8700
2025-11-12 03:56:38,627 - INFO - Completed: 8800 / To go: 3626
2025-11-12 03:56:38,627 - INFO - Records in product_list: 8800
2025-11-12 03:56:41,493 - INFO - Completed: 8900 / To go: 3526
2025-11-12 03:56:41,493 - INFO - Records in product_list: 8900
2025-11-12 03:56:44,338 - INFO - Completed: 9000 / To go: 3426
2025-11-12 03:56:44,338 - INFO - Records in product_list: 9000
2025-11-12 03:56:47,055 - INFO - Completed: 9100 / To go: 3326
2025-11-12 03:56:47,055 - INFO - Records in product_list: 9100
2025-11-12 03:56:49,816 - INFO - Completed: 9200 / To go: 3226
2025-11-12 03:56:49,816 - INFO - Records in product_list: 9200
2025-11-12 03:56:52,553 - INFO - Completed: 9300 / To go: 3126
2025-11-12 03:56:52,553 - INFO - Records in product_list: 9300
2025-11-12 03:56:55,295 - INFO - Completed: 9400 / To go: 3026
2025-11-12 03:56:55,295 - INFO - Records in product_list: 9400
2025-11-12 03:56:58,054 - INFO - Completed: 9500 / To go: 2926
2025-11-12 03:56:58,054 - INFO - Records in product_list: 9500
2025-11-12 03:57:00,845 - INFO - Completed: 9600 / To go: 2826
2025-11-12 03:57:00,846 - INFO - Records in product_list: 9600
2025-11-12 03:57:03,636 - INFO - Completed: 9700 / To go: 2726
2025-11-12 03:57:03,637 - INFO - Records in product_list: 9700
2025-11-12 03:57:06,468 - INFO - Completed: 9800 / To go: 2626
2025-11-12 03:57:06,469 - INFO - Records in product_list: 9800
2025-11-12 03:57:09,215 - INFO - Completed: 9900 / To go: 2526
2025-11-12 03:57:09,215 - INFO - Records in product_list: 9900
2025-11-12 03:57:12,098 - INFO - Completed: 10000 / To go: 2426
2025-11-12 03:57:12,098 - INFO - Records in product_list: 10000
2025-11-12 03:57:15,022 - INFO - Completed: 10100 / To go: 2326
2025-11-12 03:57:15,022 - INFO - Records in product_list: 10100
2025-11-12 03:57:17,825 - INFO - Completed: 10200 / To go: 2226
2025-11-12 03:57:17,825 - INFO - Records in product_list: 10200
2025-11-12 03:57:20,501 - INFO - Completed: 10300 / To go: 2126
2025-11-12 03:57:20,501 - INFO - Records in product_list: 10300
2025-11-12 03:57:23,315 - INFO - Completed: 10400 / To go: 2026
2025-11-12 03:57:23,315 - INFO - Records in product_list: 10400
2025-11-12 03:57:26,118 - INFO - Completed: 10500 / To go: 1926
2025-11-12 03:57:26,118 - INFO - Records in product_list: 10500
2025-11-12 03:57:28,905 - INFO - Completed: 10600 / To go: 1826
2025-11-12 03:57:28,905 - INFO - Records in product_list: 10600
2025-11-12 03:57:31,778 - INFO - Completed: 10700 / To go: 1726
2025-11-12 03:57:31,778 - INFO - Records in product_list: 10700
2025-11-12 03:57:34,669 - INFO - Completed: 10800 / To go: 1626
2025-11-12 03:57:34,669 - INFO - Records in product_list: 10800
2025-11-12 03:57:37,629 - INFO - Completed: 10900 / To go: 1526
2025-11-12 03:57:37,629 - INFO - Records in product_list: 10900
2025-11-12 03:57:40,590 - INFO - Completed: 11000 / To go: 1426
2025-11-12 03:57:40,590 - INFO - Records in product_list: 11000
2025-11-12 03:57:43,464 - INFO - Completed: 11100 / To go: 1326
2025-11-12 03:57:43,464 - INFO - Records in product_list: 11100
2025-11-12 03:57:46,373 - INFO - Completed: 11200 / To go: 1226
2025-11-12 03:57:46,374 - INFO - Records in product_list: 11200
2025-11-12 03:57:49,240 - INFO - Completed: 11300 / To go: 1126
2025-11-12 03:57:49,240 - INFO - Records in product_list: 11300
2025-11-12 03:57:52,143 - INFO - Completed: 11400 / To go: 1026
2025-11-12 03:57:52,143 - INFO - Records in product_list: 11400
2025-11-12 03:57:55,058 - INFO - Completed: 11500 / To go: 926
2025-11-12 03:57:55,058 - INFO - Records in product_list: 11500
2025-11-12 03:57:58,007 - INFO - Completed: 11600 / To go: 826
2025-11-12 03:57:58,007 - INFO - Records in product_list: 11600
2025-11-12 03:58:00,832 - INFO - Completed: 11700 / To go: 726
2025-11-12 03:58:00,832 - INFO - Records in product_list: 11700
2025-11-12 03:58:03,732 - INFO - Completed: 11800 / To go: 626
2025-11-12 03:58:03,732 - INFO - Records in product_list: 11800
2025-11-12 03:58:06,505 - INFO - Completed: 11900 / To go: 526
2025-11-12 03:58:06,505 - INFO - Records in product_list: 11900
2025-11-12 03:58:09,398 - INFO - Completed: 12000 / To go: 426
2025-11-12 03:58:09,398 - INFO - Records in product_list: 12000
2025-11-12 03:58:12,249 - INFO - Completed: 12100 / To go: 326
2025-11-12 03:58:12,249 - INFO - Records in product_list: 12100
2025-11-12 03:58:15,040 - INFO - Completed: 12200 / To go: 226
2025-11-12 03:58:15,040 - INFO - Records in product_list: 12200
2025-11-12 03:58:17,952 - INFO - Completed: 12300 / To go: 126
2025-11-12 03:58:17,953 - INFO - Records in product_list: 12300
2025-11-12 03:58:20,652 - INFO - Completed: 12400 / To go: 26
2025-11-12 03:58:20,652 - INFO - Records in product_list: 12400
2025-11-12 03:58:23,114 - INFO - Completed: 12427 / To go: -1
2025-11-12 03:58:23,114 - INFO - Records in product_list: 12427
2025-11-12 03:58:26,319 - INFO - Loading combined dataframe from local file: updated_combined_dataframe.csv
2025-11-13 03:55:49,386 - INFO - ============================================================
2025-11-13 03:55:49,386 - INFO - Billa Price Scraper - Starting
2025-11-13 03:55:49,386 - INFO - ============================================================
2025-11-13 03:55:51,047 - INFO - Completed: 100 / To go: 12321
2025-11-13 03:55:51,047 - INFO - Records in product_list: 100
2025-11-13 03:55:54,680 - INFO - Completed: 200 / To go: 12221
2025-11-13 03:55:54,680 - INFO - Records in product_list: 200
2025-11-13 03:55:57,778 - INFO - Completed: 300 / To go: 12121
2025-11-13 03:55:57,778 - INFO - Records in product_list: 300
2025-11-13 03:56:00,799 - INFO - Completed: 400 / To go: 12021
2025-11-13 03:56:00,799 - INFO - Records in product_list: 400
2025-11-13 03:56:04,122 - INFO - Completed: 500 / To go: 11921
2025-11-13 03:56:04,122 - INFO - Records in product_list: 500
2025-11-13 03:56:07,583 - INFO - Completed: 600 / To go: 11821
2025-11-13 03:56:07,583 - INFO - Records in product_list: 600
2025-11-13 03:56:10,805 - INFO - Completed: 700 / To go: 11721
2025-11-13 03:56:10,805 - INFO - Records in product_list: 700
2025-11-13 03:56:13,866 - INFO - Completed: 800 / To go: 11621
2025-11-13 03:56:13,866 - INFO - Records in product_list: 800
2025-11-13 03:56:17,398 - INFO - Completed: 900 / To go: 11521
2025-11-13 03:56:17,399 - INFO - Records in product_list: 900
2025-11-13 03:56:20,333 - INFO - Completed: 1000 / To go: 11421
2025-11-13 03:56:20,333 - INFO - Records in product_list: 1000
2025-11-13 03:56:23,772 - INFO - Completed: 1100 / To go: 11321
2025-11-13 03:56:23,772 - INFO - Records in product_list: 1100
2025-11-13 03:56:26,736 - INFO - Completed: 1200 / To go: 11221
2025-11-13 03:56:26,736 - INFO - Records in product_list: 1200
2025-11-13 03:56:30,027 - INFO - Completed: 1300 / To go: 11121
2025-11-13 03:56:30,027 - INFO - Records in product_list: 1300
2025-11-13 03:56:33,176 - INFO - Completed: 1400 / To go: 11021
2025-11-13 03:56:33,177 - INFO - Records in product_list: 1400
2025-11-13 03:56:36,280 - INFO - Completed: 1500 / To go: 10921
2025-11-13 03:56:36,280 - INFO - Records in product_list: 1500
2025-11-13 03:56:39,312 - INFO - Completed: 1600 / To go: 10821
2025-11-13 03:56:39,312 - INFO - Records in product_list: 1600
2025-11-13 03:56:42,358 - INFO - Completed: 1700 / To go: 10721
2025-11-13 03:56:42,358 - INFO - Records in product_list: 1700
2025-11-13 03:56:45,771 - INFO - Completed: 1800 / To go: 10621
2025-11-13 03:56:45,771 - INFO - Records in product_list: 1800
2025-11-13 03:56:48,886 - INFO - Completed: 1900 / To go: 10521
2025-11-13 03:56:48,887 - INFO - Records in product_list: 1900
2025-11-13 03:56:52,431 - INFO - Completed: 2000 / To go: 10421
2025-11-13 03:56:52,431 - INFO - Records in product_list: 2000
2025-11-13 03:56:55,566 - INFO - Completed: 2100 / To go: 10321
2025-11-13 03:56:55,567 - INFO - Records in product_list: 2100
2025-11-13 03:56:58,883 - INFO - Completed: 2200 / To go: 10221
2025-11-13 03:56:58,883 - INFO - Records in product_list: 2200
2025-11-13 03:57:02,355 - INFO - Completed: 2300 / To go: 10121
2025-11-13 03:57:02,356 - INFO - Records in product_list: 2300
2025-11-13 03:57:05,354 - INFO - Completed: 2400 / To go: 10021
2025-11-13 03:57:05,354 - INFO - Records in product_list: 2400
2025-11-13 03:57:08,368 - INFO - Completed: 2500 / To go: 9921
2025-11-13 03:57:08,368 - INFO - Records in product_list: 2500
2025-11-13 03:57:11,269 - INFO - Completed: 2600 / To go: 9821
2025-11-13 03:57:11,269 - INFO - Records in product_list: 2600
2025-11-13 03:57:14,225 - INFO - Completed: 2700 / To go: 9721
2025-11-13 03:57:14,225 - INFO - Records in product_list: 2700
2025-11-13 03:57:17,253 - INFO - Completed: 2800 / To go: 9621
2025-11-13 03:57:17,253 - INFO - Records in product_list: 2800
2025-11-13 03:57:20,272 - INFO - Completed: 2900 / To go: 9521
2025-11-13 03:57:20,272 - INFO - Records in product_list: 2900
2025-11-13 03:57:23,223 - INFO - Completed: 3000 / To go: 9421
2025-11-13 03:57:23,223 - INFO - Records in product_list: 3000
2025-11-13 03:57:26,221 - INFO - Completed: 3100 / To go: 9321
2025-11-13 03:57:26,221 - INFO - Records in product_list: 3100
2025-11-13 03:57:29,146 - INFO - Completed: 3200 / To go: 9221
2025-11-13 03:57:29,146 - INFO - Records in product_list: 3200
2025-11-13 03:57:32,114 - INFO - Completed: 3300 / To go: 9121
2025-11-13 03:57:32,114 - INFO - Records in product_list: 3300
2025-11-13 03:57:34,994 - INFO - Completed: 3400 / To go: 9021
2025-11-13 03:57:34,994 - INFO - Records in product_list: 3400
2025-11-13 03:57:37,917 - INFO - Completed: 3500 / To go: 8921
2025-11-13 03:57:37,917 - INFO - Records in product_list: 3500
2025-11-13 03:57:40,821 - INFO - Completed: 3600 / To go: 8821
2025-11-13 03:57:40,821 - INFO - Records in product_list: 3600
2025-11-13 03:57:43,994 - INFO - Completed: 3700 / To go: 8721
2025-11-13 03:57:43,994 - INFO - Records in product_list: 3700
2025-11-13 03:57:46,889 - INFO - Completed: 3800 / To go: 8621
2025-11-13 03:57:46,889 - INFO - Records in product_list: 3800
2025-11-13 03:57:49,866 - INFO - Completed: 3900 / To go: 8521
2025-11-13 03:57:49,866 - INFO - Records in product_list: 3900
2025-11-13 03:57:52,775 - INFO - Completed: 4000 / To go: 8421
2025-11-13 03:57:52,775 - INFO - Records in product_list: 4000
2025-11-13 03:57:55,755 - INFO - Completed: 4100 / To go: 8321
2025-11-13 03:57:55,755 - INFO - Records in product_list: 4100
2025-11-13 03:57:58,805 - INFO - Completed: 4200 / To go: 8221
2025-11-13 03:57:58,805 - INFO - Records in product_list: 4200
2025-11-13 03:58:01,865 - INFO - Completed: 4300 / To go: 8121
2025-11-13 03:58:01,866 - INFO - Records in product_list: 4300
2025-11-13 03:58:04,897 - INFO - Completed: 4400 / To go: 8021
2025-11-13 03:58:04,898 - INFO - Records in product_list: 4400
2025-11-13 03:58:07,822 - INFO - Completed: 4500 / To go: 7921
2025-11-13 03:58:07,822 - INFO - Records in product_list: 4500
2025-11-13 03:58:10,659 - INFO - Completed: 4600 / To go: 7821
2025-11-13 03:58:10,659 - INFO - Records in product_list: 4600
2025-11-13 03:58:13,547 - INFO - Completed: 4700 / To go: 7721
2025-11-13 03:58:13,547 - INFO - Records in product_list: 4700
2025-11-13 03:58:16,426 - INFO - Completed: 4800 / To go: 7621
2025-11-13 03:58:16,426 - INFO - Records in product_list: 4800
2025-11-13 03:58:19,335 - INFO - Completed: 4900 / To go: 7521
2025-11-13 03:58:19,335 - INFO - Records in product_list: 4900
2025-11-13 03:58:22,268 - INFO - Completed: 5000 / To go: 7421
2025-11-13 03:58:22,268 - INFO - Records in product_list: 5000
2025-11-13 03:58:25,175 - INFO - Completed: 5100 / To go: 7321
2025-11-13 03:58:25,176 - INFO - Records in product_list: 5100
2025-11-13 03:58:28,251 - INFO - Completed: 5200 / To go: 7221
2025-11-13 03:58:28,251 - INFO - Records in product_list: 5200
2025-11-13 03:58:31,185 - INFO - Completed: 5300 / To go: 7121
2025-11-13 03:58:31,185 - INFO - Records in product_list: 5300
2025-11-13 03:58:34,057 - INFO - Completed: 5400 / To go: 7021
2025-11-13 03:58:34,057 - INFO - Records in product_list: 5400
2025-11-13 03:58:36,944 - INFO - Completed: 5500 / To go: 6921
2025-11-13 03:58:36,944 - INFO - Records in product_list: 5500
2025-11-13 03:58:39,854 - INFO - Completed: 5600 / To go: 6821
2025-11-13 03:58:39,854 - INFO - Records in product_list: 5600
2025-11-13 03:58:42,727 - INFO - Completed: 5700 / To go: 6721
2025-11-13 03:58:42,727 - INFO - Records in product_list: 5700
2025-11-13 03:58:45,524 - INFO - Completed: 5800 / To go: 6621
2025-11-13 03:58:45,524 - INFO - Records in product_list: 5800
2025-11-13 03:58:48,435 - INFO - Completed: 5900 / To go: 6521
2025-11-13 03:58:48,435 - INFO - Records in product_list: 5900
2025-11-13 03:58:51,288 - INFO - Completed: 6000 / To go: 6421
2025-11-13 03:58:51,289 - INFO - Records in product_list: 6000
2025-11-13 03:58:54,172 - INFO - Completed: 6100 / To go: 6321
2025-11-13 03:58:54,172 - INFO - Records in product_list: 6100
2025-11-13 03:58:57,024 - INFO - Completed: 6200 / To go: 6221
2025-11-13 03:58:57,024 - INFO - Records in product_list: 6200
2025-11-13 03:58:59,886 - INFO - Completed: 6300 / To go: 6121
2025-11-13 03:58:59,886 - INFO - Records in product_list: 6300
2025-11-13 03:59:02,726 - INFO - Completed: 6400 / To go: 6021
2025-11-13 03:59:02,726 - INFO - Records in product_list: 6400
2025-11-13 03:59:05,553 - INFO - Completed: 6500 / To go: 5921
2025-11-13 03:59:05,553 - INFO - Records in product_list: 6500
2025-11-13 03:59:08,435 - INFO - Completed: 6600 / To go: 5821
2025-11-13 03:59:08,435 - INFO - Records in product_list: 6600
2025-11-13 03:59:11,448 - INFO - Completed: 6700 / To go: 5721
2025-11-13 03:59:11,448 - INFO - Records in product_list: 6700
2025-11-13 03:59:14,344 - INFO - Completed: 6800 / To go: 5621
2025-11-13 03:59:14,344 - INFO - Records in product_list: 6800
2025-11-13 03:59:17,211 - INFO - Completed: 6900 / To go: 5521
2025-11-13 03:59:17,211 - INFO - Records in product_list: 6900
2025-11-13 03:59:20,105 - INFO - Completed: 7000 / To go: 5421
2025-11-13 03:59:20,106 - INFO - Records in product_list: 7000
2025-11-13 03:59:22,959 - INFO - Completed: 7100 / To go: 5321
2025-11-13 03:59:22,960 - INFO - Records in product_list: 7100
2025-11-13 03:59:25,777 - INFO - Completed: 7200 / To go: 5221
2025-11-13 03:59:25,777 - INFO - Records in product_list: 7200
2025-11-13 03:59:28,546 - INFO - Completed: 7300 / To go: 5121
2025-11-13 03:59:28,547 - INFO - Records in product_list: 7300
2025-11-13 03:59:31,436 - INFO - Completed: 7400 / To go: 5021
2025-11-13 03:59:31,436 - INFO - Records in product_list: 7400
2025-11-13 03:59:34,217 - INFO - Completed: 7500 / To go: 4921
2025-11-13 03:59:34,217 - INFO - Records in product_list: 7500
2025-11-13 03:59:37,041 - INFO - Completed: 7600 / To go: 4821
2025-11-13 03:59:37,041 - INFO - Records in product_list: 7600
2025-11-13 03:59:39,818 - INFO - Completed: 7700 / To go: 4721
2025-11-13 03:59:39,818 - INFO - Records in product_list: 7700
2025-11-13 03:59:42,597 - INFO - Completed: 7800 / To go: 4621
2025-11-13 03:59:42,598 - INFO - Records in product_list: 7800
2025-11-13 03:59:45,415 - INFO - Completed: 7900 / To go: 4521
2025-11-13 03:59:45,415 - INFO - Records in product_list: 7900
2025-11-13 03:59:48,141 - INFO - Completed: 8000 / To go: 4421
2025-11-13 03:59:48,141 - INFO - Records in product_list: 8000
2025-11-13 03:59:50,966 - INFO - Completed: 8100 / To go: 4321
2025-11-13 03:59:50,966 - INFO - Records in product_list: 8100
2025-11-13 03:59:53,766 - INFO - Completed: 8200 / To go: 4221
2025-11-13 03:59:53,766 - INFO - Records in product_list: 8200
2025-11-13 03:59:56,541 - INFO - Completed: 8300 / To go: 4121
2025-11-13 03:59:56,541 - INFO - Records in product_list: 8300
2025-11-13 03:59:59,252 - INFO - Completed: 8400 / To go: 4021
2025-11-13 03:59:59,253 - INFO - Records in product_list: 8400
2025-11-13 04:00:01,985 - INFO - Completed: 8500 / To go: 3921
2025-11-13 04:00:01,985 - INFO - Records in product_list: 8500
2025-11-13 04:00:04,750 - INFO - Completed: 8600 / To go: 3821
2025-11-13 04:00:04,750 - INFO - Records in product_list: 8600
2025-11-13 04:00:07,870 - INFO - Completed: 8700 / To go: 3721
2025-11-13 04:00:07,870 - INFO - Records in product_list: 8700
2025-11-13 04:00:10,630 - INFO - Completed: 8800 / To go: 3621
2025-11-13 04:00:10,630 - INFO - Records in product_list: 8800
2025-11-13 04:00:13,435 - INFO - Completed: 8900 / To go: 3521
2025-11-13 04:00:13,436 - INFO - Records in product_list: 8900
2025-11-13 04:00:16,145 - INFO - Completed: 9000 / To go: 3421
2025-11-13 04:00:16,145 - INFO - Records in product_list: 9000
2025-11-13 04:00:18,948 - INFO - Completed: 9100 / To go: 3321
2025-11-13 04:00:18,948 - INFO - Records in product_list: 9100
2025-11-13 04:00:21,691 - INFO - Completed: 9200 / To go: 3221
2025-11-13 04:00:21,691 - INFO - Records in product_list: 9200
2025-11-13 04:00:24,404 - INFO - Completed: 9300 / To go: 3121
2025-11-13 04:00:24,404 - INFO - Records in product_list: 9300
2025-11-13 04:00:27,095 - INFO - Completed: 9400 / To go: 3021
2025-11-13 04:00:27,095 - INFO - Records in product_list: 9400
2025-11-13 04:00:29,904 - INFO - Completed: 9500 / To go: 2921
2025-11-13 04:00:29,904 - INFO - Records in product_list: 9500
2025-11-13 04:00:32,638 - INFO - Completed: 9600 / To go: 2821
2025-11-13 04:00:32,638 - INFO - Records in product_list: 9600
2025-11-13 04:00:35,459 - INFO - Completed: 9700 / To go: 2721
2025-11-13 04:00:35,459 - INFO - Records in product_list: 9700
2025-11-13 04:00:38,259 - INFO - Completed: 9800 / To go: 2621
2025-11-13 04:00:38,259 - INFO - Records in product_list: 9800
2025-11-13 04:00:41,050 - INFO - Completed: 9900 / To go: 2521
2025-11-13 04:00:41,050 - INFO - Records in product_list: 9900
2025-11-13 04:00:43,930 - INFO - Completed: 10000 / To go: 2421
2025-11-13 04:00:43,930 - INFO - Records in product_list: 10000
2025-11-13 04:00:46,857 - INFO - Completed: 10100 / To go: 2321
2025-11-13 04:00:46,857 - INFO - Records in product_list: 10100
2025-11-13 04:00:49,659 - INFO - Completed: 10200 / To go: 2221
2025-11-13 04:00:49,660 - INFO - Records in product_list: 10200
2025-11-13 04:00:52,379 - INFO - Completed: 10300 / To go: 2121
2025-11-13 04:00:52,380 - INFO - Records in product_list: 10300
2025-11-13 04:00:55,191 - INFO - Completed: 10400 / To go: 2021
2025-11-13 04:00:55,191 - INFO - Records in product_list: 10400
2025-11-13 04:00:58,086 - INFO - Completed: 10500 / To go: 1921
2025-11-13 04:00:58,086 - INFO - Records in product_list: 10500
2025-11-13 04:01:00,850 - INFO - Completed: 10600 / To go: 1821
2025-11-13 04:01:00,850 - INFO - Records in product_list: 10600
2025-11-13 04:01:03,752 - INFO - Completed: 10700 / To go: 1721
2025-11-13 04:01:03,752 - INFO - Records in product_list: 10700
2025-11-13 04:01:06,601 - INFO - Completed: 10800 / To go: 1621
2025-11-13 04:01:06,601 - INFO - Records in product_list: 10800
2025-11-13 04:01:09,377 - INFO - Completed: 10900 / To go: 1521
2025-11-13 04:01:09,377 - INFO - Records in product_list: 10900
2025-11-13 04:01:12,250 - INFO - Completed: 11000 / To go: 1421
2025-11-13 04:01:12,250 - INFO - Records in product_list: 11000
2025-11-13 04:01:15,155 - INFO - Completed: 11100 / To go: 1321
2025-11-13 04:01:15,155 - INFO - Records in product_list: 11100
2025-11-13 04:01:18,094 - INFO - Completed: 11200 / To go: 1221
2025-11-13 04:01:18,094 - INFO - Records in product_list: 11200
2025-11-13 04:01:20,992 - INFO - Completed: 11300 / To go: 1121
2025-11-13 04:01:20,992 - INFO - Records in product_list: 11300
2025-11-13 04:01:23,763 - INFO - Completed: 11400 / To go: 1021
2025-11-13 04:01:23,763 - INFO - Records in product_list: 11400
2025-11-13 04:01:26,753 - INFO - Completed: 11500 / To go: 921
2025-11-13 04:01:26,753 - INFO - Records in product_list: 11500
2025-11-13 04:01:29,627 - INFO - Completed: 11600 / To go: 821
2025-11-13 04:01:29,627 - INFO - Records in product_list: 11600
2025-11-13 04:01:32,430 - INFO - Completed: 11700 / To go: 721
2025-11-13 04:01:32,430 - INFO - Records in product_list: 11700
2025-11-13 04:01:35,291 - INFO - Completed: 11800 / To go: 621
2025-11-13 04:01:35,291 - INFO - Records in product_list: 11800
2025-11-13 04:01:38,402 - INFO - Completed: 11900 / To go: 521
2025-11-13 04:01:38,402 - INFO - Records in product_list: 11900
2025-11-13 04:01:41,732 - INFO - Completed: 12000 / To go: 421
2025-11-13 04:01:41,732 - INFO - Records in product_list: 12000
2025-11-13 04:01:44,494 - INFO - Completed: 12100 / To go: 321
2025-11-13 04:01:44,494 - INFO - Records in product_list: 12100
2025-11-13 04:01:47,293 - INFO - Completed: 12200 / To go: 221
2025-11-13 04:01:47,294 - INFO - Records in product_list: 12200
2025-11-13 04:01:50,155 - INFO - Completed: 12300 / To go: 121
2025-11-13 04:01:50,155 - INFO - Records in product_list: 12300
2025-11-13 04:01:52,740 - INFO - Completed: 12400 / To go: 21
2025-11-13 04:01:52,740 - INFO - Records in product_list: 12400
2025-11-13 04:01:55,212 - INFO - Completed: 12421 / To go: 0
2025-11-13 04:01:55,212 - INFO - Records in product_list: 12421
2025-11-13 04:01:58,478 - INFO - Loading combined dataframe from local file: updated_combined_dataframe.csv
2025-11-14 03:08:43,440 - INFO - ============================================================
2025-11-14 03:08:43,440 - INFO - Billa Price Scraper - Starting
2025-11-14 03:08:43,440 - INFO - ============================================================
2025-11-14 03:08:45,973 - INFO - Completed: 100 / To go: 12319
2025-11-14 03:08:45,973 - INFO - Records in product_list: 100
2025-11-14 03:08:49,393 - INFO - Completed: 200 / To go: 12219
2025-11-14 03:08:49,393 - INFO - Records in product_list: 200
2025-11-14 03:08:52,761 - INFO - Completed: 300 / To go: 12119
2025-11-14 03:08:52,761 - INFO - Records in product_list: 300
2025-11-14 03:08:56,691 - INFO - Completed: 400 / To go: 12019
2025-11-14 03:08:56,692 - INFO - Records in product_list: 400
2025-11-14 03:09:00,040 - INFO - Completed: 500 / To go: 11919
2025-11-14 03:09:00,040 - INFO - Records in product_list: 500
2025-11-14 03:09:03,406 - INFO - Completed: 600 / To go: 11819
2025-11-14 03:09:03,406 - INFO - Records in product_list: 600
2025-11-14 03:09:06,731 - INFO - Completed: 700 / To go: 11719
2025-11-14 03:09:06,731 - INFO - Records in product_list: 700
2025-11-14 03:09:10,146 - INFO - Completed: 800 / To go: 11619
2025-11-14 03:09:10,146 - INFO - Records in product_list: 800
2025-11-14 03:09:14,089 - INFO - Completed: 900 / To go: 11519
2025-11-14 03:09:14,089 - INFO - Records in product_list: 900
2025-11-14 03:09:17,144 - INFO - Completed: 1000 / To go: 11419
2025-11-14 03:09:17,144 - INFO - Records in product_list: 1000
2025-11-14 03:09:20,538 - INFO - Completed: 1100 / To go: 11319
2025-11-14 03:09:20,538 - INFO - Records in product_list: 1100
2025-11-14 03:09:23,856 - INFO - Completed: 1200 / To go: 11219
2025-11-14 03:09:23,856 - INFO - Records in product_list: 1200
2025-11-14 03:09:27,174 - INFO - Completed: 1300 / To go: 11119
2025-11-14 03:09:27,174 - INFO - Records in product_list: 1300
2025-11-14 03:09:30,498 - INFO - Completed: 1400 / To go: 11019
2025-11-14 03:09:30,498 - INFO - Records in product_list: 1400
2025-11-14 03:09:33,835 - INFO - Completed: 1500 / To go: 10919
2025-11-14 03:09:33,835 - INFO - Records in product_list: 1500
2025-11-14 03:09:36,936 - INFO - Completed: 1600 / To go: 10819
2025-11-14 03:09:36,936 - INFO - Records in product_list: 1600
2025-11-14 03:09:40,189 - INFO - Completed: 1700 / To go: 10719
2025-11-14 03:09:40,189 - INFO - Records in product_list: 1700
2025-11-14 03:09:43,364 - INFO - Completed: 1800 / To go: 10619
2025-11-14 03:09:43,364 - INFO - Records in product_list: 1800
2025-11-14 03:09:46,448 - INFO - Completed: 1900 / To go: 10519
2025-11-14 03:09:46,448 - INFO - Records in product_list: 1900
2025-11-14 03:09:50,159 - INFO - Completed: 2000 / To go: 10419
2025-11-14 03:09:50,159 - INFO - Records in product_list: 2000
2025-11-14 03:09:53,302 - INFO - Completed: 2100 / To go: 10319
2025-11-14 03:09:53,302 - INFO - Records in product_list: 2100
2025-11-14 03:09:56,432 - INFO - Completed: 2200 / To go: 10219
2025-11-14 03:09:56,432 - INFO - Records in product_list: 2200
2025-11-14 03:09:59,572 - INFO - Completed: 2300 / To go: 10119
2025-11-14 03:09:59,572 - INFO - Records in product_list: 2300
2025-11-14 03:10:02,715 - INFO - Completed: 2400 / To go: 10019
2025-11-14 03:10:02,715 - INFO - Records in product_list: 2400
2025-11-14 03:10:05,688 - INFO - Completed: 2500 / To go: 9919
2025-11-14 03:10:05,688 - INFO - Records in product_list: 2500
2025-11-14 03:10:08,771 - INFO - Completed: 2600 / To go: 9819
2025-11-14 03:10:08,771 - INFO - Records in product_list: 2600
2025-11-14 03:10:11,828 - INFO - Completed: 2700 / To go: 9719
2025-11-14 03:10:11,828 - INFO - Records in product_list: 2700
2025-11-14 03:10:14,926 - INFO - Completed: 2800 / To go: 9619
2025-11-14 03:10:14,926 - INFO - Records in product_list: 2800
2025-11-14 03:10:17,986 - INFO - Completed: 2900 / To go: 9519
2025-11-14 03:10:17,986 - INFO - Records in product_list: 2900
2025-11-14 03:10:21,040 - INFO - Completed: 3000 / To go: 9419
2025-11-14 03:10:21,040 - INFO - Records in product_list: 3000
2025-11-14 03:10:24,250 - INFO - Completed: 3100 / To go: 9319
2025-11-14 03:10:24,250 - INFO - Records in product_list: 3100
2025-11-14 03:10:27,200 - INFO - Completed: 3200 / To go: 9219
2025-11-14 03:10:27,200 - INFO - Records in product_list: 3200
2025-11-14 03:10:30,177 - INFO - Completed: 3300 / To go: 9119
2025-11-14 03:10:30,177 - INFO - Records in product_list: 3300
2025-11-14 03:10:33,229 - INFO - Completed: 3400 / To go: 9019
2025-11-14 03:10:33,229 - INFO - Records in product_list: 3400
2025-11-14 03:10:36,200 - INFO - Completed: 3500 / To go: 8919
2025-11-14 03:10:36,200 - INFO - Records in product_list: 3500
2025-11-14 03:10:39,304 - INFO - Completed: 3600 / To go: 8819
2025-11-14 03:10:39,305 - INFO - Records in product_list: 3600
2025-11-14 03:10:42,209 - INFO - Completed: 3700 / To go: 8719
2025-11-14 03:10:42,209 - INFO - Records in product_list: 3700
2025-11-14 03:10:45,259 - INFO - Completed: 3800 / To go: 8619
2025-11-14 03:10:45,259 - INFO - Records in product_list: 3800
2025-11-14 03:10:48,212 - INFO - Completed: 3900 / To go: 8519
2025-11-14 03:10:48,212 - INFO - Records in product_list: 3900
2025-11-14 03:10:51,165 - INFO - Completed: 4000 / To go: 8419
2025-11-14 03:10:51,165 - INFO - Records in product_list: 4000
2025-11-14 03:10:54,124 - INFO - Completed: 4100 / To go: 8319
2025-11-14 03:10:54,124 - INFO - Records in product_list: 4100
2025-11-14 03:10:57,045 - INFO - Completed: 4200 / To go: 8219
2025-11-14 03:10:57,045 - INFO - Records in product_list: 4200
2025-11-14 03:10:59,946 - INFO - Completed: 4300 / To go: 8119
2025-11-14 03:10:59,947 - INFO - Records in product_list: 4300
2025-11-14 03:11:02,920 - INFO - Completed: 4400 / To go: 8019
2025-11-14 03:11:02,920 - INFO - Records in product_list: 4400
2025-11-14 03:11:05,983 - INFO - Completed: 4500 / To go: 7919
2025-11-14 03:11:05,983 - INFO - Records in product_list: 4500
2025-11-14 03:11:08,929 - INFO - Completed: 4600 / To go: 7819
2025-11-14 03:11:08,929 - INFO - Records in product_list: 4600
2025-11-14 03:11:11,864 - INFO - Completed: 4700 / To go: 7719
2025-11-14 03:11:11,864 - INFO - Records in product_list: 4700
2025-11-14 03:11:14,735 - INFO - Completed: 4800 / To go: 7619
2025-11-14 03:11:14,735 - INFO - Records in product_list: 4800
2025-11-14 03:11:17,616 - INFO - Completed: 4900 / To go: 7519
2025-11-14 03:11:17,616 - INFO - Records in product_list: 4900
2025-11-14 03:11:20,688 - INFO - Completed: 5000 / To go: 7419
2025-11-14 03:11:20,688 - INFO - Records in product_list: 5000
2025-11-14 03:11:23,632 - INFO - Completed: 5100 / To go: 7319
2025-11-14 03:11:23,632 - INFO - Records in product_list: 5100
2025-11-14 03:11:26,542 - INFO - Completed: 5200 / To go: 7219
2025-11-14 03:11:26,543 - INFO - Records in product_list: 5200
2025-11-14 03:11:29,454 - INFO - Completed: 5300 / To go: 7119
2025-11-14 03:11:29,454 - INFO - Records in product_list: 5300
2025-11-14 03:11:32,316 - INFO - Completed: 5400 / To go: 7019
2025-11-14 03:11:32,316 - INFO - Records in product_list: 5400
2025-11-14 03:11:35,261 - INFO - Completed: 5500 / To go: 6919
2025-11-14 03:11:35,261 - INFO - Records in product_list: 5500
2025-11-14 03:11:38,203 - INFO - Completed: 5600 / To go: 6819
2025-11-14 03:11:38,203 - INFO - Records in product_list: 5600
2025-11-14 03:11:41,151 - INFO - Completed: 5700 / To go: 6719
2025-11-14 03:11:41,151 - INFO - Records in product_list: 5700
2025-11-14 03:11:44,104 - INFO - Completed: 5800 / To go: 6619
2025-11-14 03:11:44,104 - INFO - Records in product_list: 5800
2025-11-14 03:11:47,012 - INFO - Completed: 5900 / To go: 6519
2025-11-14 03:11:47,012 - INFO - Records in product_list: 5900
2025-11-14 03:11:50,904 - INFO - Completed: 6000 / To go: 6419
2025-11-14 03:11:50,904 - INFO - Records in product_list: 6000
2025-11-14 03:11:53,739 - INFO - Completed: 6100 / To go: 6319
2025-11-14 03:11:53,739 - INFO - Records in product_list: 6100
2025-11-14 03:11:56,556 - INFO - Completed: 6200 / To go: 6219
2025-11-14 03:11:56,556 - INFO - Records in product_list: 6200
2025-11-14 03:11:59,435 - INFO - Completed: 6300 / To go: 6119
2025-11-14 03:11:59,435 - INFO - Records in product_list: 6300
2025-11-14 03:12:02,313 - INFO - Completed: 6400 / To go: 6019
2025-11-14 03:12:02,313 - INFO - Records in product_list: 6400
2025-11-14 03:12:05,142 - INFO - Completed: 6500 / To go: 5919
2025-11-14 03:12:05,142 - INFO - Records in product_list: 6500
2025-11-14 03:12:07,958 - INFO - Completed: 6600 / To go: 5819
2025-11-14 03:12:07,958 - INFO - Records in product_list: 6600
2025-11-14 03:12:10,778 - INFO - Completed: 6700 / To go: 5719
2025-11-14 03:12:10,778 - INFO - Records in product_list: 6700
2025-11-14 03:12:13,886 - INFO - Completed: 6800 / To go: 5619
2025-11-14 03:12:13,886 - INFO - Records in product_list: 6800
2025-11-14 03:12:16,785 - INFO - Completed: 6900 / To go: 5519
2025-11-14 03:12:16,785 - INFO - Records in product_list: 6900
2025-11-14 03:12:19,612 - INFO - Completed: 7000 / To go: 5419
2025-11-14 03:12:19,612 - INFO - Records in product_list: 7000
2025-11-14 03:12:22,497 - INFO - Completed: 7100 / To go: 5319
2025-11-14 03:12:22,497 - INFO - Records in product_list: 7100
2025-11-14 03:12:25,564 - INFO - Completed: 7200 / To go: 5219
2025-11-14 03:12:25,564 - INFO - Records in product_list: 7200
2025-11-14 03:12:28,346 - INFO - Completed: 7300 / To go: 5119
2025-11-14 03:12:28,346 - INFO - Records in product_list: 7300
2025-11-14 03:12:31,250 - INFO - Completed: 7400 / To go: 5019
2025-11-14 03:12:31,250 - INFO - Records in product_list: 7400
2025-11-14 03:12:34,069 - INFO - Completed: 7500 / To go: 4919
2025-11-14 03:12:34,069 - INFO - Records in product_list: 7500
2025-11-14 03:12:36,903 - INFO - Completed: 7600 / To go: 4819
2025-11-14 03:12:36,903 - INFO - Records in product_list: 7600
2025-11-14 03:12:40,150 - INFO - Completed: 7700 / To go: 4719
2025-11-14 03:12:40,150 - INFO - Records in product_list: 7700
2025-11-14 03:12:43,152 - INFO - Completed: 7800 / To go: 4619
2025-11-14 03:12:43,152 - INFO - Records in product_list: 7800
2025-11-14 03:12:45,917 - INFO - Completed: 7900 / To go: 4519
2025-11-14 03:12:45,917 - INFO - Records in product_list: 7900
2025-11-14 03:12:48,693 - INFO - Completed: 8000 / To go: 4419
2025-11-14 03:12:48,693 - INFO - Records in product_list: 8000
2025-11-14 03:12:51,463 - INFO - Completed: 8100 / To go: 4319
2025-11-14 03:12:51,463 - INFO - Records in product_list: 8100
2025-11-14 03:12:54,276 - INFO - Completed: 8200 / To go: 4219
2025-11-14 03:12:54,276 - INFO - Records in product_list: 8200
2025-11-14 03:12:57,015 - INFO - Completed: 8300 / To go: 4119
2025-11-14 03:12:57,015 - INFO - Records in product_list: 8300
2025-11-14 03:12:59,785 - INFO - Completed: 8400 / To go: 4019
2025-11-14 03:12:59,786 - INFO - Records in product_list: 8400
2025-11-14 03:13:02,508 - INFO - Completed: 8500 / To go: 3919
2025-11-14 03:13:02,508 - INFO - Records in product_list: 8500
2025-11-14 03:13:05,266 - INFO - Completed: 8600 / To go: 3819
2025-11-14 03:13:05,266 - INFO - Records in product_list: 8600
2025-11-14 03:13:07,971 - INFO - Completed: 8700 / To go: 3719
2025-11-14 03:13:07,972 - INFO - Records in product_list: 8700
2025-11-14 03:13:10,697 - INFO - Completed: 8800 / To go: 3619
2025-11-14 03:13:10,697 - INFO - Records in product_list: 8800
2025-11-14 03:13:13,472 - INFO - Completed: 8900 / To go: 3519
2025-11-14 03:13:13,473 - INFO - Records in product_list: 8900
2025-11-14 03:13:16,225 - INFO - Completed: 9000 / To go: 3419
2025-11-14 03:13:16,225 - INFO - Records in product_list: 9000
2025-11-14 03:13:18,957 - INFO - Completed: 9100 / To go: 3319
2025-11-14 03:13:18,958 - INFO - Records in product_list: 9100
2025-11-14 03:13:21,715 - INFO - Completed: 9200 / To go: 3219
2025-11-14 03:13:21,715 - INFO - Records in product_list: 9200
2025-11-14 03:13:24,430 - INFO - Completed: 9300 / To go: 3119
2025-11-14 03:13:24,431 - INFO - Records in product_list: 9300
2025-11-14 03:13:27,212 - INFO - Completed: 9400 / To go: 3019
2025-11-14 03:13:27,212 - INFO - Records in product_list: 9400
2025-11-14 03:13:29,933 - INFO - Completed: 9500 / To go: 2919
2025-11-14 03:13:29,933 - INFO - Records in product_list: 9500
2025-11-14 03:13:32,755 - INFO - Completed: 9600 / To go: 2819
2025-11-14 03:13:32,755 - INFO - Records in product_list: 9600
2025-11-14 03:13:35,555 - INFO - Completed: 9700 / To go: 2719
2025-11-14 03:13:35,556 - INFO - Records in product_list: 9700
2025-11-14 03:13:38,254 - INFO - Completed: 9800 / To go: 2619
2025-11-14 03:13:38,254 - INFO - Records in product_list: 9800
2025-11-14 03:13:41,027 - INFO - Completed: 9900 / To go: 2519
2025-11-14 03:13:41,027 - INFO - Records in product_list: 9900
2025-11-14 03:13:44,152 - INFO - Completed: 10000 / To go: 2419
2025-11-14 03:13:44,152 - INFO - Records in product_list: 10000
2025-11-14 03:13:47,038 - INFO - Completed: 10100 / To go: 2319
2025-11-14 03:13:47,038 - INFO - Records in product_list: 10100
2025-11-14 03:13:49,871 - INFO - Completed: 10200 / To go: 2219
2025-11-14 03:13:49,871 - INFO - Records in product_list: 10200
2025-11-14 03:13:52,576 - INFO - Completed: 10300 / To go: 2119
2025-11-14 03:13:52,576 - INFO - Records in product_list: 10300
2025-11-14 03:13:55,387 - INFO - Completed: 10400 / To go: 2019
2025-11-14 03:13:55,387 - INFO - Records in product_list: 10400
2025-11-14 03:13:58,186 - INFO - Completed: 10500 / To go: 1919
2025-11-14 03:13:58,186 - INFO - Records in product_list: 10500
2025-11-14 03:14:00,995 - INFO - Completed: 10600 / To go: 1819
2025-11-14 03:14:00,995 - INFO - Records in product_list: 10600
2025-11-14 03:14:03,925 - INFO - Completed: 10700 / To go: 1719
2025-11-14 03:14:03,925 - INFO - Records in product_list: 10700
2025-11-14 03:14:06,775 - INFO - Completed: 10800 / To go: 1619
2025-11-14 03:14:06,775 - INFO - Records in product_list: 10800
2025-11-14 03:14:09,596 - INFO - Completed: 10900 / To go: 1519
2025-11-14 03:14:09,597 - INFO - Records in product_list: 10900
2025-11-14 03:14:12,469 - INFO - Completed: 11000 / To go: 1419
2025-11-14 03:14:12,469 - INFO - Records in product_list: 11000
2025-11-14 03:14:15,438 - INFO - Completed: 11100 / To go: 1319
2025-11-14 03:14:15,438 - INFO - Records in product_list: 11100
2025-11-14 03:14:18,327 - INFO - Completed: 11200 / To go: 1219
2025-11-14 03:14:18,327 - INFO - Records in product_list: 11200
2025-11-14 03:14:21,194 - INFO - Completed: 11300 / To go: 1119
2025-11-14 03:14:21,194 - INFO - Records in product_list: 11300
2025-11-14 03:14:23,986 - INFO - Completed: 11400 / To go: 1019
2025-11-14 03:14:23,986 - INFO - Records in product_list: 11400
2025-11-14 03:14:26,905 - INFO - Completed: 11500 / To go: 919
2025-11-14 03:14:26,905 - INFO - Records in product_list: 11500
2025-11-14 03:14:29,832 - INFO - Completed: 11600 / To go: 819
2025-11-14 03:14:29,832 - INFO - Records in product_list: 11600
2025-11-14 03:14:32,662 - INFO - Completed: 11700 / To go: 719
2025-11-14 03:14:32,662 - INFO - Records in product_list: 11700
2025-11-14 03:14:35,576 - INFO - Completed: 11800 / To go: 619
2025-11-14 03:14:35,577 - INFO - Records in product_list: 11800
2025-11-14 03:14:38,399 - INFO - Completed: 11900 / To go: 519
2025-11-14 03:14:38,399 - INFO - Records in product_list: 11900
2025-11-14 03:14:41,257 - INFO - Completed: 12000 / To go: 419
2025-11-14 03:14:41,257 - INFO - Records in product_list: 12000
2025-11-14 03:14:44,041 - INFO - Completed: 12100 / To go: 319
2025-11-14 03:14:44,041 - INFO - Records in product_list: 12100
2025-11-14 03:14:46,825 - INFO - Completed: 12200 / To go: 219
2025-11-14 03:14:46,826 - INFO - Records in product_list: 12200
2025-11-14 03:14:49,681 - INFO - Completed: 12300 / To go: 119
2025-11-14 03:14:49,681 - INFO - Records in product_list: 12300
2025-11-14 03:14:52,328 - INFO - Completed: 12400 / To go: 19
2025-11-14 03:14:52,329 - INFO - Records in product_list: 12400
2025-11-14 03:14:54,830 - INFO - Completed: 12419 / To go: 0
2025-11-14 03:14:54,830 - INFO - Records in product_list: 12419
2025-11-14 03:14:58,103 - INFO - Loading combined dataframe from local file: updated_combined_dataframe.csv
2025-11-15 03:02:08,300 - INFO - ============================================================
2025-11-15 03:02:08,300 - INFO - Billa Price Scraper - Starting
2025-11-15 03:02:08,300 - INFO - ============================================================
2025-11-15 03:02:09,984 - INFO - Completed: 100 / To go: 12304
2025-11-15 03:02:09,984 - INFO - Records in product_list: 100
2025-11-15 03:02:13,635 - INFO - Completed: 200 / To go: 12204
2025-11-15 03:02:13,635 - INFO - Records in product_list: 200
2025-11-15 03:02:16,627 - INFO - Completed: 300 / To go: 12104
2025-11-15 03:02:16,627 - INFO - Records in product_list: 300
2025-11-15 03:02:20,222 - INFO - Completed: 400 / To go: 12004
2025-11-15 03:02:20,222 - INFO - Records in product_list: 400
2025-11-15 03:02:23,540 - INFO - Completed: 500 / To go: 11904
2025-11-15 03:02:23,540 - INFO - Records in product_list: 500
2025-11-15 03:02:27,167 - INFO - Completed: 600 / To go: 11804
2025-11-15 03:02:27,167 - INFO - Records in product_list: 600
2025-11-15 03:02:30,743 - INFO - Completed: 700 / To go: 11704
2025-11-15 03:02:30,743 - INFO - Records in product_list: 700
2025-11-15 03:02:34,072 - INFO - Completed: 800 / To go: 11604
2025-11-15 03:02:34,072 - INFO - Records in product_list: 800
2025-11-15 03:02:37,329 - INFO - Completed: 900 / To go: 11504
2025-11-15 03:02:37,329 - INFO - Records in product_list: 900
2025-11-15 03:02:40,270 - INFO - Completed: 1000 / To go: 11404
2025-11-15 03:02:40,270 - INFO - Records in product_list: 1000
2025-11-15 03:02:43,675 - INFO - Completed: 1100 / To go: 11304
2025-11-15 03:02:43,676 - INFO - Records in product_list: 1100
2025-11-15 03:02:46,709 - INFO - Completed: 1200 / To go: 11204
2025-11-15 03:02:46,709 - INFO - Records in product_list: 1200
2025-11-15 03:02:50,083 - INFO - Completed: 1300 / To go: 11104
2025-11-15 03:02:50,083 - INFO - Records in product_list: 1300
2025-11-15 03:02:53,261 - INFO - Completed: 1400 / To go: 11004
2025-11-15 03:02:53,261 - INFO - Records in product_list: 1400
2025-11-15 03:02:56,333 - INFO - Completed: 1500 / To go: 10904
2025-11-15 03:02:56,333 - INFO - Records in product_list: 1500
2025-11-15 03:02:59,515 - INFO - Completed: 1600 / To go: 10804
2025-11-15 03:02:59,515 - INFO - Records in product_list: 1600
2025-11-15 03:03:02,635 - INFO - Completed: 1700 / To go: 10704
2025-11-15 03:03:02,635 - INFO - Records in product_list: 1700
2025-11-15 03:03:06,023 - INFO - Completed: 1800 / To go: 10604
2025-11-15 03:03:06,023 - INFO - Records in product_list: 1800
2025-11-15 03:03:09,171 - INFO - Completed: 1900 / To go: 10504
2025-11-15 03:03:09,171 - INFO - Records in product_list: 1900
2025-11-15 03:03:12,125 - INFO - Completed: 2000 / To go: 10404
2025-11-15 03:03:12,126 - INFO - Records in product_list: 2000
2025-11-15 03:03:15,318 - INFO - Completed: 2100 / To go: 10304
2025-11-15 03:03:15,318 - INFO - Records in product_list: 2100
2025-11-15 03:03:18,276 - INFO - Completed: 2200 / To go: 10204
2025-11-15 03:03:18,276 - INFO - Records in product_list: 2200
2025-11-15 03:03:21,561 - INFO - Completed: 2300 / To go: 10104
2025-11-15 03:03:21,561 - INFO - Records in product_list: 2300
2025-11-15 03:03:24,614 - INFO - Completed: 2400 / To go: 10004
2025-11-15 03:03:24,614 - INFO - Records in product_list: 2400
2025-11-15 03:03:27,570 - INFO - Completed: 2500 / To go: 9904
2025-11-15 03:03:27,571 - INFO - Records in product_list: 2500
2025-11-15 03:03:30,465 - INFO - Completed: 2600 / To go: 9804
2025-11-15 03:03:30,465 - INFO - Records in product_list: 2600
2025-11-15 03:03:33,381 - INFO - Completed: 2700 / To go: 9704
2025-11-15 03:03:33,382 - INFO - Records in product_list: 2700
2025-11-15 03:03:36,395 - INFO - Completed: 2800 / To go: 9604
2025-11-15 03:03:36,395 - INFO - Records in product_list: 2800
2025-11-15 03:03:39,320 - INFO - Completed: 2900 / To go: 9504
2025-11-15 03:03:39,320 - INFO - Records in product_list: 2900
2025-11-15 03:03:42,268 - INFO - Completed: 3000 / To go: 9404
2025-11-15 03:03:42,269 - INFO - Records in product_list: 3000
2025-11-15 03:03:45,400 - INFO - Completed: 3100 / To go: 9304
2025-11-15 03:03:45,400 - INFO - Records in product_list: 3100
2025-11-15 03:03:48,634 - INFO - Completed: 3200 / To go: 9204
2025-11-15 03:03:48,634 - INFO - Records in product_list: 3200
2025-11-15 03:03:51,600 - INFO - Completed: 3300 / To go: 9104
2025-11-15 03:03:51,600 - INFO - Records in product_list: 3300
2025-11-15 03:03:54,484 - INFO - Completed: 3400 / To go: 9004
2025-11-15 03:03:54,484 - INFO - Records in product_list: 3400
2025-11-15 03:03:57,704 - INFO - Completed: 3500 / To go: 8904
2025-11-15 03:03:57,704 - INFO - Records in product_list: 3500
2025-11-15 03:04:00,730 - INFO - Completed: 3600 / To go: 8804
2025-11-15 03:04:00,730 - INFO - Records in product_list: 3600
2025-11-15 03:04:03,685 - INFO - Completed: 3700 / To go: 8704
2025-11-15 03:04:03,685 - INFO - Records in product_list: 3700
2025-11-15 03:04:07,056 - INFO - Completed: 3800 / To go: 8604
2025-11-15 03:04:07,056 - INFO - Records in product_list: 3800
2025-11-15 03:04:10,050 - INFO - Completed: 3900 / To go: 8504
2025-11-15 03:04:10,050 - INFO - Records in product_list: 3900
2025-11-15 03:04:13,391 - INFO - Completed: 4000 / To go: 8404
2025-11-15 03:04:13,391 - INFO - Records in product_list: 4000
2025-11-15 03:04:16,485 - INFO - Completed: 4100 / To go: 8304
2025-11-15 03:04:16,485 - INFO - Records in product_list: 4100
2025-11-15 03:04:19,962 - INFO - Completed: 4200 / To go: 8204
2025-11-15 03:04:19,962 - INFO - Records in product_list: 4200
2025-11-15 03:04:22,850 - INFO - Completed: 4300 / To go: 8104
2025-11-15 03:04:22,850 - INFO - Records in product_list: 4300
2025-11-15 03:04:25,801 - INFO - Completed: 4400 / To go: 8004
2025-11-15 03:04:25,801 - INFO - Records in product_list: 4400
2025-11-15 03:04:28,849 - INFO - Completed: 4500 / To go: 7904
2025-11-15 03:04:28,849 - INFO - Records in product_list: 4500
2025-11-15 03:04:31,788 - INFO - Completed: 4600 / To go: 7804
2025-11-15 03:04:31,788 - INFO - Records in product_list: 4600
2025-11-15 03:04:34,761 - INFO - Completed: 4700 / To go: 7704
2025-11-15 03:04:34,761 - INFO - Records in product_list: 4700
2025-11-15 03:04:37,653 - INFO - Completed: 4800 / To go: 7604
2025-11-15 03:04:37,653 - INFO - Records in product_list: 4800
2025-11-15 03:04:40,716 - INFO - Completed: 4900 / To go: 7504
2025-11-15 03:04:40,716 - INFO - Records in product_list: 4900
2025-11-15 03:04:43,589 - INFO - Completed: 5000 / To go: 7404
2025-11-15 03:04:43,589 - INFO - Records in product_list: 5000
2025-11-15 03:04:46,470 - INFO - Completed: 5100 / To go: 7304
2025-11-15 03:04:46,470 - INFO - Records in product_list: 5100
2025-11-15 03:04:49,358 - INFO - Completed: 5200 / To go: 7204
2025-11-15 03:04:49,358 - INFO - Records in product_list: 5200
2025-11-15 03:04:52,234 - INFO - Completed: 5300 / To go: 7104
2025-11-15 03:04:52,234 - INFO - Records in product_list: 5300
2025-11-15 03:04:55,119 - INFO - Completed: 5400 / To go: 7004
2025-11-15 03:04:55,119 - INFO - Records in product_list: 5400
2025-11-15 03:04:57,993 - INFO - Completed: 5500 / To go: 6904
2025-11-15 03:04:57,993 - INFO - Records in product_list: 5500
2025-11-15 03:05:00,936 - INFO - Completed: 5600 / To go: 6804
2025-11-15 03:05:00,936 - INFO - Records in product_list: 5600
2025-11-15 03:05:03,791 - INFO - Completed: 5700 / To go: 6704
2025-11-15 03:05:03,791 - INFO - Records in product_list: 5700
2025-11-15 03:05:06,723 - INFO - Completed: 5800 / To go: 6604
2025-11-15 03:05:06,723 - INFO - Records in product_list: 5800
2025-11-15 03:05:09,638 - INFO - Completed: 5900 / To go: 6504
2025-11-15 03:05:09,638 - INFO - Records in product_list: 5900
2025-11-15 03:05:12,538 - INFO - Completed: 6000 / To go: 6404
2025-11-15 03:05:12,538 - INFO - Records in product_list: 6000
2025-11-15 03:05:15,451 - INFO - Completed: 6100 / To go: 6304
2025-11-15 03:05:15,451 - INFO - Records in product_list: 6100
2025-11-15 03:05:18,339 - INFO - Completed: 6200 / To go: 6204
2025-11-15 03:05:18,339 - INFO - Records in product_list: 6200
2025-11-15 03:05:21,207 - INFO - Completed: 6300 / To go: 6104
2025-11-15 03:05:21,207 - INFO - Records in product_list: 6300
2025-11-15 03:05:24,014 - INFO - Completed: 6400 / To go: 6004
2025-11-15 03:05:24,014 - INFO - Records in product_list: 6400
2025-11-15 03:05:26,863 - INFO - Completed: 6500 / To go: 5904
2025-11-15 03:05:26,863 - INFO - Records in product_list: 6500
2025-11-15 03:05:29,718 - INFO - Completed: 6600 / To go: 5804
2025-11-15 03:05:29,718 - INFO - Records in product_list: 6600
2025-11-15 03:05:32,534 - INFO - Completed: 6700 / To go: 5704
2025-11-15 03:05:32,534 - INFO - Records in product_list: 6700
2025-11-15 03:05:35,381 - INFO - Completed: 6800 / To go: 5604
2025-11-15 03:05:35,381 - INFO - Records in product_list: 6800
2025-11-15 03:05:38,233 - INFO - Completed: 6900 / To go: 5504
2025-11-15 03:05:38,233 - INFO - Records in product_list: 6900
2025-11-15 03:05:41,061 - INFO - Completed: 7000 / To go: 5404
2025-11-15 03:05:41,061 - INFO - Records in product_list: 7000
2025-11-15 03:05:43,951 - INFO - Completed: 7100 / To go: 5304
2025-11-15 03:05:43,951 - INFO - Records in product_list: 7100
2025-11-15 03:05:46,832 - INFO - Completed: 7200 / To go: 5204
2025-11-15 03:05:46,832 - INFO - Records in product_list: 7200
2025-11-15 03:05:49,606 - INFO - Completed: 7300 / To go: 5104
2025-11-15 03:05:49,606 - INFO - Records in product_list: 7300
2025-11-15 03:05:52,530 - INFO - Completed: 7400 / To go: 5004
2025-11-15 03:05:52,530 - INFO - Records in product_list: 7400
2025-11-15 03:05:55,386 - INFO - Completed: 7500 / To go: 4904
2025-11-15 03:05:55,386 - INFO - Records in product_list: 7500
2025-11-15 03:05:58,145 - INFO - Completed: 7600 / To go: 4804
2025-11-15 03:05:58,145 - INFO - Records in product_list: 7600
2025-11-15 03:06:00,889 - INFO - Completed: 7700 / To go: 4704
2025-11-15 03:06:00,890 - INFO - Records in product_list: 7700
2025-11-15 03:06:03,682 - INFO - Completed: 7800 / To go: 4604
2025-11-15 03:06:03,682 - INFO - Records in product_list: 7800
2025-11-15 03:06:06,430 - INFO - Completed: 7900 / To go: 4504
2025-11-15 03:06:06,430 - INFO - Records in product_list: 7900
2025-11-15 03:06:09,124 - INFO - Completed: 8000 / To go: 4404
2025-11-15 03:06:09,125 - INFO - Records in product_list: 8000
2025-11-15 03:06:11,862 - INFO - Completed: 8100 / To go: 4304
2025-11-15 03:06:11,862 - INFO - Records in product_list: 8100
2025-11-15 03:06:14,754 - INFO - Completed: 8200 / To go: 4204
2025-11-15 03:06:14,754 - INFO - Records in product_list: 8200
2025-11-15 03:06:17,508 - INFO - Completed: 8300 / To go: 4104
2025-11-15 03:06:17,508 - INFO - Records in product_list: 8300
2025-11-15 03:06:20,659 - INFO - Completed: 8400 / To go: 4004
2025-11-15 03:06:20,659 - INFO - Records in product_list: 8400
2025-11-15 03:06:23,343 - INFO - Completed: 8500 / To go: 3904
2025-11-15 03:06:23,343 - INFO - Records in product_list: 8500
2025-11-15 03:06:26,150 - INFO - Completed: 8600 / To go: 3804
2025-11-15 03:06:26,150 - INFO - Records in product_list: 8600
2025-11-15 03:06:28,883 - INFO - Completed: 8700 / To go: 3704
2025-11-15 03:06:28,883 - INFO - Records in product_list: 8700
2025-11-15 03:06:31,639 - INFO - Completed: 8800 / To go: 3604
2025-11-15 03:06:31,639 - INFO - Records in product_list: 8800
2025-11-15 03:06:34,443 - INFO - Completed: 8900 / To go: 3504
2025-11-15 03:06:34,443 - INFO - Records in product_list: 8900
2025-11-15 03:06:37,220 - INFO - Completed: 9000 / To go: 3404
2025-11-15 03:06:37,220 - INFO - Records in product_list: 9000
2025-11-15 03:06:39,975 - INFO - Completed: 9100 / To go: 3304
2025-11-15 03:06:39,975 - INFO - Records in product_list: 9100
2025-11-15 03:06:42,852 - INFO - Completed: 9200 / To go: 3204
2025-11-15 03:06:42,852 - INFO - Records in product_list: 9200
2025-11-15 03:06:45,549 - INFO - Completed: 9300 / To go: 3104
2025-11-15 03:06:45,549 - INFO - Records in product_list: 9300
2025-11-15 03:06:48,319 - INFO - Completed: 9400 / To go: 3004
2025-11-15 03:06:48,319 - INFO - Records in product_list: 9400
2025-11-15 03:06:51,083 - INFO - Completed: 9500 / To go: 2904
2025-11-15 03:06:51,083 - INFO - Records in product_list: 9500
2025-11-15 03:06:53,850 - INFO - Completed: 9600 / To go: 2804
2025-11-15 03:06:53,850 - INFO - Records in product_list: 9600
2025-11-15 03:06:56,585 - INFO - Completed: 9700 / To go: 2704
2025-11-15 03:06:56,585 - INFO - Records in product_list: 9700
2025-11-15 03:06:59,365 - INFO - Completed: 9800 / To go: 2604
2025-11-15 03:06:59,365 - INFO - Records in product_list: 9800
2025-11-15 03:07:02,188 - INFO - Completed: 9900 / To go: 2504
2025-11-15 03:07:02,188 - INFO - Records in product_list: 9900
2025-11-15 03:07:05,019 - INFO - Completed: 10000 / To go: 2404
2025-11-15 03:07:05,019 - INFO - Records in product_list: 10000
2025-11-15 03:07:07,995 - INFO - Completed: 10100 / To go: 2304
2025-11-15 03:07:07,996 - INFO - Records in product_list: 10100
2025-11-15 03:07:10,769 - INFO - Completed: 10200 / To go: 2204
2025-11-15 03:07:10,769 - INFO - Records in product_list: 10200
2025-11-15 03:07:13,580 - INFO - Completed: 10300 / To go: 2104
2025-11-15 03:07:13,580 - INFO - Records in product_list: 10300
2025-11-15 03:07:16,392 - INFO - Completed: 10400 / To go: 2004
2025-11-15 03:07:16,392 - INFO - Records in product_list: 10400
2025-11-15 03:07:19,265 - INFO - Completed: 10500 / To go: 1904
2025-11-15 03:07:19,266 - INFO - Records in product_list: 10500
2025-11-15 03:07:22,118 - INFO - Completed: 10600 / To go: 1804
2025-11-15 03:07:22,118 - INFO - Records in product_list: 10600
2025-11-15 03:07:24,896 - INFO - Completed: 10700 / To go: 1704
2025-11-15 03:07:24,896 - INFO - Records in product_list: 10700
2025-11-15 03:07:27,722 - INFO - Completed: 10800 / To go: 1604
2025-11-15 03:07:27,723 - INFO - Records in product_list: 10800
2025-11-15 03:07:30,493 - INFO - Completed: 10900 / To go: 1504
2025-11-15 03:07:30,493 - INFO - Records in product_list: 10900
2025-11-15 03:07:33,396 - INFO - Completed: 11000 / To go: 1404
2025-11-15 03:07:33,396 - INFO - Records in product_list: 11000
2025-11-15 03:07:36,334 - INFO - Completed: 11100 / To go: 1304
2025-11-15 03:07:36,334 - INFO - Records in product_list: 11100
2025-11-15 03:07:39,269 - INFO - Completed: 11200 / To go: 1204
2025-11-15 03:07:39,269 - INFO - Records in product_list: 11200
2025-11-15 03:07:42,264 - INFO - Completed: 11300 / To go: 1104
2025-11-15 03:07:42,264 - INFO - Records in product_list: 11300
2025-11-15 03:07:45,146 - INFO - Completed: 11400 / To go: 1004
2025-11-15 03:07:45,146 - INFO - Records in product_list: 11400
2025-11-15 03:07:48,009 - INFO - Completed: 11500 / To go: 904
2025-11-15 03:07:48,009 - INFO - Records in product_list: 11500
2025-11-15 03:07:50,953 - INFO - Completed: 11600 / To go: 804
2025-11-15 03:07:50,953 - INFO - Records in product_list: 11600
2025-11-15 03:07:53,745 - INFO - Completed: 11700 / To go: 704
2025-11-15 03:07:53,745 - INFO - Records in product_list: 11700
2025-11-15 03:07:56,633 - INFO - Completed: 11800 / To go: 604
2025-11-15 03:07:56,633 - INFO - Records in product_list: 11800
2025-11-15 03:07:59,353 - INFO - Completed: 11900 / To go: 504
2025-11-15 03:07:59,353 - INFO - Records in product_list: 11900
2025-11-15 03:08:02,136 - INFO - Completed: 12000 / To go: 404
2025-11-15 03:08:02,136 - INFO - Records in product_list: 12000
2025-11-15 03:08:04,919 - INFO - Completed: 12100 / To go: 304
2025-11-15 03:08:04,919 - INFO - Records in product_list: 12100
2025-11-15 03:08:07,779 - INFO - Completed: 12200 / To go: 204
2025-11-15 03:08:07,779 - INFO - Records in product_list: 12200
2025-11-15 03:08:10,871 - INFO - Completed: 12300 / To go: 104
2025-11-15 03:08:10,871 - INFO - Records in product_list: 12300
2025-11-15 03:08:13,528 - INFO - Completed: 12400 / To go: 4
2025-11-15 03:08:13,528 - INFO - Records in product_list: 12400
2025-11-15 03:08:15,947 - INFO - Completed: 12404 / To go: 0
2025-11-15 03:08:15,947 - INFO - Records in product_list: 12404
2025-11-15 03:08:19,166 - INFO - Loading combined dataframe from local file: updated_combined_dataframe.csv
2025-11-16 03:13:26,731 - INFO - ============================================================
2025-11-16 03:13:26,731 - INFO - Billa Price Scraper - Starting
2025-11-16 03:13:26,731 - INFO - ============================================================
2025-11-16 03:13:28,273 - INFO - Completed: 100 / To go: 12298
2025-11-16 03:13:28,273 - INFO - Records in product_list: 100
2025-11-16 03:13:31,442 - INFO - Completed: 200 / To go: 12198
2025-11-16 03:13:31,442 - INFO - Records in product_list: 200
2025-11-16 03:13:34,443 - INFO - Completed: 300 / To go: 12098
2025-11-16 03:13:34,443 - INFO - Records in product_list: 300
2025-11-16 03:13:37,662 - INFO - Completed: 400 / To go: 11998
2025-11-16 03:13:37,662 - INFO - Records in product_list: 400
2025-11-16 03:13:40,546 - INFO - Completed: 500 / To go: 11898
2025-11-16 03:13:40,546 - INFO - Records in product_list: 500
2025-11-16 03:13:43,651 - INFO - Completed: 600 / To go: 11798
2025-11-16 03:13:43,651 - INFO - Records in product_list: 600
2025-11-16 03:13:47,606 - INFO - Completed: 700 / To go: 11698
2025-11-16 03:13:47,606 - INFO - Records in product_list: 700
2025-11-16 03:13:50,503 - INFO - Completed: 800 / To go: 11598
2025-11-16 03:13:50,503 - INFO - Records in product_list: 800
2025-11-16 03:13:53,446 - INFO - Completed: 900 / To go: 11498
2025-11-16 03:13:53,446 - INFO - Records in product_list: 900
2025-11-16 03:13:56,604 - INFO - Completed: 1000 / To go: 11398
2025-11-16 03:13:56,604 - INFO - Records in product_list: 1000
2025-11-16 03:13:59,590 - INFO - Completed: 1100 / To go: 11298
2025-11-16 03:13:59,590 - INFO - Records in product_list: 1100
2025-11-16 03:14:02,528 - INFO - Completed: 1200 / To go: 11198
2025-11-16 03:14:02,528 - INFO - Records in product_list: 1200
2025-11-16 03:14:05,475 - INFO - Completed: 1300 / To go: 11098
2025-11-16 03:14:05,475 - INFO - Records in product_list: 1300
2025-11-16 03:14:08,374 - INFO - Completed: 1400 / To go: 10998
2025-11-16 03:14:08,374 - INFO - Records in product_list: 1400
2025-11-16 03:14:11,291 - INFO - Completed: 1500 / To go: 10898
2025-11-16 03:14:11,291 - INFO - Records in product_list: 1500
2025-11-16 03:14:14,192 - INFO - Completed: 1600 / To go: 10798
2025-11-16 03:14:14,192 - INFO - Records in product_list: 1600
2025-11-16 03:14:16,998 - INFO - Completed: 1700 / To go: 10698
2025-11-16 03:14:16,999 - INFO - Records in product_list: 1700
2025-11-16 03:14:20,103 - INFO - Completed: 1800 / To go: 10598
2025-11-16 03:14:20,103 - INFO - Records in product_list: 1800
2025-11-16 03:14:23,103 - INFO - Completed: 1900 / To go: 10498
2025-11-16 03:14:23,103 - INFO - Records in product_list: 1900
2025-11-16 03:14:25,957 - INFO - Completed: 2000 / To go: 10398
2025-11-16 03:14:25,957 - INFO - Records in product_list: 2000
2025-11-16 03:14:28,826 - INFO - Completed: 2100 / To go: 10298
2025-11-16 03:14:28,826 - INFO - Records in product_list: 2100
2025-11-16 03:14:32,002 - INFO - Completed: 2200 / To go: 10198
2025-11-16 03:14:32,002 - INFO - Records in product_list: 2200
2025-11-16 03:14:34,875 - INFO - Completed: 2300 / To go: 10098
2025-11-16 03:14:34,875 - INFO - Records in product_list: 2300
2025-11-16 03:14:37,956 - INFO - Completed: 2400 / To go: 9998
2025-11-16 03:14:37,956 - INFO - Records in product_list: 2400
2025-11-16 03:14:41,218 - INFO - Completed: 2500 / To go: 9898
2025-11-16 03:14:41,218 - INFO - Records in product_list: 2500
2025-11-16 03:14:44,231 - INFO - Completed: 2600 / To go: 9798
2025-11-16 03:14:44,231 - INFO - Records in product_list: 2600
2025-11-16 03:14:47,099 - INFO - Completed: 2700 / To go: 9698
2025-11-16 03:14:47,099 - INFO - Records in product_list: 2700
2025-11-16 03:14:50,136 - INFO - Completed: 2800 / To go: 9598
2025-11-16 03:14:50,136 - INFO - Records in product_list: 2800
2025-11-16 03:14:53,045 - INFO - Completed: 2900 / To go: 9498
2025-11-16 03:14:53,045 - INFO - Records in product_list: 2900
2025-11-16 03:14:56,196 - INFO - Completed: 3000 / To go: 9398
2025-11-16 03:14:56,196 - INFO - Records in product_list: 3000
2025-11-16 03:14:59,133 - INFO - Completed: 3100 / To go: 9298
2025-11-16 03:14:59,133 - INFO - Records in product_list: 3100
2025-11-16 03:15:02,122 - INFO - Completed: 3200 / To go: 9198
2025-11-16 03:15:02,122 - INFO - Records in product_list: 3200
2025-11-16 03:15:05,011 - INFO - Completed: 3300 / To go: 9098
2025-11-16 03:15:05,011 - INFO - Records in product_list: 3300
2025-11-16 03:15:07,892 - INFO - Completed: 3400 / To go: 8998
2025-11-16 03:15:07,892 - INFO - Records in product_list: 3400
2025-11-16 03:15:10,751 - INFO - Completed: 3500 / To go: 8898
2025-11-16 03:15:10,751 - INFO - Records in product_list: 3500
2025-11-16 03:15:13,678 - INFO - Completed: 3600 / To go: 8798
2025-11-16 03:15:13,678 - INFO - Records in product_list: 3600
2025-11-16 03:15:16,477 - INFO - Completed: 3700 / To go: 8698
2025-11-16 03:15:16,477 - INFO - Records in product_list: 3700
2025-11-16 03:15:19,435 - INFO - Completed: 3800 / To go: 8598
2025-11-16 03:15:19,436 - INFO - Records in product_list: 3800
2025-11-16 03:15:22,374 - INFO - Completed: 3900 / To go: 8498
2025-11-16 03:15:22,375 - INFO - Records in product_list: 3900
2025-11-16 03:15:25,174 - INFO - Completed: 4000 / To go: 8398
2025-11-16 03:15:25,174 - INFO - Records in product_list: 4000
2025-11-16 03:15:28,062 - INFO - Completed: 4100 / To go: 8298
2025-11-16 03:15:28,062 - INFO - Records in product_list: 4100
2025-11-16 03:15:30,953 - INFO - Completed: 4200 / To go: 8198
2025-11-16 03:15:30,954 - INFO - Records in product_list: 4200
2025-11-16 03:15:34,055 - INFO - Completed: 4300 / To go: 8098
2025-11-16 03:15:34,055 - INFO - Records in product_list: 4300
2025-11-16 03:15:36,988 - INFO - Completed: 4400 / To go: 7998
2025-11-16 03:15:36,988 - INFO - Records in product_list: 4400
2025-11-16 03:15:39,834 - INFO - Completed: 4500 / To go: 7898
2025-11-16 03:15:39,834 - INFO - Records in product_list: 4500
2025-11-16 03:15:42,700 - INFO - Completed: 4600 / To go: 7798
2025-11-16 03:15:42,700 - INFO - Records in product_list: 4600
2025-11-16 03:15:45,821 - INFO - Completed: 4700 / To go: 7698
2025-11-16 03:15:45,822 - INFO - Records in product_list: 4700
2025-11-16 03:15:48,650 - INFO - Completed: 4800 / To go: 7598
2025-11-16 03:15:48,650 - INFO - Records in product_list: 4800
2025-11-16 03:15:51,470 - INFO - Completed: 4900 / To go: 7498
2025-11-16 03:15:51,470 - INFO - Records in product_list: 4900
2025-11-16 03:15:54,276 - INFO - Completed: 5000 / To go: 7398
2025-11-16 03:15:54,276 - INFO - Records in product_list: 5000
2025-11-16 03:15:57,071 - INFO - Completed: 5100 / To go: 7298
2025-11-16 03:15:57,071 - INFO - Records in product_list: 5100
2025-11-16 03:15:59,897 - INFO - Completed: 5200 / To go: 7198
2025-11-16 03:15:59,897 - INFO - Records in product_list: 5200
2025-11-16 03:16:02,624 - INFO - Completed: 5300 / To go: 7098
2025-11-16 03:16:02,624 - INFO - Records in product_list: 5300
2025-11-16 03:16:05,392 - INFO - Completed: 5400 / To go: 6998
2025-11-16 03:16:05,392 - INFO - Records in product_list: 5400
2025-11-16 03:16:08,161 - INFO - Completed: 5500 / To go: 6898
2025-11-16 03:16:08,161 - INFO - Records in product_list: 5500
2025-11-16 03:16:11,037 - INFO - Completed: 5600 / To go: 6798
2025-11-16 03:16:11,037 - INFO - Records in product_list: 5600
2025-11-16 03:16:13,976 - INFO - Completed: 5700 / To go: 6698
2025-11-16 03:16:13,976 - INFO - Records in product_list: 5700
2025-11-16 03:16:16,784 - INFO - Completed: 5800 / To go: 6598
2025-11-16 03:16:16,784 - INFO - Records in product_list: 5800
2025-11-16 03:16:19,752 - INFO - Completed: 5900 / To go: 6498
2025-11-16 03:16:19,752 - INFO - Records in product_list: 5900
2025-11-16 03:16:22,522 - INFO - Completed: 6000 / To go: 6398
2025-11-16 03:16:22,522 - INFO - Records in product_list: 6000
2025-11-16 03:16:25,335 - INFO - Completed: 6100 / To go: 6298
2025-11-16 03:16:25,335 - INFO - Records in product_list: 6100
2025-11-16 03:16:28,169 - INFO - Completed: 6200 / To go: 6198
2025-11-16 03:16:28,170 - INFO - Records in product_list: 6200
2025-11-16 03:16:31,038 - INFO - Completed: 6300 / To go: 6098
2025-11-16 03:16:31,038 - INFO - Records in product_list: 6300
2025-11-16 03:16:33,790 - INFO - Completed: 6400 / To go: 5998
2025-11-16 03:16:33,790 - INFO - Records in product_list: 6400
2025-11-16 03:16:36,558 - INFO - Completed: 6500 / To go: 5898
2025-11-16 03:16:36,558 - INFO - Records in product_list: 6500
2025-11-16 03:16:39,322 - INFO - Completed: 6600 / To go: 5798
2025-11-16 03:16:39,322 - INFO - Records in product_list: 6600
2025-11-16 03:16:42,111 - INFO - Completed: 6700 / To go: 5698
2025-11-16 03:16:42,111 - INFO - Records in product_list: 6700
2025-11-16 03:16:45,276 - INFO - Completed: 6800 / To go: 5598
2025-11-16 03:16:45,276 - INFO - Records in product_list: 6800
2025-11-16 03:16:48,052 - INFO - Completed: 6900 / To go: 5498
2025-11-16 03:16:48,052 - INFO - Records in product_list: 6900
2025-11-16 03:16:50,824 - INFO - Completed: 7000 / To go: 5398
2025-11-16 03:16:50,824 - INFO - Records in product_list: 7000
2025-11-16 03:16:53,542 - INFO - Completed: 7100 / To go: 5298
2025-11-16 03:16:53,542 - INFO - Records in product_list: 7100
2025-11-16 03:16:56,242 - INFO - Completed: 7200 / To go: 5198
2025-11-16 03:16:56,242 - INFO - Records in product_list: 7200
2025-11-16 03:16:59,068 - INFO - Completed: 7300 / To go: 5098
2025-11-16 03:16:59,068 - INFO - Records in product_list: 7300
2025-11-16 03:17:01,818 - INFO - Completed: 7400 / To go: 4998
2025-11-16 03:17:01,818 - INFO - Records in product_list: 7400
2025-11-16 03:17:04,578 - INFO - Completed: 7500 / To go: 4898
2025-11-16 03:17:04,578 - INFO - Records in product_list: 7500
2025-11-16 03:17:07,263 - INFO - Completed: 7600 / To go: 4798
2025-11-16 03:17:07,263 - INFO - Records in product_list: 7600
2025-11-16 03:17:10,100 - INFO - Completed: 7700 / To go: 4698
2025-11-16 03:17:10,100 - INFO - Records in product_list: 7700
2025-11-16 03:17:12,806 - INFO - Completed: 7800 / To go: 4598
2025-11-16 03:17:12,806 - INFO - Records in product_list: 7800
2025-11-16 03:17:15,542 - INFO - Completed: 7900 / To go: 4498
2025-11-16 03:17:15,542 - INFO - Records in product_list: 7900
2025-11-16 03:17:18,223 - INFO - Completed: 8000 / To go: 4398
2025-11-16 03:17:18,223 - INFO - Records in product_list: 8000
2025-11-16 03:17:20,905 - INFO - Completed: 8100 / To go: 4298
2025-11-16 03:17:20,905 - INFO - Records in product_list: 8100
2025-11-16 03:17:23,873 - INFO - Completed: 8200 / To go: 4198
2025-11-16 03:17:23,873 - INFO - Records in product_list: 8200
2025-11-16 03:17:26,492 - INFO - Completed: 8300 / To go: 4098
2025-11-16 03:17:26,492 - INFO - Records in product_list: 8300
2025-11-16 03:17:29,169 - INFO - Completed: 8400 / To go: 3998
2025-11-16 03:17:29,169 - INFO - Records in product_list: 8400
2025-11-16 03:17:31,790 - INFO - Completed: 8500 / To go: 3898
2025-11-16 03:17:31,791 - INFO - Records in product_list: 8500
2025-11-16 03:17:34,421 - INFO - Completed: 8600 / To go: 3798
2025-11-16 03:17:34,421 - INFO - Records in product_list: 8600
2025-11-16 03:17:37,358 - INFO - Completed: 8700 / To go: 3698
2025-11-16 03:17:37,358 - INFO - Records in product_list: 8700
2025-11-16 03:17:40,307 - INFO - Completed: 8800 / To go: 3598
2025-11-16 03:17:40,308 - INFO - Records in product_list: 8800
2025-11-16 03:17:42,998 - INFO - Completed: 8900 / To go: 3498
2025-11-16 03:17:42,998 - INFO - Records in product_list: 8900
2025-11-16 03:17:45,704 - INFO - Completed: 9000 / To go: 3398
2025-11-16 03:17:45,704 - INFO - Records in product_list: 9000
2025-11-16 03:17:48,382 - INFO - Completed: 9100 / To go: 3298
2025-11-16 03:17:48,382 - INFO - Records in product_list: 9100
2025-11-16 03:17:50,968 - INFO - Completed: 9200 / To go: 3198
2025-11-16 03:17:50,969 - INFO - Records in product_list: 9200
2025-11-16 03:17:53,552 - INFO - Completed: 9300 / To go: 3098
2025-11-16 03:17:53,552 - INFO - Records in product_list: 9300
2025-11-16 03:17:56,328 - INFO - Completed: 9400 / To go: 2998
2025-11-16 03:17:56,328 - INFO - Records in product_list: 9400
2025-11-16 03:17:59,200 - INFO - Completed: 9500 / To go: 2898
2025-11-16 03:17:59,200 - INFO - Records in product_list: 9500
2025-11-16 03:18:01,895 - INFO - Completed: 9600 / To go: 2798
2025-11-16 03:18:01,895 - INFO - Records in product_list: 9600
2025-11-16 03:18:04,618 - INFO - Completed: 9700 / To go: 2698
2025-11-16 03:18:04,618 - INFO - Records in product_list: 9700
2025-11-16 03:18:07,537 - INFO - Completed: 9800 / To go: 2598
2025-11-16 03:18:07,537 - INFO - Records in product_list: 9800
2025-11-16 03:18:10,314 - INFO - Completed: 9900 / To go: 2498
2025-11-16 03:18:10,314 - INFO - Records in product_list: 9900
2025-11-16 03:18:13,115 - INFO - Completed: 10000 / To go: 2398
2025-11-16 03:18:13,115 - INFO - Records in product_list: 10000
2025-11-16 03:18:15,917 - INFO - Completed: 10100 / To go: 2298
2025-11-16 03:18:15,917 - INFO - Records in product_list: 10100
2025-11-16 03:18:18,569 - INFO - Completed: 10200 / To go: 2198
2025-11-16 03:18:18,569 - INFO - Records in product_list: 10200
2025-11-16 03:18:21,196 - INFO - Completed: 10300 / To go: 2098
2025-11-16 03:18:21,196 - INFO - Records in product_list: 10300
2025-11-16 03:18:24,030 - INFO - Completed: 10400 / To go: 1998
2025-11-16 03:18:24,030 - INFO - Records in product_list: 10400
2025-11-16 03:18:26,739 - INFO - Completed: 10500 / To go: 1898
2025-11-16 03:18:26,739 - INFO - Records in product_list: 10500
2025-11-16 03:18:29,496 - INFO - Completed: 10600 / To go: 1798
2025-11-16 03:18:29,496 - INFO - Records in product_list: 10600
2025-11-16 03:18:32,183 - INFO - Completed: 10700 / To go: 1698
2025-11-16 03:18:32,184 - INFO - Records in product_list: 10700
2025-11-16 03:18:34,977 - INFO - Completed: 10800 / To go: 1598
2025-11-16 03:18:34,978 - INFO - Records in product_list: 10800
2025-11-16 03:18:37,889 - INFO - Completed: 10900 / To go: 1498
2025-11-16 03:18:37,889 - INFO - Records in product_list: 10900
2025-11-16 03:18:40,718 - INFO - Completed: 11000 / To go: 1398
2025-11-16 03:18:40,718 - INFO - Records in product_list: 11000
2025-11-16 03:18:43,477 - INFO - Completed: 11100 / To go: 1298
2025-11-16 03:18:43,477 - INFO - Records in product_list: 11100
2025-11-16 03:18:46,273 - INFO - Completed: 11200 / To go: 1198
2025-11-16 03:18:46,274 - INFO - Records in product_list: 11200
2025-11-16 03:18:49,081 - INFO - Completed: 11300 / To go: 1098
2025-11-16 03:18:49,081 - INFO - Records in product_list: 11300
2025-11-16 03:18:51,874 - INFO - Completed: 11400 / To go: 998
2025-11-16 03:18:51,874 - INFO - Records in product_list: 11400
2025-11-16 03:18:54,599 - INFO - Completed: 11500 / To go: 898
2025-11-16 03:18:54,599 - INFO - Records in product_list: 11500
2025-11-16 03:18:57,501 - INFO - Completed: 11600 / To go: 798
2025-11-16 03:18:57,501 - INFO - Records in product_list: 11600
2025-11-16 03:19:00,314 - INFO - Completed: 11700 / To go: 698
2025-11-16 03:19:00,314 - INFO - Records in product_list: 11700
2025-11-16 03:19:03,034 - INFO - Completed: 11800 / To go: 598
2025-11-16 03:19:03,034 - INFO - Records in product_list: 11800
2025-11-16 03:19:06,063 - INFO - Completed: 11900 / To go: 498
2025-11-16 03:19:06,063 - INFO - Records in product_list: 11900
2025-11-16 03:19:08,820 - INFO - Completed: 12000 / To go: 398
2025-11-16 03:19:08,821 - INFO - Records in product_list: 12000
2025-11-16 03:19:11,493 - INFO - Completed: 12100 / To go: 298
2025-11-16 03:19:11,493 - INFO - Records in product_list: 12100
2025-11-16 03:19:14,216 - INFO - Completed: 12200 / To go: 198
2025-11-16 03:19:14,216 - INFO - Records in product_list: 12200
2025-11-16 03:19:16,975 - INFO - Completed: 12300 / To go: 98
2025-11-16 03:19:16,975 - INFO - Records in product_list: 12300
2025-11-16 03:19:19,529 - INFO - Completed: 12398 / To go: 0
2025-11-16 03:19:19,529 - INFO - Records in product_list: 12398
2025-11-16 03:19:22,648 - INFO - Loading combined dataframe from local file: updated_combined_dataframe.csv
2025-11-17 03:11:21,190 - INFO - ============================================================
2025-11-17 03:11:21,190 - INFO - Billa Price Scraper - Starting
2025-11-17 03:11:21,190 - INFO - ============================================================
2025-11-17 03:11:23,375 - INFO - Completed: 100 / To go: 12296
2025-11-17 03:11:23,376 - INFO - Records in product_list: 100
2025-11-17 03:11:27,318 - INFO - Completed: 200 / To go: 12196
2025-11-17 03:11:27,318 - INFO - Records in product_list: 200
2025-11-17 03:11:30,505 - INFO - Completed: 300 / To go: 12096
2025-11-17 03:11:30,505 - INFO - Records in product_list: 300
2025-11-17 03:11:33,917 - INFO - Completed: 400 / To go: 11996
2025-11-17 03:11:33,917 - INFO - Records in product_list: 400
2025-11-17 03:11:37,091 - INFO - Completed: 500 / To go: 11896
2025-11-17 03:11:37,091 - INFO - Records in product_list: 500
2025-11-17 03:11:40,691 - INFO - Completed: 600 / To go: 11796
2025-11-17 03:11:40,691 - INFO - Records in product_list: 600
2025-11-17 03:11:43,829 - INFO - Completed: 700 / To go: 11696
2025-11-17 03:11:43,829 - INFO - Records in product_list: 700
2025-11-17 03:11:47,363 - INFO - Completed: 800 / To go: 11596
2025-11-17 03:11:47,363 - INFO - Records in product_list: 800
2025-11-17 03:11:51,010 - INFO - Completed: 900 / To go: 11496
2025-11-17 03:11:51,010 - INFO - Records in product_list: 900
2025-11-17 03:11:54,180 - INFO - Completed: 1000 / To go: 11396
2025-11-17 03:11:54,180 - INFO - Records in product_list: 1000
2025-11-17 03:11:57,718 - INFO - Completed: 1100 / To go: 11296
2025-11-17 03:11:57,719 - INFO - Records in product_list: 1100
2025-11-17 03:12:00,949 - INFO - Completed: 1200 / To go: 11196
2025-11-17 03:12:00,950 - INFO - Records in product_list: 1200
2025-11-17 03:12:04,434 - INFO - Completed: 1300 / To go: 11096
2025-11-17 03:12:04,434 - INFO - Records in product_list: 1300
2025-11-17 03:12:07,688 - INFO - Completed: 1400 / To go: 10996
2025-11-17 03:12:07,688 - INFO - Records in product_list: 1400
2025-11-17 03:12:11,104 - INFO - Completed: 1500 / To go: 10896
2025-11-17 03:12:11,104 - INFO - Records in product_list: 1500
2025-11-17 03:12:14,050 - INFO - Completed: 1600 / To go: 10796
2025-11-17 03:12:14,050 - INFO - Records in product_list: 1600
2025-11-17 03:12:17,237 - INFO - Completed: 1700 / To go: 10696
2025-11-17 03:12:17,237 - INFO - Records in product_list: 1700
2025-11-17 03:12:20,594 - INFO - Completed: 1800 / To go: 10596
2025-11-17 03:12:20,594 - INFO - Records in product_list: 1800
2025-11-17 03:12:23,708 - INFO - Completed: 1900 / To go: 10496
2025-11-17 03:12:23,709 - INFO - Records in product_list: 1900
2025-11-17 03:12:26,944 - INFO - Completed: 2000 / To go: 10396
2025-11-17 03:12:26,944 - INFO - Records in product_list: 2000
2025-11-17 03:12:30,171 - INFO - Completed: 2100 / To go: 10296
2025-11-17 03:12:30,171 - INFO - Records in product_list: 2100
2025-11-17 03:12:33,160 - INFO - Completed: 2200 / To go: 10196
2025-11-17 03:12:33,160 - INFO - Records in product_list: 2200
2025-11-17 03:12:36,498 - INFO - Completed: 2300 / To go: 10096
2025-11-17 03:12:36,498 - INFO - Records in product_list: 2300
2025-11-17 03:12:39,579 - INFO - Completed: 2400 / To go: 9996
2025-11-17 03:12:39,579 - INFO - Records in product_list: 2400
2025-11-17 03:12:42,677 - INFO - Completed: 2500 / To go: 9896
2025-11-17 03:12:42,678 - INFO - Records in product_list: 2500
2025-11-17 03:12:45,629 - INFO - Completed: 2600 / To go: 9796
2025-11-17 03:12:45,629 - INFO - Records in product_list: 2600
2025-11-17 03:12:48,849 - INFO - Completed: 2700 / To go: 9696
2025-11-17 03:12:48,849 - INFO - Records in product_list: 2700
2025-11-17 03:12:52,263 - INFO - Completed: 2800 / To go: 9596
2025-11-17 03:12:52,263 - INFO - Records in product_list: 2800
2025-11-17 03:12:55,353 - INFO - Completed: 2900 / To go: 9496
2025-11-17 03:12:55,354 - INFO - Records in product_list: 2900
2025-11-17 03:12:58,365 - INFO - Completed: 3000 / To go: 9396
2025-11-17 03:12:58,365 - INFO - Records in product_list: 3000
2025-11-17 03:13:01,441 - INFO - Completed: 3100 / To go: 9296
2025-11-17 03:13:01,441 - INFO - Records in product_list: 3100
2025-11-17 03:13:04,369 - INFO - Completed: 3200 / To go: 9196
2025-11-17 03:13:04,369 - INFO - Records in product_list: 3200
2025-11-17 03:13:07,350 - INFO - Completed: 3300 / To go: 9096
2025-11-17 03:13:07,351 - INFO - Records in product_list: 3300
2025-11-17 03:13:10,334 - INFO - Completed: 3400 / To go: 8996
2025-11-17 03:13:10,335 - INFO - Records in product_list: 3400
2025-11-17 03:13:13,309 - INFO - Completed: 3500 / To go: 8896
2025-11-17 03:13:13,310 - INFO - Records in product_list: 3500
2025-11-17 03:13:16,412 - INFO - Completed: 3600 / To go: 8796
2025-11-17 03:13:16,412 - INFO - Records in product_list: 3600
2025-11-17 03:13:19,733 - INFO - Completed: 3700 / To go: 8696
2025-11-17 03:13:19,733 - INFO - Records in product_list: 3700
2025-11-17 03:13:22,727 - INFO - Completed: 3800 / To go: 8596
2025-11-17 03:13:22,727 - INFO - Records in product_list: 3800
2025-11-17 03:13:25,752 - INFO - Completed: 3900 / To go: 8496
2025-11-17 03:13:25,752 - INFO - Records in product_list: 3900
2025-11-17 03:13:28,685 - INFO - Completed: 4000 / To go: 8396
2025-11-17 03:13:28,685 - INFO - Records in product_list: 4000
2025-11-17 03:13:31,797 - INFO - Completed: 4100 / To go: 8296
2025-11-17 03:13:31,797 - INFO - Records in product_list: 4100
2025-11-17 03:13:34,634 - INFO - Completed: 4200 / To go: 8196
2025-11-17 03:13:34,635 - INFO - Records in product_list: 4200
2025-11-17 03:13:37,539 - INFO - Completed: 4300 / To go: 8096
2025-11-17 03:13:37,539 - INFO - Records in product_list: 4300
2025-11-17 03:13:40,523 - INFO - Completed: 4400 / To go: 7996
2025-11-17 03:13:40,523 - INFO - Records in product_list: 4400
2025-11-17 03:13:43,464 - INFO - Completed: 4500 / To go: 7896
2025-11-17 03:13:43,464 - INFO - Records in product_list: 4500
2025-11-17 03:13:46,454 - INFO - Completed: 4600 / To go: 7796
2025-11-17 03:13:46,454 - INFO - Records in product_list: 4600
2025-11-17 03:13:49,387 - INFO - Completed: 4700 / To go: 7696
2025-11-17 03:13:49,387 - INFO - Records in product_list: 4700
2025-11-17 03:13:52,230 - INFO - Completed: 4800 / To go: 7596
2025-11-17 03:13:52,230 - INFO - Records in product_list: 4800
2025-11-17 03:13:55,119 - INFO - Completed: 4900 / To go: 7496
2025-11-17 03:13:55,119 - INFO - Records in product_list: 4900
2025-11-17 03:13:58,301 - INFO - Completed: 5000 / To go: 7396
2025-11-17 03:13:58,301 - INFO - Records in product_list: 5000
2025-11-17 03:14:01,229 - INFO - Completed: 5100 / To go: 7296
2025-11-17 03:14:01,229 - INFO - Records in product_list: 5100
2025-11-17 03:14:04,195 - INFO - Completed: 5200 / To go: 7196
2025-11-17 03:14:04,195 - INFO - Records in product_list: 5200
2025-11-17 03:14:07,152 - INFO - Completed: 5300 / To go: 7096
2025-11-17 03:14:07,152 - INFO - Records in product_list: 5300
2025-11-17 03:14:10,062 - INFO - Completed: 5400 / To go: 6996
2025-11-17 03:14:10,062 - INFO - Records in product_list: 5400
2025-11-17 03:14:12,943 - INFO - Completed: 5500 / To go: 6896
2025-11-17 03:14:12,943 - INFO - Records in product_list: 5500
2025-11-17 03:14:15,798 - INFO - Completed: 5600 / To go: 6796
2025-11-17 03:14:15,798 - INFO - Records in product_list: 5600
2025-11-17 03:14:18,846 - INFO - Completed: 5700 / To go: 6696
2025-11-17 03:14:18,847 - INFO - Records in product_list: 5700
2025-11-17 03:14:21,742 - INFO - Completed: 5800 / To go: 6596
2025-11-17 03:14:21,742 - INFO - Records in product_list: 5800
2025-11-17 03:14:24,794 - INFO - Completed: 5900 / To go: 6496
2025-11-17 03:14:24,794 - INFO - Records in product_list: 5900
2025-11-17 03:14:27,581 - INFO - Completed: 6000 / To go: 6396
2025-11-17 03:14:27,582 - INFO - Records in product_list: 6000
2025-11-17 03:14:30,457 - INFO - Completed: 6100 / To go: 6296
2025-11-17 03:14:30,457 - INFO - Records in product_list: 6100
2025-11-17 03:14:33,256 - INFO - Completed: 6200 / To go: 6196
2025-11-17 03:14:33,256 - INFO - Records in product_list: 6200
2025-11-17 03:14:36,255 - INFO - Completed: 6300 / To go: 6096
2025-11-17 03:14:36,255 - INFO - Records in product_list: 6300
2025-11-17 03:14:39,057 - INFO - Completed: 6400 / To go: 5996
2025-11-17 03:14:39,058 - INFO - Records in product_list: 6400
2025-11-17 03:14:41,883 - INFO - Completed: 6500 / To go: 5896
2025-11-17 03:14:41,883 - INFO - Records in product_list: 6500
2025-11-17 03:14:44,807 - INFO - Completed: 6600 / To go: 5796
2025-11-17 03:14:44,807 - INFO - Records in product_list: 6600
2025-11-17 03:14:47,704 - INFO - Completed: 6700 / To go: 5696
2025-11-17 03:14:47,704 - INFO - Records in product_list: 6700
2025-11-17 03:14:50,611 - INFO - Completed: 6800 / To go: 5596
2025-11-17 03:14:50,611 - INFO - Records in product_list: 6800
2025-11-17 03:14:53,477 - INFO - Completed: 6900 / To go: 5496
2025-11-17 03:14:53,477 - INFO - Records in product_list: 6900
2025-11-17 03:14:56,346 - INFO - Completed: 7000 / To go: 5396
2025-11-17 03:14:56,346 - INFO - Records in product_list: 7000
2025-11-17 03:14:59,189 - INFO - Completed: 7100 / To go: 5296
2025-11-17 03:14:59,189 - INFO - Records in product_list: 7100
2025-11-17 03:15:02,075 - INFO - Completed: 7200 / To go: 5196
2025-11-17 03:15:02,075 - INFO - Records in product_list: 7200
2025-11-17 03:15:04,897 - INFO - Completed: 7300 / To go: 5096
2025-11-17 03:15:04,897 - INFO - Records in product_list: 7300
2025-11-17 03:15:07,813 - INFO - Completed: 7400 / To go: 4996
2025-11-17 03:15:07,813 - INFO - Records in product_list: 7400
2025-11-17 03:15:10,676 - INFO - Completed: 7500 / To go: 4896
2025-11-17 03:15:10,676 - INFO - Records in product_list: 7500
2025-11-17 03:15:13,442 - INFO - Completed: 7600 / To go: 4796
2025-11-17 03:15:13,442 - INFO - Records in product_list: 7600
2025-11-17 03:15:16,266 - INFO - Completed: 7700 / To go: 4696
2025-11-17 03:15:16,267 - INFO - Records in product_list: 7700
2025-11-17 03:15:19,146 - INFO - Completed: 7800 / To go: 4596
2025-11-17 03:15:19,146 - INFO - Records in product_list: 7800
2025-11-17 03:15:21,915 - INFO - Completed: 7900 / To go: 4496
2025-11-17 03:15:21,915 - INFO - Records in product_list: 7900
2025-11-17 03:15:24,666 - INFO - Completed: 8000 / To go: 4396
2025-11-17 03:15:24,666 - INFO - Records in product_list: 8000
2025-11-17 03:15:27,528 - INFO - Completed: 8100 / To go: 4296
2025-11-17 03:15:27,528 - INFO - Records in product_list: 8100
2025-11-17 03:15:30,393 - INFO - Completed: 8200 / To go: 4196
2025-11-17 03:15:30,394 - INFO - Records in product_list: 8200
2025-11-17 03:15:33,122 - INFO - Completed: 8300 / To go: 4096
2025-11-17 03:15:33,122 - INFO - Records in product_list: 8300
2025-11-17 03:15:35,832 - INFO - Completed: 8400 / To go: 3996
2025-11-17 03:15:35,833 - INFO - Records in product_list: 8400
2025-11-17 03:15:38,625 - INFO - Completed: 8500 / To go: 3896
2025-11-17 03:15:38,625 - INFO - Records in product_list: 8500
2025-11-17 03:15:41,344 - INFO - Completed: 8600 / To go: 3796
2025-11-17 03:15:41,344 - INFO - Records in product_list: 8600
2025-11-17 03:15:44,064 - INFO - Completed: 8700 / To go: 3696
2025-11-17 03:15:44,064 - INFO - Records in product_list: 8700
2025-11-17 03:15:46,856 - INFO - Completed: 8800 / To go: 3596
2025-11-17 03:15:46,856 - INFO - Records in product_list: 8800
2025-11-17 03:15:49,663 - INFO - Completed: 8900 / To go: 3496
2025-11-17 03:15:49,663 - INFO - Records in product_list: 8900
2025-11-17 03:15:52,398 - INFO - Completed: 9000 / To go: 3396
2025-11-17 03:15:52,398 - INFO - Records in product_list: 9000
2025-11-17 03:15:55,222 - INFO - Completed: 9100 / To go: 3296
2025-11-17 03:15:55,222 - INFO - Records in product_list: 9100
2025-11-17 03:15:57,867 - INFO - Completed: 9200 / To go: 3196
2025-11-17 03:15:57,867 - INFO - Records in product_list: 9200
2025-11-17 03:16:00,557 - INFO - Completed: 9300 / To go: 3096
2025-11-17 03:16:00,557 - INFO - Records in product_list: 9300
2025-11-17 03:16:03,334 - INFO - Completed: 9400 / To go: 2996
2025-11-17 03:16:03,334 - INFO - Records in product_list: 9400
2025-11-17 03:16:06,065 - INFO - Completed: 9500 / To go: 2896
2025-11-17 03:16:06,065 - INFO - Records in product_list: 9500
2025-11-17 03:16:08,888 - INFO - Completed: 9600 / To go: 2796
2025-11-17 03:16:08,888 - INFO - Records in product_list: 9600
2025-11-17 03:16:11,730 - INFO - Completed: 9700 / To go: 2696
2025-11-17 03:16:11,730 - INFO - Records in product_list: 9700
2025-11-17 03:16:14,488 - INFO - Completed: 9800 / To go: 2596
2025-11-17 03:16:14,488 - INFO - Records in product_list: 9800
2025-11-17 03:16:17,303 - INFO - Completed: 9900 / To go: 2496
2025-11-17 03:16:17,303 - INFO - Records in product_list: 9900
2025-11-17 03:16:20,089 - INFO - Completed: 10000 / To go: 2396
2025-11-17 03:16:20,089 - INFO - Records in product_list: 10000
2025-11-17 03:16:22,993 - INFO - Completed: 10100 / To go: 2296
2025-11-17 03:16:22,993 - INFO - Records in product_list: 10100
2025-11-17 03:16:25,763 - INFO - Completed: 10200 / To go: 2196
2025-11-17 03:16:25,763 - INFO - Records in product_list: 10200
2025-11-17 03:16:28,488 - INFO - Completed: 10300 / To go: 2096
2025-11-17 03:16:28,488 - INFO - Records in product_list: 10300
2025-11-17 03:16:31,329 - INFO - Completed: 10400 / To go: 1996
2025-11-17 03:16:31,330 - INFO - Records in product_list: 10400
2025-11-17 03:16:34,196 - INFO - Completed: 10500 / To go: 1896
2025-11-17 03:16:34,197 - INFO - Records in product_list: 10500
2025-11-17 03:16:37,245 - INFO - Completed: 10600 / To go: 1796
2025-11-17 03:16:37,245 - INFO - Records in product_list: 10600
2025-11-17 03:16:40,104 - INFO - Completed: 10700 / To go: 1696
2025-11-17 03:16:40,104 - INFO - Records in product_list: 10700
2025-11-17 03:16:42,876 - INFO - Completed: 10800 / To go: 1596
2025-11-17 03:16:42,877 - INFO - Records in product_list: 10800
2025-11-17 03:16:45,797 - INFO - Completed: 10900 / To go: 1496
2025-11-17 03:16:45,797 - INFO - Records in product_list: 10900
2025-11-17 03:16:48,829 - INFO - Completed: 11000 / To go: 1396
2025-11-17 03:16:48,829 - INFO - Records in product_list: 11000
2025-11-17 03:16:51,731 - INFO - Completed: 11100 / To go: 1296
2025-11-17 03:16:51,731 - INFO - Records in product_list: 11100
2025-11-17 03:16:54,600 - INFO - Completed: 11200 / To go: 1196
2025-11-17 03:16:54,600 - INFO - Records in product_list: 11200
2025-11-17 03:16:57,455 - INFO - Completed: 11300 / To go: 1096
2025-11-17 03:16:57,455 - INFO - Records in product_list: 11300
2025-11-17 03:17:00,416 - INFO - Completed: 11400 / To go: 996
2025-11-17 03:17:00,417 - INFO - Records in product_list: 11400
2025-11-17 03:17:03,362 - INFO - Completed: 11500 / To go: 896
2025-11-17 03:17:03,362 - INFO - Records in product_list: 11500
2025-11-17 03:17:06,439 - INFO - Completed: 11600 / To go: 796
2025-11-17 03:17:06,439 - INFO - Records in product_list: 11600
2025-11-17 03:17:09,313 - INFO - Completed: 11700 / To go: 696
2025-11-17 03:17:09,313 - INFO - Records in product_list: 11700
2025-11-17 03:17:12,182 - INFO - Completed: 11800 / To go: 596
2025-11-17 03:17:12,183 - INFO - Records in product_list: 11800
2025-11-17 03:17:15,006 - INFO - Completed: 11900 / To go: 496
2025-11-17 03:17:15,006 - INFO - Records in product_list: 11900
2025-11-17 03:17:17,920 - INFO - Completed: 12000 / To go: 396
2025-11-17 03:17:17,921 - INFO - Records in product_list: 12000
2025-11-17 03:17:20,709 - INFO - Completed: 12100 / To go: 296
2025-11-17 03:17:20,709 - INFO - Records in product_list: 12100
2025-11-17 03:17:23,536 - INFO - Completed: 12200 / To go: 196
2025-11-17 03:17:23,536 - INFO - Records in product_list: 12200
2025-11-17 03:17:26,484 - INFO - Completed: 12300 / To go: 96
2025-11-17 03:17:26,485 - INFO - Records in product_list: 12300
2025-11-17 03:17:29,107 - INFO - Completed: 12396 / To go: 0
2025-11-17 03:17:29,107 - INFO - Records in product_list: 12396
2025-11-17 03:17:32,400 - INFO - Loading combined dataframe from local file: updated_combined_dataframe.csv
2025-11-18 03:07:49,610 - INFO - ============================================================
2025-11-18 03:07:49,610 - INFO - Billa Price Scraper - Starting
2025-11-18 03:07:49,610 - INFO - ============================================================
2025-11-18 03:07:51,229 - INFO - Completed: 100 / To go: 12288
2025-11-18 03:07:51,230 - INFO - Records in product_list: 100
2025-11-18 03:07:54,547 - INFO - Completed: 200 / To go: 12188
2025-11-18 03:07:54,547 - INFO - Records in product_list: 200
2025-11-18 03:07:57,688 - INFO - Completed: 300 / To go: 12088
2025-11-18 03:07:57,688 - INFO - Records in product_list: 300
2025-11-18 03:08:00,681 - INFO - Completed: 400 / To go: 11988
2025-11-18 03:08:00,681 - INFO - Records in product_list: 400
2025-11-18 03:08:03,933 - INFO - Completed: 500 / To go: 11888
2025-11-18 03:08:03,933 - INFO - Records in product_list: 500
2025-11-18 03:08:07,053 - INFO - Completed: 600 / To go: 11788
2025-11-18 03:08:07,053 - INFO - Records in product_list: 600
2025-11-18 03:08:10,044 - INFO - Completed: 700 / To go: 11688
2025-11-18 03:08:10,044 - INFO - Records in product_list: 700
2025-11-18 03:08:13,303 - INFO - Completed: 800 / To go: 11588
2025-11-18 03:08:13,303 - INFO - Records in product_list: 800
2025-11-18 03:08:16,415 - INFO - Completed: 900 / To go: 11488
2025-11-18 03:08:16,415 - INFO - Records in product_list: 900
2025-11-18 03:08:19,283 - INFO - Completed: 1000 / To go: 11388
2025-11-18 03:08:19,284 - INFO - Records in product_list: 1000
2025-11-18 03:08:22,523 - INFO - Completed: 1100 / To go: 11288
2025-11-18 03:08:22,523 - INFO - Records in product_list: 1100
2025-11-18 03:08:25,450 - INFO - Completed: 1200 / To go: 11188
2025-11-18 03:08:25,450 - INFO - Records in product_list: 1200
2025-11-18 03:08:28,902 - INFO - Completed: 1300 / To go: 11088
2025-11-18 03:08:28,902 - INFO - Records in product_list: 1300
2025-11-18 03:08:32,017 - INFO - Completed: 1400 / To go: 10988
2025-11-18 03:08:32,017 - INFO - Records in product_list: 1400
2025-11-18 03:08:34,908 - INFO - Completed: 1500 / To go: 10888
2025-11-18 03:08:34,908 - INFO - Records in product_list: 1500
2025-11-18 03:08:38,099 - INFO - Completed: 1600 / To go: 10788
2025-11-18 03:08:38,099 - INFO - Records in product_list: 1600
2025-11-18 03:08:41,225 - INFO - Completed: 1700 / To go: 10688
2025-11-18 03:08:41,225 - INFO - Records in product_list: 1700
2025-11-18 03:08:44,341 - INFO - Completed: 1800 / To go: 10588
2025-11-18 03:08:44,341 - INFO - Records in product_list: 1800
2025-11-18 03:08:47,301 - INFO - Completed: 1900 / To go: 10488
2025-11-18 03:08:47,301 - INFO - Records in product_list: 1900
2025-11-18 03:08:50,492 - INFO - Completed: 2000 / To go: 10388
2025-11-18 03:08:50,492 - INFO - Records in product_list: 2000
2025-11-18 03:08:53,649 - INFO - Completed: 2100 / To go: 10288
2025-11-18 03:08:53,649 - INFO - Records in product_list: 2100
2025-11-18 03:08:56,695 - INFO - Completed: 2200 / To go: 10188
2025-11-18 03:08:56,695 - INFO - Records in product_list: 2200
2025-11-18 03:08:59,803 - INFO - Completed: 2300 / To go: 10088
2025-11-18 03:08:59,803 - INFO - Records in product_list: 2300
2025-11-18 03:09:02,999 - INFO - Completed: 2400 / To go: 9988
2025-11-18 03:09:02,999 - INFO - Records in product_list: 2400
2025-11-18 03:09:05,901 - INFO - Completed: 2500 / To go: 9888
2025-11-18 03:09:05,901 - INFO - Records in product_list: 2500
2025-11-18 03:09:08,889 - INFO - Completed: 2600 / To go: 9788
2025-11-18 03:09:08,889 - INFO - Records in product_list: 2600
2025-11-18 03:09:11,919 - INFO - Completed: 2700 / To go: 9688
2025-11-18 03:09:11,919 - INFO - Records in product_list: 2700
2025-11-18 03:09:15,042 - INFO - Completed: 2800 / To go: 9588
2025-11-18 03:09:15,042 - INFO - Records in product_list: 2800
2025-11-18 03:09:18,048 - INFO - Completed: 2900 / To go: 9488
2025-11-18 03:09:18,048 - INFO - Records in product_list: 2900
2025-11-18 03:09:20,933 - INFO - Completed: 3000 / To go: 9388
2025-11-18 03:09:20,933 - INFO - Records in product_list: 3000
2025-11-18 03:09:24,055 - INFO - Completed: 3100 / To go: 9288
2025-11-18 03:09:24,055 - INFO - Records in product_list: 3100
2025-11-18 03:09:27,017 - INFO - Completed: 3200 / To go: 9188
2025-11-18 03:09:27,018 - INFO - Records in product_list: 3200
2025-11-18 03:09:29,893 - INFO - Completed: 3300 / To go: 9088
2025-11-18 03:09:29,893 - INFO - Records in product_list: 3300
2025-11-18 03:09:32,920 - INFO - Completed: 3400 / To go: 8988
2025-11-18 03:09:32,920 - INFO - Records in product_list: 3400
2025-11-18 03:09:35,878 - INFO - Completed: 3500 / To go: 8888
2025-11-18 03:09:35,878 - INFO - Records in product_list: 3500
2025-11-18 03:09:38,823 - INFO - Completed: 3600 / To go: 8788
2025-11-18 03:09:38,824 - INFO - Records in product_list: 3600
2025-11-18 03:09:41,796 - INFO - Completed: 3700 / To go: 8688
2025-11-18 03:09:41,796 - INFO - Records in product_list: 3700
2025-11-18 03:09:45,100 - INFO - Completed: 3800 / To go: 8588
2025-11-18 03:09:45,100 - INFO - Records in product_list: 3800
2025-11-18 03:09:48,120 - INFO - Completed: 3900 / To go: 8488
2025-11-18 03:09:48,120 - INFO - Records in product_list: 3900
2025-11-18 03:09:51,196 - INFO - Completed: 4000 / To go: 8388
2025-11-18 03:09:51,197 - INFO - Records in product_list: 4000
2025-11-18 03:09:54,062 - INFO - Completed: 4100 / To go: 8288
2025-11-18 03:09:54,062 - INFO - Records in product_list: 4100
2025-11-18 03:09:56,897 - INFO - Completed: 4200 / To go: 8188
2025-11-18 03:09:56,897 - INFO - Records in product_list: 4200
2025-11-18 03:09:59,750 - INFO - Completed: 4300 / To go: 8088
2025-11-18 03:09:59,751 - INFO - Records in product_list: 4300
2025-11-18 03:10:02,690 - INFO - Completed: 4400 / To go: 7988
2025-11-18 03:10:02,690 - INFO - Records in product_list: 4400
2025-11-18 03:10:05,677 - INFO - Completed: 4500 / To go: 7888
2025-11-18 03:10:05,677 - INFO - Records in product_list: 4500
2025-11-18 03:10:08,547 - INFO - Completed: 4600 / To go: 7788
2025-11-18 03:10:08,547 - INFO - Records in product_list: 4600
2025-11-18 03:10:11,354 - INFO - Completed: 4700 / To go: 7688
2025-11-18 03:10:11,354 - INFO - Records in product_list: 4700
2025-11-18 03:10:14,134 - INFO - Completed: 4800 / To go: 7588
2025-11-18 03:10:14,134 - INFO - Records in product_list: 4800
2025-11-18 03:10:16,925 - INFO - Completed: 4900 / To go: 7488
2025-11-18 03:10:16,925 - INFO - Records in product_list: 4900
2025-11-18 03:10:19,784 - INFO - Completed: 5000 / To go: 7388
2025-11-18 03:10:19,784 - INFO - Records in product_list: 5000
2025-11-18 03:10:22,595 - INFO - Completed: 5100 / To go: 7288
2025-11-18 03:10:22,595 - INFO - Records in product_list: 5100
2025-11-18 03:10:25,485 - INFO - Completed: 5200 / To go: 7188
2025-11-18 03:10:25,486 - INFO - Records in product_list: 5200
2025-11-18 03:10:28,353 - INFO - Completed: 5300 / To go: 7088
2025-11-18 03:10:28,353 - INFO - Records in product_list: 5300
2025-11-18 03:10:31,200 - INFO - Completed: 5400 / To go: 6988
2025-11-18 03:10:31,200 - INFO - Records in product_list: 5400
2025-11-18 03:10:33,996 - INFO - Completed: 5500 / To go: 6888
2025-11-18 03:10:33,996 - INFO - Records in product_list: 5500
2025-11-18 03:10:36,907 - INFO - Completed: 5600 / To go: 6788
2025-11-18 03:10:36,908 - INFO - Records in product_list: 5600
2025-11-18 03:10:39,691 - INFO - Completed: 5700 / To go: 6688
2025-11-18 03:10:39,691 - INFO - Records in product_list: 5700
2025-11-18 03:10:42,556 - INFO - Completed: 5800 / To go: 6588
2025-11-18 03:10:42,556 - INFO - Records in product_list: 5800
2025-11-18 03:10:45,445 - INFO - Completed: 5900 / To go: 6488
2025-11-18 03:10:45,445 - INFO - Records in product_list: 5900
2025-11-18 03:10:48,254 - INFO - Completed: 6000 / To go: 6388
2025-11-18 03:10:48,254 - INFO - Records in product_list: 6000
2025-11-18 03:10:51,142 - INFO - Completed: 6100 / To go: 6288
2025-11-18 03:10:51,142 - INFO - Records in product_list: 6100
2025-11-18 03:10:53,878 - INFO - Completed: 6200 / To go: 6188
2025-11-18 03:10:53,879 - INFO - Records in product_list: 6200
2025-11-18 03:10:56,679 - INFO - Completed: 6300 / To go: 6088
2025-11-18 03:10:56,679 - INFO - Records in product_list: 6300
2025-11-18 03:10:59,440 - INFO - Completed: 6400 / To go: 5988
2025-11-18 03:10:59,440 - INFO - Records in product_list: 6400
2025-11-18 03:11:02,212 - INFO - Completed: 6500 / To go: 5888
2025-11-18 03:11:02,212 - INFO - Records in product_list: 6500
2025-11-18 03:11:04,971 - INFO - Completed: 6600 / To go: 5788
2025-11-18 03:11:04,971 - INFO - Records in product_list: 6600
2025-11-18 03:11:07,769 - INFO - Completed: 6700 / To go: 5688
2025-11-18 03:11:07,769 - INFO - Records in product_list: 6700
2025-11-18 03:11:10,598 - INFO - Completed: 6800 / To go: 5588
2025-11-18 03:11:10,598 - INFO - Records in product_list: 6800
2025-11-18 03:11:13,608 - INFO - Completed: 6900 / To go: 5488
2025-11-18 03:11:13,608 - INFO - Records in product_list: 6900
2025-11-18 03:11:16,625 - INFO - Completed: 7000 / To go: 5388
2025-11-18 03:11:16,625 - INFO - Records in product_list: 7000
2025-11-18 03:11:19,488 - INFO - Completed: 7100 / To go: 5288
2025-11-18 03:11:19,489 - INFO - Records in product_list: 7100
2025-11-18 03:11:22,233 - INFO - Completed: 7200 / To go: 5188
2025-11-18 03:11:22,233 - INFO - Records in product_list: 7200
2025-11-18 03:11:24,975 - INFO - Completed: 7300 / To go: 5088
2025-11-18 03:11:24,975 - INFO - Records in product_list: 7300
2025-11-18 03:11:27,742 - INFO - Completed: 7400 / To go: 4988
2025-11-18 03:11:27,742 - INFO - Records in product_list: 7400
2025-11-18 03:11:30,475 - INFO - Completed: 7500 / To go: 4888
2025-11-18 03:11:30,476 - INFO - Records in product_list: 7500
2025-11-18 03:11:33,188 - INFO - Completed: 7600 / To go: 4788
2025-11-18 03:11:33,188 - INFO - Records in product_list: 7600
2025-11-18 03:11:35,896 - INFO - Completed: 7700 / To go: 4688
2025-11-18 03:11:35,896 - INFO - Records in product_list: 7700
2025-11-18 03:11:38,630 - INFO - Completed: 7800 / To go: 4588
2025-11-18 03:11:38,630 - INFO - Records in product_list: 7800
2025-11-18 03:11:41,346 - INFO - Completed: 7900 / To go: 4488
2025-11-18 03:11:41,346 - INFO - Records in product_list: 7900
2025-11-18 03:11:44,099 - INFO - Completed: 8000 / To go: 4388
2025-11-18 03:11:44,099 - INFO - Records in product_list: 8000
2025-11-18 03:11:46,952 - INFO - Completed: 8100 / To go: 4288
2025-11-18 03:11:46,952 - INFO - Records in product_list: 8100
2025-11-18 03:11:49,740 - INFO - Completed: 8200 / To go: 4188
2025-11-18 03:11:49,740 - INFO - Records in product_list: 8200
2025-11-18 03:11:52,422 - INFO - Completed: 8300 / To go: 4088
2025-11-18 03:11:52,422 - INFO - Records in product_list: 8300
2025-11-18 03:11:55,081 - INFO - Completed: 8400 / To go: 3988
2025-11-18 03:11:55,081 - INFO - Records in product_list: 8400
2025-11-18 03:11:57,736 - INFO - Completed: 8500 / To go: 3888
2025-11-18 03:11:57,736 - INFO - Records in product_list: 8500
2025-11-18 03:12:00,451 - INFO - Completed: 8600 / To go: 3788
2025-11-18 03:12:00,452 - INFO - Records in product_list: 8600
2025-11-18 03:12:03,092 - INFO - Completed: 8700 / To go: 3688
2025-11-18 03:12:03,093 - INFO - Records in product_list: 8700
2025-11-18 03:12:05,836 - INFO - Completed: 8800 / To go: 3588
2025-11-18 03:12:05,837 - INFO - Records in product_list: 8800
2025-11-18 03:12:08,589 - INFO - Completed: 8900 / To go: 3488
2025-11-18 03:12:08,589 - INFO - Records in product_list: 8900
2025-11-18 03:12:11,232 - INFO - Completed: 9000 / To go: 3388
2025-11-18 03:12:11,232 - INFO - Records in product_list: 9000
2025-11-18 03:12:14,074 - INFO - Completed: 9100 / To go: 3288
2025-11-18 03:12:14,075 - INFO - Records in product_list: 9100
2025-11-18 03:12:16,721 - INFO - Completed: 9200 / To go: 3188
2025-11-18 03:12:16,721 - INFO - Records in product_list: 9200
2025-11-18 03:12:19,347 - INFO - Completed: 9300 / To go: 3088
2025-11-18 03:12:19,347 - INFO - Records in product_list: 9300
2025-11-18 03:12:22,171 - INFO - Completed: 9400 / To go: 2988
2025-11-18 03:12:22,171 - INFO - Records in product_list: 9400
2025-11-18 03:12:24,985 - INFO - Completed: 9500 / To go: 2888
2025-11-18 03:12:24,985 - INFO - Records in product_list: 9500
2025-11-18 03:12:27,687 - INFO - Completed: 9600 / To go: 2788
2025-11-18 03:12:27,687 - INFO - Records in product_list: 9600
2025-11-18 03:12:30,429 - INFO - Completed: 9700 / To go: 2688
2025-11-18 03:12:30,429 - INFO - Records in product_list: 9700
2025-11-18 03:12:33,074 - INFO - Completed: 9800 / To go: 2588
2025-11-18 03:12:33,074 - INFO - Records in product_list: 9800
2025-11-18 03:12:35,773 - INFO - Completed: 9900 / To go: 2488
2025-11-18 03:12:35,773 - INFO - Records in product_list: 9900
2025-11-18 03:12:38,545 - INFO - Completed: 10000 / To go: 2388
2025-11-18 03:12:38,545 - INFO - Records in product_list: 10000
2025-11-18 03:12:41,371 - INFO - Completed: 10100 / To go: 2288
2025-11-18 03:12:41,371 - INFO - Records in product_list: 10100
2025-11-18 03:12:44,045 - INFO - Completed: 10200 / To go: 2188
2025-11-18 03:12:44,046 - INFO - Records in product_list: 10200
2025-11-18 03:12:46,660 - INFO - Completed: 10300 / To go: 2088
2025-11-18 03:12:46,660 - INFO - Records in product_list: 10300
2025-11-18 03:12:49,417 - INFO - Completed: 10400 / To go: 1988
2025-11-18 03:12:49,417 - INFO - Records in product_list: 10400
2025-11-18 03:12:52,123 - INFO - Completed: 10500 / To go: 1888
2025-11-18 03:12:52,123 - INFO - Records in product_list: 10500
2025-11-18 03:12:54,861 - INFO - Completed: 10600 / To go: 1788
2025-11-18 03:12:54,861 - INFO - Records in product_list: 10600
2025-11-18 03:12:57,612 - INFO - Completed: 10700 / To go: 1688
2025-11-18 03:12:57,612 - INFO - Records in product_list: 10700
2025-11-18 03:13:00,368 - INFO - Completed: 10800 / To go: 1588
2025-11-18 03:13:00,368 - INFO - Records in product_list: 10800
2025-11-18 03:13:03,105 - INFO - Completed: 10900 / To go: 1488
2025-11-18 03:13:03,105 - INFO - Records in product_list: 10900
2025-11-18 03:13:05,908 - INFO - Completed: 11000 / To go: 1388
2025-11-18 03:13:05,908 - INFO - Records in product_list: 11000
2025-11-18 03:13:08,648 - INFO - Completed: 11100 / To go: 1288
2025-11-18 03:13:08,648 - INFO - Records in product_list: 11100
2025-11-18 03:13:11,388 - INFO - Completed: 11200 / To go: 1188
2025-11-18 03:13:11,388 - INFO - Records in product_list: 11200
2025-11-18 03:13:14,317 - INFO - Completed: 11300 / To go: 1088
2025-11-18 03:13:14,317 - INFO - Records in product_list: 11300
2025-11-18 03:13:17,195 - INFO - Completed: 11400 / To go: 988
2025-11-18 03:13:17,195 - INFO - Records in product_list: 11400
2025-11-18 03:13:20,011 - INFO - Completed: 11500 / To go: 888
2025-11-18 03:13:20,011 - INFO - Records in product_list: 11500
2025-11-18 03:13:22,856 - INFO - Completed: 11600 / To go: 788
2025-11-18 03:13:22,856 - INFO - Records in product_list: 11600
2025-11-18 03:13:25,571 - INFO - Completed: 11700 / To go: 688
2025-11-18 03:13:25,571 - INFO - Records in product_list: 11700
2025-11-18 03:13:28,291 - INFO - Completed: 11800 / To go: 588
2025-11-18 03:13:28,292 - INFO - Records in product_list: 11800
2025-11-18 03:13:31,040 - INFO - Completed: 11900 / To go: 488
2025-11-18 03:13:31,040 - INFO - Records in product_list: 11900
2025-11-18 03:13:33,854 - INFO - Completed: 12000 / To go: 388
2025-11-18 03:13:33,854 - INFO - Records in product_list: 12000
2025-11-18 03:13:36,570 - INFO - Completed: 12100 / To go: 288
2025-11-18 03:13:36,570 - INFO - Records in product_list: 12100
2025-11-18 03:13:39,324 - INFO - Completed: 12200 / To go: 188
2025-11-18 03:13:39,325 - INFO - Records in product_list: 12200
2025-11-18 03:13:42,064 - INFO - Completed: 12300 / To go: 88
2025-11-18 03:13:42,064 - INFO - Records in product_list: 12300
2025-11-18 03:13:44,577 - INFO - Completed: 12388 / To go: 0
2025-11-18 03:13:44,577 - INFO - Records in product_list: 12388
2025-11-18 03:13:47,801 - INFO - Loading combined dataframe from local file: updated_combined_dataframe.csv
2025-11-19 03:07:13,268 - INFO - ============================================================
2025-11-19 03:07:13,268 - INFO - Billa Price Scraper - Starting
2025-11-19 03:07:13,268 - INFO - ============================================================
2025-11-19 03:07:15,625 - INFO - Completed: 100 / To go: 12402
2025-11-19 03:07:15,625 - INFO - Records in product_list: 100
2025-11-19 03:07:19,079 - INFO - Completed: 200 / To go: 12302
2025-11-19 03:07:19,079 - INFO - Records in product_list: 200
2025-11-19 03:07:22,504 - INFO - Completed: 300 / To go: 12202
2025-11-19 03:07:22,504 - INFO - Records in product_list: 300
2025-11-19 03:07:25,828 - INFO - Completed: 400 / To go: 12102
2025-11-19 03:07:25,828 - INFO - Records in product_list: 400
2025-11-19 03:07:29,570 - INFO - Completed: 500 / To go: 12002
2025-11-19 03:07:29,570 - INFO - Records in product_list: 500
2025-11-19 03:07:33,153 - INFO - Completed: 600 / To go: 11902
2025-11-19 03:07:33,153 - INFO - Records in product_list: 600
2025-11-19 03:07:36,580 - INFO - Completed: 700 / To go: 11802
2025-11-19 03:07:36,580 - INFO - Records in product_list: 700
2025-11-19 03:07:40,003 - INFO - Completed: 800 / To go: 11702
2025-11-19 03:07:40,003 - INFO - Records in product_list: 800
2025-11-19 03:07:43,377 - INFO - Completed: 900 / To go: 11602
2025-11-19 03:07:43,377 - INFO - Records in product_list: 900
2025-11-19 03:07:46,740 - INFO - Completed: 1000 / To go: 11502
2025-11-19 03:07:46,740 - INFO - Records in product_list: 1000
2025-11-19 03:07:50,237 - INFO - Completed: 1100 / To go: 11402
2025-11-19 03:07:50,237 - INFO - Records in product_list: 1100
2025-11-19 03:07:53,597 - INFO - Completed: 1200 / To go: 11302
2025-11-19 03:07:53,597 - INFO - Records in product_list: 1200
2025-11-19 03:07:56,975 - INFO - Completed: 1300 / To go: 11202
2025-11-19 03:07:56,975 - INFO - Records in product_list: 1300
2025-11-19 03:08:00,115 - INFO - Completed: 1400 / To go: 11102
2025-11-19 03:08:00,115 - INFO - Records in product_list: 1400
2025-11-19 03:08:03,551 - INFO - Completed: 1500 / To go: 11002
2025-11-19 03:08:03,551 - INFO - Records in product_list: 1500
2025-11-19 03:08:06,638 - INFO - Completed: 1600 / To go: 10902
2025-11-19 03:08:06,638 - INFO - Records in product_list: 1600
2025-11-19 03:08:09,957 - INFO - Completed: 1700 / To go: 10802
2025-11-19 03:08:09,957 - INFO - Records in product_list: 1700
2025-11-19 03:08:13,323 - INFO - Completed: 1800 / To go: 10702
2025-11-19 03:08:13,323 - INFO - Records in product_list: 1800
2025-11-19 03:08:16,416 - INFO - Completed: 1900 / To go: 10602
2025-11-19 03:08:16,416 - INFO - Records in product_list: 1900
2025-11-19 03:08:19,522 - INFO - Completed: 2000 / To go: 10502
2025-11-19 03:08:19,522 - INFO - Records in product_list: 2000
2025-11-19 03:08:22,558 - INFO - Completed: 2100 / To go: 10402
2025-11-19 03:08:22,558 - INFO - Records in product_list: 2100
2025-11-19 03:08:25,660 - INFO - Completed: 2200 / To go: 10302
2025-11-19 03:08:25,661 - INFO - Records in product_list: 2200
2025-11-19 03:08:29,000 - INFO - Completed: 2300 / To go: 10202
2025-11-19 03:08:29,000 - INFO - Records in product_list: 2300
2025-11-19 03:08:32,116 - INFO - Completed: 2400 / To go: 10102
2025-11-19 03:08:32,116 - INFO - Records in product_list: 2400
2025-11-19 03:08:35,227 - INFO - Completed: 2500 / To go: 10002
2025-11-19 03:08:35,227 - INFO - Records in product_list: 2500
2025-11-19 03:08:38,328 - INFO - Completed: 2600 / To go: 9902
2025-11-19 03:08:38,328 - INFO - Records in product_list: 2600
2025-11-19 03:08:41,425 - INFO - Completed: 2700 / To go: 9802
2025-11-19 03:08:41,425 - INFO - Records in product_list: 2700
2025-11-19 03:08:44,480 - INFO - Completed: 2800 / To go: 9702
2025-11-19 03:08:44,480 - INFO - Records in product_list: 2800
2025-11-19 03:08:47,566 - INFO - Completed: 2900 / To go: 9602
2025-11-19 03:08:47,566 - INFO - Records in product_list: 2900
2025-11-19 03:08:50,530 - INFO - Completed: 3000 / To go: 9502
2025-11-19 03:08:50,530 - INFO - Records in product_list: 3000
2025-11-19 03:08:53,908 - INFO - Completed: 3100 / To go: 9402
2025-11-19 03:08:53,908 - INFO - Records in product_list: 3100
2025-11-19 03:08:56,876 - INFO - Completed: 3200 / To go: 9302
2025-11-19 03:08:56,876 - INFO - Records in product_list: 3200
2025-11-19 03:09:00,013 - INFO - Completed: 3300 / To go: 9202
2025-11-19 03:09:00,014 - INFO - Records in product_list: 3300
2025-11-19 03:09:02,949 - INFO - Completed: 3400 / To go: 9102
2025-11-19 03:09:02,949 - INFO - Records in product_list: 3400
2025-11-19 03:09:05,928 - INFO - Completed: 3500 / To go: 9002
2025-11-19 03:09:05,928 - INFO - Records in product_list: 3500
2025-11-19 03:09:08,899 - INFO - Completed: 3600 / To go: 8902
2025-11-19 03:09:08,899 - INFO - Records in product_list: 3600
2025-11-19 03:09:11,821 - INFO - Completed: 3700 / To go: 8802
2025-11-19 03:09:11,821 - INFO - Records in product_list: 3700
2025-11-19 03:09:14,865 - INFO - Completed: 3800 / To go: 8702
2025-11-19 03:09:14,865 - INFO - Records in product_list: 3800
2025-11-19 03:09:17,903 - INFO - Completed: 3900 / To go: 8602
2025-11-19 03:09:17,903 - INFO - Records in product_list: 3900
2025-11-19 03:09:20,844 - INFO - Completed: 4000 / To go: 8502
2025-11-19 03:09:20,844 - INFO - Records in product_list: 4000
2025-11-19 03:09:23,757 - INFO - Completed: 4100 / To go: 8402
2025-11-19 03:09:23,757 - INFO - Records in product_list: 4100
2025-11-19 03:09:26,661 - INFO - Completed: 4200 / To go: 8302
2025-11-19 03:09:26,661 - INFO - Records in product_list: 4200
2025-11-19 03:09:29,601 - INFO - Completed: 4300 / To go: 8202
2025-11-19 03:09:29,601 - INFO - Records in product_list: 4300
2025-11-19 03:09:32,819 - INFO - Completed: 4400 / To go: 8102
2025-11-19 03:09:32,819 - INFO - Records in product_list: 4400
2025-11-19 03:09:35,938 - INFO - Completed: 4500 / To go: 8002
2025-11-19 03:09:35,938 - INFO - Records in product_list: 4500
2025-11-19 03:09:39,028 - INFO - Completed: 4600 / To go: 7902
2025-11-19 03:09:39,028 - INFO - Records in product_list: 4600
2025-11-19 03:09:41,974 - INFO - Completed: 4700 / To go: 7802
2025-11-19 03:09:41,974 - INFO - Records in product_list: 4700
2025-11-19 03:09:45,073 - INFO - Completed: 4800 / To go: 7702
2025-11-19 03:09:45,073 - INFO - Records in product_list: 4800
2025-11-19 03:09:48,142 - INFO - Completed: 4900 / To go: 7602
2025-11-19 03:09:48,142 - INFO - Records in product_list: 4900
2025-11-19 03:09:51,022 - INFO - Completed: 5000 / To go: 7502
2025-11-19 03:09:51,022 - INFO - Records in product_list: 5000
2025-11-19 03:09:54,002 - INFO - Completed: 5100 / To go: 7402
2025-11-19 03:09:54,002 - INFO - Records in product_list: 5100
2025-11-19 03:09:56,948 - INFO - Completed: 5200 / To go: 7302
2025-11-19 03:09:56,948 - INFO - Records in product_list: 5200
2025-11-19 03:09:59,858 - INFO - Completed: 5300 / To go: 7202
2025-11-19 03:09:59,859 - INFO - Records in product_list: 5300
2025-11-19 03:10:02,785 - INFO - Completed: 5400 / To go: 7102
2025-11-19 03:10:02,785 - INFO - Records in product_list: 5400
2025-11-19 03:10:05,641 - INFO - Completed: 5500 / To go: 7002
2025-11-19 03:10:05,641 - INFO - Records in product_list: 5500
2025-11-19 03:10:08,534 - INFO - Completed: 5600 / To go: 6902
2025-11-19 03:10:08,535 - INFO - Records in product_list: 5600
2025-11-19 03:10:11,410 - INFO - Completed: 5700 / To go: 6802
2025-11-19 03:10:11,410 - INFO - Records in product_list: 5700
2025-11-19 03:10:14,369 - INFO - Completed: 5800 / To go: 6702
2025-11-19 03:10:14,369 - INFO - Records in product_list: 5800
2025-11-19 03:10:17,238 - INFO - Completed: 5900 / To go: 6602
2025-11-19 03:10:17,238 - INFO - Records in product_list: 5900
2025-11-19 03:10:20,175 - INFO - Completed: 6000 / To go: 6502
2025-11-19 03:10:20,175 - INFO - Records in product_list: 6000
2025-11-19 03:10:23,083 - INFO - Completed: 6100 / To go: 6402
2025-11-19 03:10:23,083 - INFO - Records in product_list: 6100
2025-11-19 03:10:25,933 - INFO - Completed: 6200 / To go: 6302
2025-11-19 03:10:25,933 - INFO - Records in product_list: 6200
2025-11-19 03:10:28,825 - INFO - Completed: 6300 / To go: 6202
2025-11-19 03:10:28,825 - INFO - Records in product_list: 6300
2025-11-19 03:10:31,694 - INFO - Completed: 6400 / To go: 6102
2025-11-19 03:10:31,694 - INFO - Records in product_list: 6400
2025-11-19 03:10:34,562 - INFO - Completed: 6500 / To go: 6002
2025-11-19 03:10:34,562 - INFO - Records in product_list: 6500
2025-11-19 03:10:37,420 - INFO - Completed: 6600 / To go: 5902
2025-11-19 03:10:37,420 - INFO - Records in product_list: 6600
2025-11-19 03:10:41,006 - INFO - Completed: 6700 / To go: 5802
2025-11-19 03:10:41,007 - INFO - Records in product_list: 6700
2025-11-19 03:10:43,953 - INFO - Completed: 6800 / To go: 5702
2025-11-19 03:10:43,953 - INFO - Records in product_list: 6800
2025-11-19 03:10:46,804 - INFO - Completed: 6900 / To go: 5602
2025-11-19 03:10:46,804 - INFO - Records in product_list: 6900
2025-11-19 03:10:49,634 - INFO - Completed: 7000 / To go: 5502
2025-11-19 03:10:49,635 - INFO - Records in product_list: 7000
2025-11-19 03:10:52,448 - INFO - Completed: 7100 / To go: 5402
2025-11-19 03:10:52,448 - INFO - Records in product_list: 7100
2025-11-19 03:10:55,256 - INFO - Completed: 7200 / To go: 5302
2025-11-19 03:10:55,256 - INFO - Records in product_list: 7200
2025-11-19 03:10:58,091 - INFO - Completed: 7300 / To go: 5202
2025-11-19 03:10:58,091 - INFO - Records in product_list: 7300
2025-11-19 03:11:00,981 - INFO - Completed: 7400 / To go: 5102
2025-11-19 03:11:00,981 - INFO - Records in product_list: 7400
2025-11-19 03:11:03,765 - INFO - Completed: 7500 / To go: 5002
2025-11-19 03:11:03,765 - INFO - Records in product_list: 7500
2025-11-19 03:11:06,575 - INFO - Completed: 7600 / To go: 4902
2025-11-19 03:11:06,575 - INFO - Records in product_list: 7600
2025-11-19 03:11:09,351 - INFO - Completed: 7700 / To go: 4802
2025-11-19 03:11:09,351 - INFO - Records in product_list: 7700
2025-11-19 03:11:12,117 - INFO - Completed: 7800 / To go: 4702
2025-11-19 03:11:12,117 - INFO - Records in product_list: 7800
2025-11-19 03:11:14,893 - INFO - Completed: 7900 / To go: 4602
2025-11-19 03:11:14,893 - INFO - Records in product_list: 7900
2025-11-19 03:11:17,657 - INFO - Completed: 8000 / To go: 4502
2025-11-19 03:11:17,657 - INFO - Records in product_list: 8000
2025-11-19 03:11:20,400 - INFO - Completed: 8100 / To go: 4402
2025-11-19 03:11:20,400 - INFO - Records in product_list: 8100
2025-11-19 03:11:23,192 - INFO - Completed: 8200 / To go: 4302
2025-11-19 03:11:23,192 - INFO - Records in product_list: 8200
2025-11-19 03:11:26,296 - INFO - Completed: 8300 / To go: 4202
2025-11-19 03:11:26,296 - INFO - Records in product_list: 8300
2025-11-19 03:11:29,057 - INFO - Completed: 8400 / To go: 4102
2025-11-19 03:11:29,057 - INFO - Records in product_list: 8400
2025-11-19 03:11:31,819 - INFO - Completed: 8500 / To go: 4002
2025-11-19 03:11:31,819 - INFO - Records in product_list: 8500
2025-11-19 03:11:34,578 - INFO - Completed: 8600 / To go: 3902
2025-11-19 03:11:34,578 - INFO - Records in product_list: 8600
2025-11-19 03:11:37,278 - INFO - Completed: 8700 / To go: 3802
2025-11-19 03:11:37,278 - INFO - Records in product_list: 8700
2025-11-19 03:11:40,085 - INFO - Completed: 8800 / To go: 3702
2025-11-19 03:11:40,086 - INFO - Records in product_list: 8800
2025-11-19 03:11:43,778 - INFO - Completed: 8900 / To go: 3602
2025-11-19 03:11:43,778 - INFO - Records in product_list: 8900
2025-11-19 03:11:46,533 - INFO - Completed: 9000 / To go: 3502
2025-11-19 03:11:46,533 - INFO - Records in product_list: 9000
2025-11-19 03:11:49,314 - INFO - Completed: 9100 / To go: 3402
2025-11-19 03:11:49,314 - INFO - Records in product_list: 9100
2025-11-19 03:11:52,066 - INFO - Completed: 9200 / To go: 3302
2025-11-19 03:11:52,066 - INFO - Records in product_list: 9200
2025-11-19 03:11:54,771 - INFO - Completed: 9300 / To go: 3202
2025-11-19 03:11:54,771 - INFO - Records in product_list: 9300
2025-11-19 03:11:57,515 - INFO - Completed: 9400 / To go: 3102
2025-11-19 03:11:57,515 - INFO - Records in product_list: 9400
2025-11-19 03:12:00,198 - INFO - Completed: 9500 / To go: 3002
2025-11-19 03:12:00,198 - INFO - Records in product_list: 9500
2025-11-19 03:12:03,028 - INFO - Completed: 9600 / To go: 2902
2025-11-19 03:12:03,028 - INFO - Records in product_list: 9600
2025-11-19 03:12:05,801 - INFO - Completed: 9700 / To go: 2802
2025-11-19 03:12:05,802 - INFO - Records in product_list: 9700
2025-11-19 03:12:08,654 - INFO - Completed: 9800 / To go: 2702
2025-11-19 03:12:08,654 - INFO - Records in product_list: 9800
2025-11-19 03:12:11,431 - INFO - Completed: 9900 / To go: 2602
2025-11-19 03:12:11,431 - INFO - Records in product_list: 9900
2025-11-19 03:12:14,287 - INFO - Completed: 10000 / To go: 2502
2025-11-19 03:12:14,288 - INFO - Records in product_list: 10000
2025-11-19 03:12:17,197 - INFO - Completed: 10100 / To go: 2402
2025-11-19 03:12:17,197 - INFO - Records in product_list: 10100
2025-11-19 03:12:19,971 - INFO - Completed: 10200 / To go: 2302
2025-11-19 03:12:19,971 - INFO - Records in product_list: 10200
2025-11-19 03:12:22,677 - INFO - Completed: 10300 / To go: 2202
2025-11-19 03:12:22,677 - INFO - Records in product_list: 10300
2025-11-19 03:12:25,475 - INFO - Completed: 10400 / To go: 2102
2025-11-19 03:12:25,475 - INFO - Records in product_list: 10400
2025-11-19 03:12:28,247 - INFO - Completed: 10500 / To go: 2002
2025-11-19 03:12:28,247 - INFO - Records in product_list: 10500
2025-11-19 03:12:30,990 - INFO - Completed: 10600 / To go: 1902
2025-11-19 03:12:30,990 - INFO - Records in product_list: 10600
2025-11-19 03:12:33,882 - INFO - Completed: 10700 / To go: 1802
2025-11-19 03:12:33,882 - INFO - Records in product_list: 10700
2025-11-19 03:12:36,762 - INFO - Completed: 10800 / To go: 1702
2025-11-19 03:12:36,762 - INFO - Records in product_list: 10800
2025-11-19 03:12:39,589 - INFO - Completed: 10900 / To go: 1602
2025-11-19 03:12:39,589 - INFO - Records in product_list: 10900
2025-11-19 03:12:42,500 - INFO - Completed: 11000 / To go: 1502
2025-11-19 03:12:42,500 - INFO - Records in product_list: 11000
2025-11-19 03:12:45,418 - INFO - Completed: 11100 / To go: 1402
2025-11-19 03:12:45,419 - INFO - Records in product_list: 11100
2025-11-19 03:12:48,238 - INFO - Completed: 11200 / To go: 1302
2025-11-19 03:12:48,238 - INFO - Records in product_list: 11200
2025-11-19 03:12:51,104 - INFO - Completed: 11300 / To go: 1202
2025-11-19 03:12:51,104 - INFO - Records in product_list: 11300
2025-11-19 03:12:53,936 - INFO - Completed: 11400 / To go: 1102
2025-11-19 03:12:53,936 - INFO - Records in product_list: 11400
2025-11-19 03:12:56,845 - INFO - Completed: 11500 / To go: 1002
2025-11-19 03:12:56,845 - INFO - Records in product_list: 11500
2025-11-19 03:12:59,738 - INFO - Completed: 11600 / To go: 902
2025-11-19 03:12:59,738 - INFO - Records in product_list: 11600
2025-11-19 03:13:02,566 - INFO - Completed: 11700 / To go: 802
2025-11-19 03:13:02,567 - INFO - Records in product_list: 11700
2025-11-19 03:13:05,468 - INFO - Completed: 11800 / To go: 702
2025-11-19 03:13:05,468 - INFO - Records in product_list: 11800
2025-11-19 03:13:08,272 - INFO - Completed: 11900 / To go: 602
2025-11-19 03:13:08,272 - INFO - Records in product_list: 11900
2025-11-19 03:13:11,104 - INFO - Completed: 12000 / To go: 502
2025-11-19 03:13:11,104 - INFO - Records in product_list: 12000
2025-11-19 03:13:13,903 - INFO - Completed: 12100 / To go: 402
2025-11-19 03:13:13,904 - INFO - Records in product_list: 12100
2025-11-19 03:13:16,727 - INFO - Completed: 12200 / To go: 302
2025-11-19 03:13:16,727 - INFO - Records in product_list: 12200
2025-11-19 03:13:19,571 - INFO - Completed: 12300 / To go: 202
2025-11-19 03:13:19,571 - INFO - Records in product_list: 12300
2025-11-19 03:13:22,360 - INFO - Completed: 12400 / To go: 102
2025-11-19 03:13:22,360 - INFO - Records in product_list: 12400
2025-11-19 03:13:25,003 - INFO - Completed: 12500 / To go: 2
2025-11-19 03:13:25,003 - INFO - Records in product_list: 12500
2025-11-19 03:13:27,356 - INFO - Completed: 12502 / To go: 0
2025-11-19 03:13:27,356 - INFO - Records in product_list: 12502
2025-11-19 03:13:30,582 - INFO - Loading combined dataframe from local file: updated_combined_dataframe.csv
2025-11-20 03:05:07,545 - INFO - ============================================================
2025-11-20 03:05:07,545 - INFO - Billa Price Scraper - Starting
2025-11-20 03:05:07,545 - INFO - ============================================================
2025-11-20 03:05:08,110 - ERROR - Error fetching initial data: 403 Client Error: Forbidden for url: https://shop.billa.at/api/product-discovery/products?sortBy=relevance&page=0&pageSize=100
2025-11-21 03:06:04,745 - INFO - ============================================================
2025-11-21 03:06:04,745 - INFO - Billa Price Scraper - Starting
2025-11-21 03:06:04,745 - INFO - ============================================================
2025-11-21 03:06:06,250 - INFO - Completed: 100 / To go: 12397
2025-11-21 03:06:06,250 - INFO - Records in product_list: 100
2025-11-21 03:06:09,458 - INFO - Completed: 200 / To go: 12297
2025-11-21 03:06:09,459 - INFO - Records in product_list: 200
2025-11-21 03:06:12,742 - INFO - Completed: 300 / To go: 12197
2025-11-21 03:06:12,742 - INFO - Records in product_list: 300
2025-11-21 03:06:16,217 - INFO - Completed: 400 / To go: 12097
2025-11-21 03:06:16,217 - INFO - Records in product_list: 400
2025-11-21 03:06:19,072 - INFO - Completed: 500 / To go: 11997
2025-11-21 03:06:19,073 - INFO - Records in product_list: 500
2025-11-21 03:06:22,173 - INFO - Completed: 600 / To go: 11897
2025-11-21 03:06:22,173 - INFO - Records in product_list: 600
2025-11-21 03:06:25,240 - INFO - Completed: 700 / To go: 11797
2025-11-21 03:06:25,240 - INFO - Records in product_list: 700
2025-11-21 03:06:28,470 - INFO - Completed: 800 / To go: 11697
2025-11-21 03:06:28,470 - INFO - Records in product_list: 800
2025-11-21 03:06:31,330 - INFO - Completed: 900 / To go: 11597
2025-11-21 03:06:31,330 - INFO - Records in product_list: 900
2025-11-21 03:06:34,345 - INFO - Completed: 1000 / To go: 11497
2025-11-21 03:06:34,346 - INFO - Records in product_list: 1000
2025-11-21 03:06:37,561 - INFO - Completed: 1100 / To go: 11397
2025-11-21 03:06:37,561 - INFO - Records in product_list: 1100
2025-11-21 03:06:40,681 - INFO - Completed: 1200 / To go: 11297
2025-11-21 03:06:40,681 - INFO - Records in product_list: 1200
2025-11-21 03:06:43,770 - INFO - Completed: 1300 / To go: 11197
2025-11-21 03:06:43,770 - INFO - Records in product_list: 1300
2025-11-21 03:06:46,922 - INFO - Completed: 1400 / To go: 11097
2025-11-21 03:06:46,922 - INFO - Records in product_list: 1400
2025-11-21 03:06:50,112 - INFO - Completed: 1500 / To go: 10997
2025-11-21 03:06:50,112 - INFO - Records in product_list: 1500
2025-11-21 03:06:53,325 - INFO - Completed: 1600 / To go: 10897
2025-11-21 03:06:53,325 - INFO - Records in product_list: 1600
2025-11-21 03:06:56,269 - INFO - Completed: 1700 / To go: 10797
2025-11-21 03:06:56,269 - INFO - Records in product_list: 1700
2025-11-21 03:06:59,392 - INFO - Completed: 1800 / To go: 10697
2025-11-21 03:06:59,392 - INFO - Records in product_list: 1800
2025-11-21 03:07:02,600 - INFO - Completed: 1900 / To go: 10597
2025-11-21 03:07:02,600 - INFO - Records in product_list: 1900
2025-11-21 03:07:05,645 - INFO - Completed: 2000 / To go: 10497
2025-11-21 03:07:05,645 - INFO - Records in product_list: 2000
2025-11-21 03:07:08,483 - INFO - Completed: 2100 / To go: 10397
2025-11-21 03:07:08,483 - INFO - Records in product_list: 2100
2025-11-21 03:07:11,445 - INFO - Completed: 2200 / To go: 10297
2025-11-21 03:07:11,445 - INFO - Records in product_list: 2200
2025-11-21 03:07:14,402 - INFO - Completed: 2300 / To go: 10197
2025-11-21 03:07:14,402 - INFO - Records in product_list: 2300
2025-11-21 03:07:17,334 - INFO - Completed: 2400 / To go: 10097
2025-11-21 03:07:17,334 - INFO - Records in product_list: 2400
2025-11-21 03:07:20,289 - INFO - Completed: 2500 / To go: 9997
2025-11-21 03:07:20,290 - INFO - Records in product_list: 2500
2025-11-21 03:07:23,251 - INFO - Completed: 2600 / To go: 9897
2025-11-21 03:07:23,251 - INFO - Records in product_list: 2600
2025-11-21 03:07:26,181 - INFO - Completed: 2700 / To go: 9797
2025-11-21 03:07:26,181 - INFO - Records in product_list: 2700
2025-11-21 03:07:29,156 - INFO - Completed: 2800 / To go: 9697
2025-11-21 03:07:29,156 - INFO - Records in product_list: 2800
2025-11-21 03:07:31,951 - INFO - Completed: 2900 / To go: 9597
2025-11-21 03:07:31,951 - INFO - Records in product_list: 2900
2025-11-21 03:07:35,221 - INFO - Completed: 3000 / To go: 9497
2025-11-21 03:07:35,221 - INFO - Records in product_list: 3000
2025-11-21 03:07:38,277 - INFO - Completed: 3100 / To go: 9397
2025-11-21 03:07:38,277 - INFO - Records in product_list: 3100
2025-11-21 03:07:41,348 - INFO - Completed: 3200 / To go: 9297
2025-11-21 03:07:41,349 - INFO - Records in product_list: 3200
2025-11-21 03:07:44,128 - INFO - Completed: 3300 / To go: 9197
2025-11-21 03:07:44,128 - INFO - Records in product_list: 3300
2025-11-21 03:07:47,008 - INFO - Completed: 3400 / To go: 9097
2025-11-21 03:07:47,008 - INFO - Records in product_list: 3400
2025-11-21 03:07:49,905 - INFO - Completed: 3500 / To go: 8997
2025-11-21 03:07:49,905 - INFO - Records in product_list: 3500
2025-11-21 03:07:52,825 - INFO - Completed: 3600 / To go: 8897
2025-11-21 03:07:52,826 - INFO - Records in product_list: 3600
2025-11-21 03:07:55,639 - INFO - Completed: 3700 / To go: 8797
2025-11-21 03:07:55,639 - INFO - Records in product_list: 3700
2025-11-21 03:07:58,495 - INFO - Completed: 3800 / To go: 8697
2025-11-21 03:07:58,495 - INFO - Records in product_list: 3800
2025-11-21 03:08:01,320 - INFO - Completed: 3900 / To go: 8597
2025-11-21 03:08:01,320 - INFO - Records in product_list: 3900
2025-11-21 03:08:04,142 - INFO - Completed: 4000 / To go: 8497
2025-11-21 03:08:04,142 - INFO - Records in product_list: 4000
2025-11-21 03:08:07,109 - INFO - Completed: 4100 / To go: 8397
2025-11-21 03:08:07,109 - INFO - Records in product_list: 4100
2025-11-21 03:08:10,009 - INFO - Completed: 4200 / To go: 8297
2025-11-21 03:08:10,009 - INFO - Records in product_list: 4200
2025-11-21 03:08:12,966 - INFO - Completed: 4300 / To go: 8197
2025-11-21 03:08:12,966 - INFO - Records in product_list: 4300
2025-11-21 03:08:16,022 - INFO - Completed: 4400 / To go: 8097
2025-11-21 03:08:16,022 - INFO - Records in product_list: 4400
2025-11-21 03:08:18,791 - INFO - Completed: 4500 / To go: 7997
2025-11-21 03:08:18,791 - INFO - Records in product_list: 4500
2025-11-21 03:08:21,634 - INFO - Completed: 4600 / To go: 7897
2025-11-21 03:08:21,634 - INFO - Records in product_list: 4600
2025-11-21 03:08:24,500 - INFO - Completed: 4700 / To go: 7797
2025-11-21 03:08:24,500 - INFO - Records in product_list: 4700
2025-11-21 03:08:27,280 - INFO - Completed: 4800 / To go: 7697
2025-11-21 03:08:27,280 - INFO - Records in product_list: 4800
2025-11-21 03:08:30,019 - INFO - Completed: 4900 / To go: 7597
2025-11-21 03:08:30,019 - INFO - Records in product_list: 4900
2025-11-21 03:08:32,835 - INFO - Completed: 5000 / To go: 7497
2025-11-21 03:08:32,835 - INFO - Records in product_list: 5000
2025-11-21 03:08:35,618 - INFO - Completed: 5100 / To go: 7397
2025-11-21 03:08:35,618 - INFO - Records in product_list: 5100
2025-11-21 03:08:38,411 - INFO - Completed: 5200 / To go: 7297
2025-11-21 03:08:38,411 - INFO - Records in product_list: 5200
2025-11-21 03:08:41,180 - INFO - Completed: 5300 / To go: 7197
2025-11-21 03:08:41,180 - INFO - Records in product_list: 5300
2025-11-21 03:08:43,969 - INFO - Completed: 5400 / To go: 7097
2025-11-21 03:08:43,970 - INFO - Records in product_list: 5400
2025-11-21 03:08:46,758 - INFO - Completed: 5500 / To go: 6997
2025-11-21 03:08:46,758 - INFO - Records in product_list: 5500
2025-11-21 03:08:49,658 - INFO - Completed: 5600 / To go: 6897
2025-11-21 03:08:49,658 - INFO - Records in product_list: 5600
2025-11-21 03:08:52,371 - INFO - Completed: 5700 / To go: 6797
2025-11-21 03:08:52,371 - INFO - Records in product_list: 5700
2025-11-21 03:08:55,488 - INFO - Completed: 5800 / To go: 6697
2025-11-21 03:08:55,488 - INFO - Records in product_list: 5800
2025-11-21 03:08:58,258 - INFO - Completed: 5900 / To go: 6597
2025-11-21 03:08:58,258 - INFO - Records in product_list: 5900
2025-11-21 03:09:01,027 - INFO - Completed: 6000 / To go: 6497
2025-11-21 03:09:01,028 - INFO - Records in product_list: 6000
2025-11-21 03:09:03,734 - INFO - Completed: 6100 / To go: 6397
2025-11-21 03:09:03,735 - INFO - Records in product_list: 6100
2025-11-21 03:09:06,532 - INFO - Completed: 6200 / To go: 6297
2025-11-21 03:09:06,532 - INFO - Records in product_list: 6200
2025-11-21 03:09:09,301 - INFO - Completed: 6300 / To go: 6197
2025-11-21 03:09:09,301 - INFO - Records in product_list: 6300
2025-11-21 03:09:12,052 - INFO - Completed: 6400 / To go: 6097
2025-11-21 03:09:12,052 - INFO - Records in product_list: 6400
2025-11-21 03:09:14,815 - INFO - Completed: 6500 / To go: 5997
2025-11-21 03:09:14,815 - INFO - Records in product_list: 6500
2025-11-21 03:09:17,642 - INFO - Completed: 6600 / To go: 5897
2025-11-21 03:09:17,642 - INFO - Records in product_list: 6600
2025-11-21 03:09:20,333 - INFO - Completed: 6700 / To go: 5797
2025-11-21 03:09:20,334 - INFO - Records in product_list: 6700
2025-11-21 03:09:23,116 - INFO - Completed: 6800 / To go: 5697
2025-11-21 03:09:23,116 - INFO - Records in product_list: 6800
2025-11-21 03:09:25,820 - INFO - Completed: 6900 / To go: 5597
2025-11-21 03:09:25,820 - INFO - Records in product_list: 6900
2025-11-21 03:09:28,550 - INFO - Completed: 7000 / To go: 5497
2025-11-21 03:09:28,550 - INFO - Records in product_list: 7000
2025-11-21 03:09:31,249 - INFO - Completed: 7100 / To go: 5397
2025-11-21 03:09:31,249 - INFO - Records in product_list: 7100
2025-11-21 03:09:33,938 - INFO - Completed: 7200 / To go: 5297
2025-11-21 03:09:33,938 - INFO - Records in product_list: 7200
2025-11-21 03:09:36,571 - INFO - Completed: 7300 / To go: 5197
2025-11-21 03:09:36,571 - INFO - Records in product_list: 7300
2025-11-21 03:09:39,276 - INFO - Completed: 7400 / To go: 5097
2025-11-21 03:09:39,277 - INFO - Records in product_list: 7400
2025-11-21 03:09:42,018 - INFO - Completed: 7500 / To go: 4997
2025-11-21 03:09:42,018 - INFO - Records in product_list: 7500
2025-11-21 03:09:44,709 - INFO - Completed: 7600 / To go: 4897
2025-11-21 03:09:44,709 - INFO - Records in product_list: 7600
2025-11-21 03:09:47,336 - INFO - Completed: 7700 / To go: 4797
2025-11-21 03:09:47,336 - INFO - Records in product_list: 7700
2025-11-21 03:09:50,118 - INFO - Completed: 7800 / To go: 4697
2025-11-21 03:09:50,119 - INFO - Records in product_list: 7800
2025-11-21 03:09:52,959 - INFO - Completed: 7900 / To go: 4597
2025-11-21 03:09:52,959 - INFO - Records in product_list: 7900
2025-11-21 03:09:55,675 - INFO - Completed: 8000 / To go: 4497
2025-11-21 03:09:55,675 - INFO - Records in product_list: 8000
2025-11-21 03:09:58,301 - INFO - Completed: 8100 / To go: 4397
2025-11-21 03:09:58,301 - INFO - Records in product_list: 8100
2025-11-21 03:10:00,965 - INFO - Completed: 8200 / To go: 4297
2025-11-21 03:10:00,965 - INFO - Records in product_list: 8200
2025-11-21 03:10:03,691 - INFO - Completed: 8300 / To go: 4197
2025-11-21 03:10:03,691 - INFO - Records in product_list: 8300
2025-11-21 03:10:06,585 - INFO - Completed: 8400 / To go: 4097
2025-11-21 03:10:06,585 - INFO - Records in product_list: 8400
2025-11-21 03:10:09,265 - INFO - Completed: 8500 / To go: 3997
2025-11-21 03:10:09,265 - INFO - Records in product_list: 8500
2025-11-21 03:10:11,961 - INFO - Completed: 8600 / To go: 3897
2025-11-21 03:10:11,961 - INFO - Records in product_list: 8600
2025-11-21 03:10:14,624 - INFO - Completed: 8700 / To go: 3797
2025-11-21 03:10:14,625 - INFO - Records in product_list: 8700
2025-11-21 03:10:17,296 - INFO - Completed: 8800 / To go: 3697
2025-11-21 03:10:17,296 - INFO - Records in product_list: 8800
2025-11-21 03:10:20,004 - INFO - Completed: 8900 / To go: 3597
2025-11-21 03:10:20,005 - INFO - Records in product_list: 8900
2025-11-21 03:10:22,708 - INFO - Completed: 9000 / To go: 3497
2025-11-21 03:10:22,708 - INFO - Records in product_list: 9000
2025-11-21 03:10:25,399 - INFO - Completed: 9100 / To go: 3397
2025-11-21 03:10:25,399 - INFO - Records in product_list: 9100
2025-11-21 03:10:28,043 - INFO - Completed: 9200 / To go: 3297
2025-11-21 03:10:28,044 - INFO - Records in product_list: 9200
2025-11-21 03:10:30,907 - INFO - Completed: 9300 / To go: 3197
2025-11-21 03:10:30,907 - INFO - Records in product_list: 9300
2025-11-21 03:10:33,530 - INFO - Completed: 9400 / To go: 3097
2025-11-21 03:10:33,530 - INFO - Records in product_list: 9400
2025-11-21 03:10:36,144 - INFO - Completed: 9500 / To go: 2997
2025-11-21 03:10:36,144 - INFO - Records in product_list: 9500
2025-11-21 03:10:38,847 - INFO - Completed: 9600 / To go: 2897
2025-11-21 03:10:38,847 - INFO - Records in product_list: 9600
2025-11-21 03:10:41,446 - INFO - Completed: 9700 / To go: 2797
2025-11-21 03:10:41,447 - INFO - Records in product_list: 9700
2025-11-21 03:10:44,085 - INFO - Completed: 9800 / To go: 2697
2025-11-21 03:10:44,086 - INFO - Records in product_list: 9800
2025-11-21 03:10:46,730 - INFO - Completed: 9900 / To go: 2597
2025-11-21 03:10:46,730 - INFO - Records in product_list: 9900
2025-11-21 03:10:49,473 - INFO - Completed: 10000 / To go: 2497
2025-11-21 03:10:49,473 - INFO - Records in product_list: 10000
2025-11-21 03:10:52,321 - INFO - Completed: 10100 / To go: 2397
2025-11-21 03:10:52,321 - INFO - Records in product_list: 10100
2025-11-21 03:10:54,951 - INFO - Completed: 10200 / To go: 2297
2025-11-21 03:10:54,951 - INFO - Records in product_list: 10200
2025-11-21 03:10:57,642 - INFO - Completed: 10300 / To go: 2197
2025-11-21 03:10:57,642 - INFO - Records in product_list: 10300
2025-11-21 03:11:00,571 - INFO - Completed: 10400 / To go: 2097
2025-11-21 03:11:00,571 - INFO - Records in product_list: 10400
2025-11-21 03:11:03,252 - INFO - Completed: 10500 / To go: 1997
2025-11-21 03:11:03,252 - INFO - Records in product_list: 10500
2025-11-21 03:11:05,899 - INFO - Completed: 10600 / To go: 1897
2025-11-21 03:11:05,900 - INFO - Records in product_list: 10600
2025-11-21 03:11:08,618 - INFO - Completed: 10700 / To go: 1797
2025-11-21 03:11:08,618 - INFO - Records in product_list: 10700
2025-11-21 03:11:11,854 - INFO - Completed: 10800 / To go: 1697
2025-11-21 03:11:11,854 - INFO - Records in product_list: 10800
2025-11-21 03:11:14,577 - INFO - Completed: 10900 / To go: 1597
2025-11-21 03:11:14,577 - INFO - Records in product_list: 10900
2025-11-21 03:11:17,369 - INFO - Completed: 11000 / To go: 1497
2025-11-21 03:11:17,370 - INFO - Records in product_list: 11000
2025-11-21 03:11:20,849 - INFO - Completed: 11100 / To go: 1397
2025-11-21 03:11:20,849 - INFO - Records in product_list: 11100
2025-11-21 03:11:23,627 - INFO - Completed: 11200 / To go: 1297
2025-11-21 03:11:23,627 - INFO - Records in product_list: 11200
2025-11-21 03:11:26,351 - INFO - Completed: 11300 / To go: 1197
2025-11-21 03:11:26,351 - INFO - Records in product_list: 11300
2025-11-21 03:11:29,036 - INFO - Completed: 11400 / To go: 1097
2025-11-21 03:11:29,036 - INFO - Records in product_list: 11400
2025-11-21 03:11:31,839 - INFO - Completed: 11500 / To go: 997
2025-11-21 03:11:31,840 - INFO - Records in product_list: 11500
2025-11-21 03:11:34,608 - INFO - Completed: 11600 / To go: 897
2025-11-21 03:11:34,608 - INFO - Records in product_list: 11600
2025-11-21 03:11:37,449 - INFO - Completed: 11700 / To go: 797
2025-11-21 03:11:37,449 - INFO - Records in product_list: 11700
2025-11-21 03:11:40,173 - INFO - Completed: 11800 / To go: 697
2025-11-21 03:11:40,173 - INFO - Records in product_list: 11800
2025-11-21 03:11:42,874 - INFO - Completed: 11900 / To go: 597
2025-11-21 03:11:42,874 - INFO - Records in product_list: 11900
2025-11-21 03:11:45,660 - INFO - Completed: 12000 / To go: 497
2025-11-21 03:11:45,660 - INFO - Records in product_list: 12000
2025-11-21 03:11:49,292 - INFO - Completed: 12100 / To go: 397
2025-11-21 03:11:49,293 - INFO - Records in product_list: 12100
2025-11-21 03:11:52,095 - INFO - Completed: 12200 / To go: 297
2025-11-21 03:11:52,095 - INFO - Records in product_list: 12200
2025-11-21 03:11:54,816 - INFO - Completed: 12300 / To go: 197
2025-11-21 03:11:54,816 - INFO - Records in product_list: 12300
2025-11-21 03:11:57,610 - INFO - Completed: 12400 / To go: 97
2025-11-21 03:11:57,610 - INFO - Records in product_list: 12400
2025-11-21 03:12:00,132 - INFO - Completed: 12497 / To go: 0
2025-11-21 03:12:00,132 - INFO - Records in product_list: 12497
2025-11-21 03:12:03,360 - INFO - Loading combined dataframe from local file: updated_combined_dataframe.csv
2025-11-22 02:59:38,932 - INFO - ============================================================
2025-11-22 02:59:38,932 - INFO - Billa Price Scraper - Starting
2025-11-22 02:59:38,932 - INFO - ============================================================
2025-11-22 02:59:40,685 - INFO - Completed: 100 / To go: 12386
2025-11-22 02:59:40,686 - INFO - Records in product_list: 100
2025-11-22 02:59:43,691 - INFO - Completed: 200 / To go: 12286
2025-11-22 02:59:43,692 - INFO - Records in product_list: 200
2025-11-22 02:59:46,881 - INFO - Completed: 300 / To go: 12186
2025-11-22 02:59:46,881 - INFO - Records in product_list: 300
2025-11-22 02:59:49,935 - INFO - Completed: 400 / To go: 12086
2025-11-22 02:59:49,936 - INFO - Records in product_list: 400
2025-11-22 02:59:53,153 - INFO - Completed: 500 / To go: 11986
2025-11-22 02:59:53,153 - INFO - Records in product_list: 500
2025-11-22 02:59:56,216 - INFO - Completed: 600 / To go: 11886
2025-11-22 02:59:56,216 - INFO - Records in product_list: 600
2025-11-22 02:59:59,333 - INFO - Completed: 700 / To go: 11786
2025-11-22 02:59:59,333 - INFO - Records in product_list: 700
2025-11-22 03:00:02,369 - INFO - Completed: 800 / To go: 11686
2025-11-22 03:00:02,369 - INFO - Records in product_list: 800
2025-11-22 03:00:05,399 - INFO - Completed: 900 / To go: 11586
2025-11-22 03:00:05,399 - INFO - Records in product_list: 900
2025-11-22 03:00:08,396 - INFO - Completed: 1000 / To go: 11486
2025-11-22 03:00:08,396 - INFO - Records in product_list: 1000
2025-11-22 03:00:11,455 - INFO - Completed: 1100 / To go: 11386
2025-11-22 03:00:11,455 - INFO - Records in product_list: 1100
2025-11-22 03:00:14,265 - INFO - Completed: 1200 / To go: 11286
2025-11-22 03:00:14,265 - INFO - Records in product_list: 1200
2025-11-22 03:00:17,503 - INFO - Completed: 1300 / To go: 11186
2025-11-22 03:00:17,503 - INFO - Records in product_list: 1300
2025-11-22 03:00:20,744 - INFO - Completed: 1400 / To go: 11086
2025-11-22 03:00:20,744 - INFO - Records in product_list: 1400
2025-11-22 03:00:23,852 - INFO - Completed: 1500 / To go: 10986
2025-11-22 03:00:23,853 - INFO - Records in product_list: 1500
2025-11-22 03:00:26,696 - INFO - Completed: 1600 / To go: 10886
2025-11-22 03:00:26,697 - INFO - Records in product_list: 1600
2025-11-22 03:00:29,569 - INFO - Completed: 1700 / To go: 10786
2025-11-22 03:00:29,569 - INFO - Records in product_list: 1700
2025-11-22 03:00:32,695 - INFO - Completed: 1800 / To go: 10686
2025-11-22 03:00:32,695 - INFO - Records in product_list: 1800
2025-11-22 03:00:36,574 - INFO - Completed: 1900 / To go: 10586
2025-11-22 03:00:36,574 - INFO - Records in product_list: 1900
2025-11-22 03:00:39,388 - INFO - Completed: 2000 / To go: 10486
2025-11-22 03:00:39,388 - INFO - Records in product_list: 2000
2025-11-22 03:00:42,349 - INFO - Completed: 2100 / To go: 10386
2025-11-22 03:00:42,349 - INFO - Records in product_list: 2100
2025-11-22 03:00:45,623 - INFO - Completed: 2200 / To go: 10286
2025-11-22 03:00:45,623 - INFO - Records in product_list: 2200
2025-11-22 03:00:48,727 - INFO - Completed: 2300 / To go: 10186
2025-11-22 03:00:48,727 - INFO - Records in product_list: 2300
2025-11-22 03:00:51,908 - INFO - Completed: 2400 / To go: 10086
2025-11-22 03:00:51,908 - INFO - Records in product_list: 2400
2025-11-22 03:00:55,116 - INFO - Completed: 2500 / To go: 9986
2025-11-22 03:00:55,116 - INFO - Records in product_list: 2500
2025-11-22 03:00:58,251 - INFO - Completed: 2600 / To go: 9886
2025-11-22 03:00:58,251 - INFO - Records in product_list: 2600
2025-11-22 03:01:01,247 - INFO - Completed: 2700 / To go: 9786
2025-11-22 03:01:01,247 - INFO - Records in product_list: 2700
2025-11-22 03:01:04,101 - INFO - Completed: 2800 / To go: 9686
2025-11-22 03:01:04,101 - INFO - Records in product_list: 2800
2025-11-22 03:01:06,898 - INFO - Completed: 2900 / To go: 9586
2025-11-22 03:01:06,898 - INFO - Records in product_list: 2900
2025-11-22 03:01:09,766 - INFO - Completed: 3000 / To go: 9486
2025-11-22 03:01:09,766 - INFO - Records in product_list: 3000
2025-11-22 03:01:12,741 - INFO - Completed: 3100 / To go: 9386
2025-11-22 03:01:12,741 - INFO - Records in product_list: 3100
2025-11-22 03:01:15,628 - INFO - Completed: 3200 / To go: 9286
2025-11-22 03:01:15,628 - INFO - Records in product_list: 3200
2025-11-22 03:01:18,504 - INFO - Completed: 3300 / To go: 9186
2025-11-22 03:01:18,504 - INFO - Records in product_list: 3300
2025-11-22 03:01:21,521 - INFO - Completed: 3400 / To go: 9086
2025-11-22 03:01:21,521 - INFO - Records in product_list: 3400
2025-11-22 03:01:24,707 - INFO - Completed: 3500 / To go: 8986
2025-11-22 03:01:24,707 - INFO - Records in product_list: 3500
2025-11-22 03:01:27,621 - INFO - Completed: 3600 / To go: 8886
2025-11-22 03:01:27,621 - INFO - Records in product_list: 3600
2025-11-22 03:01:30,560 - INFO - Completed: 3700 / To go: 8786
2025-11-22 03:01:30,560 - INFO - Records in product_list: 3700
2025-11-22 03:01:33,432 - INFO - Completed: 3800 / To go: 8686
2025-11-22 03:01:33,432 - INFO - Records in product_list: 3800
2025-11-22 03:01:36,451 - INFO - Completed: 3900 / To go: 8586
2025-11-22 03:01:36,451 - INFO - Records in product_list: 3900
2025-11-22 03:01:39,261 - INFO - Completed: 4000 / To go: 8486
2025-11-22 03:01:39,262 - INFO - Records in product_list: 4000
2025-11-22 03:01:42,242 - INFO - Completed: 4100 / To go: 8386
2025-11-22 03:01:42,242 - INFO - Records in product_list: 4100
2025-11-22 03:01:45,155 - INFO - Completed: 4200 / To go: 8286
2025-11-22 03:01:45,156 - INFO - Records in product_list: 4200
2025-11-22 03:01:47,953 - INFO - Completed: 4300 / To go: 8186
2025-11-22 03:01:47,953 - INFO - Records in product_list: 4300
2025-11-22 03:01:50,907 - INFO - Completed: 4400 / To go: 8086
2025-11-22 03:01:50,907 - INFO - Records in product_list: 4400
2025-11-22 03:01:53,979 - INFO - Completed: 4500 / To go: 7986
2025-11-22 03:01:53,980 - INFO - Records in product_list: 4500
2025-11-22 03:01:56,991 - INFO - Completed: 4600 / To go: 7886
2025-11-22 03:01:56,991 - INFO - Records in product_list: 4600
2025-11-22 03:02:00,002 - INFO - Completed: 4700 / To go: 7786
2025-11-22 03:02:00,003 - INFO - Records in product_list: 4700
2025-11-22 03:02:02,713 - INFO - Completed: 4800 / To go: 7686
2025-11-22 03:02:02,713 - INFO - Records in product_list: 4800
2025-11-22 03:02:05,490 - INFO - Completed: 4900 / To go: 7586
2025-11-22 03:02:05,490 - INFO - Records in product_list: 4900
2025-11-22 03:02:08,264 - INFO - Completed: 5000 / To go: 7486
2025-11-22 03:02:08,264 - INFO - Records in product_list: 5000
2025-11-22 03:02:11,038 - INFO - Completed: 5100 / To go: 7386
2025-11-22 03:02:11,039 - INFO - Records in product_list: 5100
2025-11-22 03:02:13,831 - INFO - Completed: 5200 / To go: 7286
2025-11-22 03:02:13,831 - INFO - Records in product_list: 5200
2025-11-22 03:02:16,540 - INFO - Completed: 5300 / To go: 7186
2025-11-22 03:02:16,540 - INFO - Records in product_list: 5300
2025-11-22 03:02:19,374 - INFO - Completed: 5400 / To go: 7086
2025-11-22 03:02:19,375 - INFO - Records in product_list: 5400
2025-11-22 03:02:22,467 - INFO - Completed: 5500 / To go: 6986
2025-11-22 03:02:22,467 - INFO - Records in product_list: 5500
2025-11-22 03:02:25,239 - INFO - Completed: 5600 / To go: 6886
2025-11-22 03:02:25,239 - INFO - Records in product_list: 5600
2025-11-22 03:02:27,975 - INFO - Completed: 5700 / To go: 6786
2025-11-22 03:02:27,975 - INFO - Records in product_list: 5700
2025-11-22 03:02:30,760 - INFO - Completed: 5800 / To go: 6686
2025-11-22 03:02:30,760 - INFO - Records in product_list: 5800
2025-11-22 03:02:33,564 - INFO - Completed: 5900 / To go: 6586
2025-11-22 03:02:33,564 - INFO - Records in product_list: 5900
2025-11-22 03:02:36,304 - INFO - Completed: 6000 / To go: 6486
2025-11-22 03:02:36,305 - INFO - Records in product_list: 6000
2025-11-22 03:02:39,049 - INFO - Completed: 6100 / To go: 6386
2025-11-22 03:02:39,049 - INFO - Records in product_list: 6100
2025-11-22 03:02:41,916 - INFO - Completed: 6200 / To go: 6286
2025-11-22 03:02:41,916 - INFO - Records in product_list: 6200
2025-11-22 03:02:44,667 - INFO - Completed: 6300 / To go: 6186
2025-11-22 03:02:44,667 - INFO - Records in product_list: 6300
2025-11-22 03:02:47,397 - INFO - Completed: 6400 / To go: 6086
2025-11-22 03:02:47,397 - INFO - Records in product_list: 6400
2025-11-22 03:02:50,093 - INFO - Completed: 6500 / To go: 5986
2025-11-22 03:02:50,093 - INFO - Records in product_list: 6500
2025-11-22 03:02:53,012 - INFO - Completed: 6600 / To go: 5886
2025-11-22 03:02:53,012 - INFO - Records in product_list: 6600
2025-11-22 03:02:55,902 - INFO - Completed: 6700 / To go: 5786
2025-11-22 03:02:55,902 - INFO - Records in product_list: 6700
2025-11-22 03:02:58,673 - INFO - Completed: 6800 / To go: 5686
2025-11-22 03:02:58,673 - INFO - Records in product_list: 6800
2025-11-22 03:03:01,400 - INFO - Completed: 6900 / To go: 5586
2025-11-22 03:03:01,400 - INFO - Records in product_list: 6900
2025-11-22 03:03:04,150 - INFO - Completed: 7000 / To go: 5486
2025-11-22 03:03:04,150 - INFO - Records in product_list: 7000
2025-11-22 03:03:06,830 - INFO - Completed: 7100 / To go: 5386
2025-11-22 03:03:06,830 - INFO - Records in product_list: 7100
2025-11-22 03:03:09,522 - INFO - Completed: 7200 / To go: 5286
2025-11-22 03:03:09,522 - INFO - Records in product_list: 7200
2025-11-22 03:03:12,186 - INFO - Completed: 7300 / To go: 5186
2025-11-22 03:03:12,186 - INFO - Records in product_list: 7300
2025-11-22 03:03:14,898 - INFO - Completed: 7400 / To go: 5086
2025-11-22 03:03:14,898 - INFO - Records in product_list: 7400
2025-11-22 03:03:17,592 - INFO - Completed: 7500 / To go: 4986
2025-11-22 03:03:17,592 - INFO - Records in product_list: 7500
2025-11-22 03:03:20,305 - INFO - Completed: 7600 / To go: 4886
2025-11-22 03:03:20,305 - INFO - Records in product_list: 7600
2025-11-22 03:03:22,930 - INFO - Completed: 7700 / To go: 4786
2025-11-22 03:03:22,930 - INFO - Records in product_list: 7700
2025-11-22 03:03:25,596 - INFO - Completed: 7800 / To go: 4686
2025-11-22 03:03:25,597 - INFO - Records in product_list: 7800
2025-11-22 03:03:28,276 - INFO - Completed: 7900 / To go: 4586
2025-11-22 03:03:28,276 - INFO - Records in product_list: 7900
2025-11-22 03:03:30,909 - INFO - Completed: 8000 / To go: 4486
2025-11-22 03:03:30,909 - INFO - Records in product_list: 8000
2025-11-22 03:03:33,532 - INFO - Completed: 8100 / To go: 4386
2025-11-22 03:03:33,532 - INFO - Records in product_list: 8100
2025-11-22 03:03:36,292 - INFO - Completed: 8200 / To go: 4286
2025-11-22 03:03:36,292 - INFO - Records in product_list: 8200
2025-11-22 03:03:38,953 - INFO - Completed: 8300 / To go: 4186
2025-11-22 03:03:38,953 - INFO - Records in product_list: 8300
2025-11-22 03:03:41,571 - INFO - Completed: 8400 / To go: 4086
2025-11-22 03:03:41,571 - INFO - Records in product_list: 8400
2025-11-22 03:03:44,186 - INFO - Completed: 8500 / To go: 3986
2025-11-22 03:03:44,186 - INFO - Records in product_list: 8500
2025-11-22 03:03:46,813 - INFO - Completed: 8600 / To go: 3886
2025-11-22 03:03:46,813 - INFO - Records in product_list: 8600
2025-11-22 03:03:49,447 - INFO - Completed: 8700 / To go: 3786
2025-11-22 03:03:49,448 - INFO - Records in product_list: 8700
2025-11-22 03:03:52,069 - INFO - Completed: 8800 / To go: 3686
2025-11-22 03:03:52,069 - INFO - Records in product_list: 8800
2025-11-22 03:03:55,037 - INFO - Completed: 8900 / To go: 3586
2025-11-22 03:03:55,037 - INFO - Records in product_list: 8900
2025-11-22 03:03:57,677 - INFO - Completed: 9000 / To go: 3486
2025-11-22 03:03:57,677 - INFO - Records in product_list: 9000
2025-11-22 03:04:00,340 - INFO - Completed: 9100 / To go: 3386
2025-11-22 03:04:00,340 - INFO - Records in product_list: 9100
2025-11-22 03:04:02,871 - INFO - Completed: 9200 / To go: 3286
2025-11-22 03:04:02,871 - INFO - Records in product_list: 9200
2025-11-22 03:04:05,670 - INFO - Completed: 9300 / To go: 3186
2025-11-22 03:04:05,670 - INFO - Records in product_list: 9300
2025-11-22 03:04:08,308 - INFO - Completed: 9400 / To go: 3086
2025-11-22 03:04:08,308 - INFO - Records in product_list: 9400
2025-11-22 03:04:10,933 - INFO - Completed: 9500 / To go: 2986
2025-11-22 03:04:10,933 - INFO - Records in product_list: 9500
2025-11-22 03:04:13,608 - INFO - Completed: 9600 / To go: 2886
2025-11-22 03:04:13,608 - INFO - Records in product_list: 9600
2025-11-22 03:04:16,339 - INFO - Completed: 9700 / To go: 2786
2025-11-22 03:04:16,339 - INFO - Records in product_list: 9700
2025-11-22 03:04:19,023 - INFO - Completed: 9800 / To go: 2686
2025-11-22 03:04:19,023 - INFO - Records in product_list: 9800
2025-11-22 03:04:21,647 - INFO - Completed: 9900 / To go: 2586
2025-11-22 03:04:21,647 - INFO - Records in product_list: 9900
2025-11-22 03:04:24,416 - INFO - Completed: 10000 / To go: 2486
2025-11-22 03:04:24,417 - INFO - Records in product_list: 10000
2025-11-22 03:04:27,154 - INFO - Completed: 10100 / To go: 2386
2025-11-22 03:04:27,154 - INFO - Records in product_list: 10100
2025-11-22 03:04:29,767 - INFO - Completed: 10200 / To go: 2286
2025-11-22 03:04:29,767 - INFO - Records in product_list: 10200
2025-11-22 03:04:32,392 - INFO - Completed: 10300 / To go: 2186
2025-11-22 03:04:32,393 - INFO - Records in product_list: 10300
2025-11-22 03:04:35,022 - INFO - Completed: 10400 / To go: 2086
2025-11-22 03:04:35,022 - INFO - Records in product_list: 10400
2025-11-22 03:04:37,623 - INFO - Completed: 10500 / To go: 1986
2025-11-22 03:04:37,623 - INFO - Records in product_list: 10500
2025-11-22 03:04:40,440 - INFO - Completed: 10600 / To go: 1886
2025-11-22 03:04:40,440 - INFO - Records in product_list: 10600
2025-11-22 03:04:43,153 - INFO - Completed: 10700 / To go: 1786
2025-11-22 03:04:43,154 - INFO - Records in product_list: 10700
2025-11-22 03:04:45,871 - INFO - Completed: 10800 / To go: 1686
2025-11-22 03:04:45,871 - INFO - Records in product_list: 10800
2025-11-22 03:04:48,742 - INFO - Completed: 10900 / To go: 1586
2025-11-22 03:04:48,742 - INFO - Records in product_list: 10900
2025-11-22 03:04:51,558 - INFO - Completed: 11000 / To go: 1486
2025-11-22 03:04:51,558 - INFO - Records in product_list: 11000
2025-11-22 03:04:54,302 - INFO - Completed: 11100 / To go: 1386
2025-11-22 03:04:54,302 - INFO - Records in product_list: 11100
2025-11-22 03:04:57,032 - INFO - Completed: 11200 / To go: 1286
2025-11-22 03:04:57,032 - INFO - Records in product_list: 11200
2025-11-22 03:04:59,726 - INFO - Completed: 11300 / To go: 1186
2025-11-22 03:04:59,726 - INFO - Records in product_list: 11300
2025-11-22 03:05:02,390 - INFO - Completed: 11400 / To go: 1086
2025-11-22 03:05:02,390 - INFO - Records in product_list: 11400
2025-11-22 03:05:05,136 - INFO - Completed: 11500 / To go: 986
2025-11-22 03:05:05,136 - INFO - Records in product_list: 11500
2025-11-22 03:05:07,935 - INFO - Completed: 11600 / To go: 886
2025-11-22 03:05:07,936 - INFO - Records in product_list: 11600
2025-11-22 03:05:10,667 - INFO - Completed: 11700 / To go: 786
2025-11-22 03:05:10,667 - INFO - Records in product_list: 11700
2025-11-22 03:05:13,379 - INFO - Completed: 11800 / To go: 686
2025-11-22 03:05:13,379 - INFO - Records in product_list: 11800
2025-11-22 03:05:16,072 - INFO - Completed: 11900 / To go: 586
2025-11-22 03:05:16,072 - INFO - Records in product_list: 11900
2025-11-22 03:05:19,132 - INFO - Completed: 12000 / To go: 486
2025-11-22 03:05:19,132 - INFO - Records in product_list: 12000
2025-11-22 03:05:21,796 - INFO - Completed: 12100 / To go: 386
2025-11-22 03:05:21,796 - INFO - Records in product_list: 12100
2025-11-22 03:05:24,472 - INFO - Completed: 12200 / To go: 286
2025-11-22 03:05:24,472 - INFO - Records in product_list: 12200
2025-11-22 03:05:27,223 - INFO - Completed: 12300 / To go: 186
2025-11-22 03:05:27,223 - INFO - Records in product_list: 12300
2025-11-22 03:05:30,069 - INFO - Completed: 12400 / To go: 86
2025-11-22 03:05:30,069 - INFO - Records in product_list: 12400
2025-11-22 03:05:32,567 - INFO - Completed: 12486 / To go: 0
2025-11-22 03:05:32,567 - INFO - Records in product_list: 12486
2025-11-22 03:05:35,787 - INFO - Loading combined dataframe from local file: updated_combined_dataframe.csv
2025-11-23 03:22:32,268 - INFO - ============================================================
2025-11-23 03:22:32,268 - INFO - Billa Price Scraper - Starting
2025-11-23 03:22:32,268 - INFO - ============================================================
2025-11-23 03:22:32,582 - ERROR - Error fetching initial data: 503 Server Error: Service Unavailable for url: https://shop.billa.at/api/product-discovery/products?sortBy=relevance&page=0&pageSize=100
2025-12-16 03:19:17,103 - INFO - ============================================================
2025-12-16 03:19:17,103 - INFO - Billa Price Scraper - Starting
2025-12-16 03:19:17,103 - INFO - ============================================================
2025-12-16 03:19:17,584 - ERROR - Error fetching initial data: 403 Client Error: Forbidden for url: https://shop.billa.at/api/product-discovery/products?sortBy=relevance&page=0&pageSize=100
